date,night_start_utc,night_end_utc,import_kwh,export_kwh,peak_kw,hours_above_2kw,missing_intervals,is_ev,covered
2020-01-01,2020-01-01 15:30:00+00:00,2020-01-02 07:43:00+00:00,4.0699999999999985,0.0,1.16,0.0,0,False,True
2020-01-02,2020-01-02 15:31:00+00:00,2020-01-03 07:43:00+00:00,20.689999999999994,0.0,6.64,3.25,0,True,True
2020-01-03,2020-01-03 15:32:00+00:00,2020-01-04 07:43:00+00:00,18.370000000000005,0.0,5.36,3.25,0,True,True
2020-01-04,2020-01-04 15:33:00+00:00,2020-01-05 07:43:00+00:00,10.529999999999944,0.0,2.24,1.0,0,False,True
2020-01-05,2020-01-05 15:35:00+00:00,2020-01-06 07:42:00+00:00,10.769999999999996,0.0,1.92,0.0,0,False,True
2020-01-06,2020-01-06 15:36:00+00:00,2020-01-07 07:42:00+00:00,8.529999999999973,0.0,2.8,0.25,0,False,True
2020-01-07,2020-01-07 15:37:00+00:00,2020-01-08 07:41:00+00:00,8.969999999999928,0.0,2.88,0.75,0,False,True
2020-01-08,2020-01-08 15:39:00+00:00,2020-01-09 07:41:00+00:00,10.630000000000123,0.0,3.48,0.75,0,False,True
2020-01-09,2020-01-09 15:40:00+00:00,2020-01-10 07:40:00+00:00,9.970000000000056,0.0,3.4,0.75,0,False,True
2020-01-10,2020-01-10 15:41:00+00:00,2020-01-11 07:39:00+00:00,12.590000000000032,0.0,4.0,1.5,0,False,True
2020-01-11,2020-01-11 15:43:00+00:00,2020-01-12 07:39:00+00:00,13.160000000000082,0.0,5.0,1.5,0,False,True
2020-01-12,2020-01-12 15:44:00+00:00,2020-01-13 07:38:00+00:00,9.720000000000084,0.0,2.8,0.25,0,False,True
2020-01-13,2020-01-13 15:46:00+00:00,2020-01-14 07:37:00+00:00,12.790000000000106,0.0,5.08,1.75,0,False,True
2020-01-14,2020-01-14 15:48:00+00:00,2020-01-15 07:36:00+00:00,10.46000000000015,0.0,4.36,0.75,0,False,True
2020-01-15,2020-01-15 15:49:00+00:00,2020-01-16 07:35:00+00:00,13.579999999999984,0.0,4.64,1.5,0,False,True
2020-01-16,2020-01-16 15:51:00+00:00,2020-01-17 07:34:00+00:00,9.549999999999727,0.0,2.36,0.75,0,False,True
2020-01-17,2020-01-17 15:53:00+00:00,2020-01-18 07:33:00+00:00,10.799999999999727,0.0,2.36,1.0,0,False,True
2020-01-18,2020-01-18 15:54:00+00:00,2020-01-19 07:32:00+00:00,13.529999999999859,0.0,3.56,2.0,0,True,True
2020-01-19,2020-01-19 15:56:00+00:00,2020-01-20 07:31:00+00:00,13.019999999999868,0.0,3.84,2.0,0,True,True
2020-01-20,2020-01-20 15:58:00+00:00,2020-01-21 07:30:00+00:00,9.969999999999743,0.0,2.44,1.25,0,False,True
2020-01-21,2020-01-21 16:00:00+00:00,2020-01-22 07:29:00+00:00,8.809999999999832,0.0,3.16,0.75,0,False,True
2020-01-22,2020-01-22 16:01:00+00:00,2020-01-23 07:28:00+00:00,10.699999999999932,0.0,4.08,0.5,0,False,True
2020-01-23,2020-01-23 16:03:00+00:00,2020-01-24 07:26:00+00:00,11.839999999999861,0.0,3.56,1.5,0,False,True
2020-01-24,2020-01-24 16:05:00+00:00,2020-01-25 07:25:00+00:00,10.739999999999952,0.0,3.96,1.75,0,False,True
2020-01-25,2020-01-25 16:07:00+00:00,2020-01-26 07:24:00+00:00,8.120000000000061,0.0,2.48,1.0,0,False,True
2020-01-26,2020-01-26 16:09:00+00:00,2020-01-27 07:22:00+00:00,7.470000000000141,0.0,2.24,0.25,0,False,True
2020-01-27,2020-01-27 16:11:00+00:00,2020-01-28 07:21:00+00:00,8.450000000000216,0.0,3.24,0.75,0,False,True
2020-01-28,2020-01-28 16:13:00+00:00,2020-01-29 07:19:00+00:00,8.589999999999975,0.0,2.76,0.75,0,False,True
2020-01-29,2020-01-29 16:14:00+00:00,2020-01-30 07:18:00+00:00,10.090000000000032,0.0,2.72,1.25,0,False,True
2020-01-30,2020-01-30 16:16:00+00:00,2020-01-31 07:16:00+00:00,8.28000000000003,0.0,3.04,0.75,0,False,True
2020-01-31,2020-01-31 16:18:00+00:00,2020-02-01 07:15:00+00:00,11.740000000000009,0.0,4.96,1.25,0,False,True
2020-02-01,2020-02-01 16:20:00+00:00,2020-02-02 07:13:00+00:00,2.8200000000002774,0.0,0.32,0.0,0,False,True
2020-02-02,2020-02-02 16:22:00+00:00,2020-02-03 07:11:00+00:00,9.169999999999902,0.0,2.88,0.5,0,False,True
2020-02-03,2020-02-03 16:24:00+00:00,2020-02-04 07:10:00+00:00,11.400000000000091,0.0,3.84,1.25,0,False,True
2020-02-04,2020-02-04 16:26:00+00:00,2020-02-05 07:08:00+00:00,9.190000000000282,0.0,3.16,0.75,0,False,True
2020-02-05,2020-02-05 16:28:00+00:00,2020-02-06 07:06:00+00:00,7.669999999999959,0.0,2.36,0.25,0,False,True
2020-02-06,2020-02-06 16:30:00+00:00,2020-02-07 07:05:00+00:00,7.859999999999559,0.0,2.96,0.75,0,False,True
2020-02-07,2020-02-07 16:32:00+00:00,2020-02-08 07:03:00+00:00,13.710000000000832,0.0,2.76,0.5,0,False,True
2020-02-08,2020-02-08 16:34:00+00:00,2020-02-09 07:01:00+00:00,16.629999999999995,0.0,4.0,1.75,0,False,True
2020-02-09,2020-02-09 16:36:00+00:00,2020-02-10 06:59:00+00:00,11.4399999999996,0.0,4.12,1.5,0,False,True
2020-02-10,2020-02-10 16:38:00+00:00,2020-02-11 06:57:00+00:00,12.690000000000282,0.0,3.4,1.25,0,False,True
2020-02-11,2020-02-11 16:40:00+00:00,2020-02-12 06:55:00+00:00,10.029999999999859,0.0,3.52,1.25,0,False,True
2020-02-12,2020-02-12 16:42:00+00:00,2020-02-13 06:53:00+00:00,12.21000000000015,0.0,5.16,1.75,0,False,True
2020-02-13,2020-02-13 16:43:00+00:00,2020-02-14 06:51:00+00:00,10.14999999999975,0.0,3.72,1.0,0,False,True
2020-02-14,2020-02-14 16:45:00+00:00,2020-02-15 06:49:00+00:00,7.339999999999577,0.0,2.48,0.5,0,False,True
2020-02-15,2020-02-15 16:47:00+00:00,2020-02-16 06:47:00+00:00,8.189999999999827,0.0,2.4,0.75,0,False,True
2020-02-16,2020-02-16 16:49:00+00:00,2020-02-17 06:45:00+00:00,7.490000000000123,0.0,2.36,0.25,0,False,True
2020-02-17,2020-02-17 16:51:00+00:00,2020-02-18 06:43:00+00:00,6.999999999999773,0.0,2.8,0.5,0,False,True
2020-02-18,2020-02-18 16:53:00+00:00,2020-02-19 06:41:00+00:00,7.309999999999718,0.0,2.12,0.25,0,False,True
2020-02-19,2020-02-19 16:55:00+00:00,2020-02-20 06:39:00+00:00,15.080000000000155,0.0,3.64,2.75,0,True,True
2020-02-20,2020-02-20 16:57:00+00:00,2020-02-21 06:37:00+00:00,8.799999999999955,0.0,3.4,1.0,0,False,True
2020-02-21,2020-02-21 16:59:00+00:00,2020-02-22 06:35:00+00:00,7.7700000000000955,0.0,3.12,0.5,0,False,True
2020-02-22,2020-02-22 17:01:00+00:00,2020-02-23 06:33:00+00:00,7.059999999999945,0.0,2.72,0.5,0,False,True
2020-02-23,2020-02-23 17:03:00+00:00,2020-02-24 06:31:00+00:00,10.0799999999997,0.0,3.24,1.25,0,False,True
2020-02-24,2020-02-24 17:05:00+00:00,2020-02-25 06:29:00+00:00,7.069999999999936,0.0,2.64,0.25,0,False,True
2020-02-25,2020-02-25 17:07:00+00:00,2020-02-26 06:27:00+00:00,7.199999999999818,0.0,2.8,0.5,0,False,True
2020-02-26,2020-02-26 17:08:00+00:00,2020-02-27 06:24:00+00:00,4.659999999999968,0.0,1.04,0.0,0,False,True
2020-02-27,2020-02-27 17:10:00+00:00,2020-02-28 06:22:00+00:00,9.769999999999982,0.0,4.64,1.25,0,False,True
2020-02-28,2020-02-28 17:12:00+00:00,2020-02-29 06:20:00+00:00,11.169999999999959,0.0,4.88,2.0,0,True,True
2020-02-29,2020-02-29 17:14:00+00:00,2020-03-01 06:18:00+00:00,11.549999999999727,0.0,4.12,1.75,0,False,True
2020-03-01,2020-03-01 17:16:00+00:00,2020-03-02 06:16:00+00:00,8.739999999999782,0.0,3.08,0.75,0,False,True
2020-03-02,2020-03-02 17:18:00+00:00,2020-03-03 06:13:00+00:00,7.489999999999895,0.0,4.0,0.75,0,False,True
2020-03-03,2020-03-03 17:20:00+00:00,2020-03-04 06:11:00+00:00,6.900000000000091,0.0,2.52,0.5,0,False,True
2020-03-04,2020-03-04 17:21:00+00:00,2020-03-05 06:09:00+00:00,9.449999999999818,0.0,2.4,0.25,0,False,True
2020-03-05,2020-03-05 17:23:00+00:00,2020-03-06 06:07:00+00:00,7.929999999999609,0.0,2.72,1.25,0,False,True
2020-03-06,2020-03-06 17:25:00+00:00,2020-03-07 06:04:00+00:00,9.509999999999877,0.0,3.44,0.5,0,False,True
2020-03-07,2020-03-07 17:27:00+00:00,2020-03-08 06:02:00+00:00,8.319999999999027,0.0,4.24,1.25,0,False,True
2020-03-08,2020-03-08 17:29:00+00:00,2020-03-09 06:00:00+00:00,10.699999999998681,0.0,3.24,0.75,0,False,True
2020-03-09,2020-03-09 17:31:00+00:00,2020-03-10 05:57:00+00:00,6.159999999999172,0.0,1.76,0.0,0,False,True
2020-03-10,2020-03-10 17:32:00+00:00,2020-03-11 05:55:00+00:00,6.259999999998172,0.0,2.12,0.5,0,False,True
2020-03-11,2020-03-11 17:34:00+00:00,2020-03-12 05:53:00+00:00,6.469999999998663,0.0,2.52,0.5,0,False,True
2020-03-12,2020-03-12 17:36:00+00:00,2020-03-13 05:51:00+00:00,8.40999999999849,0.0,3.24,0.75,0,False,True
2020-03-13,2020-03-13 17:38:00+00:00,2020-03-14 05:48:00+00:00,12.080000000001974,0.0,2.72,1.0,0,False,True
2020-03-14,2020-03-14 17:40:00+00:00,2020-03-15 05:46:00+00:00,14.770000000002256,0.0,4.44,1.25,0,False,True
2020-03-15,2020-03-15 17:41:00+00:00,2020-03-16 05:44:00+00:00,11.990000000002055,0.0,3.48,1.0,0,False,True
2020-03-16,2020-03-16 17:43:00+00:00,2020-03-17 05:41:00+00:00,9.169999999998936,0.0,3.12,0.75,0,False,True
2020-03-17,2020-03-17 17:45:00+00:00,2020-03-18 05:39:00+00:00,9.679999999999382,0.0,3.2,1.25,0,False,True
2020-03-18,2020-03-18 17:47:00+00:00,2020-03-19 05:37:00+00:00,7.229999999998654,0.0,2.56,0.75,0,False,True
2020-03-19,2020-03-19 17:49:00+00:00,2020-03-20 05:34:00+00:00,7.959999999998445,0.0,4.12,1.0,0,False,True
2020-03-20,2020-03-20 17:50:00+00:00,2020-03-21 05:32:00+00:00,4.73999999999819,0.0,0.84,0.0,0,False,True
2020-03-21,2020-03-21 17:52:00+00:00,2020-03-22 05:30:00+00:00,9.05999999999949,0.0,3.56,0.75,0,False,True
2020-03-22,2020-03-22 17:54:00+00:00,2020-03-23 05:27:00+00:00,6.819999999998345,0.0,2.6,0.5,0,False,True
2020-03-23,2020-03-23 17:56:00+00:00,2020-03-24 05:25:00+00:00,5.759999999999081,0.0,1.68,0.0,0,False,True
2020-03-24,2020-03-24 17:57:00+00:00,2020-03-25 05:23:00+00:00,8.319999999998117,0.0,3.12,0.75,0,False,True
2020-03-25,2020-03-25 17:59:00+00:00,2020-03-26 05:20:00+00:00,6.909999999998718,0.0,2.16,0.5,0,False,True
2020-03-26,2020-03-26 18:01:00+00:00,2020-03-27 05:18:00+00:00,5.109999999998536,0.0,0.76,0.0,0,False,True
2020-03-27,2020-03-27 18:03:00+00:00,2020-03-28 05:16:00+00:00,6.2099999999988995,0.0,2.36,0.25,0,False,True
2020-03-28,2020-03-28 18:04:00+00:00,2020-03-29 05:14:00+00:00,7.1599999999994,0.0,2.64,1.0,0,False,True
2020-03-29,2020-03-29 18:06:00+00:00,2020-03-30 05:11:00+00:00,6.139999999998054,0.0,2.64,0.25,0,False,True
2020-03-30,2020-03-30 18:08:00+00:00,2020-03-31 05:09:00+00:00,5.769999999998618,0.0,2.0,0.0,0,False,True
2020-03-31,2020-03-31 18:10:00+00:00,2020-04-01 05:07:00+00:00,6.749999999998408,0.0,2.08,0.25,0,False,True
2020-04-01,2020-04-01 18:11:00+00:00,2020-04-02 05:04:00+00:00,6.709999999998672,0.0,2.36,0.25,0,False,True
2020-04-02,2020-04-02 18:13:00+00:00,2020-04-03 05:02:00+00:00,5.979999999998199,0.0,1.92,0.0,0,False,True
2020-04-03,2020-04-03 18:15:00+00:00,2020-04-04 05:00:00+00:00,5.779999999998381,0.0,2.52,0.25,0,False,True
2020-04-04,2020-04-04 18:17:00+00:00,2020-04-05 04:58:00+00:00,6.989999999998645,0.0,3.16,0.5,0,False,True
2020-04-05,2020-04-05 18:18:00+00:00,2020-04-06 04:55:00+00:00,4.749999999998181,0.0,2.72,0.25,0,False,True
2020-04-06,2020-04-06 18:20:00+00:00,2020-04-07 04:53:00+00:00,8.559999999999718,0.0,3.88,0.5,0,False,True
2020-04-07,2020-04-07 18:22:00+00:00,2020-04-08 04:51:00+00:00,6.099999999997635,0.0,2.12,0.25,0,False,True
2020-04-08,2020-04-08 18:23:00+00:00,2020-04-09 04:49:00+00:00,6.249999999998408,0.0,1.68,0.0,0,False,True
2020-04-09,2020-04-09 18:25:00+00:00,2020-04-10 04:46:00+00:00,6.149999999998727,0.0,2.2,0.25,0,False,True
2020-04-10,2020-04-10 18:27:00+00:00,2020-04-11 04:44:00+00:00,8.069999999998572,0.0,3.16,0.25,0,False,True
2020-04-11,2020-04-11 18:29:00+00:00,2020-04-12 04:42:00+00:00,5.7799999999986085,0.0,2.68,0.25,0,False,True
2020-04-12,2020-04-12 18:30:00+00:00,2020-04-13 04:40:00+00:00,6.049999999997681,0.0,2.12,0.25,0,False,True
2020-04-13,2020-04-13 18:32:00+00:00,2020-04-14 04:38:00+00:00,6.069999999998572,0.0,2.84,0.25,0,False,True
2020-04-14,2020-04-14 18:34:00+00:00,2020-04-15 04:35:00+00:00,5.499999999998636,0.0,2.52,0.5,0,False,True
2020-04-15,2020-04-15 18:36:00+00:00,2020-04-16 04:33:00+00:00,5.669999999999163,0.0,2.36,0.25,0,False,True
2020-04-16,2020-04-16 18:37:00+00:00,2020-04-17 04:31:00+00:00,5.139999999998508,0.0,2.4,0.25,0,False,True
2020-04-17,2020-04-17 18:39:00+00:00,2020-04-18 04:29:00+00:00,4.049999999999045,0.0,0.88,0.0,0,False,True
2020-04-18,2020-04-18 18:41:00+00:00,2020-04-19 04:27:00+00:00,6.289999999997917,0.0,1.24,0.0,0,False,True
2020-04-19,2020-04-19 18:42:00+00:00,2020-04-20 04:25:00+00:00,4.259999999997717,0.0,1.48,0.0,0,False,True
2020-04-20,2020-04-20 18:44:00+00:00,2020-04-21 04:23:00+00:00,5.209999999997763,0.0,2.04,0.25,0,False,True
2020-04-21,2020-04-21 18:46:00+00:00,2020-04-22 04:21:00+00:00,5.899999999997817,0.0,2.36,0.25,0,False,True
2020-04-22,2020-04-22 18:48:00+00:00,2020-04-23 04:19:00+00:00,4.389999999998281,0.0,1.96,0.0,0,False,True
2020-04-23,2020-04-23 18:49:00+00:00,2020-04-24 04:17:00+00:00,7.219999999998436,0.0,2.16,0.25,0,False,True
2020-04-24,2020-04-24 18:51:00+00:00,2020-04-25 04:15:00+00:00,4.329999999998336,0.0,0.92,0.0,0,False,True
2020-04-25,2020-04-25 18:53:00+00:00,2020-04-26 04:13:00+00:00,5.609999999998763,0.0,2.52,0.25,0,False,True
2020-04-26,2020-04-26 18:54:00+00:00,2020-04-27 04:11:00+00:00,6.139999999997599,0.0,2.24,0.25,0,False,True
2020-04-27,2020-04-27 18:56:00+00:00,2020-04-28 04:09:00+00:00,2.1599999999980355,0.0,0.32,0.0,0,False,True
2020-04-28,2020-04-28 18:58:00+00:00,2020-04-29 04:07:00+00:00,2.1399999999980537,0.0,0.32,0.0,0,False,True
2020-04-29,2020-04-29 18:59:00+00:00,2020-04-30 04:05:00+00:00,4.089999999999236,0.0,0.6,0.0,0,False,True
2020-04-30,2020-04-30 19:01:00+00:00,2020-05-01 04:03:00+00:00,5.920000000002119,0.0,2.84,0.25,0,False,True
2020-05-01,2020-05-01 19:03:00+00:00,2020-05-02 04:01:00+00:00,7.829999999998563,0.0,2.96,1.25,0,False,True
2020-05-02,2020-05-02 19:04:00+00:00,2020-05-03 03:59:00+00:00,6.109999999999673,0.0,1.8,0.0,0,False,True
2020-05-03,2020-05-03 19:06:00+00:00,2020-05-04 03:58:00+00:00,5.260000000000218,0.0,2.08,0.25,0,False,True
2020-05-04,2020-05-04 19:08:00+00:00,2020-05-05 03:56:00+00:00,5.220000000000255,0.0,2.48,0.5,0,False,True
2020-05-05,2020-05-05 19:09:00+00:00,2020-05-06 03:54:00+00:00,4.639999999998963,0.0,1.12,0.0,0,False,True
2020-05-06,2020-05-06 19:11:00+00:00,2020-05-07 03:52:00+00:00,5.080000000000837,0.0,2.52,0.25,0,False,True
2020-05-07,2020-05-07 19:13:00+00:00,2020-05-08 03:51:00+00:00,3.9400000000005093,0.0,0.88,0.0,0,False,True
2020-05-08,2020-05-08 19:14:00+00:00,2020-05-09 03:49:00+00:00,3.800000000001546,0.0,1.76,0.0,0,False,True
2020-05-09,2020-05-09 19:16:00+00:00,2020-05-10 03:47:00+00:00,3.4100000000003092,0.0,1.76,0.0,0,False,True
2020-05-10,2020-05-10 19:17:00+00:00,2020-05-11 03:46:00+00:00,4.030000000001564,0.0,1.8,0.0,0,False,True
2020-05-11,2020-05-11 19:19:00+00:00,2020-05-12 03:44:00+00:00,3.680000000000291,0.0,1.68,0.0,0,False,True
2020-05-12,2020-05-12 19:20:00+00:00,2020-05-13 03:42:00+00:00,6.799999999999727,0.0,1.96,0.0,0,False,True
2020-05-13,2020-05-13 19:22:00+00:00,2020-05-14 03:41:00+00:00,4.070000000001528,0.0,1.64,0.0,0,False,True
2020-05-14,2020-05-14 19:23:00+00:00,2020-05-15 03:39:00+00:00,3.3900000000003274,0.0,0.6,0.0,0,False,True
2020-05-15,2020-05-15 19:25:00+00:00,2020-05-16 03:38:00+00:00,4.360000000001037,0.0,1.52,0.0,0,False,True
2020-05-16,2020-05-16 19:26:00+00:00,2020-05-17 03:37:00+00:00,4.0799999999994725,0.0,1.96,0.0,0,False,True
2020-05-17,2020-05-17 19:28:00+00:00,2020-05-18 03:35:00+00:00,4.680000000000746,0.0,2.36,0.25,0,False,True
2020-05-18,2020-05-18 19:29:00+00:00,2020-05-19 03:34:00+00:00,3.6900000000018736,0.0,1.36,0.0,0,False,True
2020-05-19,2020-05-19 19:31:00+00:00,2020-05-20 03:33:00+00:00,2.7800000000011096,0.0,0.48,0.0,0,False,True
2020-05-20,2020-05-20 19:32:00+00:00,2020-05-21 03:31:00+00:00,2.980000000000473,0.0,0.56,0.0,0,False,True
2020-05-21,2020-05-21 19:34:00+00:00,2020-05-22 03:30:00+00:00,6.119999999999891,0.0,2.76,0.75,0,False,True
2020-05-22,2020-05-22 19:35:00+00:00,2020-05-23 03:29:00+00:00,2.9400000000018736,0.0,0.68,0.0,0,False,True
2020-05-23,2020-05-23 19:36:00+00:00,2020-05-24 03:28:00+00:00,3.7400000000002365,0.0,1.4,0.0,0,False,True
2020-05-24,2020-05-24 19:38:00+00:00,2020-05-25 03:27:00+00:00,4.610000000001037,0.0,1.72,0.0,0,False,True
2020-05-25,2020-05-25 19:39:00+00:00,2020-05-26 03:26:00+00:00,5.410000000000309,0.0,2.64,0.25,0,False,True
2020-05-26,2020-05-26 19:40:00+00:00,2020-05-27 03:25:00+00:00,3.6300000000014734,0.0,1.2,0.0,0,False,True
2020-05-27,2020-05-27 19:41:00+00:00,2020-05-28 03:24:00+00:00,3.2200000000007094,0.0,0.84,0.0,0,False,True
2020-05-28,2020-05-28 19:43:00+00:00,2020-05-29 03:23:00+00:00,5.460000000000036,0.0,3.28,0.5,0,False,True
2020-05-29,2020-05-29 19:44:00+00:00,2020-05-30 03:22:00+00:00,5.6599999999994,0.0,2.88,0.5,0,False,True
2020-05-30,2020-05-30 19:45:00+00:00,2020-05-31 03:21:00+00:00,4.140000000001692,0.0,1.84,0.0,0,False,True
2020-05-31,2020-05-31 19:46:00+00:00,2020-06-01 03:20:00+00:00,3.389999999999418,0.0,0.68,0.0,0,False,True
2020-06-01,2020-06-01 19:47:00+00:00,2020-06-02 03:19:00+00:00,4.179999999999836,0.0,1.68,0.0,0,False,True
2020-06-02,2020-06-02 19:48:00+00:00,2020-06-03 03:19:00+00:00,2.650000000001455,0.0,0.52,0.0,0,False,True
2020-06-03,2020-06-03 19:49:00+00:00,2020-06-04 03:18:00+00:00,4.519999999999527,0.0,2.76,0.25,0,False,True
2020-06-04,2020-06-04 19:50:00+00:00,2020-06-05 03:17:00+00:00,4.7499999999990905,0.0,1.32,0.0,0,False,True
2020-06-05,2020-06-05 19:51:00+00:00,2020-06-06 03:17:00+00:00,5.0099999999997635,0.0,2.92,0.25,0,False,True
2020-06-06,2020-06-06 19:52:00+00:00,2020-06-07 03:16:00+00:00,3.5899999999996908,0.0,1.64,0.0,0,False,True
2020-06-07,2020-06-07 19:53:00+00:00,2020-06-08 03:16:00+00:00,5.150000000000546,0.0,1.6,0.0,0,False,True
2020-06-08,2020-06-08 19:53:00+00:00,2020-06-09 03:15:00+00:00,4.389999999999873,0.0,2.2,0.25,0,False,True
2020-06-09,2020-06-09 19:54:00+00:00,2020-06-10 03:15:00+00:00,2.970000000001164,0.0,1.8,0.0,0,False,True
2020-06-10,2020-06-10 19:55:00+00:00,2020-06-11 03:15:00+00:00,5.2499999999990905,0.0,2.28,0.25,0,False,True
2020-06-11,2020-06-11 19:56:00+00:00,2020-06-12 03:14:00+00:00,3.5300000000011096,0.0,1.72,0.0,0,False,True
2020-06-12,2020-06-12 19:56:00+00:00,2020-06-13 03:14:00+00:00,4.0099999999997635,0.0,2.12,0.25,0,False,True
2020-06-13,2020-06-13 19:57:00+00:00,2020-06-14 03:14:00+00:00,2.8999999999991815,0.0,0.72,0.0,0,False,True
2020-06-14,2020-06-14 19:57:00+00:00,2020-06-15 03:14:00+00:00,6.550000000001091,0.0,4.52,0.5,0,False,True
2020-06-15,2020-06-15 19:58:00+00:00,2020-06-16 03:14:00+00:00,3.490000000001146,0.0,1.76,0.0,0,False,True
2020-06-16,2020-06-16 19:58:00+00:00,2020-06-17 03:14:00+00:00,3.3300000000012915,0.0,1.92,0.0,0,False,True
2020-06-17,2020-06-17 19:58:00+00:00,2020-06-18 03:14:00+00:00,3.230000000000018,0.0,1.6,0.0,0,False,True
2020-06-18,2020-06-18 19:59:00+00:00,2020-06-19 03:14:00+00:00,2.760000000000673,0.0,1.52,0.0,0,False,True
2020-06-19,2020-06-19 19:59:00+00:00,2020-06-20 03:14:00+00:00,4.5100000000015825,0.0,2.24,0.5,0,False,True
2020-06-20,2020-06-20 19:59:00+00:00,2020-06-21 03:14:00+00:00,4.650000000001455,0.0,1.92,0.0,0,False,True
2020-06-21,2020-06-21 19:59:00+00:00,2020-06-22 03:14:00+00:00,2.7800000000015643,0.0,1.28,0.0,0,False,True
2020-06-22,2020-06-22 19:59:00+00:00,2020-06-23 03:15:00+00:00,2.9800000000009277,0.0,1.72,0.0,0,False,True
2020-06-23,2020-06-23 20:00:00+00:00,2020-06-24 03:15:00+00:00,3.7600000000002183,0.0,1.52,0.0,0,False,True
2020-06-24,2020-06-24 20:00:00+00:00,2020-06-25 03:15:00+00:00,4.7500000000009095,0.0,2.44,0.5,0,False,True
2020-06-25,2020-06-25 19:59:00+00:00,2020-06-26 03:16:00+00:00,3.9300000000012005,0.0,1.2,0.0,0,False,True
2020-06-26,2020-06-26 19:59:00+00:00,2020-06-27 03:16:00+00:00,4.760000000000218,0.0,2.4,0.5,0,False,True
2020-06-27,2020-06-27 19:59:00+00:00,2020-06-28 03:17:00+00:00,3.3700000000003456,0.0,1.12,0.0,0,False,True
2020-06-28,2020-06-28 19:59:00+00:00,2020-06-29 03:17:00+00:00,3.080000000000382,0.0,0.76,0.0,0,False,True
2020-06-29,2020-06-29 19:59:00+00:00,2020-06-30 03:18:00+00:00,2.690000000001419,0.0,0.6,0.0,0,False,True
2020-06-30,2020-06-30 19:58:00+00:00,2020-07-01 03:19:00+00:00,2.6400000000021464,0.0,0.96,0.0,0,False,True
2020-07-01,2020-07-01 19:58:00+00:00,2020-07-02 03:19:00+00:00,2.5600000000017644,0.0,0.68,0.0,0,False,True
2020-07-02,2020-07-02 19:58:00+00:00,2020-07-03 03:20:00+00:00,3.1500000000005457,0.0,0.64,0.0,0,False,True
2020-07-03,2020-07-03 19:57:00+00:00,2020-07-04 03:21:00+00:00,5.209999999999582,0.0,1.12,0.0,0,False,True
2020-07-04,2020-07-04 19:57:00+00:00,2020-07-05 03:22:00+00:00,3.5799999999999272,0.0,0.84,0.0,0,False,True
2020-07-05,2020-07-05 19:56:00+00:00,2020-07-06 03:23:00+00:00,3.9300000000012005,0.0,1.56,0.0,0,False,True
2020-07-06,2020-07-06 19:55:00+00:00,2020-07-07 03:24:00+00:00,4.479999999999563,0.0,2.24,0.25,0,False,True
2020-07-07,2020-07-07 19:55:00+00:00,2020-07-08 03:25:00+00:00,3.1900000000000546,0.0,0.72,0.0,0,False,True
2020-07-08,2020-07-08 19:54:00+00:00,2020-07-09 03:25:00+00:00,3.210000000000946,0.0,0.8,0.0,0,False,True
2020-07-09,2020-07-09 19:53:00+00:00,2020-07-10 03:26:00+00:00,4.179999999999836,0.0,2.04,0.25,0,False,True
2020-07-10,2020-07-10 19:52:00+00:00,2020-07-11 03:28:00+00:00,4.520000000001346,0.0,2.36,0.5,0,False,True
2020-07-11,2020-07-11 19:52:00+00:00,2020-07-12 03:29:00+00:00,2.0100000000011278,0.0,0.56,0.0,0,False,True
2020-07-12,2020-07-12 19:51:00+00:00,2020-07-13 03:30:00+00:00,1.9600000000023101,0.0,0.4,0.0,0,False,True
2020-07-13,2020-07-13 19:50:00+00:00,2020-07-14 03:31:00+00:00,2.8600000000014916,0.0,1.76,0.0,0,False,True
2020-07-14,2020-07-14 19:49:00+00:00,2020-07-15 03:32:00+00:00,3.1700000000005275,0.0,1.72,0.0,0,False,True
2020-07-15,2020-07-15 19:48:00+00:00,2020-07-16 03:33:00+00:00,3.0300000000015643,0.0,1.4,0.0,0,False,True
2020-07-16,2020-07-16 19:47:00+00:00,2020-07-17 03:34:00+00:00,3.290000000000873,0.0,1.56,0.0,0,False,True
2020-07-17,2020-07-17 19:45:00+00:00,2020-07-18 03:36:00+00:00,1.9200000000023465,0.0,0.28,0.0,0,False,True
2020-07-18,2020-07-18 19:44:00+00:00,2020-07-19 03:37:00+00:00,5.260000000000218,0.0,1.76,0.0,0,False,True
2020-07-19,2020-07-19 19:43:00+00:00,2020-07-20 03:38:00+00:00,3.9100000000012187,0.0,1.88,0.0,0,False,True
2020-07-20,2020-07-20 19:42:00+00:00,2020-07-21 03:40:00+00:00,6.380000000000564,0.0,3.4,0.5,0,False,True
2020-07-21,2020-07-21 19:40:00+00:00,2020-07-22 03:41:00+00:00,1.0100000000047658,0.0,0.16,0.0,0,False,True
2020-07-22,2020-07-22 19:39:00+00:00,2020-07-23 03:42:00+00:00,0.9900000000043292,0.0,0.16,0.0,0,False,True
2020-07-23,2020-07-23 19:38:00+00:00,2020-07-24 03:44:00+00:00,0.9700000000048021,0.0,0.16,0.0,0,False,True
2020-07-24,2020-07-24 19:36:00+00:00,2020-07-25 03:45:00+00:00,1.0400000000036016,0.0,0.16,0.0,0,False,True
2020-07-25,2020-07-25 19:35:00+00:00,2020-07-26 03:46:00+00:00,1.020000000004984,0.0,0.16,0.0,0,False,True
2020-07-26,2020-07-26 19:33:00+00:00,2020-07-27 03:48:00+00:00,1.0300000000024738,0.0,0.16,0.0,0,False,True
2020-07-27,2020-07-27 19:32:00+00:00,2020-07-28 03:49:00+00:00,1.0500000000033651,0.0,0.16,0.0,0,False,True
2020-07-28,2020-07-28 19:30:00+00:00,2020-07-29 03:51:00+00:00,1.0700000000028922,0.0,0.16,0.0,0,False,True
2020-07-29,2020-07-29 19:29:00+00:00,2020-07-30 03:52:00+00:00,1.0500000000047294,0.0,0.16,0.0,0,False,True
2020-07-30,2020-07-30 19:27:00+00:00,2020-07-31 03:54:00+00:00,1.0500000000047294,0.0,0.16,0.0,0,False,True
2020-07-31,2020-07-31 19:25:00+00:00,2020-08-01 03:55:00+00:00,1.0800000000035652,0.0,0.16,0.0,0,False,True
2020-08-01,2020-08-01 19:24:00+00:00,2020-08-02 03:57:00+00:00,1.0800000000049295,0.0,0.16,0.0,0,False,True
2020-08-02,2020-08-02 19:22:00+00:00,2020-08-03 03:58:00+00:00,1.0800000000044747,0.0,0.16,0.0,0,False,True
2020-08-03,2020-08-03 19:20:00+00:00,2020-08-04 04:00:00+00:00,1.1300000000037471,0.0,0.16,0.0,0,False,True
2020-08-04,2020-08-04 19:19:00+00:00,2020-08-05 04:01:00+00:00,1.0800000000031105,0.0,0.16,0.0,0,False,True
2020-08-05,2020-08-05 19:17:00+00:00,2020-08-06 04:03:00+00:00,1.1300000000051114,0.0,0.16,0.0,0,False,True
2020-08-06,2020-08-06 19:15:00+00:00,2020-08-07 04:04:00+00:00,1.1800000000030195,0.0,0.16,0.0,0,False,True
2020-08-07,2020-08-07 19:13:00+00:00,2020-08-08 04:06:00+00:00,4.779999999999745,0.0,1.96,0.0,0,False,True
2020-08-08,2020-08-08 19:11:00+00:00,2020-08-09 04:08:00+00:00,5.480000000000473,0.0,2.8,0.5,0,False,True
2020-08-09,2020-08-09 19:09:00+00:00,2020-08-10 04:09:00+00:00,4.860000000000582,0.0,1.52,0.0,0,False,True
2020-08-10,2020-08-10 19:07:00+00:00,2020-08-11 04:11:00+00:00,4.130000000000109,0.0,1.28,0.0,0,False,True
2020-08-11,2020-08-11 19:06:00+00:00,2020-08-12 04:12:00+00:00,5.089999999998781,0.0,2.0,0.0,0,False,True
2020-08-12,2020-08-12 19:04:00+00:00,2020-08-13 04:14:00+00:00,4.1700000000005275,0.0,1.32,0.0,0,False,True
2020-08-13,2020-08-13 19:02:00+00:00,2020-08-14 04:15:00+00:00,4.500000000001364,0.0,1.28,0.0,0,False,True
2020-08-14,2020-08-14 19:00:00+00:00,2020-08-15 04:17:00+00:00,4.600000000000364,0.0,1.44,0.0,0,False,True
2020-08-15,2020-08-15 18:58:00+00:00,2020-08-16 04:19:00+00:00,5.020000000001346,0.0,2.28,0.25,0,False,True
2020-08-16,2020-08-16 18:55:00+00:00,2020-08-17 04:20:00+00:00,4.950000000001637,0.0,1.76,0.0,0,False,True
2020-08-17,2020-08-17 18:53:00+00:00,2020-08-18 04:22:00+00:00,3.8100000000013097,0.0,1.44,0.0,0,False,True
2020-08-18,2020-08-18 18:51:00+00:00,2020-08-19 04:23:00+00:00,3.7500000000027285,0.0,1.52,0.0,0,False,True
2020-08-19,2020-08-19 18:49:00+00:00,2020-08-20 04:25:00+00:00,5.1599999999998545,0.0,1.52,0.0,0,False,True
2020-08-20,2020-08-20 18:47:00+00:00,2020-08-21 04:27:00+00:00,4.970000000001619,0.0,1.84,0.0,0,False,True
2020-08-21,2020-08-21 18:45:00+00:00,2020-08-22 04:28:00+00:00,5.1000000000008185,0.0,2.04,0.25,0,False,True
2020-08-22,2020-08-22 18:43:00+00:00,2020-08-23 04:30:00+00:00,5.619999999999436,0.0,2.16,0.25,0,False,True
2020-08-23,2020-08-23 18:41:00+00:00,2020-08-24 04:31:00+00:00,4.9000000000010004,0.0,2.2,0.25,0,False,True
2020-08-24,2020-08-24 18:38:00+00:00,2020-08-25 04:33:00+00:00,4.840000000001055,0.0,2.24,0.25,0,False,True
2020-08-25,2020-08-25 18:36:00+00:00,2020-08-26 04:35:00+00:00,5.210000000000946,0.0,2.32,0.25,0,False,True
2020-08-26,2020-08-26 18:34:00+00:00,2020-08-27 04:36:00+00:00,4.980000000000473,0.0,1.88,0.0,0,False,True
2020-08-27,2020-08-27 18:32:00+00:00,2020-08-28 04:38:00+00:00,5.169999999999163,0.0,2.08,0.25,0,False,True
2020-08-28,2020-08-28 18:30:00+00:00,2020-08-29 04:40:00+00:00,6.430000000001655,0.0,2.0,0.0,0,False,True
2020-08-29,2020-08-29 18:27:00+00:00,2020-08-30 04:41:00+00:00,4.060000000001764,0.0,0.64,0.0,0,False,True
2020-08-30,2020-08-30 18:25:00+00:00,2020-08-31 04:43:00+00:00,4.140000000000327,0.0,1.96,0.0,0,False,True
2020-08-31,2020-08-31 18:23:00+00:00,2020-09-01 04:44:00+00:00,5.479999999999109,0.0,2.16,0.25,0,False,True
2020-09-01,2020-09-01 18:21:00+00:00,2020-09-02 04:46:00+00:00,5.300000000000637,0.0,2.24,0.25,0,False,True
2020-09-02,2020-09-02 18:18:00+00:00,2020-09-03 04:48:00+00:00,4.960000000000036,0.0,2.24,0.25,0,False,True
2020-09-03,2020-09-03 18:16:00+00:00,2020-09-04 04:49:00+00:00,5.650000000000546,0.0,2.08,0.5,0,False,True
2020-09-04,2020-09-04 18:14:00+00:00,2020-09-05 04:51:00+00:00,4.940000000001419,0.0,1.04,0.0,0,False,True
2020-09-05,2020-09-05 18:11:00+00:00,2020-09-06 04:53:00+00:00,5.4300000000012005,0.0,1.84,0.0,0,False,True
2020-09-06,2020-09-06 18:09:00+00:00,2020-09-07 04:54:00+00:00,5.9200000000005275,0.0,2.24,0.5,0,False,True
2020-09-07,2020-09-07 18:07:00+00:00,2020-09-08 04:56:00+00:00,6.110000000001946,0.0,1.84,0.0,0,False,True
2020-09-08,2020-09-08 18:04:00+00:00,2020-09-09 04:57:00+00:00,4.550000000000637,0.0,1.88,0.0,0,False,True
2020-09-09,2020-09-09 18:02:00+00:00,2020-09-10 04:59:00+00:00,6.600000000001728,0.0,2.36,0.5,0,False,True
2020-09-10,2020-09-10 18:00:00+00:00,2020-09-11 05:01:00+00:00,5.62000000000171,0.0,1.32,0.0,0,False,True
2020-09-11,2020-09-11 17:57:00+00:00,2020-09-12 05:02:00+00:00,7.4699999999998,0.0,1.88,0.0,0,False,True
2020-09-12,2020-09-12 17:55:00+00:00,2020-09-13 05:04:00+00:00,6.020000000000437,0.0,2.08,0.25,0,False,True
2020-09-13,2020-09-13 17:53:00+00:00,2020-09-14 05:06:00+00:00,5.450000000000273,0.0,2.2,0.25,0,False,True
2020-09-14,2020-09-14 17:50:00+00:00,2020-09-15 05:07:00+00:00,5.390000000002146,0.0,2.24,0.25,0,False,True
2020-09-15,2020-09-15 17:48:00+00:00,2020-09-16 05:09:00+00:00,6.640000000002601,0.0,2.6,0.25,0,False,True
2020-09-16,2020-09-16 17:46:00+00:00,2020-09-17 05:11:00+00:00,9.470000000000255,0.0,4.44,0.75,0,False,True
2020-09-17,2020-09-17 17:43:00+00:00,2020-09-18 05:12:00+00:00,6.730000000000473,0.0,2.16,0.25,0,False,True
2020-09-18,2020-09-18 17:41:00+00:00,2020-09-19 05:14:00+00:00,5.860000000001492,0.0,2.28,0.25,0,False,True
2020-09-19,2020-09-19 17:39:00+00:00,2020-09-20 05:16:00+00:00,8.230000000001382,0.0,2.84,0.5,0,False,True
2020-09-20,2020-09-20 17:36:00+00:00,2020-09-21 05:17:00+00:00,8.40000000000191,0.0,2.56,0.5,0,False,True
2020-09-21,2020-09-21 17:34:00+00:00,2020-09-22 05:19:00+00:00,5.949999999999818,0.0,1.88,0.0,0,False,True
2020-09-22,2020-09-22 17:32:00+00:00,2020-09-23 05:21:00+00:00,6.570000000001073,0.0,1.88,0.0,0,False,True
2020-09-23,2020-09-23 17:29:00+00:00,2020-09-24 05:22:00+00:00,5.600000000002183,0.0,1.76,0.0,0,False,True
2020-09-24,2020-09-24 17:27:00+00:00,2020-09-25 05:24:00+00:00,5.810000000002674,0.0,2.84,0.25,0,False,True
2020-09-25,2020-09-25 17:24:00+00:00,2020-09-26 05:26:00+00:00,9.170000000000982,0.0,2.4,0.25,0,False,True
2020-09-26,2020-09-26 17:22:00+00:00,2020-09-27 05:27:00+00:00,5.030000000000655,0.0,1.08,0.0,0,False,True
2020-09-27,2020-09-27 17:20:00+00:00,2020-09-28 05:29:00+00:00,9.890000000001237,0.0,3.32,1.25,0,False,True
2020-09-28,2020-09-28 17:17:00+00:00,2020-09-29 05:31:00+00:00,5.9699999999998,0.0,1.88,0.0,0,False,True
2020-09-29,2020-09-29 17:15:00+00:00,2020-09-30 05:32:00+00:00,7.520000000000437,0.0,3.44,0.5,0,False,True
2020-09-30,2020-09-30 17:13:00+00:00,2020-10-01 05:34:00+00:00,6.28000000000111,0.0,2.24,0.25,0,False,True
2020-10-01,2020-10-01 17:10:00+00:00,2020-10-02 05:36:00+00:00,6.960000000000946,0.0,2.04,0.25,0,False,True
2020-10-02,2020-10-02 17:08:00+00:00,2020-10-03 05:37:00+00:00,8.19000000000051,0.0,2.48,0.5,0,False,True
2020-10-03,2020-10-03 17:06:00+00:00,2020-10-04 05:39:00+00:00,9.860000000000582,0.0,5.36,0.75,0,False,True
2020-10-04,2020-10-04 17:03:00+00:00,2020-10-05 05:41:00+00:00,7.209999999999582,0.0,1.96,0.0,0,False,True
2020-10-05,2020-10-05 17:01:00+00:00,2020-10-06 05:43:00+00:00,7.230000000000473,0.0,2.12,0.25,0,False,True
2020-10-06,2020-10-06 16:59:00+00:00,2020-10-07 05:44:00+00:00,7.4000000000010004,0.0,2.16,0.25,0,False,True
2020-10-07,2020-10-07 16:56:00+00:00,2020-10-08 05:46:00+00:00,8.22000000000071,0.0,1.96,0.0,0,False,True
2020-10-08,2020-10-08 16:54:00+00:00,2020-10-09 05:48:00+00:00,6.860000000001946,0.0,2.88,0.75,0,False,True
2020-10-09,2020-10-09 16:52:00+00:00,2020-10-10 05:50:00+00:00,11.060000000000855,0.0,3.0,1.0,0,False,True
2020-10-10,2020-10-10 16:50:00+00:00,2020-10-11 05:51:00+00:00,8.320000000001983,0.0,3.92,0.5,0,False,True
2020-10-11,2020-10-11 16:47:00+00:00,2020-10-12 05:53:00+00:00,9.50000000000091,0.0,5.24,0.75,0,False,True
2020-10-12,2020-10-12 16:45:00+00:00,2020-10-13 05:55:00+00:00,9.99000000000251,0.0,2.96,1.0,0,False,True
2020-10-13,2020-10-13 16:43:00+00:00,2020-10-14 05:57:00+00:00,8.699999999999818,0.0,2.48,0.5,0,False,True
2020-10-14,2020-10-14 16:41:00+00:00,2020-10-15 05:58:00+00:00,7.940000000001874,0.0,2.76,0.5,0,False,True
2020-10-15,2020-10-15 16:38:00+00:00,2020-10-16 06:00:00+00:00,6.890000000001237,0.0,2.2,0.25,0,False,True
2020-10-16,2020-10-16 16:36:00+00:00,2020-10-17 06:02:00+00:00,7.609999999999218,0.0,2.32,0.25,0,False,True
2020-10-17,2020-10-17 16:34:00+00:00,2020-10-18 06:04:00+00:00,8.130000000002383,0.0,2.24,0.5,0,False,True
2020-10-18,2020-10-18 16:32:00+00:00,2020-10-19 06:06:00+00:00,10.899999999997817,0.0,2.0,0.0,0,False,True
2020-10-19,2020-10-19 16:30:00+00:00,2020-10-20 06:07:00+00:00,8.819999999999709,0.0,2.44,0.75,0,False,True
2020-10-20,2020-10-20 16:27:00+00:00,2020-10-21 06:09:00+00:00,8.809999999999945,0.0,2.28,0.25,0,False,True
2020-10-21,2020-10-21 16:25:00+00:00,2020-10-22 06:11:00+00:00,13.610000000000582,0.0,3.92,1.25,0,False,True
2020-10-22,2020-10-22 16:23:00+00:00,2020-10-23 06:13:00+00:00,3.180000000003929,0.0,0.28,0.0,0,False,True
2020-10-23,2020-10-23 16:21:00+00:00,2020-10-24 06:15:00+00:00,5.980000000001382,0.0,1.96,0.0,0,False,True
2020-10-24,2020-10-24 16:19:00+00:00,2020-10-25 06:16:00+00:00,12.169999999999163,0.0,3.36,1.25,0,False,True
2020-10-25,2020-10-25 16:17:00+00:00,2020-10-26 06:18:00+00:00,8.989999999998872,0.0,2.24,0.25,0,False,True
2020-10-26,2020-10-26 16:15:00+00:00,2020-10-27 06:20:00+00:00,9.989999999999782,0.0,4.48,1.25,0,False,True
2020-10-27,2020-10-27 16:13:00+00:00,2020-10-28 06:22:00+00:00,8.979999999999563,0.0,2.32,0.25,0,False,True
2020-10-28,2020-10-28 16:11:00+00:00,2020-10-29 06:24:00+00:00,10.829999999999472,0.0,3.56,1.25,0,False,True
2020-10-29,2020-10-29 16:09:00+00:00,2020-10-30 06:26:00+00:00,10.110000000000127,0.0,3.12,1.0,0,False,True
2020-10-30,2020-10-30 16:07:00+00:00,2020-10-31 06:28:00+00:00,8.5300000000002,0.0,3.28,0.5,0,False,True
2020-10-31,2020-10-31 16:05:00+00:00,2020-11-01 06:29:00+00:00,9.230000000000018,0.0,2.72,0.75,0,False,True
2020-11-01,2020-11-01 16:03:00+00:00,2020-11-02 06:31:00+00:00,8.929999999999382,0.0,2.36,0.5,0,False,True
2020-11-02,2020-11-02 16:01:00+00:00,2020-11-03 06:33:00+00:00,9.630000000001019,0.0,3.68,1.0,0,False,True
2020-11-03,2020-11-03 16:00:00+00:00,2020-11-04 06:35:00+00:00,11.0,0.0,3.04,0.75,0,False,True
2020-11-04,2020-11-04 15:58:00+00:00,2020-11-05 06:37:00+00:00,15.150000000000091,0.0,3.88,1.75,0,False,True
2020-11-05,2020-11-05 15:56:00+00:00,2020-11-06 06:39:00+00:00,10.239999999999782,0.0,2.16,0.25,0,False,True
2020-11-06,2020-11-06 15:54:00+00:00,2020-11-07 06:41:00+00:00,9.200000000001182,0.0,4.08,0.25,0,False,True
2020-11-07,2020-11-07 15:52:00+00:00,2020-11-08 06:42:00+00:00,13.139999999998963,0.0,3.68,1.5,0,False,True
2020-11-08,2020-11-08 15:51:00+00:00,2020-11-09 06:44:00+00:00,14.4300000000012,0.0,4.68,1.5,0,False,True
2020-11-09,2020-11-09 15:49:00+00:00,2020-11-10 06:46:00+00:00,8.900000000000546,0.0,2.8,0.75,0,False,True
2020-11-10,2020-11-10 15:48:00+00:00,2020-11-11 06:48:00+00:00,8.770000000004075,0.0,2.28,0.5,0,False,True
2020-11-11,2020-11-11 15:46:00+00:00,2020-11-12 06:50:00+00:00,8.209999999997308,0.0,1.32,0.0,0,False,True
2020-11-12,2020-11-12 15:44:00+00:00,2020-11-13 06:52:00+00:00,7.370000000005348,0.0,1.96,0.0,0,False,True
2020-11-13,2020-11-13 15:43:00+00:00,2020-11-14 06:53:00+00:00,8.989999999998872,0.0,2.4,0.5,0,False,True
2020-11-14,2020-11-14 15:41:00+00:00,2020-11-15 06:55:00+00:00,11.660000000001673,0.0,4.04,0.75,0,False,True
2020-11-15,2020-11-15 15:40:00+00:00,2020-11-16 06:57:00+00:00,16.49999999999818,0.0,4.52,2.0,0,True,True
2020-11-16,2020-11-16 15:38:00+00:00,2020-11-17 06:59:00+00:00,11.309999999998581,0.0,3.56,1.0,0,False,True
2020-11-17,2020-11-17 15:37:00+00:00,2020-11-18 07:00:00+00:00,9.170000000000073,0.0,2.16,0.25,0,False,True
2020-11-18,2020-11-18 15:36:00+00:00,2020-11-19 07:02:00+00:00,11.239999999998872,0.0,2.8,1.0,0,False,True
2020-11-19,2020-11-19 15:35:00+00:00,2020-11-20 07:04:00+00:00,10.8700000000008,0.0,2.16,0.5,0,False,True
2020-11-20,2020-11-20 15:33:00+00:00,2020-11-21 07:06:00+00:00,15.199999999997999,0.0,3.6,1.5,0,False,True
2020-11-21,2020-11-21 15:32:00+00:00,2020-11-22 07:07:00+00:00,6.919999999995525,0.0,0.64,0.0,0,False,True
2020-11-22,2020-11-22 15:31:00+00:00,2020-11-23 07:09:00+00:00,8.199999999997999,0.0,2.16,0.25,0,False,True
2020-11-23,2020-11-23 15:30:00+00:00,2020-11-24 07:11:00+00:00,13.670000000000073,0.0,3.24,1.75,0,False,True
2020-11-24,2020-11-24 15:29:00+00:00,2020-11-25 07:12:00+00:00,12.439999999996871,0.0,2.88,0.5,0,False,True
2020-11-25,2020-11-25 15:28:00+00:00,2020-11-26 07:14:00+00:00,13.05000000000473,0.0,4.96,1.75,0,False,True
2020-11-26,2020-11-26 15:27:00+00:00,2020-11-27 07:15:00+00:00,12.409999999994398,0.0,2.0,0.0,0,False,True
2020-11-27,2020-11-27 15:26:00+00:00,2020-11-28 07:17:00+00:00,11.789999999999964,0.0,5.12,0.75,0,False,True
2020-11-28,2020-11-28 15:25:00+00:00,2020-11-29 07:18:00+00:00,15.649999999999636,0.0,4.32,1.5,0,False,True
2020-11-29,2020-11-29 15:24:00+00:00,2020-11-30 07:20:00+00:00,8.970000000004802,0.0,2.16,0.5,0,False,True
2020-11-30,2020-11-30 15:24:00+00:00,2020-12-01 07:21:00+00:00,10.640000000000327,0.0,3.84,0.75,0,False,True
2020-12-01,2020-12-01 15:23:00+00:00,2020-12-02 07:23:00+00:00,10.220000000004802,0.0,2.8,1.25,0,False,True
2020-12-02,2020-12-02 15:22:00+00:00,2020-12-03 07:24:00+00:00,12.789999999999964,0.0,3.32,2.0,0,True,True
2020-12-03,2020-12-03 15:22:00+00:00,2020-12-04 07:26:00+00:00,7.479999999999563,0.0,1.72,0.0,0,False,True
2020-12-04,2020-12-04 15:21:00+00:00,2020-12-05 07:27:00+00:00,9.289999999996326,0.0,3.04,0.25,0,False,True
2020-12-05,2020-12-05 15:21:00+00:00,2020-12-06 07:28:00+00:00,8.720000000002983,0.0,2.88,0.5,0,False,True
2020-12-06,2020-12-06 15:20:00+00:00,2020-12-07 07:29:00+00:00,10.570000000001528,0.0,3.28,0.75,0,False,True
2020-12-07,2020-12-07 15:20:00+00:00,2020-12-08 07:31:00+00:00,11.570000000001528,0.0,4.84,1.0,0,False,True
2020-12-08,2020-12-08 15:20:00+00:00,2020-12-09 07:32:00+00:00,7.43000000000211,0.0,2.0,0.0,0,False,True
2020-12-09,2020-12-09 15:19:00+00:00,2020-12-10 07:33:00+00:00,14.409999999998945,0.0,4.28,1.75,0,False,True
2020-12-10,2020-12-10 15:19:00+00:00,2020-12-11 07:34:00+00:00,8.709999999999127,0.0,2.48,0.25,0,False,True
2020-12-11,2020-12-11 15:19:00+00:00,2020-12-12 07:35:00+00:00,11.270000000001346,0.0,3.36,1.25,0,False,True
2020-12-12,2020-12-12 15:19:00+00:00,2020-12-13 07:36:00+00:00,11.710000000000946,0.0,2.64,0.75,0,False,True
2020-12-13,2020-12-13 15:19:00+00:00,2020-12-14 07:37:00+00:00,14.690000000002328,0.0,4.32,2.0,0,True,True
2020-12-14,2020-12-14 15:19:00+00:00,2020-12-15 07:38:00+00:00,12.24999999999909,0.0,2.52,0.75,0,False,True
2020-12-15,2020-12-15 15:19:00+00:00,2020-12-16 07:38:00+00:00,9.5600000000004,0.0,2.32,0.5,0,False,True
2020-12-16,2020-12-16 15:19:00+00:00,2020-12-17 07:39:00+00:00,12.43999999999778,0.0,4.64,1.25,0,False,True
2020-12-17,2020-12-17 15:20:00+00:00,2020-12-18 07:40:00+00:00,11.770000000000437,0.0,2.48,0.5,0,False,True
2020-12-18,2020-12-18 15:20:00+00:00,2020-12-19 07:40:00+00:00,9.849999999997635,0.0,2.36,0.25,0,False,True
2020-12-19,2020-12-19 15:20:00+00:00,2020-12-20 07:41:00+00:00,12.630000000001928,0.0,3.72,1.0,0,False,True
2020-12-20,2020-12-20 15:21:00+00:00,2020-12-21 07:42:00+00:00,11.670000000002801,0.0,2.16,0.75,0,False,True
2020-12-21,2020-12-21 15:21:00+00:00,2020-12-22 07:42:00+00:00,10.68999999999869,0.0,3.44,0.5,0,False,True
2020-12-22,2020-12-22 15:22:00+00:00,2020-12-23 07:42:00+00:00,11.349999999997635,0.0,3.08,0.5,0,False,True
2020-12-23,2020-12-23 15:22:00+00:00,2020-12-24 07:43:00+00:00,11.519999999997708,0.0,2.08,0.25,0,False,True
2020-12-24,2020-12-24 15:23:00+00:00,2020-12-25 07:43:00+00:00,4.310000000002219,0.0,0.32,0.0,0,False,True
2020-12-25,2020-12-25 15:24:00+00:00,2020-12-26 07:43:00+00:00,4.220000000004802,0.0,0.32,0.0,0,False,True
2020-12-26,2020-12-26 15:25:00+00:00,2020-12-27 07:43:00+00:00,4.170000000008258,0.0,0.32,0.0,0,False,True
2020-12-27,2020-12-27 15:26:00+00:00,2020-12-28 07:44:00+00:00,10.659999999999854,0.0,2.12,0.25,0,False,True
2020-12-28,2020-12-28 15:26:00+00:00,2020-12-29 07:44:00+00:00,11.44000000000051,0.0,3.44,0.75,0,False,True
2020-12-29,2020-12-29 15:27:00+00:00,2020-12-30 07:44:00+00:00,12.539999999999964,0.0,4.0,0.5,0,False,True
2020-12-30,2020-12-30 15:28:00+00:00,2020-12-31 07:44:00+00:00,11.05999999999949,0.0,2.64,0.75,0,False,True
2020-12-31,2020-12-31 15:29:00+00:00,2021-01-01 07:43:00+00:00,10.440000000001419,0.0,4.2,0.5,0,False,True
2021-01-01,2021-01-01 15:31:00+00:00,2021-01-02 07:43:00+00:00,10.529999999997926,0.0,2.56,0.5,0,False,True
2021-01-02,2021-01-02 15:32:00+00:00,2021-01-03 07:43:00+00:00,13.68000000000302,0.0,6.44,1.5,0,False,True
2021-01-03,2021-01-03 15:33:00+00:00,2021-01-04 07:43:00+00:00,13.740000000007058,0.0,3.36,1.75,0,False,True
2021-01-04,2021-01-04 15:34:00+00:00,2021-01-05 07:42:00+00:00,8.339999999999236,0.0,2.2,0.25,0,False,True
2021-01-05,2021-01-05 15:35:00+00:00,2021-01-06 07:42:00+00:00,10.030000000002474,0.0,2.96,1.0,0,False,True
2021-01-06,2021-01-06 15:37:00+00:00,2021-01-07 07:41:00+00:00,9.93000000000211,0.0,3.2,0.5,0,False,True
2021-01-07,2021-01-07 15:38:00+00:00,2021-01-08 07:41:00+00:00,15.550000000001091,0.0,3.84,1.75,0,False,True
2021-01-08,2021-01-08 15:40:00+00:00,2021-01-09 07:40:00+00:00,11.409999999999854,0.0,3.48,0.5,0,False,True
2021-01-09,2021-01-09 15:41:00+00:00,2021-01-10 07:40:00+00:00,11.4900000000016,0.0,3.24,0.75,0,False,True
2021-01-10,2021-01-10 15:43:00+00:00,2021-01-11 07:39:00+00:00,9.789999999995416,0.0,1.96,0.0,0,False,True
2021-01-11,2021-01-11 15:44:00+00:00,2021-01-12 07:38:00+00:00,10.6299999999992,0.0,3.2,0.5,0,False,True
2021-01-12,2021-01-12 15:46:00+00:00,2021-01-13 07:37:00+00:00,9.839999999996508,0.0,3.32,0.75,0,False,True
2021-01-13,2021-01-13 15:47:00+00:00,2021-01-14 07:37:00+00:00,14.51999999999407,0.0,3.12,1.5,0,False,True
2021-01-14,2021-01-14 15:49:00+00:00,2021-01-15 07:36:00+00:00,10.190000000003238,0.0,3.4,0.75,0,False,True
2021-01-15,2021-01-15 15:50:00+00:00,2021-01-16 07:35:00+00:00,9.819999999995161,0.0,2.84,0.75,0,False,True
2021-01-16,2021-01-16 15:52:00+00:00,2021-01-17 07:34:00+00:00,9.150000000001455,0.0,3.48,0.75,0,False,True
2021-01-17,2021-01-17 15:54:00+00:00,2021-01-18 07:33:00+00:00,9.710000000000946,0.0,4.8,0.75,0,False,True
2021-01-18,2021-01-18 15:56:00+00:00,2021-01-19 07:32:00+00:00,10.659999999999854,0.0,2.36,0.75,0,False,True
2021-01-19,2021-01-19 15:57:00+00:00,2021-01-20 07:30:00+00:00,9.850000000004911,0.0,4.08,0.5,0,False,True
2021-01-20,2021-01-20 15:59:00+00:00,2021-01-21 07:29:00+00:00,10.60000000000673,0.0,2.56,1.0,0,False,True
2021-01-21,2021-01-21 16:01:00+00:00,2021-01-22 07:28:00+00:00,12.930000000000291,0.0,3.64,1.5,0,False,True
2021-01-22,2021-01-22 16:03:00+00:00,2021-01-23 07:27:00+00:00,12.140000000001237,0.0,7.0,0.75,0,False,True
2021-01-23,2021-01-23 16:05:00+00:00,2021-01-24 07:25:00+00:00,6.930000000000291,0.0,2.0,0.0,0,False,True
2021-01-24,2021-01-24 16:06:00+00:00,2021-01-25 07:24:00+00:00,7.889999999999418,0.0,2.2,0.25,0,False,True
2021-01-25,2021-01-25 16:08:00+00:00,2021-01-26 07:23:00+00:00,7.730000000003201,0.0,2.44,0.75,0,False,True
2021-01-26,2021-01-26 16:10:00+00:00,2021-01-27 07:21:00+00:00,9.539999999997235,0.0,2.36,0.5,0,False,True
2021-01-27,2021-01-27 16:12:00+00:00,2021-01-28 07:20:00+00:00,13.080000000001746,0.0,4.24,1.0,0,False,True
2021-01-28,2021-01-28 16:14:00+00:00,2021-01-29 07:18:00+00:00,10.929999999994834,0.0,2.48,0.75,0,False,True
2021-01-29,2021-01-29 16:16:00+00:00,2021-01-30 07:17:00+00:00,9.43000000000302,0.0,4.4,0.75,0,False,True
2021-01-30,2021-01-30 16:18:00+00:00,2021-01-31 07:15:00+00:00,8.879999999996471,0.0,2.48,0.25,0,False,True
2021-01-31,2021-01-31 16:20:00+00:00,2021-02-01 07:14:00+00:00,10.469999999995707,0.0,4.24,0.5,0,False,True
2021-02-01,2021-02-01 16:22:00+00:00,2021-02-02 07:12:00+00:00,9.340000000000146,0.0,2.24,0.5,0,False,True
2021-02-02,2021-02-02 16:23:00+00:00,2021-02-03 07:10:00+00:00,8.209999999999127,0.0,1.92,0.0,0,False,True
2021-02-03,2021-02-03 16:25:00+00:00,2021-02-04 07:09:00+00:00,7.859999999998763,0.0,2.0,0.0,0,False,True
2021-02-04,2021-02-04 16:27:00+00:00,2021-02-05 07:07:00+00:00,9.05999999999949,0.0,3.44,0.5,0,False,True
2021-02-05,2021-02-05 16:29:00+00:00,2021-02-06 07:05:00+00:00,8.340000000002874,0.0,3.12,1.0,0,False,True
2021-02-06,2021-02-06 16:31:00+00:00,2021-02-07 07:03:00+00:00,11.32999999999629,0.0,4.2,1.5,0,False,True
2021-02-07,2021-02-07 16:33:00+00:00,2021-02-08 07:01:00+00:00,10.949999999997999,0.0,4.88,1.0,0,False,True
2021-02-08,2021-02-08 16:35:00+00:00,2021-02-09 07:00:00+00:00,8.649999999997817,0.0,3.0,1.0,0,False,True
2021-02-09,2021-02-09 16:37:00+00:00,2021-02-10 06:58:00+00:00,9.690000000004147,0.0,3.68,0.75,0,False,True
2021-02-10,2021-02-10 16:39:00+00:00,2021-02-11 06:56:00+00:00,12.539999999999054,0.0,3.24,0.75,0,False,True
2021-02-11,2021-02-11 16:41:00+00:00,2021-02-12 06:54:00+00:00,8.649999999995998,0.0,3.2,0.25,0,False,True
2021-02-12,2021-02-12 16:43:00+00:00,2021-02-13 06:52:00+00:00,6.260000000002037,0.0,2.04,0.25,0,False,True
2021-02-13,2021-02-13 16:45:00+00:00,2021-02-14 06:50:00+00:00,12.189999999996871,0.0,2.68,1.0,0,False,True
2021-02-14,2021-02-14 16:47:00+00:00,2021-02-15 06:48:00+00:00,8.43999999999869,0.0,2.88,0.25,0,False,True
2021-02-15,2021-02-15 16:49:00+00:00,2021-02-16 06:46:00+00:00,6.779999999996107,0.0,2.48,0.5,0,False,True
2021-02-16,2021-02-16 16:51:00+00:00,2021-02-17 06:44:00+00:00,10.789999999997235,0.0,4.72,1.0,0,False,True
2021-02-17,2021-02-17 16:53:00+00:00,2021-02-18 06:42:00+00:00,9.449999999998909,0.0,2.72,0.5,0,False,True
2021-02-18,2021-02-18 16:55:00+00:00,2021-02-19 06:40:00+00:00,8.169999999995525,0.0,2.04,0.25,0,False,True
2021-02-19,2021-02-19 16:56:00+00:00,2021-02-20 06:38:00+00:00,7.469999999997526,0.0,1.88,0.0,0,False,True
2021-02-20,2021-02-20 16:58:00+00:00,2021-02-21 06:36:00+00:00,8.289999999994507,0.0,3.0,0.75,0,False,True
2021-02-21,2021-02-21 17:00:00+00:00,2021-02-22 06:34:00+00:00,11.689999999995962,0.0,3.36,0.75,0,False,True
2021-02-22,2021-02-22 17:02:00+00:00,2021-02-23 06:31:00+00:00,10.69999999999618,0.0,3.64,1.25,0,False,True
2021-02-23,2021-02-23 17:04:00+00:00,2021-02-24 06:29:00+00:00,7.290000000000873,0.0,4.4,0.25,0,False,True
2021-02-24,2021-02-24 17:06:00+00:00,2021-02-25 06:27:00+00:00,11.409999999998035,0.0,2.52,0.75,0,False,True
2021-02-25,2021-02-25 17:08:00+00:00,2021-02-26 06:25:00+00:00,10.130000000002838,0.0,2.88,0.25,0,False,True
2021-02-26,2021-02-26 17:10:00+00:00,2021-02-27 06:23:00+00:00,9.649999999999636,0.0,3.56,1.25,0,False,True
2021-02-27,2021-02-27 17:12:00+00:00,2021-02-28 06:21:00+00:00,7.829999999999018,0.0,2.64,0.25,0,False,True
2021-02-28,2021-02-28 17:14:00+00:00,2021-03-01 06:18:00+00:00,9.469999999996617,0.0,2.92,0.75,0,False,True
2021-03-01,2021-03-01 17:15:00+00:00,2021-03-02 06:16:00+00:00,5.829999999998108,0.0,2.72,0.5,0,False,True
2021-03-02,2021-03-02 17:17:00+00:00,2021-03-03 06:14:00+00:00,10.359999999996035,0.0,3.96,1.25,0,False,True
2021-03-03,2021-03-03 17:19:00+00:00,2021-03-04 06:12:00+00:00,9.989999999997963,0.0,2.52,0.25,0,False,True
2021-03-04,2021-03-04 17:21:00+00:00,2021-03-05 06:09:00+00:00,7.5900000000001455,0.0,1.96,0.0,0,False,True
2021-03-05,2021-03-05 17:23:00+00:00,2021-03-06 06:07:00+00:00,7.720000000003893,0.0,4.72,0.5,0,False,True
2021-03-06,2021-03-06 17:25:00+00:00,2021-03-07 06:05:00+00:00,12.909999999994398,0.0,4.68,0.75,0,False,True
2021-03-07,2021-03-07 17:26:00+00:00,2021-03-08 06:03:00+00:00,8.599999999998545,0.0,2.72,0.5,0,False,True
2021-03-08,2021-03-08 17:28:00+00:00,2021-03-09 06:00:00+00:00,7.440000000001419,0.0,3.56,0.75,0,False,True
2021-03-09,2021-03-09 17:30:00+00:00,2021-03-10 05:58:00+00:00,6.210000000004584,0.0,1.84,0.0,0,False,True
2021-03-10,2021-03-10 17:32:00+00:00,2021-03-11 05:56:00+00:00,5.779999999999745,0.0,1.8,0.0,0,False,True
2021-03-11,2021-03-11 17:34:00+00:00,2021-03-12 05:53:00+00:00,8.139999999997599,0.0,2.56,0.5,0,False,True
2021-03-12,2021-03-12 17:36:00+00:00,2021-03-13 05:51:00+00:00,6.370000000007167,0.0,4.32,0.25,0,False,True
2021-03-13,2021-03-13 17:37:00+00:00,2021-03-14 05:49:00+00:00,9.419999999993706,0.0,2.6,0.75,0,False,True
2021-03-14,2021-03-14 17:39:00+00:00,2021-03-15 05:47:00+00:00,6.209999999998217,0.0,2.0,0.0,0,False,True
2021-03-15,2021-03-15 17:41:00+00:00,2021-03-16 05:44:00+00:00,15.739999999998872,0.0,3.44,2.25,0,True,True
2021-03-16,2021-03-16 17:43:00+00:00,2021-03-17 05:42:00+00:00,9.270000000002256,0.0,5.72,0.5,0,False,True
2021-03-17,2021-03-17 17:45:00+00:00,2021-03-18 05:40:00+00:00,7.099999999998545,0.0,1.92,0.0,0,False,True
2021-03-18,2021-03-18 17:46:00+00:00,2021-03-19 05:37:00+00:00,6.150000000001455,0.0,3.72,0.25,0,False,True
2021-03-19,2021-03-19 17:48:00+00:00,2021-03-20 05:35:00+00:00,6.199999999997999,0.0,2.04,0.25,0,False,True
2021-03-20,2021-03-20 17:50:00+00:00,2021-03-21 05:33:00+00:00,6.650000000006912,0.0,2.04,0.25,0,False,True
2021-03-21,2021-03-21 17:52:00+00:00,2021-03-22 05:30:00+00:00,6.640000000000327,0.0,2.0,0.0,0,False,True
2021-03-22,2021-03-22 17:53:00+00:00,2021-03-23 05:28:00+00:00,8.380000000001928,0.0,2.24,0.5,0,False,True
2021-03-23,2021-03-23 17:55:00+00:00,2021-03-24 05:26:00+00:00,8.239999999996144,0.0,4.28,0.75,0,False,True
2021-03-24,2021-03-24 17:57:00+00:00,2021-03-25 05:23:00+00:00,8.1299999999992,0.0,3.12,0.5,0,False,True
2021-03-25,2021-03-25 17:59:00+00:00,2021-03-26 05:21:00+00:00,5.640000000004875,0.0,1.92,0.0,0,False,True
2021-03-26,2021-03-26 18:00:00+00:00,2021-03-27 05:19:00+00:00,9.62000000000262,0.0,2.88,1.0,0,False,True
2021-03-27,2021-03-27 18:02:00+00:00,2021-03-28 05:16:00+00:00,5.9799999999977445,0.0,2.28,0.25,0,False,True
2021-03-28,2021-03-28 18:04:00+00:00,2021-03-29 05:14:00+00:00,6.140000000000327,0.0,2.04,0.25,0,False,True
2021-03-29,2021-03-29 18:06:00+00:00,2021-03-30 05:12:00+00:00,4.719999999998436,0.0,2.0,0.0,0,False,True
2021-03-30,2021-03-30 18:07:00+00:00,2021-03-31 05:10:00+00:00,6.970000000000255,0.0,2.04,0.25,0,False,True
2021-03-31,2021-03-31 18:09:00+00:00,2021-04-01 05:07:00+00:00,6.330000000009932,0.0,2.16,0.5,0,False,True
2021-04-01,2021-04-01 18:11:00+00:00,2021-04-02 05:05:00+00:00,4.7500000000027285,0.0,1.92,0.0,0,False,True
2021-04-02,2021-04-02 18:13:00+00:00,2021-04-03 05:03:00+00:00,7.049999999997453,0.0,2.48,0.5,0,False,True
2021-04-03,2021-04-03 18:14:00+00:00,2021-04-04 05:00:00+00:00,2.5500000000120053,0.0,0.28,0.0,0,False,True
2021-04-04,2021-04-04 18:16:00+00:00,2021-04-05 04:58:00+00:00,5.229999999999563,0.0,0.56,0.0,0,False,True
2021-04-05,2021-04-05 18:18:00+00:00,2021-04-06 04:56:00+00:00,7.220000000000255,0.0,1.88,0.0,0,False,True
2021-04-06,2021-04-06 18:20:00+00:00,2021-04-07 04:54:00+00:00,5.7500000000027285,0.0,1.92,0.0,0,False,True
2021-04-07,2021-04-07 18:21:00+00:00,2021-04-08 04:51:00+00:00,5.850000000002183,0.0,2.52,0.5,0,False,True
2021-04-08,2021-04-08 18:23:00+00:00,2021-04-09 04:49:00+00:00,6.0600000000004,0.0,2.68,0.5,0,False,True
2021-04-09,2021-04-09 18:25:00+00:00,2021-04-10 04:47:00+00:00,5.940000000000509,0.0,1.88,0.0,0,False,True
2021-04-10,2021-04-10 18:27:00+00:00,2021-04-11 04:45:00+00:00,5.880000000004657,0.0,2.44,0.25,0,False,True
2021-04-11,2021-04-11 18:28:00+00:00,2021-04-12 04:43:00+00:00,4.000000000003638,0.0,1.48,0.0,0,False,True
2021-04-12,2021-04-12 18:30:00+00:00,2021-04-13 04:40:00+00:00,8.489999999998872,0.0,3.08,0.75,0,False,True
2021-04-13,2021-04-13 18:32:00+00:00,2021-04-14 04:38:00+00:00,4.789999999997235,0.0,2.2,0.25,0,False,True
2021-04-14,2021-04-14 18:33:00+00:00,2021-04-15 04:36:00+00:00,7.69999999999709,0.0,2.48,0.75,0,False,True
2021-04-15,2021-04-15 18:35:00+00:00,2021-04-16 04:34:00+00:00,6.3400000000001455,0.0,2.72,0.5,0,False,True
2021-04-16,2021-04-16 18:37:00+00:00,2021-04-17 04:32:00+00:00,5.310000000004948,0.0,2.96,0.5,0,False,True
2021-04-17,2021-04-17 18:39:00+00:00,2021-04-18 04:30:00+00:00,3.8000000000065484,0.0,2.16,0.25,0,False,True
2021-04-18,2021-04-18 18:40:00+00:00,2021-04-19 04:27:00+00:00,5.0000000000027285,0.0,2.2,0.25,0,False,True
2021-04-19,2021-04-19 18:42:00+00:00,2021-04-20 04:25:00+00:00,4.359999999997854,0.0,1.6,0.0,0,False,True
2021-04-20,2021-04-20 18:44:00+00:00,2021-04-21 04:23:00+00:00,5.479999999998654,0.0,1.92,0.0,0,False,True
2021-04-21,2021-04-21 18:45:00+00:00,2021-04-22 04:21:00+00:00,4.420000000008258,0.0,1.8,0.0,0,False,True
2021-04-22,2021-04-22 18:47:00+00:00,2021-04-23 04:19:00+00:00,4.969999999999345,0.0,1.96,0.0,0,False,True
2021-04-23,2021-04-23 18:49:00+00:00,2021-04-24 04:17:00+00:00,4.829999999997199,0.0,1.88,0.0,0,False,True
2021-04-24,2021-04-24 18:51:00+00:00,2021-04-25 04:15:00+00:00,5.490000000000691,0.0,2.12,0.25,0,False,True
2021-04-25,2021-04-25 18:52:00+00:00,2021-04-26 04:13:00+00:00,5.100000000001273,0.0,1.52,0.0,0,False,True
2021-04-26,2021-04-26 18:54:00+00:00,2021-04-27 04:11:00+00:00,5.0000000000009095,0.0,1.88,0.0,0,False,True
2021-04-27,2021-04-27 18:56:00+00:00,2021-04-28 04:09:00+00:00,4.290000000002692,0.0,1.88,0.0,0,False,True
2021-04-28,2021-04-28 18:57:00+00:00,2021-04-29 04:07:00+00:00,7.489999999997053,0.0,2.64,0.75,0,False,True
2021-04-29,2021-04-29 18:59:00+00:00,2021-04-30 04:05:00+00:00,3.9899999999961437,0.0,0.6,0.0,0,False,True
2021-04-30,2021-04-30 19:01:00+00:00,2021-05-01 04:03:00+00:00,4.649999999996908,0.0,2.0,0.0,0,False,True
2021-05-01,2021-05-01 19:02:00+00:00,2021-05-02 04:02:00+00:00,2.9600000000018554,0.0,1.76,0.0,0,False,True
2021-05-02,2021-05-02 19:04:00+00:00,2021-05-03 04:00:00+00:00,5.019999999999527,0.0,1.92,0.0,0,False,True
2021-05-03,2021-05-03 19:06:00+00:00,2021-05-04 03:58:00+00:00,3.699999999999818,0.0,1.92,0.0,0,False,True
2021-05-04,2021-05-04 19:07:00+00:00,2021-05-05 03:56:00+00:00,4.570000000001528,0.0,2.16,0.25,0,False,True
2021-05-05,2021-05-05 19:09:00+00:00,2021-05-06 03:54:00+00:00,2.370000000003529,0.0,0.36,0.0,0,False,True
2021-05-06,2021-05-06 19:10:00+00:00,2021-05-07 03:53:00+00:00,2.8300000000044747,0.0,1.2,0.0,0,False,True
2021-05-07,2021-05-07 19:12:00+00:00,2021-05-08 03:51:00+00:00,5.81000000000131,0.0,1.68,0.0,0,False,True
2021-05-08,2021-05-08 19:14:00+00:00,2021-05-09 03:49:00+00:00,5.350000000000364,0.0,1.84,0.0,0,False,True
2021-05-09,2021-05-09 19:15:00+00:00,2021-05-10 03:48:00+00:00,3.0100000000029468,0.0,1.64,0.0,0,False,True
2021-05-10,2021-05-10 19:17:00+00:00,2021-05-11 03:46:00+00:00,3.830000000003565,0.0,2.16,0.25,0,False,True
2021-05-11,2021-05-11 19:18:00+00:00,2021-05-12 03:44:00+00:00,2.5800000000008367,0.0,0.44,0.0,0,False,True
2021-05-12,2021-05-12 19:20:00+00:00,2021-05-13 03:43:00+00:00,2.940000000001419,0.0,0.48,0.0,0,False,True
2021-05-13,2021-05-13 19:22:00+00:00,2021-05-14 03:41:00+00:00,2.94999999999618,0.0,1.36,0.0,0,False,True
2021-05-14,2021-05-14 19:23:00+00:00,2021-05-15 03:40:00+00:00,2.590000000001055,0.0,0.56,0.0,0,False,True
2021-05-15,2021-05-15 19:25:00+00:00,2021-05-16 03:38:00+00:00,4.5000000000027285,0.0,1.8,0.0,0,False,True
2021-05-16,2021-05-16 19:26:00+00:00,2021-05-17 03:37:00+00:00,3.270000000003165,0.0,1.92,0.0,0,False,True
2021-05-17,2021-05-17 19:28:00+00:00,2021-05-18 03:36:00+00:00,3.7499999999990905,0.0,1.76,0.0,0,False,True
2021-05-18,2021-05-18 19:29:00+00:00,2021-05-19 03:34:00+00:00,2.7800000000033833,0.0,1.48,0.0,0,False,True
2021-05-19,2021-05-19 19:31:00+00:00,2021-05-20 03:33:00+00:00,3.280000000002474,0.0,1.92,0.0,0,False,True
2021-05-20,2021-05-20 19:32:00+00:00,2021-05-21 03:32:00+00:00,3.390000000001237,0.0,1.88,0.0,0,False,True
2021-05-21,2021-05-21 19:33:00+00:00,2021-05-22 03:30:00+00:00,3.730000000004111,0.0,2.04,0.25,0,False,True
2021-05-22,2021-05-22 19:35:00+00:00,2021-05-23 03:29:00+00:00,3.530000000000655,0.0,2.04,0.25,0,False,True
2021-05-23,2021-05-23 19:36:00+00:00,2021-05-24 03:28:00+00:00,2.5200000000040745,0.0,1.8,0.0,0,False,True
2021-05-24,2021-05-24 19:37:00+00:00,2021-05-25 03:27:00+00:00,3.180000000003929,0.0,1.96,0.0,0,False,True
2021-05-25,2021-05-25 19:39:00+00:00,2021-05-26 03:26:00+00:00,2.7899999999963256,0.0,1.76,0.0,0,False,True
2021-05-26,2021-05-26 19:40:00+00:00,2021-05-27 03:25:00+00:00,1.7100000000036744,0.0,0.4,0.0,0,False,True
2021-05-27,2021-05-27 19:41:00+00:00,2021-05-28 03:24:00+00:00,2.850000000002183,0.0,1.92,0.0,0,False,True
2021-05-28,2021-05-28 19:42:00+00:00,2021-05-29 03:23:00+00:00,3.6599999999998545,0.0,1.68,0.0,0,False,True
2021-05-29,2021-05-29 19:44:00+00:00,2021-05-30 03:22:00+00:00,4.710000000002765,0.0,1.56,0.0,0,False,True
2021-05-30,2021-05-30 19:45:00+00:00,2021-05-31 03:21:00+00:00,5.200000000002547,0.0,1.48,0.0,0,False,True
2021-05-31,2021-05-31 19:46:00+00:00,2021-06-01 03:20:00+00:00,3.3700000000044383,0.0,2.08,0.25,0,False,True
2021-06-01,2021-06-01 19:47:00+00:00,2021-06-02 03:19:00+00:00,2.6200000000008004,0.0,1.84,0.0,0,False,True
2021-06-02,2021-06-02 19:48:00+00:00,2021-06-03 03:19:00+00:00,5.839999999999236,0.0,2.6,0.25,0,False,True
2021-06-03,2021-06-03 19:49:00+00:00,2021-06-04 03:18:00+00:00,2.869999999998072,0.0,0.84,0.0,0,False,True
2021-06-04,2021-06-04 19:50:00+00:00,2021-06-05 03:17:00+00:00,4.579999999999927,0.0,2.08,0.25,0,False,True
2021-06-05,2021-06-05 19:51:00+00:00,2021-06-06 03:17:00+00:00,4.42000000000462,0.0,2.6,0.5,0,False,True
2021-06-06,2021-06-06 19:52:00+00:00,2021-06-07 03:16:00+00:00,1.950000000005275,0.0,0.36,0.0,0,False,True
2021-06-07,2021-06-07 19:52:00+00:00,2021-06-08 03:16:00+00:00,3.529999999998836,0.0,1.6,0.0,0,False,True
2021-06-08,2021-06-08 19:53:00+00:00,2021-06-09 03:15:00+00:00,2.889999999999418,0.0,1.56,0.0,0,False,True
2021-06-09,2021-06-09 19:54:00+00:00,2021-06-10 03:15:00+00:00,1.7400000000061482,0.0,0.32,0.0,0,False,True
2021-06-10,2021-06-10 19:55:00+00:00,2021-06-11 03:15:00+00:00,2.090000000006512,0.0,1.4,0.0,0,False,True
2021-06-11,2021-06-11 19:55:00+00:00,2021-06-12 03:14:00+00:00,2.3600000000033106,0.0,1.44,0.0,0,False,True
2021-06-12,2021-06-12 19:56:00+00:00,2021-06-13 03:14:00+00:00,2.410000000002583,0.0,1.36,0.0,0,False,True
2021-06-13,2021-06-13 19:57:00+00:00,2021-06-14 03:14:00+00:00,2.1500000000060027,0.0,1.08,0.0,0,False,True
2021-06-14,2021-06-14 19:57:00+00:00,2021-06-15 03:14:00+00:00,1.8100000000031287,0.0,0.36,0.0,0,False,True
2021-06-15,2021-06-15 19:58:00+00:00,2021-06-16 03:14:00+00:00,2.9500000000025466,0.0,1.88,0.0,0,False,True
2021-06-16,2021-06-16 19:58:00+00:00,2021-06-17 03:14:00+00:00,4.070000000006075,0.0,2.36,0.25,0,False,True
2021-06-17,2021-06-17 19:58:00+00:00,2021-06-18 03:14:00+00:00,4.230000000004111,0.0,2.48,0.25,0,False,True
2021-06-18,2021-06-18 19:59:00+00:00,2021-06-19 03:14:00+00:00,4.710000000000946,0.0,1.64,0.0,0,False,True
2021-06-19,2021-06-19 19:59:00+00:00,2021-06-20 03:14:00+00:00,3.889999999999418,0.0,1.64,0.0,0,False,True
2021-06-20,2021-06-20 19:59:00+00:00,2021-06-21 03:14:00+00:00,3.700000000003456,0.0,1.92,0.0,0,False,True
2021-06-21,2021-06-21 19:59:00+00:00,2021-06-22 03:14:00+00:00,2.390000000006694,0.0,1.24,0.0,0,False,True
2021-06-22,2021-06-22 19:59:00+00:00,2021-06-23 03:15:00+00:00,4.110000000001492,0.0,1.8,0.0,0,False,True
2021-06-23,2021-06-23 20:00:00+00:00,2021-06-24 03:15:00+00:00,3.9199999999991633,0.0,1.44,0.0,0,False,True
2021-06-24,2021-06-24 20:00:00+00:00,2021-06-25 03:15:00+00:00,4.110000000000582,0.0,1.96,0.0,0,False,True
2021-06-25,2021-06-25 19:59:00+00:00,2021-06-26 03:16:00+00:00,1.360000000002401,0.0,0.24,0.0,0,False,True
2021-06-26,2021-06-26 19:59:00+00:00,2021-06-27 03:16:00+00:00,1.3400000000019645,0.0,0.24,0.0,0,False,True
2021-06-27,2021-06-27 19:59:00+00:00,2021-06-28 03:17:00+00:00,5.729999999999563,0.0,3.16,1.0,0,False,True
2021-06-28,2021-06-28 19:59:00+00:00,2021-06-29 03:17:00+00:00,3.7099999999982174,0.0,1.28,0.0,0,False,True
2021-06-29,2021-06-29 19:59:00+00:00,2021-06-30 03:18:00+00:00,3.549999999998363,0.0,1.44,0.0,0,False,True
2021-06-30,2021-06-30 19:58:00+00:00,2021-07-01 03:19:00+00:00,3.969999999999345,0.0,1.72,0.0,0,False,True
2021-07-01,2021-07-01 19:58:00+00:00,2021-07-02 03:19:00+00:00,3.179999999998472,0.0,0.48,0.0,0,False,True
2021-07-02,2021-07-02 19:58:00+00:00,2021-07-03 03:20:00+00:00,3.9899999999988722,0.0,1.92,0.0,0,False,True
2021-07-03,2021-07-03 19:57:00+00:00,2021-07-04 03:21:00+00:00,3.3299999999999272,0.0,1.76,0.0,0,False,True
2021-07-04,2021-07-04 19:57:00+00:00,2021-07-05 03:22:00+00:00,3.9500000000007276,0.0,1.72,0.0,0,False,True
2021-07-05,2021-07-05 19:56:00+00:00,2021-07-06 03:22:00+00:00,3.8999999999987267,0.0,1.88,0.0,0,False,True
2021-07-06,2021-07-06 19:56:00+00:00,2021-07-07 03:23:00+00:00,4.110000000002401,0.0,2.04,0.25,0,False,True
2021-07-07,2021-07-07 19:55:00+00:00,2021-07-08 03:24:00+00:00,5.970000000002983,0.0,2.08,0.25,0,False,True
2021-07-08,2021-07-08 19:54:00+00:00,2021-07-09 03:25:00+00:00,3.519999999999527,0.0,1.56,0.0,0,False,True
2021-07-09,2021-07-09 19:53:00+00:00,2021-07-10 03:26:00+00:00,4.719999999999345,0.0,1.28,0.0,0,False,True
2021-07-10,2021-07-10 19:53:00+00:00,2021-07-11 03:27:00+00:00,2.630000000003747,0.0,1.6,0.0,0,False,True
2021-07-11,2021-07-11 19:52:00+00:00,2021-07-12 03:28:00+00:00,2.8600000000014916,0.0,1.84,0.0,0,False,True
2021-07-12,2021-07-12 19:51:00+00:00,2021-07-13 03:29:00+00:00,2.1100000000051296,0.0,1.08,0.0,0,False,True
2021-07-13,2021-07-13 19:50:00+00:00,2021-07-14 03:31:00+00:00,3.0900000000037835,0.0,1.48,0.0,0,False,True
2021-07-14,2021-07-14 19:49:00+00:00,2021-07-15 03:32:00+00:00,4.920000000002801,0.0,3.04,0.5,0,False,True
2021-07-15,2021-07-15 19:48:00+00:00,2021-07-16 03:33:00+00:00,4.580000000000837,0.0,2.56,0.25,0,False,True
2021-07-16,2021-07-16 19:47:00+00:00,2021-07-17 03:34:00+00:00,3.040000000004511,0.0,1.6,0.0,0,False,True
2021-07-17,2021-07-17 19:46:00+00:00,2021-07-18 03:35:00+00:00,1.590000000006512,0.0,0.24,0.0,0,False,True
2021-07-18,2021-07-18 19:45:00+00:00,2021-07-19 03:37:00+00:00,1.91000000000804,0.0,0.28,0.0,0,False,True
2021-07-19,2021-07-19 19:43:00+00:00,2021-07-20 03:38:00+00:00,4.330000000002656,0.0,1.8,0.0,0,False,True
2021-07-20,2021-07-20 19:42:00+00:00,2021-07-21 03:39:00+00:00,4.269999999995889,0.0,1.6,0.0,0,False,True
2021-07-21,2021-07-21 19:41:00+00:00,2021-07-22 03:41:00+00:00,5.279999999997926,0.0,2.28,0.25,0,False,True
2021-07-22,2021-07-22 19:39:00+00:00,2021-07-23 03:42:00+00:00,4.510000000002037,0.0,1.6,0.0,0,False,True
2021-07-23,2021-07-23 19:38:00+00:00,2021-07-24 03:43:00+00:00,5.219999999999345,0.0,1.96,0.0,0,False,True
2021-07-24,2021-07-24 19:37:00+00:00,2021-07-25 03:45:00+00:00,3.9000000000023647,0.0,1.04,0.0,0,False,True
2021-07-25,2021-07-25 19:35:00+00:00,2021-07-26 03:46:00+00:00,3.4200000000037107,0.0,0.6,0.0,0,False,True
2021-07-26,2021-07-26 19:34:00+00:00,2021-07-27 03:48:00+00:00,1.5000000000027285,0.0,0.2,0.0,0,False,True
2021-07-27,2021-07-27 19:32:00+00:00,2021-07-28 03:49:00+00:00,1.4700000000020736,0.0,0.24,0.0,0,False,True
2021-07-28,2021-07-28 19:31:00+00:00,2021-07-29 03:50:00+00:00,1.4700000000020736,0.0,0.24,0.0,0,False,True
2021-07-29,2021-07-29 19:29:00+00:00,2021-07-30 03:52:00+00:00,1.4800000000013824,0.0,0.24,0.0,0,False,True
2021-07-30,2021-07-30 19:28:00+00:00,2021-07-31 03:53:00+00:00,1.5200000000022555,0.0,0.2,0.0,0,False,True
2021-07-31,2021-07-31 19:26:00+00:00,2021-08-01 03:55:00+00:00,1.4600000000009459,0.0,0.2,0.0,0,False,True
2021-08-01,2021-08-01 19:24:00+00:00,2021-08-02 03:56:00+00:00,1.5200000000022555,0.0,0.24,0.0,0,False,True
2021-08-02,2021-08-02 19:23:00+00:00,2021-08-03 03:58:00+00:00,1.5100000000020373,0.0,0.24,0.0,0,False,True
2021-08-03,2021-08-03 19:21:00+00:00,2021-08-04 03:59:00+00:00,1.5200000000022555,0.0,0.24,0.0,0,False,True
2021-08-04,2021-08-04 19:19:00+00:00,2021-08-05 04:01:00+00:00,1.5600000000022192,0.0,0.24,0.0,0,False,True
2021-08-05,2021-08-05 19:17:00+00:00,2021-08-06 04:02:00+00:00,1.5800000000026557,0.0,0.24,0.0,0,False,True
2021-08-06,2021-08-06 19:15:00+00:00,2021-08-07 04:04:00+00:00,1.5900000000019645,0.0,0.2,0.0,0,False,True
2021-08-07,2021-08-07 19:14:00+00:00,2021-08-08 04:06:00+00:00,1.6200000000026193,0.0,0.24,0.0,0,False,True
2021-08-08,2021-08-08 19:12:00+00:00,2021-08-09 04:07:00+00:00,1.610000000002401,0.0,0.24,0.0,0,False,True
2021-08-09,2021-08-09 19:10:00+00:00,2021-08-10 04:09:00+00:00,1.6200000000026193,0.0,0.24,0.0,0,False,True
2021-08-10,2021-08-10 19:08:00+00:00,2021-08-11 04:10:00+00:00,1.5900000000019645,0.0,0.24,0.0,0,False,True
2021-08-11,2021-08-11 19:06:00+00:00,2021-08-12 04:12:00+00:00,6.230000000003201,0.0,2.4,0.5,0,False,True
2021-08-12,2021-08-12 19:04:00+00:00,2021-08-13 04:13:00+00:00,7.150000000000546,0.0,2.4,0.75,0,False,True
2021-08-13,2021-08-13 19:02:00+00:00,2021-08-14 04:15:00+00:00,4.239999999996144,0.0,1.24,0.0,0,False,True
2021-08-14,2021-08-14 19:00:00+00:00,2021-08-15 04:17:00+00:00,4.230000000003201,0.0,1.68,0.0,0,False,True
2021-08-15,2021-08-15 18:58:00+00:00,2021-08-16 04:18:00+00:00,4.640000000005784,0.0,2.08,0.25,0,False,True
2021-08-16,2021-08-16 18:56:00+00:00,2021-08-17 04:20:00+00:00,2.280000000006112,0.0,0.4,0.0,0,False,True
2021-08-17,2021-08-17 18:54:00+00:00,2021-08-18 04:21:00+00:00,2.3400000000074215,0.0,0.4,0.0,0,False,True
2021-08-18,2021-08-18 18:52:00+00:00,2021-08-19 04:23:00+00:00,4.160000000006221,0.0,2.12,0.25,0,False,True
2021-08-19,2021-08-19 18:50:00+00:00,2021-08-20 04:25:00+00:00,3.050000000002001,0.0,1.84,0.0,0,False,True
2021-08-20,2021-08-20 18:48:00+00:00,2021-08-21 04:26:00+00:00,1.930000000003929,0.0,0.28,0.0,0,False,True
2021-08-21,2021-08-21 18:46:00+00:00,2021-08-22 04:28:00+00:00,2.090000000004693,0.0,0.36,0.0,0,False,True
2021-08-22,2021-08-22 18:43:00+00:00,2021-08-23 04:29:00+00:00,5.149999999995089,0.0,2.56,0.25,0,False,True
2021-08-23,2021-08-23 18:41:00+00:00,2021-08-24 04:31:00+00:00,5.5700000000024374,0.0,2.48,0.25,0,False,True
2021-08-24,2021-08-24 18:39:00+00:00,2021-08-25 04:33:00+00:00,6.239999999998872,0.0,2.44,0.25,0,False,True
2021-08-25,2021-08-25 18:37:00+00:00,2021-08-26 04:34:00+00:00,3.3000000000065484,0.0,0.52,0.0,0,False,True
2021-08-26,2021-08-26 18:35:00+00:00,2021-08-27 04:36:00+00:00,4.159999999997126,0.0,1.0,0.0,0,False,True
2021-08-27,2021-08-27 18:32:00+00:00,2021-08-28 04:38:00+00:00,4.340000000001055,0.0,1.28,0.0,0,False,True
2021-08-28,2021-08-28 18:30:00+00:00,2021-08-29 04:39:00+00:00,4.709999999999127,0.0,1.72,0.0,0,False,True
2021-08-29,2021-08-29 18:28:00+00:00,2021-08-30 04:41:00+00:00,5.75,0.0,1.0,0.0,0,False,True
2021-08-30,2021-08-30 18:26:00+00:00,2021-08-31 04:42:00+00:00,5.8400000000001455,0.0,2.0,0.0,0,False,True
2021-08-31,2021-08-31 18:23:00+00:00,2021-09-01 04:44:00+00:00,5.19999999999709,0.0,2.04,0.25,0,False,True
2021-09-01,2021-09-01 18:21:00+00:00,2021-09-02 04:46:00+00:00,5.550000000001091,0.0,2.08,0.25,0,False,True
2021-09-02,2021-09-02 18:19:00+00:00,2021-09-03 04:47:00+00:00,5.440000000003238,0.0,2.4,0.5,0,False,True
2021-09-03,2021-09-03 18:17:00+00:00,2021-09-04 04:49:00+00:00,7.410000000004402,0.0,3.12,0.25,0,False,True
2021-09-04,2021-09-04 18:14:00+00:00,2021-09-05 04:51:00+00:00,4.430000000005748,0.0,1.76,0.0,0,False,True
2021-09-05,2021-09-05 18:12:00+00:00,2021-09-06 04:52:00+00:00,4.350000000004002,0.0,0.6,0.0,0,False,True
2021-09-06,2021-09-06 18:10:00+00:00,2021-09-07 04:54:00+00:00,6.520000000003165,0.0,2.2,0.5,0,False,True
2021-09-07,2021-09-07 18:07:00+00:00,2021-09-08 04:55:00+00:00,6.210000000000036,0.0,3.64,0.25,0,False,True
2021-09-08,2021-09-08 18:05:00+00:00,2021-09-09 04:57:00+00:00,6.769999999998618,0.0,1.88,0.0,0,False,True
2021-09-09,2021-09-09 18:03:00+00:00,2021-09-10 04:59:00+00:00,4.960000000006403,0.0,0.84,0.0,0,False,True
2021-09-10,2021-09-10 18:00:00+00:00,2021-09-11 05:00:00+00:00,7.919999999999163,0.0,2.44,0.25,0,False,True
2021-09-11,2021-09-11 17:58:00+00:00,2021-09-12 05:02:00+00:00,6.560000000004038,0.0,2.16,0.25,0,False,True
2021-09-12,2021-09-12 17:56:00+00:00,2021-09-13 05:04:00+00:00,6.330000000001746,0.0,1.92,0.0,0,False,True
2021-09-13,2021-09-13 17:53:00+00:00,2021-09-14 05:05:00+00:00,6.119999999998072,0.0,1.92,0.0,0,False,True
2021-09-14,2021-09-14 17:51:00+00:00,2021-09-15 05:07:00+00:00,5.860000000000582,0.0,1.76,0.0,0,False,True
2021-09-15,2021-09-15 17:49:00+00:00,2021-09-16 05:09:00+00:00,5.799999999999272,0.0,2.08,0.25,0,False,True
2021-09-16,2021-09-16 17:46:00+00:00,2021-09-17 05:10:00+00:00,7.300000000001091,0.0,2.56,0.25,0,False,True
2021-09-17,2021-09-17 17:44:00+00:00,2021-09-18 05:12:00+00:00,9.249999999998181,0.0,4.36,1.25,0,False,True
2021-09-18,2021-09-18 17:42:00+00:00,2021-09-19 05:13:00+00:00,6.489999999997053,0.0,1.32,0.0,0,False,True
2021-09-19,2021-09-19 17:39:00+00:00,2021-09-20 05:15:00+00:00,6.329999999999018,0.0,1.68,0.0,0,False,True
2021-09-20,2021-09-20 17:37:00+00:00,2021-09-21 05:17:00+00:00,5.899999999999636,0.0,2.0,0.0,0,False,True
2021-09-21,2021-09-21 17:34:00+00:00,2021-09-22 05:18:00+00:00,6.639999999996689,0.0,2.0,0.0,0,False,True
2021-09-22,2021-09-22 17:32:00+00:00,2021-09-23 05:20:00+00:00,5.729999999998654,0.0,1.52,0.0,0,False,True
2021-09-23,2021-09-23 17:30:00+00:00,2021-09-24 05:22:00+00:00,7.340000000002874,0.0,3.72,0.5,0,False,True
2021-09-24,2021-09-24 17:27:00+00:00,2021-09-25 05:23:00+00:00,8.710000000000036,0.0,2.12,0.25,0,False,True
2021-09-25,2021-09-25 17:25:00+00:00,2021-09-26 05:25:00+00:00,6.440000000003238,0.0,3.2,0.5,0,False,True
2021-09-26,2021-09-26 17:23:00+00:00,2021-09-27 05:27:00+00:00,5.580000000005384,0.0,2.12,0.25,0,False,True
2021-09-27,2021-09-27 17:20:00+00:00,2021-09-28 05:28:00+00:00,6.080000000004475,0.0,2.04,0.25,0,False,True
2021-09-28,2021-09-28 17:18:00+00:00,2021-09-29 05:30:00+00:00,7.090000000001055,0.0,2.12,0.25,0,False,True
2021-09-29,2021-09-29 17:16:00+00:00,2021-09-30 05:32:00+00:00,8.1200000000008,0.0,2.52,0.75,0,False,True
2021-09-30,2021-09-30 17:13:00+00:00,2021-10-01 05:34:00+00:00,7.240000000006148,0.0,2.52,0.25,0,False,True
2021-10-01,2021-10-01 17:11:00+00:00,2021-10-02 05:35:00+00:00,6.380000000001928,0.0,1.72,0.0,0,False,True
2021-10-02,2021-10-02 17:09:00+00:00,2021-10-03 05:37:00+00:00,4.8799999999992,0.0,0.8,0.0,0,False,True
2021-10-03,2021-10-03 17:06:00+00:00,2021-10-04 05:39:00+00:00,7.389999999999418,0.0,1.68,0.0,0,False,True
2021-10-04,2021-10-04 17:04:00+00:00,2021-10-05 05:40:00+00:00,10.009999999999309,0.0,2.4,0.25,0,False,True
2021-10-05,2021-10-05 17:02:00+00:00,2021-10-06 05:42:00+00:00,7.070000000001528,0.0,1.96,0.0,0,False,True
2021-10-06,2021-10-06 16:59:00+00:00,2021-10-07 05:44:00+00:00,6.160000000000764,0.0,1.76,0.0,0,False,True
2021-10-07,2021-10-07 16:57:00+00:00,2021-10-08 05:46:00+00:00,6.940000000003238,0.0,1.96,0.0,0,False,True
2021-10-08,2021-10-08 16:55:00+00:00,2021-10-09 05:47:00+00:00,5.010000000001128,0.0,2.36,0.25,0,False,True
2021-10-09,2021-10-09 16:52:00+00:00,2021-10-10 05:49:00+00:00,6.3400000000037835,0.0,2.24,0.25,0,False,True
2021-10-10,2021-10-10 16:50:00+00:00,2021-10-11 05:51:00+00:00,8.349999999999454,0.0,2.4,0.25,0,False,True
2021-10-11,2021-10-11 16:48:00+00:00,2021-10-12 05:53:00+00:00,4.7500000000063665,0.0,2.04,0.25,0,False,True
2021-10-12,2021-10-12 16:46:00+00:00,2021-10-13 05:54:00+00:00,7.969999999997526,0.0,1.92,0.0,0,False,True
2021-10-13,2021-10-13 16:43:00+00:00,2021-10-14 05:56:00+00:00,6.390000000003965,0.0,2.12,0.25,0,False,True
2021-10-14,2021-10-14 16:41:00+00:00,2021-10-15 05:58:00+00:00,6.80000000000291,0.0,1.64,0.0,0,False,True
2021-10-15,2021-10-15 16:39:00+00:00,2021-10-16 06:00:00+00:00,8.980000000000473,0.0,2.96,0.5,0,False,True
2021-10-16,2021-10-16 16:37:00+00:00,2021-10-17 06:02:00+00:00,5.69999999999709,0.0,0.64,0.0,0,False,True
2021-10-17,2021-10-17 16:34:00+00:00,2021-10-18 06:03:00+00:00,5.500000000003638,0.0,1.84,0.0,0,False,True
2021-10-18,2021-10-18 16:32:00+00:00,2021-10-19 06:05:00+00:00,5.860000000003311,0.0,2.8,0.25,0,False,True
2021-10-19,2021-10-19 16:30:00+00:00,2021-10-20 06:07:00+00:00,5.820000000001528,0.0,1.76,0.0,0,False,True
2021-10-20,2021-10-20 16:28:00+00:00,2021-10-21 06:09:00+00:00,8.210000000003674,0.0,2.36,0.75,0,False,True
2021-10-21,2021-10-21 16:26:00+00:00,2021-10-22 06:11:00+00:00,6.010000000002947,0.0,2.32,0.25,0,False,True
2021-10-22,2021-10-22 16:24:00+00:00,2021-10-23 06:12:00+00:00,5.959999999998217,0.0,0.76,0.0,0,False,True
2021-10-23,2021-10-23 16:22:00+00:00,2021-10-24 06:14:00+00:00,9.790000000001783,0.0,4.4,0.75,0,False,True
2021-10-24,2021-10-24 16:20:00+00:00,2021-10-25 06:16:00+00:00,9.479999999999563,0.0,2.52,0.5,0,False,True
2021-10-25,2021-10-25 16:18:00+00:00,2021-10-26 06:18:00+00:00,8.56000000000131,0.0,2.44,0.5,0,False,True
2021-10-26,2021-10-26 16:15:00+00:00,2021-10-27 06:20:00+00:00,14.110000000001492,0.0,2.56,1.0,0,False,True
2021-10-27,2021-10-27 16:13:00+00:00,2021-10-28 06:22:00+00:00,7.609999999998763,0.0,2.24,0.25,0,False,True
2021-10-28,2021-10-28 16:11:00+00:00,2021-10-29 06:23:00+00:00,8.280000000000655,0.0,2.44,0.5,0,False,True
2021-10-29,2021-10-29 16:10:00+00:00,2021-10-30 06:25:00+00:00,5.940000000000509,0.0,1.44,0.0,0,False,True
2021-10-30,2021-10-30 16:08:00+00:00,2021-10-31 06:27:00+00:00,7.750000000001819,0.0,3.16,0.25,0,False,True
2021-10-31,2021-10-31 16:06:00+00:00,2021-11-01 06:29:00+00:00,7.220000000001164,0.0,2.36,0.25,0,False,True
2021-11-01,2021-11-01 16:04:00+00:00,2021-11-02 06:31:00+00:00,8.599999999998545,0.0,3.12,0.5,0,False,True
2021-11-02,2021-11-02 16:02:00+00:00,2021-11-03 06:33:00+00:00,8.749999999998181,0.0,2.2,0.25,0,False,True
2021-11-03,2021-11-03 16:00:00+00:00,2021-11-04 06:35:00+00:00,7.959999999999127,0.0,1.92,0.0,0,False,True
2021-11-04,2021-11-04 15:58:00+00:00,2021-11-05 06:36:00+00:00,8.970000000001164,0.0,2.16,0.5,0,False,True
2021-11-05,2021-11-05 15:56:00+00:00,2021-11-06 06:38:00+00:00,9.019999999996799,0.0,2.4,0.75,0,False,True
2021-11-06,2021-11-06 15:55:00+00:00,2021-11-07 06:40:00+00:00,7.979999999999563,0.0,1.52,0.0,0,False,True
2021-11-07,2021-11-07 15:53:00+00:00,2021-11-08 06:42:00+00:00,9.19999999999709,0.0,1.96,0.0,0,False,True
2021-11-08,2021-11-08 15:51:00+00:00,2021-11-09 06:44:00+00:00,9.250000000003638,0.0,3.56,0.75,0,False,True
2021-11-09,2021-11-09 15:50:00+00:00,2021-11-10 06:46:00+00:00,9.13000000000011,0.0,2.32,0.5,0,False,True
2021-11-10,2021-11-10 15:48:00+00:00,2021-11-11 06:47:00+00:00,10.490000000000691,0.0,3.32,0.5,0,False,True
2021-11-11,2021-11-11 15:46:00+00:00,2021-11-12 06:49:00+00:00,10.309999999997672,0.0,2.0,0.0,0,False,True
2021-11-12,2021-11-12 15:45:00+00:00,2021-11-13 06:51:00+00:00,12.07999999999629,0.0,2.44,0.25,0,False,True
2021-11-13,2021-11-13 15:43:00+00:00,2021-11-14 06:53:00+00:00,12.420000000000073,0.0,5.28,1.25,0,False,True
2021-11-14,2021-11-14 15:42:00+00:00,2021-11-15 06:55:00+00:00,13.309999999995853,0.0,3.76,1.5,0,False,True
2021-11-15,2021-11-15 15:40:00+00:00,2021-11-16 06:56:00+00:00,10.100000000004911,0.0,2.44,1.0,0,False,True
2021-11-16,2021-11-16 15:39:00+00:00,2021-11-17 06:58:00+00:00,8.500000000001819,0.0,2.08,0.25,0,False,True
2021-11-17,2021-11-17 15:37:00+00:00,2021-11-18 07:00:00+00:00,14.250000000004547,0.0,3.04,0.75,0,False,True
2021-11-18,2021-11-18 15:36:00+00:00,2021-11-19 07:02:00+00:00,7.869999999998072,0.0,2.0,0.0,0,False,True
2021-11-19,2021-11-19 15:35:00+00:00,2021-11-20 07:03:00+00:00,8.300000000002001,0.0,2.68,0.5,0,False,True
2021-11-20,2021-11-20 15:34:00+00:00,2021-11-21 07:05:00+00:00,9.320000000000618,0.0,2.32,0.25,0,False,True
2021-11-21,2021-11-21 15:32:00+00:00,2021-11-22 07:07:00+00:00,7.380000000003747,0.0,1.96,0.0,0,False,True
2021-11-22,2021-11-22 15:31:00+00:00,2021-11-23 07:09:00+00:00,8.420000000001892,0.0,5.36,0.75,0,False,True
2021-11-23,2021-11-23 15:30:00+00:00,2021-11-24 07:10:00+00:00,8.210000000000946,0.0,2.12,0.25,0,False,True
2021-11-24,2021-11-24 15:29:00+00:00,2021-11-25 07:12:00+00:00,8.199999999998909,0.0,2.36,0.5,0,False,True
2021-11-25,2021-11-25 15:28:00+00:00,2021-11-26 07:13:00+00:00,7.699999999991633,0.0,2.2,0.25,0,False,True
2021-11-26,2021-11-26 15:27:00+00:00,2021-11-27 07:15:00+00:00,10.139999999999418,0.0,3.96,0.75,0,False,True
2021-11-27,2021-11-27 15:26:00+00:00,2021-11-28 07:17:00+00:00,13.139999999990323,0.0,4.4,1.75,0,False,True
2021-11-28,2021-11-28 15:25:00+00:00,2021-11-29 07:18:00+00:00,13.949999999991633,0.0,3.0,1.75,0,False,True
2021-11-29,2021-11-29 15:24:00+00:00,2021-11-30 07:20:00+00:00,15.339999999994689,0.0,5.04,2.0,0,True,True
2021-11-30,2021-11-30 15:24:00+00:00,2021-12-01 07:21:00+00:00,8.629999999988286,0.0,2.28,0.25,0,False,True
2021-12-01,2021-12-01 15:23:00+00:00,2021-12-02 07:22:00+00:00,10.380000000001019,0.0,2.92,0.5,0,False,True
2021-12-02,2021-12-02 15:22:00+00:00,2021-12-03 07:24:00+00:00,10.039999999977226,0.0,2.28,0.25,0,False,True
2021-12-03,2021-12-03 15:22:00+00:00,2021-12-04 07:25:00+00:00,8.809999999994034,0.0,2.16,0.25,0,False,True
2021-12-04,2021-12-04 15:21:00+00:00,2021-12-05 07:27:00+00:00,9.389999999990323,0.0,2.8,0.5,0,False,True
2021-12-05,2021-12-05 15:21:00+00:00,2021-12-06 07:28:00+00:00,14.979999999995925,0.0,3.36,1.75,0,False,True
2021-12-06,2021-12-06 15:20:00+00:00,2021-12-07 07:29:00+00:00,8.22999999998865,0.0,2.76,0.25,0,False,True
2021-12-07,2021-12-07 15:20:00+00:00,2021-12-08 07:30:00+00:00,9.999999999990905,0.0,2.0,0.0,0,False,True
2021-12-08,2021-12-08 15:20:00+00:00,2021-12-09 07:31:00+00:00,12.759999999992942,0.0,2.72,1.0,0,False,True
2021-12-09,2021-12-09 15:19:00+00:00,2021-12-10 07:33:00+00:00,9.059999999997672,0.0,2.24,0.75,0,False,True
2021-12-10,2021-12-10 15:19:00+00:00,2021-12-11 07:34:00+00:00,6.679999999989377,0.0,1.88,0.0,0,False,True
2021-12-11,2021-12-11 15:19:00+00:00,2021-12-12 07:35:00+00:00,8.23999999998341,0.0,1.92,0.0,0,False,True
2021-12-12,2021-12-12 15:19:00+00:00,2021-12-13 07:36:00+00:00,9.559999999984939,0.0,4.84,0.75,0,False,True
2021-12-13,2021-12-13 15:19:00+00:00,2021-12-14 07:36:00+00:00,11.84000000001106,0.0,3.28,1.0,0,False,True
2021-12-14,2021-12-14 15:19:00+00:00,2021-12-15 07:37:00+00:00,12.479999999995925,0.0,3.2,1.25,0,False,True
2021-12-15,2021-12-15 15:19:00+00:00,2021-12-16 07:38:00+00:00,10.93000000000211,0.0,2.72,1.0,0,False,True
2021-12-16,2021-12-16 15:19:00+00:00,2021-12-17 07:39:00+00:00,12.160000000012587,0.0,3.0,0.75,0,False,True
2021-12-17,2021-12-17 15:20:00+00:00,2021-12-18 07:40:00+00:00,9.320000000010623,0.0,2.24,0.5,0,False,True
2021-12-18,2021-12-18 15:20:00+00:00,2021-12-19 07:40:00+00:00,9.400000000003274,0.0,1.96,0.0,0,False,True
2021-12-19,2021-12-19 15:20:00+00:00,2021-12-20 07:41:00+00:00,16.60000000000946,0.0,4.32,2.5,0,True,True
2021-12-20,2021-12-20 15:21:00+00:00,2021-12-21 07:41:00+00:00,10.410000000014406,0.0,2.32,0.5,0,False,True
2021-12-21,2021-12-21 15:21:00+00:00,2021-12-22 07:42:00+00:00,13.089999999994689,0.0,4.96,1.5,0,False,True
2021-12-22,2021-12-22 15:22:00+00:00,2021-12-23 07:42:00+00:00,7.969999999992069,0.0,2.56,0.25,0,False,True
2021-12-23,2021-12-23 15:22:00+00:00,2021-12-24 07:43:00+00:00,8.460000000004584,0.0,2.32,0.5,0,False,True
2021-12-24,2021-12-24 15:23:00+00:00,2021-12-25 07:43:00+00:00,12.500000000010914,0.0,3.32,1.5,0,False,True
2021-12-25,2021-12-25 15:24:00+00:00,2021-12-26 07:43:00+00:00,15.589999999994689,0.0,4.6,2.25,0,True,True
2021-12-26,2021-12-26 15:24:00+00:00,2021-12-27 07:43:00+00:00,11.189999999995052,0.0,2.44,0.25,0,False,True
2021-12-27,2021-12-27 15:25:00+00:00,2021-12-28 07:43:00+00:00,11.669999999980064,0.0,4.24,1.0,0,False,True
2021-12-28,2021-12-28 15:26:00+00:00,2021-12-29 07:44:00+00:00,9.009999999989304,0.0,2.56,0.75,0,False,True
2021-12-29,2021-12-29 15:27:00+00:00,2021-12-30 07:44:00+00:00,14.250000000003638,0.0,3.16,1.25,0,False,True
2021-12-30,2021-12-30 15:28:00+00:00,2021-12-31 07:44:00+00:00,3.109999999982392,0.0,0.24,0.0,0,False,True
2021-12-31,2021-12-31 15:29:00+00:00,2022-01-01 07:43:00+00:00,3.0899999999855936,0.0,0.24,0.0,0,False,True
2022-01-01,2022-01-01 15:30:00+00:00,2022-01-02 07:43:00+00:00,3.0499999999956344,0.0,0.24,0.0,0,False,True
2022-01-02,2022-01-02 15:31:00+00:00,2022-01-03 07:43:00+00:00,3.0099999999911233,0.0,0.24,0.0,0,False,True
2022-01-03,2022-01-03 15:33:00+00:00,2022-01-04 07:43:00+00:00,2.9899999999961437,0.0,0.24,0.0,0,False,True
2022-01-04,2022-01-04 15:34:00+00:00,2022-01-05 07:42:00+00:00,2.9899999999979627,0.0,0.24,0.0,0,False,True
2022-01-05,2022-01-05 15:35:00+00:00,2022-01-06 07:42:00+00:00,2.960000000000946,0.0,0.24,0.0,0,False,True
2022-01-06,2022-01-06 15:36:00+00:00,2022-01-07 07:42:00+00:00,10.819999999988795,0.0,3.28,0.25,0,False,True
2022-01-07,2022-01-07 15:38:00+00:00,2022-01-08 07:41:00+00:00,13.58999999999287,0.0,4.96,1.25,0,False,True
2022-01-08,2022-01-08 15:39:00+00:00,2022-01-09 07:40:00+00:00,10.829999999999927,0.0,3.04,0.75,0,False,True
2022-01-09,2022-01-09 15:41:00+00:00,2022-01-10 07:40:00+00:00,9.939999999995052,0.0,3.52,0.5,0,False,True
2022-01-10,2022-01-10 15:42:00+00:00,2022-01-11 07:39:00+00:00,10.980000000003201,0.0,2.76,1.0,0,False,True
2022-01-11,2022-01-11 15:44:00+00:00,2022-01-12 07:38:00+00:00,10.340000000005602,0.0,2.32,0.5,0,False,True
2022-01-12,2022-01-12 15:45:00+00:00,2022-01-13 07:38:00+00:00,10.9900000000016,0.0,2.28,0.25,0,False,True
2022-01-13,2022-01-13 15:47:00+00:00,2022-01-14 07:37:00+00:00,10.410000000001673,0.0,2.8,0.75,0,False,True
2022-01-14,2022-01-14 15:48:00+00:00,2022-01-15 07:36:00+00:00,9.100000000004002,0.0,2.12,0.25,0,False,True
2022-01-15,2022-01-15 15:50:00+00:00,2022-01-16 07:35:00+00:00,12.670000000018263,0.0,5.8,1.0,0,False,True
2022-01-16,2022-01-16 15:52:00+00:00,2022-01-17 07:34:00+00:00,10.1299999999992,0.0,2.84,0.5,0,False,True
2022-01-17,2022-01-17 15:53:00+00:00,2022-01-18 07:33:00+00:00,10.639999999999418,0.0,2.12,0.25,0,False,True
2022-01-18,2022-01-18 15:55:00+00:00,2022-01-19 07:32:00+00:00,8.80000000000473,0.0,2.84,0.25,0,False,True
2022-01-19,2022-01-19 15:57:00+00:00,2022-01-20 07:31:00+00:00,10.44000000000051,0.0,2.68,0.5,0,False,True
2022-01-20,2022-01-20 15:59:00+00:00,2022-01-21 07:30:00+00:00,11.400000000001455,0.0,5.04,1.25,0,False,True
2022-01-21,2022-01-21 16:00:00+00:00,2022-01-22 07:28:00+00:00,7.169999999996435,0.0,1.96,0.0,0,False,True
2022-01-22,2022-01-22 16:02:00+00:00,2022-01-23 07:27:00+00:00,8.380000000001019,0.0,1.92,0.0,0,False,True
2022-01-23,2022-01-23 16:04:00+00:00,2022-01-24 07:26:00+00:00,11.849999999983993,0.0,3.52,1.75,0,False,True
2022-01-24,2022-01-24 16:06:00+00:00,2022-01-25 07:24:00+00:00,13.979999999990468,0.0,3.28,2.25,0,True,True
2022-01-25,2022-01-25 16:08:00+00:00,2022-01-26 07:23:00+00:00,12.439999999996871,0.0,5.0,2.0,0,True,True
2022-01-26,2022-01-26 16:10:00+00:00,2022-01-27 07:22:00+00:00,7.2299999999922875,0.0,2.12,0.25,0,False,True
2022-01-27,2022-01-27 16:12:00+00:00,2022-01-28 07:20:00+00:00,7.789999999989959,0.0,2.16,0.75,0,False,True
2022-01-28,2022-01-28 16:13:00+00:00,2022-01-29 07:19:00+00:00,6.639999999988504,0.0,1.68,0.0,0,False,True
2022-01-29,2022-01-29 16:15:00+00:00,2022-01-30 07:17:00+00:00,10.859999999995125,0.0,1.96,0.0,0,False,True
2022-01-30,2022-01-30 16:17:00+00:00,2022-01-31 07:16:00+00:00,8.749999999987267,0.0,2.84,0.75,0,False,True
2022-01-31,2022-01-31 16:19:00+00:00,2022-02-01 07:14:00+00:00,6.129999999995562,0.0,1.8,0.0,0,False,True
2022-02-01,2022-02-01 16:21:00+00:00,2022-02-02 07:12:00+00:00,6.339999999989232,0.0,2.28,0.5,0,False,True
2022-02-02,2022-02-02 16:23:00+00:00,2022-02-03 07:11:00+00:00,5.629999999991924,0.0,1.84,0.0,0,False,True
2022-02-03,2022-02-03 16:25:00+00:00,2022-02-04 07:09:00+00:00,9.309999999994034,0.0,1.8,0.0,0,False,True
2022-02-04,2022-02-04 16:27:00+00:00,2022-02-05 07:07:00+00:00,5.939999999995052,0.0,2.12,0.25,0,False,True
2022-02-05,2022-02-05 16:29:00+00:00,2022-02-06 07:05:00+00:00,4.739999999997963,0.0,0.44,0.0,0,False,True
2022-02-06,2022-02-06 16:31:00+00:00,2022-02-07 07:04:00+00:00,9.029999999995198,0.0,3.0,0.75,0,False,True
2022-02-07,2022-02-07 16:33:00+00:00,2022-02-08 07:02:00+00:00,5.319999999988795,0.0,2.12,0.25,0,False,True
2022-02-08,2022-02-08 16:35:00+00:00,2022-02-09 07:00:00+00:00,7.0499999999883585,0.0,3.2,0.25,0,False,True
2022-02-09,2022-02-09 16:37:00+00:00,2022-02-10 06:58:00+00:00,5.309999999984939,0.0,1.72,0.0,0,False,True
2022-02-10,2022-02-10 16:39:00+00:00,2022-02-11 06:56:00+00:00,6.230000000001382,0.0,2.16,0.25,0,False,True
2022-02-11,2022-02-11 16:41:00+00:00,2022-02-12 06:54:00+00:00,7.389999999993961,0.0,2.2,0.25,0,False,True
2022-02-12,2022-02-12 16:42:00+00:00,2022-02-13 06:52:00+00:00,10.75999999999658,0.0,4.68,1.75,0,False,True
2022-02-13,2022-02-13 16:44:00+00:00,2022-02-14 06:50:00+00:00,6.219999999988431,0.0,1.96,0.0,0,False,True
2022-02-14,2022-02-14 16:46:00+00:00,2022-02-15 06:48:00+00:00,6.169999999980064,0.0,2.56,0.25,0,False,True
2022-02-15,2022-02-15 16:48:00+00:00,2022-02-16 06:46:00+00:00,6.3699999999789725,0.0,2.84,0.25,0,False,True
2022-02-16,2022-02-16 16:50:00+00:00,2022-02-17 06:44:00+00:00,4.879999999988286,0.0,1.88,0.0,0,False,True
2022-02-17,2022-02-17 16:52:00+00:00,2022-02-18 06:42:00+00:00,8.969999999995707,0.0,2.28,1.0,0,False,True
2022-02-18,2022-02-18 16:54:00+00:00,2022-02-19 06:40:00+00:00,12.109999999989668,0.0,3.2,0.75,0,False,True
2022-02-19,2022-02-19 16:56:00+00:00,2022-02-20 06:38:00+00:00,9.89999999999418,0.0,4.52,1.0,0,False,True
2022-02-20,2022-02-20 16:58:00+00:00,2022-02-21 06:36:00+00:00,12.65999999999076,0.0,4.2,2.0,0,True,True
2022-02-21,2022-02-21 17:00:00+00:00,2022-02-22 06:34:00+00:00,5.9099999999889405,0.0,2.84,0.25,0,False,True
2022-02-22,2022-02-22 17:02:00+00:00,2022-02-23 06:32:00+00:00,8.019999999987704,0.0,4.08,0.75,0,False,True
2022-02-23,2022-02-23 17:04:00+00:00,2022-02-24 06:30:00+00:00,5.85999999998603,0.0,2.88,0.25,0,False,True
2022-02-24,2022-02-24 17:06:00+00:00,2022-02-25 06:28:00+00:00,5.980000000012296,0.0,1.64,0.0,0,False,True
2022-02-25,2022-02-25 17:07:00+00:00,2022-02-26 06:25:00+00:00,9.710000000008222,0.0,2.56,0.75,0,False,True
2022-02-26,2022-02-26 17:09:00+00:00,2022-02-27 06:23:00+00:00,9.810000000004948,0.0,5.76,0.75,0,False,True
2022-02-27,2022-02-27 17:11:00+00:00,2022-02-28 06:21:00+00:00,7.820000000005166,0.0,3.0,0.25,0,False,True
2022-02-28,2022-02-28 17:13:00+00:00,2022-03-01 06:19:00+00:00,4.819999999994252,0.0,2.24,0.25,0,False,True
2022-03-01,2022-03-01 17:15:00+00:00,2022-03-02 06:17:00+00:00,4.349999999983993,0.0,1.52,0.0,0,False,True
2022-03-02,2022-03-02 17:17:00+00:00,2022-03-03 06:14:00+00:00,5.779999999987922,0.0,2.04,0.25,0,False,True
2022-03-03,2022-03-03 17:19:00+00:00,2022-03-04 06:12:00+00:00,4.919999999990978,0.0,3.24,0.5,0,False,True
2022-03-04,2022-03-04 17:21:00+00:00,2022-03-05 06:10:00+00:00,6.079999999990832,0.0,1.76,0.0,0,False,True
2022-03-05,2022-03-05 17:22:00+00:00,2022-03-06 06:08:00+00:00,7.559999999990396,0.0,3.4,0.5,0,False,True
2022-03-06,2022-03-06 17:24:00+00:00,2022-03-07 06:05:00+00:00,6.199999999987995,0.0,2.0,0.0,0,False,True
2022-03-07,2022-03-07 17:26:00+00:00,2022-03-08 06:03:00+00:00,7.809999999997672,0.0,4.28,0.75,0,False,True
2022-03-08,2022-03-08 17:28:00+00:00,2022-03-09 06:01:00+00:00,5.789999999986321,0.0,2.68,0.5,0,False,True
2022-03-09,2022-03-09 17:30:00+00:00,2022-03-10 05:59:00+00:00,7.8199999999797,0.0,2.6,0.25,0,False,True
2022-03-10,2022-03-10 17:32:00+00:00,2022-03-11 05:56:00+00:00,5.710000000008222,0.0,1.84,0.0,0,False,True
2022-03-11,2022-03-11 17:33:00+00:00,2022-03-12 05:54:00+00:00,7.319999999994252,0.0,2.92,0.5,0,False,True
2022-03-12,2022-03-12 17:35:00+00:00,2022-03-13 05:52:00+00:00,5.199999999998909,0.0,1.2,0.0,0,False,True
2022-03-13,2022-03-13 17:37:00+00:00,2022-03-14 05:49:00+00:00,6.119999999989886,0.0,1.88,0.0,0,False,True
2022-03-14,2022-03-14 17:39:00+00:00,2022-03-15 05:47:00+00:00,4.559999999988577,0.0,1.84,0.0,0,False,True
2022-03-15,2022-03-15 17:41:00+00:00,2022-03-16 05:45:00+00:00,7.169999999994616,0.0,3.48,0.5,0,False,True
2022-03-16,2022-03-16 17:42:00+00:00,2022-03-17 05:42:00+00:00,4.989999999983411,0.0,1.92,0.0,0,False,True
2022-03-17,2022-03-17 17:44:00+00:00,2022-03-18 05:40:00+00:00,6.489999999987049,0.0,2.76,0.25,0,False,True
2022-03-18,2022-03-18 17:46:00+00:00,2022-03-19 05:38:00+00:00,6.0499999999919964,0.0,2.16,0.25,0,False,True
2022-03-19,2022-03-19 17:48:00+00:00,2022-03-20 05:35:00+00:00,4.519999999996799,0.0,2.04,0.25,0,False,True
2022-03-20,2022-03-20 17:49:00+00:00,2022-03-21 05:33:00+00:00,5.689999999993233,0.0,1.84,0.0,0,False,True
2022-03-21,2022-03-21 17:51:00+00:00,2022-03-22 05:31:00+00:00,11.709999999999127,0.0,3.12,1.75,0,False,True
2022-03-22,2022-03-22 17:53:00+00:00,2022-03-23 05:29:00+00:00,7.369999999986248,0.0,3.36,0.75,0,False,True
2022-03-23,2022-03-23 17:55:00+00:00,2022-03-24 05:26:00+00:00,4.769999999991342,0.0,1.88,0.0,0,False,True
2022-03-24,2022-03-24 17:57:00+00:00,2022-03-25 05:24:00+00:00,4.279999999984284,0.0,1.76,0.0,0,False,True
2022-03-25,2022-03-25 17:58:00+00:00,2022-03-26 05:22:00+00:00,7.689999999996871,0.0,2.36,0.75,0,False,True
2022-03-26,2022-03-26 18:00:00+00:00,2022-03-27 05:19:00+00:00,5.539999999991778,0.0,2.12,0.25,0,False,True
2022-03-27,2022-03-27 18:02:00+00:00,2022-03-28 05:17:00+00:00,4.239999999988868,0.0,1.2,0.0,0,False,True
2022-03-28,2022-03-28 18:04:00+00:00,2022-03-29 05:15:00+00:00,6.929999999998472,0.0,2.24,0.5,0,False,True
2022-03-29,2022-03-29 18:05:00+00:00,2022-03-30 05:12:00+00:00,5.94999999999709,0.0,2.52,0.25,0,False,True
2022-03-30,2022-03-30 18:07:00+00:00,2022-03-31 05:10:00+00:00,4.439999999991414,0.0,1.72,0.0,0,False,True
2022-03-31,2022-03-31 18:09:00+00:00,2022-04-01 05:08:00+00:00,3.9400000000005093,0.0,1.8,0.0,0,False,True
2022-04-01,2022-04-01 18:11:00+00:00,2022-04-02 05:05:00+00:00,3.9799999999831925,0.0,1.44,0.0,0,False,True
2022-04-02,2022-04-02 18:12:00+00:00,2022-04-03 05:03:00+00:00,4.579999999990832,0.0,2.12,0.25,0,False,True
2022-04-03,2022-04-03 18:14:00+00:00,2022-04-04 05:01:00+00:00,9.1200000000008,0.0,4.36,1.5,0,False,True
2022-04-04,2022-04-04 18:16:00+00:00,2022-04-05 04:59:00+00:00,8.629999999990105,0.0,4.2,1.0,0,False,True
2022-04-05,2022-04-05 18:17:00+00:00,2022-04-06 04:56:00+00:00,3.8799999999846477,0.0,1.84,0.0,0,False,True
2022-04-06,2022-04-06 18:19:00+00:00,2022-04-07 04:54:00+00:00,4.819999999988795,0.0,1.76,0.0,0,False,True
2022-04-07,2022-04-07 18:21:00+00:00,2022-04-08 04:52:00+00:00,3.279999999986103,0.0,1.44,0.0,0,False,True
2022-04-08,2022-04-08 18:23:00+00:00,2022-04-09 04:50:00+00:00,3.9399999999877764,0.0,1.6,0.0,0,False,True
2022-04-09,2022-04-09 18:24:00+00:00,2022-04-10 04:47:00+00:00,3.569999999990614,0.0,1.48,0.0,0,False,True
2022-04-10,2022-04-10 18:26:00+00:00,2022-04-11 04:45:00+00:00,6.929999999987558,0.0,2.96,0.75,0,False,True
2022-04-11,2022-04-11 18:28:00+00:00,2022-04-12 04:43:00+00:00,5.2299999999868305,0.0,2.36,0.25,0,False,True
2022-04-12,2022-04-12 18:30:00+00:00,2022-04-13 04:41:00+00:00,3.3999999999959982,0.0,1.48,0.0,0,False,True
2022-04-13,2022-04-13 18:31:00+00:00,2022-04-14 04:39:00+00:00,3.6999999999934516,0.0,1.32,0.0,0,False,True
2022-04-14,2022-04-14 18:33:00+00:00,2022-04-15 04:36:00+00:00,3.289999999993597,0.0,1.72,0.0,0,False,True
2022-04-15,2022-04-15 18:35:00+00:00,2022-04-16 04:34:00+00:00,5.039999999991778,0.0,1.64,0.0,0,False,True
2022-04-16,2022-04-16 18:36:00+00:00,2022-04-17 04:32:00+00:00,2.6999999999879947,0.0,2.24,0.25,0,False,True
2022-04-17,2022-04-17 18:38:00+00:00,2022-04-18 04:30:00+00:00,3.969999999995707,0.0,2.36,0.5,0,False,True
2022-04-18,2022-04-18 18:40:00+00:00,2022-04-19 04:28:00+00:00,5.369999999991705,0.0,2.96,0.5,0,False,True
2022-04-19,2022-04-19 18:42:00+00:00,2022-04-20 04:26:00+00:00,4.920000000000073,0.0,2.16,0.25,0,False,True
2022-04-20,2022-04-20 18:43:00+00:00,2022-04-21 04:24:00+00:00,7.819999999992433,0.0,2.24,0.75,0,False,True
2022-04-21,2022-04-21 18:45:00+00:00,2022-04-22 04:22:00+00:00,3.16999999998734,0.0,1.44,0.0,0,False,True
2022-04-22,2022-04-22 18:47:00+00:00,2022-04-23 04:20:00+00:00,3.319999999988795,0.0,1.6,0.0,0,False,True
2022-04-23,2022-04-23 18:48:00+00:00,2022-04-24 04:18:00+00:00,2.9699999999829743,0.0,2.24,0.25,0,False,True
2022-04-24,2022-04-24 18:50:00+00:00,2022-04-25 04:16:00+00:00,1.7900000000008731,0.0,0.28,0.0,0,False,True
2022-04-25,2022-04-25 18:52:00+00:00,2022-04-26 04:14:00+00:00,2.1499999999869033,0.0,0.68,0.0,0,False,True
2022-04-26,2022-04-26 18:53:00+00:00,2022-04-27 04:12:00+00:00,3.860000000006039,0.0,1.08,0.0,0,False,True
2022-04-27,2022-04-27 18:55:00+00:00,2022-04-28 04:10:00+00:00,2.999999999996362,0.0,1.6,0.0,0,False,True
2022-04-28,2022-04-28 18:57:00+00:00,2022-04-29 04:08:00+00:00,3.859999999982392,0.0,2.56,0.25,0,False,True
2022-04-29,2022-04-29 18:59:00+00:00,2022-04-30 04:06:00+00:00,2.069999999994252,0.0,0.72,0.0,0,False,True
2022-04-30,2022-04-30 19:00:00+00:00,2022-05-01 04:04:00+00:00,4.58999999999287,0.0,2.32,0.25,0,False,True
2022-05-01,2022-05-01 19:02:00+00:00,2022-05-02 04:02:00+00:00,3.749999999990905,0.0,1.48,0.0,0,False,True
2022-05-02,2022-05-02 19:04:00+00:00,2022-05-03 04:00:00+00:00,3.1600000000034925,0.0,2.0,0.0,0,False,True
2022-05-03,2022-05-03 19:05:00+00:00,2022-05-04 03:58:00+00:00,2.0599999999867578,0.0,0.36,0.0,0,False,True
2022-05-04,2022-05-04 19:07:00+00:00,2022-05-05 03:57:00+00:00,6.9799999999959255,0.0,3.04,0.75,0,False,True
2022-05-05,2022-05-05 19:09:00+00:00,2022-05-06 03:55:00+00:00,2.8999999999941792,0.0,1.92,0.0,0,False,True
2022-05-06,2022-05-06 19:10:00+00:00,2022-05-07 03:53:00+00:00,2.2399999999961437,0.0,0.88,0.0,0,False,True
2022-05-07,2022-05-07 19:12:00+00:00,2022-05-08 03:51:00+00:00,1.8799999999937427,0.0,0.4,0.0,0,False,True
2022-05-08,2022-05-08 19:13:00+00:00,2022-05-09 03:50:00+00:00,3.3399999999874126,0.0,1.64,0.0,0,False,True
2022-05-09,2022-05-09 19:15:00+00:00,2022-05-10 03:48:00+00:00,3.099999999987631,0.0,1.64,0.0,0,False,True
2022-05-10,2022-05-10 19:17:00+00:00,2022-05-11 03:46:00+00:00,2.6599999999925785,0.0,1.24,0.0,0,False,True
2022-05-11,2022-05-11 19:18:00+00:00,2022-05-12 03:45:00+00:00,1.70999999999367,0.0,0.28,0.0,0,False,True
2022-05-12,2022-05-12 19:20:00+00:00,2022-05-13 03:43:00+00:00,3.3999999999887223,0.0,1.68,0.0,0,False,True
2022-05-13,2022-05-13 19:21:00+00:00,2022-05-14 03:42:00+00:00,1.9199999999946158,0.0,0.4,0.0,0,False,True
2022-05-14,2022-05-14 19:23:00+00:00,2022-05-15 03:40:00+00:00,2.9499999999989086,0.0,0.6,0.0,0,False,True
2022-05-15,2022-05-15 19:24:00+00:00,2022-05-16 03:39:00+00:00,3.1899999999986903,0.0,0.6,0.0,0,False,True
2022-05-16,2022-05-16 19:26:00+00:00,2022-05-17 03:37:00+00:00,3.889999999990323,0.0,2.8,0.25,0,False,True
2022-05-17,2022-05-17 19:27:00+00:00,2022-05-18 03:36:00+00:00,3.1899999999968713,0.0,1.52,0.0,0,False,True
2022-05-18,2022-05-18 19:29:00+00:00,2022-05-19 03:35:00+00:00,1.8599999999860302,0.0,0.28,0.0,0,False,True
2022-05-19,2022-05-19 19:30:00+00:00,2022-05-20 03:33:00+00:00,1.7899999999917782,0.0,0.32,0.0,0,False,True
2022-05-20,2022-05-20 19:32:00+00:00,2022-05-21 03:32:00+00:00,2.6299999999901047,0.0,1.72,0.0,0,False,True
2022-05-21,2022-05-21 19:33:00+00:00,2022-05-22 03:31:00+00:00,4.099999999987631,0.0,1.6,0.0,0,False,True
2022-05-22,2022-05-22 19:34:00+00:00,2022-05-23 03:29:00+00:00,2.029999999989741,0.0,0.36,0.0,0,False,True
2022-05-23,2022-05-23 19:36:00+00:00,2022-05-24 03:28:00+00:00,1.8299999999871943,0.0,0.52,0.0,0,False,True
2022-05-24,2022-05-24 19:37:00+00:00,2022-05-25 03:27:00+00:00,2.3799999999882857,0.0,1.32,0.0,0,False,True
2022-05-25,2022-05-25 19:38:00+00:00,2022-05-26 03:26:00+00:00,5.459999999997308,0.0,3.36,1.0,0,False,True
2022-05-26,2022-05-26 19:40:00+00:00,2022-05-27 03:25:00+00:00,2.859999999991487,0.0,1.28,0.0,0,False,True
2022-05-27,2022-05-27 19:41:00+00:00,2022-05-28 03:24:00+00:00,1.6299999999937427,0.0,0.32,0.0,0,False,True
2022-05-28,2022-05-28 19:42:00+00:00,2022-05-29 03:23:00+00:00,2.1199999999935244,0.0,0.76,0.0,0,False,True
2022-05-29,2022-05-29 19:43:00+00:00,2022-05-30 03:22:00+00:00,3.3099999999976717,0.0,1.84,0.0,0,False,True
2022-05-30,2022-05-30 19:44:00+00:00,2022-05-31 03:21:00+00:00,4.04000000000633,0.0,1.6,0.0,0,False,True
2022-05-31,2022-05-31 19:46:00+00:00,2022-06-01 03:20:00+00:00,4.360000000011496,0.0,1.76,0.0,0,False,True
2022-06-01,2022-06-01 19:47:00+00:00,2022-06-02 03:20:00+00:00,4.239999999997963,0.0,1.88,0.0,0,False,True
2022-06-02,2022-06-02 19:48:00+00:00,2022-06-03 03:19:00+00:00,1.7299999999868305,0.0,0.4,0.0,0,False,True
2022-06-03,2022-06-03 19:49:00+00:00,2022-06-04 03:18:00+00:00,3.249999999996362,0.0,1.48,0.0,0,False,True
2022-06-04,2022-06-04 19:50:00+00:00,2022-06-05 03:18:00+00:00,3.9200000000037107,0.0,2.24,0.5,0,False,True
2022-06-05,2022-06-05 19:51:00+00:00,2022-06-06 03:17:00+00:00,3.430000000003929,0.0,0.68,0.0,0,False,True
2022-06-06,2022-06-06 19:51:00+00:00,2022-06-07 03:16:00+00:00,3.3099999999976717,0.0,1.56,0.0,0,False,True
2022-06-07,2022-06-07 19:52:00+00:00,2022-06-08 03:16:00+00:00,2.539999999986321,0.0,1.56,0.0,0,False,True
2022-06-08,2022-06-08 19:53:00+00:00,2022-06-09 03:16:00+00:00,3.139999999988504,0.0,1.64,0.0,0,False,True
2022-06-09,2022-06-09 19:54:00+00:00,2022-06-10 03:15:00+00:00,3.469999999993888,0.0,1.48,0.0,0,False,True
2022-06-10,2022-06-10 19:55:00+00:00,2022-06-11 03:15:00+00:00,1.8099999999867578,0.0,0.36,0.0,0,False,True
2022-06-11,2022-06-11 19:55:00+00:00,2022-06-12 03:14:00+00:00,2.779999999987922,0.0,1.6,0.0,0,False,True
2022-06-12,2022-06-12 19:56:00+00:00,2022-06-13 03:14:00+00:00,3.8000000000047294,0.0,2.04,0.25,0,False,True
2022-06-13,2022-06-13 19:56:00+00:00,2022-06-14 03:14:00+00:00,3.290000000009968,0.0,0.96,0.0,0,False,True
2022-06-14,2022-06-14 19:57:00+00:00,2022-06-15 03:14:00+00:00,3.9799999999977445,0.0,1.92,0.0,0,False,True
2022-06-15,2022-06-15 19:57:00+00:00,2022-06-16 03:14:00+00:00,2.4899999999943248,0.0,1.48,0.0,0,False,True
2022-06-16,2022-06-16 19:58:00+00:00,2022-06-17 03:14:00+00:00,2.599999999996726,0.0,1.6,0.0,0,False,True
2022-06-17,2022-06-17 19:58:00+00:00,2022-06-18 03:14:00+00:00,2.819999999988795,0.0,1.04,0.0,0,False,True
2022-06-18,2022-06-18 19:59:00+00:00,2022-06-19 03:14:00+00:00,3.2299999999886495,0.0,2.0,0.0,0,False,True
2022-06-19,2022-06-19 19:59:00+00:00,2022-06-20 03:14:00+00:00,2.819999999992433,0.0,1.96,0.0,0,False,True
2022-06-20,2022-06-20 19:59:00+00:00,2022-06-21 03:14:00+00:00,3.850000000002183,0.0,1.6,0.0,0,False,True
2022-06-21,2022-06-21 19:59:00+00:00,2022-06-22 03:14:00+00:00,3.4400000000005093,0.0,1.48,0.0,0,False,True
2022-06-22,2022-06-22 19:59:00+00:00,2022-06-23 03:15:00+00:00,4.1299999999992,0.0,2.6,0.25,0,False,True
2022-06-23,2022-06-23 20:00:00+00:00,2022-06-24 03:15:00+00:00,3.1000000000058208,0.0,0.64,0.0,0,False,True
2022-06-24,2022-06-24 20:00:00+00:00,2022-06-25 03:15:00+00:00,1.7299999999850115,0.0,0.32,0.0,0,False,True
2022-06-25,2022-06-25 20:00:00+00:00,2022-06-26 03:16:00+00:00,2.1499999999905413,0.0,1.32,0.0,0,False,True
2022-06-26,2022-06-26 19:59:00+00:00,2022-06-27 03:16:00+00:00,1.6299999999864667,0.0,0.28,0.0,0,False,True
2022-06-27,2022-06-27 19:59:00+00:00,2022-06-28 03:17:00+00:00,4.600000000009459,0.0,2.0,0.0,0,False,True
2022-06-28,2022-06-28 19:59:00+00:00,2022-06-29 03:17:00+00:00,3.210000000008222,0.0,1.64,0.0,0,False,True
2022-06-29,2022-06-29 19:59:00+00:00,2022-06-30 03:18:00+00:00,3.6900000000077853,0.0,1.76,0.0,0,False,True
2022-06-30,2022-06-30 19:59:00+00:00,2022-07-01 03:18:00+00:00,3.2000000000061846,0.0,1.64,0.0,0,False,True
2022-07-01,2022-07-01 19:58:00+00:00,2022-07-02 03:19:00+00:00,2.9399999999895954,0.0,1.52,0.0,0,False,True
2022-07-02,2022-07-02 19:58:00+00:00,2022-07-03 03:20:00+00:00,3.779999999989741,0.0,2.08,0.25,0,False,True
2022-07-03,2022-07-03 19:57:00+00:00,2022-07-04 03:21:00+00:00,2.8799999999937427,0.0,1.4,0.0,0,False,True
2022-07-04,2022-07-04 19:57:00+00:00,2022-07-05 03:21:00+00:00,1.9099999999907595,0.0,0.36,0.0,0,False,True
2022-07-05,2022-07-05 19:56:00+00:00,2022-07-06 03:22:00+00:00,2.5599999999885767,0.0,1.56,0.0,0,False,True
2022-07-06,2022-07-06 19:56:00+00:00,2022-07-07 03:23:00+00:00,1.7599999999856664,0.0,0.32,0.0,0,False,True
2022-07-07,2022-07-07 19:55:00+00:00,2022-07-08 03:24:00+00:00,2.709999999995489,0.0,1.68,0.0,0,False,True
2022-07-08,2022-07-08 19:54:00+00:00,2022-07-09 03:25:00+00:00,2.3299999999962893,0.0,0.44,0.0,0,False,True
2022-07-09,2022-07-09 19:54:00+00:00,2022-07-10 03:26:00+00:00,4.9100000000016735,0.0,2.28,0.25,0,False,True
2022-07-10,2022-07-10 19:53:00+00:00,2022-07-11 03:27:00+00:00,3.8800000000028376,0.0,1.76,0.0,0,False,True
2022-07-11,2022-07-11 19:52:00+00:00,2022-07-12 03:28:00+00:00,2.16999999998734,0.0,1.56,0.0,0,False,True
2022-07-12,2022-07-12 19:51:00+00:00,2022-07-13 03:29:00+00:00,2.8299999999981083,0.0,1.56,0.0,0,False,True
2022-07-13,2022-07-13 19:50:00+00:00,2022-07-14 03:30:00+00:00,4.129999999991924,0.0,2.56,0.25,0,False,True
2022-07-14,2022-07-14 19:49:00+00:00,2022-07-15 03:31:00+00:00,2.749999999996362,0.0,1.84,0.0,0,False,True
2022-07-15,2022-07-15 19:48:00+00:00,2022-07-16 03:33:00+00:00,2.3099999999922147,0.0,1.16,0.0,0,False,True
2022-07-16,2022-07-16 19:47:00+00:00,2022-07-17 03:34:00+00:00,2.969999999995707,0.0,1.64,0.0,0,False,True
2022-07-17,2022-07-17 19:46:00+00:00,2022-07-18 03:35:00+00:00,3.1199999999953434,0.0,2.04,0.25,0,False,True
2022-07-18,2022-07-18 19:45:00+00:00,2022-07-19 03:36:00+00:00,2.099999999996726,0.0,1.2,0.0,0,False,True
2022-07-19,2022-07-19 19:44:00+00:00,2022-07-20 03:38:00+00:00,3.2399999999979627,0.0,1.8,0.0,0,False,True
2022-07-20,2022-07-20 19:42:00+00:00,2022-07-21 03:39:00+00:00,2.1599999999889405,0.0,1.08,0.0,0,False,True
2022-07-21,2022-07-21 19:41:00+00:00,2022-07-22 03:40:00+00:00,4.529999999993379,0.0,2.36,0.25,0,False,True
2022-07-22,2022-07-22 19:40:00+00:00,2022-07-23 03:42:00+00:00,6.619999999998981,0.0,3.28,0.75,0,False,True
2022-07-23,2022-07-23 19:38:00+00:00,2022-07-24 03:43:00+00:00,1.6999999999898137,0.0,0.28,0.0,0,False,True
2022-07-24,2022-07-24 19:37:00+00:00,2022-07-25 03:44:00+00:00,1.7299999999977445,0.0,0.4,0.0,0,False,True
2022-07-25,2022-07-25 19:36:00+00:00,2022-07-26 03:46:00+00:00,1.6899999999932334,0.0,0.28,0.0,0,False,True
2022-07-26,2022-07-26 19:34:00+00:00,2022-07-27 03:47:00+00:00,1.6500000000014552,0.0,0.32,0.0,0,False,True
2022-07-27,2022-07-27 19:33:00+00:00,2022-07-28 03:49:00+00:00,4.960000000006403,0.0,3.36,0.75,0,False,True
2022-07-28,2022-07-28 19:31:00+00:00,2022-07-29 03:50:00+00:00,3.0099999999983993,0.0,2.04,0.25,0,False,True
2022-07-29,2022-07-29 19:30:00+00:00,2022-07-30 03:52:00+00:00,3.7999999999956344,0.0,2.12,0.25,0,False,True
2022-07-30,2022-07-30 19:28:00+00:00,2022-07-31 03:53:00+00:00,1.8099999999976717,0.0,0.32,0.0,0,False,True
2022-07-31,2022-07-31 19:26:00+00:00,2022-08-01 03:55:00+00:00,3.13999999999578,0.0,1.44,0.0,0,False,True
2022-08-01,2022-08-01 19:25:00+00:00,2022-08-02 03:56:00+00:00,1.2600000000202272,0.0,0.2,0.0,0,False,True
2022-08-02,2022-08-02 19:23:00+00:00,2022-08-03 03:58:00+00:00,1.220000000021173,0.0,0.2,0.0,0,False,True
2022-08-03,2022-08-03 19:21:00+00:00,2022-08-04 03:59:00+00:00,1.220000000019354,0.0,0.2,0.0,0,False,True
2022-08-04,2022-08-04 19:19:00+00:00,2022-08-05 04:01:00+00:00,1.3300000000181171,0.0,0.2,0.0,0,False,True
2022-08-05,2022-08-05 19:18:00+00:00,2022-08-06 04:02:00+00:00,1.2700000000222644,0.0,0.2,0.0,0,False,True
2022-08-06,2022-08-06 19:16:00+00:00,2022-08-07 04:04:00+00:00,1.25000000001819,0.0,0.2,0.0,0,False,True
2022-08-07,2022-08-07 19:14:00+00:00,2022-08-08 04:05:00+00:00,1.3000000000229193,0.0,0.2,0.0,0,False,True
2022-08-08,2022-08-08 19:12:00+00:00,2022-08-09 04:07:00+00:00,2.2000000000025466,0.0,0.44,0.0,0,False,True
2022-08-09,2022-08-09 19:10:00+00:00,2022-08-10 04:08:00+00:00,3.3000000000065484,0.0,0.44,0.0,0,False,True
2022-08-10,2022-08-10 19:08:00+00:00,2022-08-11 04:10:00+00:00,2.930000000000291,0.0,0.4,0.0,0,False,True
2022-08-11,2022-08-11 19:06:00+00:00,2022-08-12 04:12:00+00:00,1.3400000000237924,0.0,0.2,0.0,0,False,True
2022-08-12,2022-08-12 19:05:00+00:00,2022-08-13 04:13:00+00:00,1.3900000000194268,0.0,0.2,0.0,0,False,True
2022-08-13,2022-08-13 19:03:00+00:00,2022-08-14 04:15:00+00:00,1.3900000000230648,0.0,0.2,0.0,0,False,True
2022-08-14,2022-08-14 19:01:00+00:00,2022-08-15 04:16:00+00:00,1.4200000000237196,0.0,0.2,0.0,0,False,True
2022-08-15,2022-08-15 18:59:00+00:00,2022-08-16 04:18:00+00:00,1.4800000000250293,0.0,0.2,0.0,0,False,True
2022-08-16,2022-08-16 18:56:00+00:00,2022-08-17 04:19:00+00:00,1.5000000000236469,0.0,0.2,0.0,0,False,True
2022-08-17,2022-08-17 18:54:00+00:00,2022-08-18 04:21:00+00:00,1.470000000019354,0.0,0.2,0.0,0,False,True
2022-08-18,2022-08-18 18:52:00+00:00,2022-08-19 04:23:00+00:00,1.470000000021173,0.0,0.2,0.0,0,False,True
2022-08-19,2022-08-19 18:50:00+00:00,2022-08-20 04:24:00+00:00,2.930000000013024,0.0,0.44,0.0,0,False,True
2022-08-20,2022-08-20 18:48:00+00:00,2022-08-21 04:26:00+00:00,3.0499999999974534,0.0,0.4,0.0,0,False,True
2022-08-21,2022-08-21 18:46:00+00:00,2022-08-22 04:27:00+00:00,1.5500000000211003,0.0,0.2,0.0,0,False,True
2022-08-22,2022-08-22 18:44:00+00:00,2022-08-23 04:29:00+00:00,1.6300000000082946,0.0,0.2,0.0,0,False,True
2022-08-23,2022-08-23 18:42:00+00:00,2022-08-24 04:31:00+00:00,6.429999999993015,0.0,3.0,0.75,0,False,True
2022-08-24,2022-08-24 18:40:00+00:00,2022-08-25 04:32:00+00:00,4.279999999982465,0.0,1.92,0.0,0,False,True
2022-08-25,2022-08-25 18:37:00+00:00,2022-08-26 04:34:00+00:00,3.429999999991196,0.0,1.48,0.0,0,False,True
2022-08-26,2022-08-26 18:35:00+00:00,2022-08-27 04:36:00+00:00,4.419999999992797,0.0,1.52,0.0,0,False,True
2022-08-27,2022-08-27 18:33:00+00:00,2022-08-28 04:37:00+00:00,4.190000000007785,0.0,0.56,0.0,0,False,True
2022-08-28,2022-08-28 18:31:00+00:00,2022-08-29 04:39:00+00:00,5.239999999988868,0.0,1.64,0.0,0,False,True
2022-08-29,2022-08-29 18:29:00+00:00,2022-08-30 04:40:00+00:00,6.460000000006403,0.0,1.92,0.0,0,False,True
2022-08-30,2022-08-30 18:26:00+00:00,2022-08-31 04:42:00+00:00,5.600000000002183,0.0,2.12,0.25,0,False,True
2022-08-31,2022-08-31 18:24:00+00:00,2022-09-01 04:44:00+00:00,6.820000000005166,0.0,2.44,0.5,0,False,True
2022-09-01,2022-09-01 18:22:00+00:00,2022-09-02 04:45:00+00:00,3.8799999999901047,0.0,1.68,0.0,0,False,True
2022-09-02,2022-09-02 18:19:00+00:00,2022-09-03 04:47:00+00:00,6.09999999998945,0.0,1.84,0.0,0,False,True
2022-09-03,2022-09-03 18:17:00+00:00,2022-09-04 04:49:00+00:00,2.3399999999801366,0.0,0.28,0.0,0,False,True
2022-09-04,2022-09-04 18:15:00+00:00,2022-09-05 04:50:00+00:00,5.889999999984866,0.0,2.24,0.25,0,False,True
2022-09-05,2022-09-05 18:13:00+00:00,2022-09-06 04:52:00+00:00,5.5499999999865395,0.0,1.72,0.0,0,False,True
2022-09-06,2022-09-06 18:10:00+00:00,2022-09-07 04:53:00+00:00,3.1999999999916326,0.0,0.48,0.0,0,False,True
2022-09-07,2022-09-07 18:08:00+00:00,2022-09-08 04:55:00+00:00,5.419999999994616,0.0,1.4,0.0,0,False,True
2022-09-08,2022-09-08 18:06:00+00:00,2022-09-09 04:57:00+00:00,7.2000000000080036,0.0,2.4,0.5,0,False,True
2022-09-09,2022-09-09 18:03:00+00:00,2022-09-10 04:58:00+00:00,5.920000000012806,0.0,1.12,0.0,0,False,True
2022-09-10,2022-09-10 18:01:00+00:00,2022-09-11 05:00:00+00:00,5.870000000004438,0.0,1.48,0.0,0,False,True
2022-09-11,2022-09-11 17:59:00+00:00,2022-09-12 05:02:00+00:00,6.010000000002037,0.0,1.64,0.0,0,False,True
2022-09-12,2022-09-12 17:56:00+00:00,2022-09-13 05:03:00+00:00,5.039999999995416,0.0,2.04,0.25,0,False,True
2022-09-13,2022-09-13 17:54:00+00:00,2022-09-14 05:05:00+00:00,10.220000000002983,0.0,2.72,1.0,0,False,True
2022-09-14,2022-09-14 17:52:00+00:00,2022-09-15 05:06:00+00:00,5.559999999999491,0.0,1.68,0.0,0,False,True
2022-09-15,2022-09-15 17:49:00+00:00,2022-09-16 05:08:00+00:00,4.259999999991123,0.0,1.56,0.0,0,False,True
2022-09-16,2022-09-16 17:47:00+00:00,2022-09-17 05:10:00+00:00,4.949999999987995,0.0,2.68,0.25,0,False,True
2022-09-17,2022-09-17 17:44:00+00:00,2022-09-18 05:11:00+00:00,4.679999999982101,0.0,1.76,0.0,0,False,True
2022-09-18,2022-09-18 17:42:00+00:00,2022-09-19 05:13:00+00:00,8.579999999992651,0.0,4.2,1.0,0,False,True
2022-09-19,2022-09-19 17:40:00+00:00,2022-09-20 05:15:00+00:00,4.069999999996071,0.0,1.64,0.0,0,False,True
2022-09-20,2022-09-20 17:37:00+00:00,2022-09-21 05:16:00+00:00,4.499999999998181,0.0,1.76,0.0,0,False,True
2022-09-21,2022-09-21 17:35:00+00:00,2022-09-22 05:18:00+00:00,7.579999999990832,0.0,2.24,0.25,0,False,True
2022-09-22,2022-09-22 17:33:00+00:00,2022-09-23 05:20:00+00:00,5.189999999987776,0.0,1.44,0.0,0,False,True
2022-09-23,2022-09-23 17:30:00+00:00,2022-09-24 05:21:00+00:00,4.5499999999883585,0.0,1.6,0.0,0,False,True
2022-09-24,2022-09-24 17:28:00+00:00,2022-09-25 05:23:00+00:00,2.469999999993888,0.0,0.44,0.0,0,False,True
2022-09-25,2022-09-25 17:26:00+00:00,2022-09-26 05:25:00+00:00,4.179999999993015,0.0,1.68,0.0,0,False,True
2022-09-26,2022-09-26 17:23:00+00:00,2022-09-27 05:26:00+00:00,2.9399999999859574,0.0,0.68,0.0,0,False,True
2022-09-27,2022-09-27 17:21:00+00:00,2022-09-28 05:28:00+00:00,3.4200000000000728,0.0,1.64,0.0,0,False,True
2022-09-28,2022-09-28 17:18:00+00:00,2022-09-29 05:30:00+00:00,6.910000000008949,0.0,2.44,0.75,0,False,True
2022-09-29,2022-09-29 17:16:00+00:00,2022-09-30 05:31:00+00:00,4.769999999989523,0.0,2.88,0.25,0,False,True
2022-09-30,2022-09-30 17:14:00+00:00,2022-10-01 05:33:00+00:00,5.139999999990323,0.0,1.84,0.0,0,False,True
2022-10-01,2022-10-01 17:11:00+00:00,2022-10-02 05:35:00+00:00,9.04000000000633,0.0,3.04,0.75,0,False,True
2022-10-02,2022-10-02 17:09:00+00:00,2022-10-03 05:37:00+00:00,5.300000000004729,0.0,2.24,0.5,0,False,True
2022-10-03,2022-10-03 17:07:00+00:00,2022-10-04 05:38:00+00:00,6.200000000004366,0.0,1.72,0.0,0,False,True
2022-10-04,2022-10-04 17:04:00+00:00,2022-10-05 05:40:00+00:00,4.629999999991924,0.0,1.84,0.0,0,False,True
2022-10-05,2022-10-05 17:02:00+00:00,2022-10-06 05:42:00+00:00,4.489999999990687,0.0,1.48,0.0,0,False,True
2022-10-06,2022-10-06 17:00:00+00:00,2022-10-07 05:43:00+00:00,4.289999999984502,0.0,1.68,0.0,0,False,True
2022-10-07,2022-10-07 16:58:00+00:00,2022-10-08 05:45:00+00:00,4.269999999987704,0.0,1.68,0.0,0,False,True
2022-10-08,2022-10-08 16:55:00+00:00,2022-10-09 05:47:00+00:00,5.879999999988286,0.0,2.24,0.25,0,False,True
2022-10-09,2022-10-09 16:53:00+00:00,2022-10-10 05:49:00+00:00,7.669999999990978,0.0,3.04,1.25,0,False,True
2022-10-10,2022-10-10 16:51:00+00:00,2022-10-11 05:50:00+00:00,8.000000000001819,0.0,2.08,0.25,0,False,True
2022-10-11,2022-10-11 16:48:00+00:00,2022-10-12 05:52:00+00:00,7.870000000015352,0.0,2.32,0.5,0,False,True
2022-10-12,2022-10-12 16:46:00+00:00,2022-10-13 05:54:00+00:00,8.639999999993961,0.0,2.32,0.5,0,False,True
2022-10-13,2022-10-13 16:44:00+00:00,2022-10-14 05:56:00+00:00,6.479999999999563,0.0,1.96,0.0,0,False,True
2022-10-14,2022-10-14 16:42:00+00:00,2022-10-15 05:58:00+00:00,10.78000000000975,0.0,3.12,0.75,0,False,True
2022-10-15,2022-10-15 16:39:00+00:00,2022-10-16 05:59:00+00:00,8.599999999982174,0.0,4.64,1.0,0,False,True
2022-10-16,2022-10-16 16:37:00+00:00,2022-10-17 06:01:00+00:00,6.820000000003347,0.0,1.72,0.0,0,False,True
2022-10-17,2022-10-17 16:35:00+00:00,2022-10-18 06:03:00+00:00,4.9099999999998545,0.0,2.0,0.0,0,False,True
2022-10-18,2022-10-18 16:33:00+00:00,2022-10-19 06:05:00+00:00,8.189999999993233,0.0,2.76,0.5,0,False,True
2022-10-19,2022-10-19 16:31:00+00:00,2022-10-20 06:07:00+00:00,4.930000000000291,0.0,1.0,0.0,0,False,True
2022-10-20,2022-10-20 16:29:00+00:00,2022-10-21 06:08:00+00:00,3.499999999992724,0.0,1.68,0.0,0,False,True
2022-10-21,2022-10-21 16:26:00+00:00,2022-10-22 06:10:00+00:00,10.749999999992724,0.0,3.4,2.5,0,True,True
2022-10-22,2022-10-22 16:24:00+00:00,2022-10-23 06:12:00+00:00,4.739999999983411,0.0,1.64,0.0,0,False,True
2022-10-23,2022-10-23 16:22:00+00:00,2022-10-24 06:14:00+00:00,5.739999999994325,0.0,2.08,0.25,0,False,True
2022-10-24,2022-10-24 16:20:00+00:00,2022-10-25 06:16:00+00:00,20.409999999996217,0.0,4.56,6.75,0,True,True
2022-10-25,2022-10-25 16:18:00+00:00,2022-10-26 06:17:00+00:00,9.03999999998996,0.0,2.72,0.25,0,False,True
2022-10-26,2022-10-26 16:16:00+00:00,2022-10-27 06:19:00+00:00,9.439999999984138,0.0,1.96,0.0,0,False,True
2022-10-27,2022-10-27 16:14:00+00:00,2022-10-28 06:21:00+00:00,5.709999999986394,0.0,2.44,0.25,0,False,True
2022-10-28,2022-10-28 16:12:00+00:00,2022-10-29 06:23:00+00:00,6.139999999986685,0.0,4.44,0.5,0,False,True
2022-10-29,2022-10-29 16:10:00+00:00,2022-10-30 06:25:00+00:00,7.96999999999025,0.0,2.08,0.25,0,False,True
2022-10-30,2022-10-30 16:08:00+00:00,2022-10-31 06:27:00+00:00,10.620000000004438,0.0,3.96,1.25,0,False,True
2022-10-31,2022-10-31 16:06:00+00:00,2022-11-01 06:29:00+00:00,4.460000000000946,0.0,1.56,0.0,0,False,True
2022-11-01,2022-11-01 16:04:00+00:00,2022-11-02 06:30:00+00:00,5.94999999999709,0.0,1.92,0.0,0,False,True
2022-11-02,2022-11-02 16:02:00+00:00,2022-11-03 06:32:00+00:00,6.029999999995198,0.0,1.92,0.0,0,False,True
2022-11-03,2022-11-03 16:00:00+00:00,2022-11-04 06:34:00+00:00,5.510000000000218,0.0,1.56,0.0,0,False,True
2022-11-04,2022-11-04 15:59:00+00:00,2022-11-05 06:36:00+00:00,35.05999999999767,0.0,3.44,14.75,0,True,True
2022-11-05,2022-11-05 15:57:00+00:00,2022-11-06 06:38:00+00:00,6.4799999999922875,0.0,2.2,0.5,0,False,True
2022-11-06,2022-11-06 15:55:00+00:00,2022-11-07 06:40:00+00:00,29.96999999999207,0.0,4.4,11.0,0,True,True
2022-11-07,2022-11-07 15:53:00+00:00,2022-11-08 06:42:00+00:00,30.139999999992142,0.0,3.72,11.5,0,True,True
2022-11-08,2022-11-08 15:52:00+00:00,2022-11-09 06:43:00+00:00,6.499999999987267,0.0,3.24,1.0,0,False,True
2022-11-09,2022-11-09 15:50:00+00:00,2022-11-10 06:45:00+00:00,35.54000000000815,0.0,3.64,11.0,0,True,True
2022-11-10,2022-11-10 15:48:00+00:00,2022-11-11 06:47:00+00:00,6.309999999994034,0.0,2.76,0.5,0,False,True
2022-11-11,2022-11-11 15:47:00+00:00,2022-11-12 06:49:00+00:00,5.559999999992215,0.0,1.6,0.0,0,False,True
2022-11-12,2022-11-12 15:45:00+00:00,2022-11-13 06:51:00+00:00,3.4399999999932334,0.0,0.32,0.0,0,False,True
2022-11-13,2022-11-13 15:44:00+00:00,2022-11-14 06:52:00+00:00,42.93999999999505,0.0,3.72,13.0,0,True,True
2022-11-14,2022-11-14 15:42:00+00:00,2022-11-15 06:54:00+00:00,10.109999999996944,0.0,3.36,1.0,0,False,True
2022-11-15,2022-11-15 15:41:00+00:00,2022-11-16 06:56:00+00:00,9.489999999992506,0.0,3.56,1.0,0,False,True
2022-11-16,2022-11-16 15:39:00+00:00,2022-11-17 06:58:00+00:00,6.51999999999498,0.0,2.36,0.25,0,False,True
2022-11-17,2022-11-17 15:38:00+00:00,2022-11-18 07:00:00+00:00,6.949999999998909,0.0,1.96,0.0,0,False,True
2022-11-18,2022-11-18 15:36:00+00:00,2022-11-19 07:01:00+00:00,36.34000000000924,0.0,5.84,12.25,0,True,True
2022-11-19,2022-11-19 15:35:00+00:00,2022-11-20 07:03:00+00:00,37.65000000001237,0.0,5.48,11.5,0,True,True
2022-11-20,2022-11-20 15:34:00+00:00,2022-11-21 07:05:00+00:00,20.570000000001528,0.0,1.96,0.0,0,False,True
2022-11-21,2022-11-21 15:33:00+00:00,2022-11-22 07:07:00+00:00,24.820000000005166,0.0,4.64,3.0,0,True,True
2022-11-22,2022-11-22 15:31:00+00:00,2022-11-23 07:08:00+00:00,24.630000000011933,0.0,4.48,7.0,0,True,True
2022-11-23,2022-11-23 15:30:00+00:00,2022-11-24 07:10:00+00:00,9.630000000008295,0.0,2.36,0.25,0,False,True
2022-11-24,2022-11-24 15:29:00+00:00,2022-11-25 07:11:00+00:00,29.42000000000371,0.0,4.76,9.75,0,True,True
2022-11-25,2022-11-25 15:28:00+00:00,2022-11-26 07:13:00+00:00,34.8200000000179,0.0,6.32,11.5,0,True,True
2022-11-26,2022-11-26 15:27:00+00:00,2022-11-27 07:15:00+00:00,13.400000000006912,0.0,3.04,1.5,0,False,True
2022-11-27,2022-11-27 15:26:00+00:00,2022-11-28 07:16:00+00:00,12.650000000003274,0.0,2.4,0.5,0,False,True
2022-11-28,2022-11-28 15:25:00+00:00,2022-11-29 07:18:00+00:00,38.470000000015716,0.0,8.84,3.75,0,True,True
2022-11-29,2022-11-29 15:25:00+00:00,2022-11-30 07:19:00+00:00,8.540000000004511,0.0,2.44,0.5,0,False,True
2022-11-30,2022-11-30 15:24:00+00:00,2022-12-01 07:21:00+00:00,8.330000000010841,0.0,2.8,0.5,0,False,True
2022-12-01,2022-12-01 15:23:00+00:00,2022-12-02 07:22:00+00:00,10.140000000015789,0.0,2.64,0.75,0,False,True
2022-12-02,2022-12-02 15:22:00+00:00,2022-12-03 07:24:00+00:00,10.05000000000473,0.0,2.52,0.5,0,False,True
2022-12-03,2022-12-03 15:22:00+00:00,2022-12-04 07:25:00+00:00,30.749999999994543,0.0,9.92,3.5,0,True,True
2022-12-04,2022-12-04 15:21:00+00:00,2022-12-05 07:26:00+00:00,11.179999999989377,0.0,3.88,1.0,0,False,True
2022-12-05,2022-12-05 15:21:00+00:00,2022-12-06 07:28:00+00:00,8.60999999998785,0.0,2.2,0.25,0,False,True
2022-12-06,2022-12-06 15:20:00+00:00,2022-12-07 07:29:00+00:00,7.9099999999889405,0.0,4.4,0.25,0,False,True
2022-12-07,2022-12-07 15:20:00+00:00,2022-12-08 07:30:00+00:00,25.809999999995853,0.0,8.96,3.75,0,True,True
2022-12-08,2022-12-08 15:20:00+00:00,2022-12-09 07:31:00+00:00,28.770000000002256,0.0,7.28,3.5,0,True,True
2022-12-09,2022-12-09 15:19:00+00:00,2022-12-10 07:32:00+00:00,39.92999999998574,0.0,8.76,5.25,0,True,True
2022-12-10,2022-12-10 15:19:00+00:00,2022-12-11 07:33:00+00:00,11.890000000001237,0.0,3.56,0.75,0,False,True
2022-12-11,2022-12-11 15:19:00+00:00,2022-12-12 07:34:00+00:00,12.470000000004802,0.0,3.96,0.75,0,False,True
2022-12-12,2022-12-12 15:19:00+00:00,2022-12-13 07:35:00+00:00,25.05000000000655,0.0,10.4,2.25,0,True,True
2022-12-13,2022-12-13 15:19:00+00:00,2022-12-14 07:36:00+00:00,11.61000000000422,0.0,3.32,0.75,0,False,True
2022-12-14,2022-12-14 15:19:00+00:00,2022-12-15 07:37:00+00:00,51.379999999991924,0.0,10.12,7.25,0,True,True
2022-12-15,2022-12-15 15:19:00+00:00,2022-12-16 07:38:00+00:00,9.48000000000502,0.0,2.6,0.25,0,False,True
2022-12-16,2022-12-16 15:19:00+00:00,2022-12-17 07:39:00+00:00,8.749999999987267,0.0,3.84,0.5,0,False,True
2022-12-17,2022-12-17 15:20:00+00:00,2022-12-18 07:39:00+00:00,8.440000000007785,0.0,2.12,0.25,0,False,True
2022-12-18,2022-12-18 15:20:00+00:00,2022-12-19 07:40:00+00:00,12.090000000012878,0.0,2.84,1.25,0,False,True
2022-12-19,2022-12-19 15:20:00+00:00,2022-12-20 07:41:00+00:00,10.730000000010477,0.0,3.24,0.5,0,False,True
2022-12-20,2022-12-20 15:21:00+00:00,2022-12-21 07:41:00+00:00,24.529999999987922,0.0,7.24,3.5,0,True,True
2022-12-21,2022-12-21 15:21:00+00:00,2022-12-22 07:42:00+00:00,34.270000000004075,0.0,7.04,5.25,0,True,True
2022-12-22,2022-12-22 15:22:00+00:00,2022-12-23 07:42:00+00:00,27.99000000000524,0.0,7.0,3.25,0,True,True
2022-12-23,2022-12-23 15:22:00+00:00,2022-12-24 07:43:00+00:00,29.310000000004948,0.0,7.52,4.25,0,True,True
2022-12-24,2022-12-24 15:23:00+00:00,2022-12-25 07:43:00+00:00,3.8999999999723514,0.0,1.32,0.0,0,False,True
2022-12-25,2022-12-25 15:24:00+00:00,2022-12-26 07:43:00+00:00,3.349999999974898,0.0,0.28,0.0,0,False,True
2022-12-26,2022-12-26 15:24:00+00:00,2022-12-27 07:43:00+00:00,8.280000000000655,0.0,2.36,0.5,0,False,True
2022-12-27,2022-12-27 15:25:00+00:00,2022-12-28 07:43:00+00:00,35.96999999999025,0.0,9.6,4.5,0,True,True
2022-12-28,2022-12-28 15:26:00+00:00,2022-12-29 07:44:00+00:00,12.910000000010768,0.0,2.56,0.5,0,False,True
2022-12-29,2022-12-29 15:27:00+00:00,2022-12-30 07:44:00+00:00,8.649999999999636,0.0,1.92,0.0,0,False,True
2022-12-30,2022-12-30 15:28:00+00:00,2022-12-31 07:44:00+00:00,5.900000000005093,0.0,0.8,0.0,0,False,True
2022-12-31,2022-12-31 15:29:00+00:00,2023-01-01 07:43:00+00:00,3.8699999999698775,0.0,0.32,0.0,0,False,True
2023-01-01,2023-01-01 15:30:00+00:00,2023-01-02 07:43:00+00:00,6.220000000013897,0.0,0.52,0.0,0,False,True
2023-01-02,2023-01-02 15:31:00+00:00,2023-01-03 07:43:00+00:00,4.989999999990687,0.0,0.52,0.0,0,False,True
2023-01-03,2023-01-03 15:32:00+00:00,2023-01-04 07:43:00+00:00,6.040000000002692,0.0,1.76,0.0,0,False,True
2023-01-04,2023-01-04 15:34:00+00:00,2023-01-05 07:42:00+00:00,6.699999999989814,0.0,1.88,0.0,0,False,True
2023-01-05,2023-01-05 15:35:00+00:00,2023-01-06 07:42:00+00:00,46.98000000000502,0.0,12.2,4.0,0,True,True
2023-01-06,2023-01-06 15:36:00+00:00,2023-01-07 07:42:00+00:00,19.17000000000371,0.0,6.44,3.0,0,True,True
2023-01-07,2023-01-07 15:37:00+00:00,2023-01-08 07:41:00+00:00,9.620000000004438,0.0,2.64,0.75,0,False,True
2023-01-08,2023-01-08 15:39:00+00:00,2023-01-09 07:41:00+00:00,9.549999999999272,0.0,2.72,1.0,0,False,True
2023-01-09,2023-01-09 15:40:00+00:00,2023-01-10 07:40:00+00:00,9.080000000001746,0.0,3.16,0.25,0,False,True
2023-01-10,2023-01-10 15:42:00+00:00,2023-01-11 07:39:00+00:00,10.219999999988431,0.0,5.36,0.75,0,False,True
2023-01-11,2023-01-11 15:43:00+00:00,2023-01-12 07:39:00+00:00,20.39999999999236,0.0,11.24,1.5,0,False,True
2023-01-12,2023-01-12 15:45:00+00:00,2023-01-13 07:38:00+00:00,32.60999999998967,0.0,11.88,4.0,0,True,True
2023-01-13,2023-01-13 15:46:00+00:00,2023-01-14 07:37:00+00:00,10.030000000006112,0.0,2.08,0.25,0,False,True
2023-01-14,2023-01-14 15:48:00+00:00,2023-01-15 07:36:00+00:00,11.43000000000211,0.0,3.32,0.75,0,False,True
2023-01-15,2023-01-15 15:50:00+00:00,2023-01-16 07:35:00+00:00,9.590000000005602,0.0,2.12,0.25,0,False,True
2023-01-16,2023-01-16 15:51:00+00:00,2023-01-17 07:34:00+00:00,10.820000000005166,0.0,2.52,0.75,0,False,True
2023-01-17,2023-01-17 15:53:00+00:00,2023-01-18 07:33:00+00:00,39.68000000000211,0.0,12.64,5.75,0,True,True
2023-01-18,2023-01-18 15:55:00+00:00,2023-01-19 07:32:00+00:00,19.080000000007203,0.0,11.56,1.0,0,False,True
2023-01-19,2023-01-19 15:56:00+00:00,2023-01-20 07:31:00+00:00,18.390000000004875,0.0,10.72,2.0,0,True,True
2023-01-20,2023-01-20 15:58:00+00:00,2023-01-21 07:30:00+00:00,8.640000000010332,0.0,2.44,0.5,0,False,True
2023-01-21,2023-01-21 16:00:00+00:00,2023-01-22 07:29:00+00:00,17.44000000000233,0.0,12.16,1.0,0,False,True
2023-01-22,2023-01-22 16:02:00+00:00,2023-01-23 07:27:00+00:00,12.810000000006767,0.0,3.52,1.25,0,False,True
2023-01-23,2023-01-23 16:04:00+00:00,2023-01-24 07:26:00+00:00,15.039999999986321,0.0,4.4,2.0,0,True,True
2023-01-24,2023-01-24 16:05:00+00:00,2023-01-25 07:25:00+00:00,9.150000000005093,0.0,2.32,0.25,0,False,True
2023-01-25,2023-01-25 16:07:00+00:00,2023-01-26 07:23:00+00:00,36.630000000010114,0.0,12.64,3.25,0,True,True
2023-01-26,2023-01-26 16:09:00+00:00,2023-01-27 07:22:00+00:00,7.940000000009604,0.0,1.84,0.0,0,False,True
2023-01-27,2023-01-27 16:11:00+00:00,2023-01-28 07:20:00+00:00,11.03000000000793,0.0,3.8,1.0,0,False,True
2023-01-28,2023-01-28 16:13:00+00:00,2023-01-29 07:19:00+00:00,11.52000000001317,0.0,2.8,1.0,0,False,True
2023-01-29,2023-01-29 16:15:00+00:00,2023-01-30 07:17:00+00:00,45.42000000000189,0.0,12.6,4.5,0,True,True
2023-01-30,2023-01-30 16:17:00+00:00,2023-01-31 07:16:00+00:00,10.61000000000422,0.0,4.32,0.75,0,False,True
2023-01-31,2023-01-31 16:19:00+00:00,2023-02-01 07:14:00+00:00,8.740000000007058,0.0,2.2,0.25,0,False,True
2023-02-01,2023-02-01 16:21:00+00:00,2023-02-02 07:13:00+00:00,17.140000000006694,0.0,3.48,2.5,0,True,True
2023-02-02,2023-02-02 16:23:00+00:00,2023-02-03 07:11:00+00:00,7.509999999992942,0.0,2.12,0.25,0,False,True
2023-02-03,2023-02-03 16:24:00+00:00,2023-02-04 07:09:00+00:00,8.86000000000422,0.0,1.8,0.0,0,False,True
2023-02-04,2023-02-04 16:26:00+00:00,2023-02-05 07:08:00+00:00,8.950000000000728,0.0,3.04,0.5,0,False,True
2023-02-05,2023-02-05 16:28:00+00:00,2023-02-06 07:06:00+00:00,45.88999999999578,0.0,13.84,3.75,0,True,True
2023-02-06,2023-02-06 16:30:00+00:00,2023-02-07 07:04:00+00:00,5.819999999999709,0.0,1.48,0.0,0,False,True
2023-02-07,2023-02-07 16:32:00+00:00,2023-02-08 07:02:00+00:00,13.779999999997017,0.0,3.92,2.75,0,True,True
2023-02-08,2023-02-08 16:34:00+00:00,2023-02-09 07:00:00+00:00,5.849999999987631,0.0,1.88,0.0,0,False,True
2023-02-09,2023-02-09 16:36:00+00:00,2023-02-10 06:59:00+00:00,38.17000000000371,0.0,11.36,3.0,0,True,True
2023-02-10,2023-02-10 16:38:00+00:00,2023-02-11 06:57:00+00:00,10.369999999995343,0.0,4.12,1.25,0,False,True
2023-02-11,2023-02-11 16:40:00+00:00,2023-02-12 06:55:00+00:00,9.090000000003783,0.0,2.4,0.25,0,False,True
2023-02-12,2023-02-12 16:42:00+00:00,2023-02-13 06:53:00+00:00,7.059999999994034,0.0,1.56,0.0,0,False,True
2023-02-13,2023-02-13 16:44:00+00:00,2023-02-14 06:51:00+00:00,5.119999999991705,0.0,2.04,0.25,0,False,True
2023-02-14,2023-02-14 16:46:00+00:00,2023-02-15 06:49:00+00:00,5.599999999985812,0.0,2.92,0.25,0,False,True
2023-02-15,2023-02-15 16:48:00+00:00,2023-02-16 06:47:00+00:00,9.330000000001746,0.0,2.84,1.0,0,False,True
2023-02-16,2023-02-16 16:50:00+00:00,2023-02-17 06:45:00+00:00,3.649999999997817,0.0,0.56,0.0,0,False,True
2023-02-17,2023-02-17 16:52:00+00:00,2023-02-18 06:43:00+00:00,7.029999999998836,0.0,1.96,0.0,0,False,True
2023-02-18,2023-02-18 16:54:00+00:00,2023-02-19 06:41:00+00:00,27.50999999999476,0.0,13.52,2.25,0,True,True
2023-02-19,2023-02-19 16:56:00+00:00,2023-02-20 06:39:00+00:00,10.949999999998909,0.0,9.2,0.75,0,False,True
2023-02-20,2023-02-20 16:57:00+00:00,2023-02-21 06:37:00+00:00,3.5499999999865395,0.0,0.8,0.0,0,False,True
2023-02-21,2023-02-21 16:59:00+00:00,2023-02-22 06:34:00+00:00,7.029999999986103,0.0,1.6,0.0,0,False,True
2023-02-22,2023-02-22 17:01:00+00:00,2023-02-23 06:32:00+00:00,7.669999999992797,0.0,3.8,0.75,0,False,True
2023-02-23,2023-02-23 17:03:00+00:00,2023-02-24 06:30:00+00:00,4.7999999999865395,0.0,2.04,0.25,0,False,True
2023-02-24,2023-02-24 17:05:00+00:00,2023-02-25 06:28:00+00:00,6.629999999997381,0.0,1.92,0.0,0,False,True
2023-02-25,2023-02-25 17:07:00+00:00,2023-02-26 06:26:00+00:00,7.819999999999709,0.0,3.0,0.25,0,False,True
2023-02-26,2023-02-26 17:09:00+00:00,2023-02-27 06:24:00+00:00,11.130000000004657,0.0,3.36,1.25,0,False,True
2023-02-27,2023-02-27 17:11:00+00:00,2023-02-28 06:22:00+00:00,7.689999999991414,0.0,4.8,0.5,0,False,True
2023-02-28,2023-02-28 17:13:00+00:00,2023-03-01 06:19:00+00:00,5.619999999988067,0.0,1.48,0.0,0,False,True
2023-03-01,2023-03-01 17:15:00+00:00,2023-03-02 06:17:00+00:00,9.070000000001528,0.0,2.2,0.25,0,False,True
2023-03-02,2023-03-02 17:16:00+00:00,2023-03-03 06:15:00+00:00,4.709999999995489,0.0,2.44,0.25,0,False,True
2023-03-03,2023-03-03 17:18:00+00:00,2023-03-04 06:13:00+00:00,7.600000000002183,0.0,2.56,0.5,0,False,True
2023-03-04,2023-03-04 17:20:00+00:00,2023-03-05 06:10:00+00:00,7.5200000000095315,0.0,2.32,0.25,0,False,True
2023-03-05,2023-03-05 17:22:00+00:00,2023-03-06 06:08:00+00:00,10.080000000003565,0.0,2.96,0.25,0,False,True
2023-03-06,2023-03-06 17:24:00+00:00,2023-03-07 06:06:00+00:00,5.859999999998763,0.0,2.8,0.25,0,False,True
2023-03-07,2023-03-07 17:26:00+00:00,2023-03-08 06:04:00+00:00,4.7299999999904685,0.0,1.68,0.0,0,False,True
2023-03-08,2023-03-08 17:27:00+00:00,2023-03-09 06:01:00+00:00,27.029999999998836,0.0,13.16,2.25,0,True,True
2023-03-09,2023-03-09 17:29:00+00:00,2023-03-10 05:59:00+00:00,6.24000000000342,0.0,3.36,0.5,0,False,True
2023-03-10,2023-03-10 17:31:00+00:00,2023-03-11 05:57:00+00:00,7.910000000008949,0.0,3.0,0.25,0,False,True
2023-03-11,2023-03-11 17:33:00+00:00,2023-03-12 05:55:00+00:00,10.83000000001448,0.0,3.48,1.5,0,False,True
2023-03-12,2023-03-12 17:35:00+00:00,2023-03-13 05:52:00+00:00,7.150000000001455,0.0,2.2,0.25,0,False,True
2023-03-13,2023-03-13 17:36:00+00:00,2023-03-14 05:50:00+00:00,4.4799999999904685,0.0,1.64,0.0,0,False,True
2023-03-14,2023-03-14 17:38:00+00:00,2023-03-15 05:48:00+00:00,4.739999999992506,0.0,1.64,0.0,0,False,True
2023-03-15,2023-03-15 17:40:00+00:00,2023-03-16 05:45:00+00:00,6.489999999988868,0.0,2.4,0.75,0,False,True
2023-03-16,2023-03-16 17:42:00+00:00,2023-03-17 05:43:00+00:00,4.069999999990614,0.0,2.52,0.25,0,False,True
2023-03-17,2023-03-17 17:44:00+00:00,2023-03-18 05:41:00+00:00,4.9799999999959255,0.0,3.24,0.25,0,False,True
2023-03-18,2023-03-18 17:45:00+00:00,2023-03-19 05:38:00+00:00,7.4500000000080036,0.0,2.2,0.5,0,False,True
2023-03-19,2023-03-19 17:47:00+00:00,2023-03-20 05:36:00+00:00,9.070000000006985,0.0,3.08,0.75,0,False,True
2023-03-20,2023-03-20 17:49:00+00:00,2023-03-21 05:34:00+00:00,4.449999999991633,0.0,1.88,0.0,0,False,True
2023-03-21,2023-03-21 17:51:00+00:00,2023-03-22 05:31:00+00:00,4.519999999987704,0.0,1.52,0.0,0,False,True
2023-03-22,2023-03-22 17:53:00+00:00,2023-03-23 05:29:00+00:00,6.509999999994761,0.0,3.52,0.75,0,False,True
2023-03-23,2023-03-23 17:54:00+00:00,2023-03-24 05:27:00+00:00,4.949999999989814,0.0,2.6,0.25,0,False,True
2023-03-24,2023-03-24 17:56:00+00:00,2023-03-25 05:24:00+00:00,6.890000000012151,0.0,2.8,0.25,0,False,True
2023-03-25,2023-03-25 17:58:00+00:00,2023-03-26 05:22:00+00:00,6.820000000005166,0.0,1.96,0.0,0,False,True
2023-03-26,2023-03-26 18:00:00+00:00,2023-03-27 05:20:00+00:00,5.709999999984575,0.0,2.48,0.5,0,False,True
2023-03-27,2023-03-27 18:01:00+00:00,2023-03-28 05:18:00+00:00,4.82999999999447,0.0,1.4,0.0,0,False,True
2023-03-28,2023-03-28 18:03:00+00:00,2023-03-29 05:15:00+00:00,4.379999999982829,0.0,1.88,0.0,0,False,True
2023-03-29,2023-03-29 18:05:00+00:00,2023-03-30 05:13:00+00:00,4.069999999992433,0.0,1.68,0.0,0,False,True
2023-03-30,2023-03-30 18:07:00+00:00,2023-03-31 05:11:00+00:00,2.5799999999890133,0.0,0.36,0.0,0,False,True
2023-03-31,2023-03-31 18:08:00+00:00,2023-04-01 05:08:00+00:00,6.429999999994834,0.0,2.36,0.25,0,False,True
2023-04-01,2023-04-01 18:10:00+00:00,2023-04-02 05:06:00+00:00,2.59999999998945,0.0,0.44,0.0,0,False,True
2023-04-02,2023-04-02 18:12:00+00:00,2023-04-03 05:04:00+00:00,2.6599999999907595,0.0,0.4,0.0,0,False,True
2023-04-03,2023-04-03 18:14:00+00:00,2023-04-04 05:01:00+00:00,3.9899999999943248,0.0,1.64,0.0,0,False,True
2023-04-04,2023-04-04 18:15:00+00:00,2023-04-05 04:59:00+00:00,6.4799999999886495,0.0,2.2,0.25,0,False,True
2023-04-05,2023-04-05 18:17:00+00:00,2023-04-06 04:57:00+00:00,3.6199999999880674,0.0,1.72,0.0,0,False,True
2023-04-06,2023-04-06 18:19:00+00:00,2023-04-07 04:55:00+00:00,2.5599999999885767,0.0,0.48,0.0,0,False,True
2023-04-07,2023-04-07 18:20:00+00:00,2023-04-08 04:52:00+00:00,2.719999999995707,0.0,0.56,0.0,0,False,True
2023-04-08,2023-04-08 18:22:00+00:00,2023-04-09 04:50:00+00:00,4.95999999999367,0.0,2.28,0.5,0,False,True
2023-04-09,2023-04-09 18:24:00+00:00,2023-04-10 04:48:00+00:00,3.569999999994252,0.0,2.08,0.25,0,False,True
2023-04-10,2023-04-10 18:26:00+00:00,2023-04-11 04:46:00+00:00,2.639999999986685,0.0,0.76,0.0,0,False,True
2023-04-11,2023-04-11 18:27:00+00:00,2023-04-12 04:44:00+00:00,6.260000000011132,0.0,1.8,0.0,0,False,True
2023-04-12,2023-04-12 18:29:00+00:00,2023-04-13 04:41:00+00:00,5.549999999999272,0.0,1.84,0.0,0,False,True
2023-04-13,2023-04-13 18:31:00+00:00,2023-04-14 04:39:00+00:00,5.560000000008586,0.0,1.72,0.0,0,False,True
2023-04-14,2023-04-14 18:33:00+00:00,2023-04-15 04:37:00+00:00,4.749999999996362,0.0,1.72,0.0,0,False,True
2023-04-15,2023-04-15 18:34:00+00:00,2023-04-16 04:35:00+00:00,6.110000000006039,0.0,1.96,0.0,0,False,True
2023-04-16,2023-04-16 18:36:00+00:00,2023-04-17 04:33:00+00:00,10.67000000000371,0.0,4.08,2.25,0,True,True
2023-04-17,2023-04-17 18:38:00+00:00,2023-04-18 04:31:00+00:00,7.3400000000110595,0.0,2.4,0.5,0,False,True
2023-04-18,2023-04-18 18:39:00+00:00,2023-04-19 04:28:00+00:00,3.1499999999905413,0.0,1.52,0.0,0,False,True
2023-04-19,2023-04-19 18:41:00+00:00,2023-04-20 04:26:00+00:00,2.419999999996435,0.0,1.16,0.0,0,False,True
2023-04-20,2023-04-20 18:43:00+00:00,2023-04-21 04:24:00+00:00,2.3999999999905413,0.0,1.4,0.0,0,False,True
2023-04-21,2023-04-21 18:45:00+00:00,2023-04-22 04:22:00+00:00,3.4799999999904685,0.0,1.6,0.0,0,False,True
2023-04-22,2023-04-22 18:46:00+00:00,2023-04-23 04:20:00+00:00,5.949999999995271,0.0,2.12,0.25,0,False,True
2023-04-23,2023-04-23 18:48:00+00:00,2023-04-24 04:18:00+00:00,2.179999999985739,0.0,0.36,0.0,0,False,True
2023-04-24,2023-04-24 18:50:00+00:00,2023-04-25 04:16:00+00:00,3.680000000000291,0.0,1.88,0.0,0,False,True
2023-04-25,2023-04-25 18:51:00+00:00,2023-04-26 04:14:00+00:00,3.3399999999965075,0.0,1.52,0.0,0,False,True
2023-04-26,2023-04-26 18:53:00+00:00,2023-04-27 04:12:00+00:00,4.2700000000131695,0.0,0.6,0.0,0,False,True
2023-04-27,2023-04-27 18:55:00+00:00,2023-04-28 04:10:00+00:00,4.040000000017244,0.0,0.56,0.0,0,False,True
2023-04-28,2023-04-28 18:56:00+00:00,2023-04-29 04:08:00+00:00,1.5800000000072032,0.0,0.2,0.0,0,False,True
2023-04-29,2023-04-29 18:58:00+00:00,2023-04-30 04:06:00+00:00,3.5500000000156433,0.0,0.52,0.0,0,False,True
2023-04-30,2023-04-30 19:00:00+00:00,2023-05-01 04:04:00+00:00,6.949999999998909,0.0,2.6,0.5,0,False,True
2023-05-01,2023-05-01 19:01:00+00:00,2023-05-02 04:03:00+00:00,8.09000000000924,0.0,2.16,0.5,0,False,True
2023-05-02,2023-05-02 19:03:00+00:00,2023-05-03 04:01:00+00:00,5.880000000002838,0.0,1.96,0.0,0,False,True
2023-05-03,2023-05-03 19:05:00+00:00,2023-05-04 03:59:00+00:00,11.529999999993379,0.0,11.08,1.0,0,False,True
2023-05-04,2023-05-04 19:06:00+00:00,2023-05-05 03:57:00+00:00,2.969999999997526,0.0,1.44,0.0,0,False,True
2023-05-05,2023-05-05 19:08:00+00:00,2023-05-06 03:55:00+00:00,9.309999999995853,0.0,11.44,0.75,0,False,True
2023-05-06,2023-05-06 19:10:00+00:00,2023-05-07 03:54:00+00:00,5.68999999999869,0.0,1.8,0.0,0,False,True
2023-05-07,2023-05-07 19:11:00+00:00,2023-05-08 03:52:00+00:00,4.08999999999287,0.0,2.76,0.5,0,False,True
2023-05-08,2023-05-08 19:13:00+00:00,2023-05-09 03:50:00+00:00,3.1700000000000728,0.0,1.84,0.0,0,False,True
2023-05-09,2023-05-09 19:15:00+00:00,2023-05-10 03:48:00+00:00,2.9399999999932334,0.0,1.52,0.0,0,False,True
2023-05-10,2023-05-10 19:16:00+00:00,2023-05-11 03:47:00+00:00,1.8499999999967258,0.0,0.4,0.0,0,False,True
2023-05-11,2023-05-11 19:18:00+00:00,2023-05-12 03:45:00+00:00,1.8399999999892316,0.0,0.4,0.0,0,False,True
2023-05-12,2023-05-12 19:19:00+00:00,2023-05-13 03:44:00+00:00,11.21999999999207,0.0,11.2,0.75,0,False,True
2023-05-13,2023-05-13 19:21:00+00:00,2023-05-14 03:42:00+00:00,2.8700000000080763,0.0,0.48,0.0,0,False,True
2023-05-14,2023-05-14 19:22:00+00:00,2023-05-15 03:41:00+00:00,3.1199999999989814,0.0,1.84,0.0,0,False,True
2023-05-15,2023-05-15 19:24:00+00:00,2023-05-16 03:39:00+00:00,1.6499999999941792,0.0,0.32,0.0,0,False,True
2023-05-16,2023-05-16 19:25:00+00:00,2023-05-17 03:38:00+00:00,3.0199999999895226,0.0,1.4,0.0,0,False,True
2023-05-17,2023-05-17 19:27:00+00:00,2023-05-18 03:36:00+00:00,1.4600000000064028,0.0,0.2,0.0,0,False,True
2023-05-18,2023-05-18 19:28:00+00:00,2023-05-19 03:35:00+00:00,1.3900000000139698,0.0,0.24,0.0,0,False,True
2023-05-19,2023-05-19 19:30:00+00:00,2023-05-20 03:34:00+00:00,1.430000000005748,0.0,0.24,0.0,0,False,True
2023-05-20,2023-05-20 19:31:00+00:00,2023-05-21 03:32:00+00:00,1.360000000009677,0.0,0.2,0.0,0,False,True
2023-05-21,2023-05-21 19:33:00+00:00,2023-05-22 03:31:00+00:00,3.609999999993306,0.0,1.52,0.0,0,False,True
2023-05-22,2023-05-22 19:34:00+00:00,2023-05-23 03:30:00+00:00,2.359999999996944,0.0,1.68,0.0,0,False,True
2023-05-23,2023-05-23 19:35:00+00:00,2023-05-24 03:29:00+00:00,3.06999999999789,0.0,1.72,0.0,0,False,True
2023-05-24,2023-05-24 19:37:00+00:00,2023-05-25 03:27:00+00:00,2.8799999999901047,0.0,1.08,0.0,0,False,True
2023-05-25,2023-05-25 19:38:00+00:00,2023-05-26 03:26:00+00:00,2.959999999997308,0.0,1.56,0.0,0,False,True
2023-05-26,2023-05-26 19:39:00+00:00,2023-05-27 03:25:00+00:00,1.3000000000120053,0.0,0.24,0.0,0,False,True
2023-05-27,2023-05-27 19:41:00+00:00,2023-05-28 03:24:00+00:00,1.290000000011787,0.0,0.2,0.0,0,False,True
2023-05-28,2023-05-28 19:42:00+00:00,2023-05-29 03:23:00+00:00,1.3100000000104046,0.0,0.24,0.0,0,False,True
2023-05-29,2023-05-29 19:43:00+00:00,2023-05-30 03:22:00+00:00,2.5200000000004366,0.0,2.12,0.25,0,False,True
2023-05-30,2023-05-30 19:44:00+00:00,2023-05-31 03:21:00+00:00,1.7399999999943248,0.0,0.4,0.0,0,False,True
2023-05-31,2023-05-31 19:45:00+00:00,2023-06-01 03:21:00+00:00,34.09999999999309,0.0,12.32,3.0,0,True,True
2023-06-01,2023-06-01 19:46:00+00:00,2023-06-02 03:20:00+00:00,2.4899999999943248,0.0,1.68,0.0,0,False,True
2023-06-02,2023-06-02 19:47:00+00:00,2023-06-03 03:19:00+00:00,4.299999999993815,0.0,5.92,0.25,0,False,True
2023-06-03,2023-06-03 19:48:00+00:00,2023-06-04 03:18:00+00:00,2.789999999989959,0.0,1.6,0.0,0,False,True
2023-06-04,2023-06-04 19:49:00+00:00,2023-06-05 03:18:00+00:00,2.77999999999156,0.0,1.4,0.0,0,False,True
2023-06-05,2023-06-05 19:50:00+00:00,2023-06-06 03:17:00+00:00,1.9499999999916326,0.0,1.44,0.0,0,False,True
2023-06-06,2023-06-06 19:51:00+00:00,2023-06-07 03:17:00+00:00,2.7999999999919964,0.0,1.8,0.0,0,False,True
2023-06-07,2023-06-07 19:52:00+00:00,2023-06-08 03:16:00+00:00,2.9799999999941065,0.0,1.84,0.0,0,False,True
2023-06-08,2023-06-08 19:53:00+00:00,2023-06-09 03:16:00+00:00,42.43000000000757,0.0,11.2,4.0,0,True,True
2023-06-09,2023-06-09 19:54:00+00:00,2023-06-10 03:15:00+00:00,3.639999999992142,0.0,1.76,0.0,0,False,True
2023-06-10,2023-06-10 19:54:00+00:00,2023-06-11 03:15:00+00:00,3.6199999999989814,0.0,0.6,0.0,0,False,True
2023-06-11,2023-06-11 19:55:00+00:00,2023-06-12 03:15:00+00:00,4.990000000001601,0.0,2.12,0.25,0,False,True
2023-06-12,2023-06-12 19:56:00+00:00,2023-06-13 03:14:00+00:00,6.8400000000019645,0.0,2.16,0.25,0,False,True
2023-06-13,2023-06-13 19:56:00+00:00,2023-06-14 03:14:00+00:00,6.759999999991123,0.0,1.96,0.0,0,False,True
2023-06-14,2023-06-14 19:57:00+00:00,2023-06-15 03:14:00+00:00,5.919999999996435,0.0,2.04,0.25,0,False,True
2023-06-15,2023-06-15 19:57:00+00:00,2023-06-16 03:14:00+00:00,2.1499999999923602,0.0,0.52,0.0,0,False,True
2023-06-16,2023-06-16 19:58:00+00:00,2023-06-17 03:14:00+00:00,3.319999999994252,0.0,1.64,0.0,0,False,True
2023-06-17,2023-06-17 19:58:00+00:00,2023-06-18 03:14:00+00:00,4.939999999993233,0.0,1.64,0.0,0,False,True
2023-06-18,2023-06-18 19:59:00+00:00,2023-06-19 03:14:00+00:00,4.439999999995052,0.0,0.8,0.0,0,False,True
2023-06-19,2023-06-19 19:59:00+00:00,2023-06-20 03:14:00+00:00,4.299999999995634,0.0,1.88,0.0,0,False,True
2023-06-20,2023-06-20 19:59:00+00:00,2023-06-21 03:14:00+00:00,5.1599999999962165,0.0,2.0,0.0,0,False,True
2023-06-21,2023-06-21 19:59:00+00:00,2023-06-22 03:14:00+00:00,1.999999999990905,0.0,0.4,0.0,0,False,True
2023-06-22,2023-06-22 19:59:00+00:00,2023-06-23 03:15:00+00:00,2.279999999989741,0.0,1.2,0.0,0,False,True
2023-06-23,2023-06-23 20:00:00+00:00,2023-06-24 03:15:00+00:00,2.7699999999949796,0.0,1.52,0.0,0,False,True
2023-06-24,2023-06-24 20:00:00+00:00,2023-06-25 03:15:00+00:00,9.340000000005602,0.0,3.56,1.5,0,False,True
2023-06-25,2023-06-25 20:00:00+00:00,2023-06-26 03:16:00+00:00,6.169999999990978,0.0,2.44,0.5,0,False,True
2023-06-26,2023-06-26 19:59:00+00:00,2023-06-27 03:16:00+00:00,2.999999999989086,0.0,1.36,0.0,0,False,True
2023-06-27,2023-06-27 19:59:00+00:00,2023-06-28 03:17:00+00:00,2.96999999999025,0.0,1.6,0.0,0,False,True
2023-06-28,2023-06-28 19:59:00+00:00,2023-06-29 03:17:00+00:00,2.039999999989959,0.0,0.36,0.0,0,False,True
2023-06-29,2023-06-29 19:59:00+00:00,2023-06-30 03:18:00+00:00,3.3099999999922147,0.0,1.64,0.0,0,False,True
2023-06-30,2023-06-30 19:59:00+00:00,2023-07-01 03:18:00+00:00,3.419999999989159,0.0,2.28,0.25,0,False,True
2023-07-01,2023-07-01 19:58:00+00:00,2023-07-02 03:19:00+00:00,2.429999999998472,0.0,0.44,0.0,0,False,True
2023-07-02,2023-07-02 19:58:00+00:00,2023-07-03 03:20:00+00:00,2.5199999999895226,0.0,1.0,0.0,0,False,True
2023-07-03,2023-07-03 19:58:00+00:00,2023-07-04 03:20:00+00:00,2.2699999999877036,0.0,1.12,0.0,0,False,True
2023-07-04,2023-07-04 19:57:00+00:00,2023-07-05 03:21:00+00:00,5.429999999987558,0.0,1.92,0.0,0,False,True
2023-07-05,2023-07-05 19:56:00+00:00,2023-07-06 03:22:00+00:00,4.289999999995416,0.0,1.4,0.0,0,False,True
2023-07-06,2023-07-06 19:56:00+00:00,2023-07-07 03:23:00+00:00,4.309999999990396,0.0,1.96,0.0,0,False,True
2023-07-07,2023-07-07 19:55:00+00:00,2023-07-08 03:24:00+00:00,4.570000000006985,0.0,1.96,0.0,0,False,True
2023-07-08,2023-07-08 19:55:00+00:00,2023-07-09 03:25:00+00:00,5.109999999996944,0.0,1.6,0.0,0,False,True
2023-07-09,2023-07-09 19:54:00+00:00,2023-07-10 03:26:00+00:00,6.399999999994179,0.0,2.04,0.25,0,False,True
2023-07-10,2023-07-10 19:53:00+00:00,2023-07-11 03:27:00+00:00,7.430000000003929,0.0,2.28,0.25,0,False,True
2023-07-11,2023-07-11 19:52:00+00:00,2023-07-12 03:28:00+00:00,7.329999999998108,0.0,1.8,0.0,0,False,True
2023-07-12,2023-07-12 19:51:00+00:00,2023-07-13 03:29:00+00:00,5.809999999995853,0.0,3.8,0.5,0,False,True
2023-07-13,2023-07-13 19:50:00+00:00,2023-07-14 03:30:00+00:00,2.719999999992069,0.0,0.84,0.0,0,False,True
2023-07-14,2023-07-14 19:49:00+00:00,2023-07-15 03:31:00+00:00,4.76999999999498,0.0,3.04,0.25,0,False,True
2023-07-15,2023-07-15 19:48:00+00:00,2023-07-16 03:32:00+00:00,1.4500000000007276,0.0,0.24,0.0,0,False,True
2023-07-16,2023-07-16 19:47:00+00:00,2023-07-17 03:34:00+00:00,1.6999999999970896,0.0,0.36,0.0,0,False,True
2023-07-17,2023-07-17 19:46:00+00:00,2023-07-18 03:35:00+00:00,3.5799999999908323,0.0,2.92,0.5,0,False,True
2023-07-18,2023-07-18 19:45:00+00:00,2023-07-19 03:36:00+00:00,1.8799999999901047,0.0,0.36,0.0,0,False,True
2023-07-19,2023-07-19 19:44:00+00:00,2023-07-20 03:37:00+00:00,2.249999999987267,0.0,0.84,0.0,0,False,True
2023-07-20,2023-07-20 19:43:00+00:00,2023-07-21 03:39:00+00:00,4.19999999999709,0.0,2.28,0.25,0,False,True
2023-07-21,2023-07-21 19:41:00+00:00,2023-07-22 03:40:00+00:00,2.02999999999156,0.0,0.32,0.0,0,False,True
2023-07-22,2023-07-22 19:40:00+00:00,2023-07-23 03:41:00+00:00,2.349999999987631,0.0,1.32,0.0,0,False,True
2023-07-23,2023-07-23 19:39:00+00:00,2023-07-24 03:43:00+00:00,3.179999999991196,0.0,1.6,0.0,0,False,True
2023-07-24,2023-07-24 19:37:00+00:00,2023-07-25 03:44:00+00:00,3.359999999993306,0.0,1.76,0.0,0,False,True
2023-07-25,2023-07-25 19:36:00+00:00,2023-07-26 03:45:00+00:00,2.6199999999898864,0.0,1.4,0.0,0,False,True
2023-07-26,2023-07-26 19:35:00+00:00,2023-07-27 03:47:00+00:00,5.990000000001601,0.0,3.28,0.5,0,False,True
2023-07-27,2023-07-27 19:33:00+00:00,2023-07-28 03:48:00+00:00,7.779999999995198,0.0,3.6,0.75,0,False,True
2023-07-28,2023-07-28 19:31:00+00:00,2023-07-29 03:50:00+00:00,1.4800000000013824,0.0,0.24,0.0,0,False,True
2023-07-29,2023-07-29 19:30:00+00:00,2023-07-30 03:51:00+00:00,1.5100000000038563,0.0,0.24,0.0,0,False,True
2023-07-30,2023-07-30 19:28:00+00:00,2023-07-31 03:53:00+00:00,1.5300000000042928,0.0,0.24,0.0,0,False,True
2023-07-31,2023-07-31 19:27:00+00:00,2023-08-01 03:54:00+00:00,1.5199999999986176,0.0,0.24,0.0,0,False,True
2023-08-01,2023-08-01 19:25:00+00:00,2023-08-02 03:56:00+00:00,1.5499999999992724,0.0,0.24,0.0,0,False,True
2023-08-02,2023-08-02 19:23:00+00:00,2023-08-03 03:57:00+00:00,1.5600000000049477,0.0,0.24,0.0,0,False,True
2023-08-03,2023-08-03 19:22:00+00:00,2023-08-04 03:59:00+00:00,1.4900000000052387,0.0,0.24,0.0,0,False,True
2023-08-04,2023-08-04 19:20:00+00:00,2023-08-05 04:00:00+00:00,1.500000000009095,0.0,0.2,0.0,0,False,True
2023-08-05,2023-08-05 19:18:00+00:00,2023-08-06 04:02:00+00:00,3.290000000009968,0.0,0.56,0.0,0,False,True
2023-08-06,2023-08-06 19:16:00+00:00,2023-08-07 04:03:00+00:00,3.210000000006403,0.0,0.48,0.0,0,False,True
2023-08-07,2023-08-07 19:14:00+00:00,2023-08-08 04:05:00+00:00,4.040000000020882,0.0,0.68,0.0,0,False,True
2023-08-08,2023-08-08 19:13:00+00:00,2023-08-09 04:06:00+00:00,4.410000000008949,0.0,0.72,0.0,0,False,True
2023-08-09,2023-08-09 19:11:00+00:00,2023-08-10 04:08:00+00:00,3.7300000000159343,0.0,0.48,0.0,0,False,True
2023-08-10,2023-08-10 19:09:00+00:00,2023-08-11 04:10:00+00:00,3.9200000000164437,0.0,0.6,0.0,0,False,True
2023-08-11,2023-08-11 19:07:00+00:00,2023-08-12 04:11:00+00:00,3.8800000000155705,0.0,0.56,0.0,0,False,True
2023-08-12,2023-08-12 19:05:00+00:00,2023-08-13 04:13:00+00:00,3.8100000000140426,0.0,0.56,0.0,0,False,True
2023-08-13,2023-08-13 19:03:00+00:00,2023-08-14 04:14:00+00:00,4.510000000011132,0.0,0.68,0.0,0,False,True
2023-08-14,2023-08-14 19:01:00+00:00,2023-08-15 04:16:00+00:00,7.289999999999054,0.0,1.72,0.0,0,False,True
2023-08-15,2023-08-15 18:59:00+00:00,2023-08-16 04:17:00+00:00,5.530000000015207,0.0,2.16,0.25,0,False,True
2023-08-16,2023-08-16 18:57:00+00:00,2023-08-17 04:19:00+00:00,6.960000000006403,0.0,2.16,0.5,0,False,True
2023-08-17,2023-08-17 18:55:00+00:00,2023-08-18 04:21:00+00:00,5.47000000000844,0.0,1.8,0.0,0,False,True
2023-08-18,2023-08-18 18:53:00+00:00,2023-08-19 04:22:00+00:00,3.3699999999807915,0.0,2.2,0.25,0,False,True
2023-08-19,2023-08-19 18:51:00+00:00,2023-08-20 04:24:00+00:00,2.209999999980937,0.0,0.28,0.0,0,False,True
2023-08-20,2023-08-20 18:49:00+00:00,2023-08-21 04:25:00+00:00,5.22000000000844,0.0,1.2,0.0,0,False,True
2023-08-21,2023-08-21 18:47:00+00:00,2023-08-22 04:27:00+00:00,5.36000000000422,0.0,1.6,0.0,0,False,True
2023-08-22,2023-08-22 18:44:00+00:00,2023-08-23 04:29:00+00:00,5.269999999996799,0.0,1.96,0.0,0,False,True
2023-08-23,2023-08-23 18:42:00+00:00,2023-08-24 04:30:00+00:00,5.789999999991778,0.0,2.32,0.25,0,False,True
2023-08-24,2023-08-24 18:40:00+00:00,2023-08-25 04:32:00+00:00,7.170000000000073,0.0,3.12,0.5,0,False,True
2023-08-25,2023-08-25 18:38:00+00:00,2023-08-26 04:34:00+00:00,9.30999999999949,0.0,2.76,0.75,0,False,True
2023-08-26,2023-08-26 18:36:00+00:00,2023-08-27 04:35:00+00:00,6.219999999999345,0.0,1.8,0.0,0,False,True
2023-08-27,2023-08-27 18:33:00+00:00,2023-08-28 04:37:00+00:00,5.439999999991414,0.0,1.64,0.0,0,False,True
2023-08-28,2023-08-28 18:31:00+00:00,2023-08-29 04:38:00+00:00,4.8400000000056025,0.0,1.64,0.0,0,False,True
2023-08-29,2023-08-29 18:29:00+00:00,2023-08-30 04:40:00+00:00,6.460000000010041,0.0,2.96,0.5,0,False,True
2023-08-30,2023-08-30 18:27:00+00:00,2023-08-31 04:42:00+00:00,5.570000000010623,0.0,1.68,0.0,0,False,True
2023-08-31,2023-08-31 18:25:00+00:00,2023-09-01 04:43:00+00:00,8.390000000003056,0.0,2.4,1.0,0,False,True
2023-09-01,2023-09-01 18:22:00+00:00,2023-09-02 04:45:00+00:00,6.220000000001164,0.0,1.92,0.0,0,False,True
2023-09-02,2023-09-02 18:20:00+00:00,2023-09-03 04:47:00+00:00,14.52000000001317,0.0,11.68,1.0,0,False,True
2023-09-03,2023-09-03 18:18:00+00:00,2023-09-04 04:48:00+00:00,3.8799999999919237,0.0,1.4,0.0,0,False,True
2023-09-04,2023-09-04 18:15:00+00:00,2023-09-05 04:50:00+00:00,3.679999999991196,0.0,1.52,0.0,0,False,True
2023-09-05,2023-09-05 18:13:00+00:00,2023-09-06 04:51:00+00:00,5.069999999996071,0.0,2.04,0.25,0,False,True
2023-09-06,2023-09-06 18:11:00+00:00,2023-09-07 04:53:00+00:00,5.07999999999447,0.0,1.76,0.0,0,False,True
2023-09-07,2023-09-07 18:08:00+00:00,2023-09-08 04:55:00+00:00,5.389999999997599,0.0,0.96,0.0,0,False,True
2023-09-08,2023-09-08 18:06:00+00:00,2023-09-09 04:56:00+00:00,7.440000000000509,0.0,1.32,0.0,0,False,True
2023-09-09,2023-09-09 18:04:00+00:00,2023-09-10 04:58:00+00:00,8.039999999991778,0.0,2.72,0.25,0,False,True
2023-09-10,2023-09-10 18:02:00+00:00,2023-09-11 05:00:00+00:00,7.289999999995416,0.0,1.84,0.0,0,False,True
2023-09-11,2023-09-11 17:59:00+00:00,2023-09-12 05:01:00+00:00,7.269999999989523,0.0,1.88,0.0,0,False,True
2023-09-12,2023-09-12 17:57:00+00:00,2023-09-13 05:03:00+00:00,6.2999999999919964,0.0,1.84,0.0,0,False,True
2023-09-13,2023-09-13 17:54:00+00:00,2023-09-14 05:04:00+00:00,3.249999999979991,0.0,0.96,0.0,0,False,True
2023-09-14,2023-09-14 17:52:00+00:00,2023-09-15 05:06:00+00:00,3.5099999999838474,0.0,1.36,0.0,0,False,True
2023-09-15,2023-09-15 17:50:00+00:00,2023-09-16 05:08:00+00:00,6.689999999996871,0.0,2.44,0.25,0,False,True
2023-09-16,2023-09-16 17:47:00+00:00,2023-09-17 05:09:00+00:00,5.660000000008949,0.0,1.68,0.0,0,False,True
2023-09-17,2023-09-17 17:45:00+00:00,2023-09-18 05:11:00+00:00,7.299999999999272,0.0,2.28,0.25,0,False,True
2023-09-18,2023-09-18 17:43:00+00:00,2023-09-19 05:13:00+00:00,5.489999999987049,0.0,2.32,0.25,0,False,True
2023-09-19,2023-09-19 17:40:00+00:00,2023-09-20 05:14:00+00:00,7.799999999997453,0.0,3.88,0.75,0,False,True
2023-09-20,2023-09-20 17:38:00+00:00,2023-09-21 05:16:00+00:00,33.729999999995925,0.0,11.76,3.0,0,True,True
2023-09-21,2023-09-21 17:36:00+00:00,2023-09-22 05:18:00+00:00,6.239999999992506,0.0,3.08,0.25,0,False,True
2023-09-22,2023-09-22 17:33:00+00:00,2023-09-23 05:19:00+00:00,5.920000000000073,0.0,1.96,0.0,0,False,True
2023-09-23,2023-09-23 17:31:00+00:00,2023-09-24 05:21:00+00:00,6.070000000019718,0.0,1.16,0.0,0,False,True
2023-09-24,2023-09-24 17:28:00+00:00,2023-09-25 05:23:00+00:00,6.839999999981956,0.0,1.96,0.0,0,False,True
2023-09-25,2023-09-25 17:26:00+00:00,2023-09-26 05:24:00+00:00,7.14000000001397,0.0,1.8,0.0,0,False,True
2023-09-26,2023-09-26 17:24:00+00:00,2023-09-27 05:26:00+00:00,6.670000000010987,0.0,1.92,0.0,0,False,True
2023-09-27,2023-09-27 17:21:00+00:00,2023-09-28 05:28:00+00:00,8.62000000000262,0.0,2.4,0.5,0,False,True
2023-09-28,2023-09-28 17:19:00+00:00,2023-09-29 05:29:00+00:00,7.490000000005239,0.0,1.84,0.0,0,False,True
2023-09-29,2023-09-29 17:17:00+00:00,2023-09-30 05:31:00+00:00,7.939999999993233,0.0,2.36,0.5,0,False,True
2023-09-30,2023-09-30 17:14:00+00:00,2023-10-01 05:33:00+00:00,3.999999999983629,0.0,1.76,0.0,0,False,True
2023-10-01,2023-10-01 17:12:00+00:00,2023-10-02 05:34:00+00:00,8.03000000000975,0.0,2.08,0.5,0,False,True
2023-10-02,2023-10-02 17:10:00+00:00,2023-10-03 05:36:00+00:00,6.620000000004438,0.0,1.92,0.0,0,False,True
2023-10-03,2023-10-03 17:07:00+00:00,2023-10-04 05:38:00+00:00,6.429999999998472,0.0,1.92,0.0,0,False,True
2023-10-04,2023-10-04 17:05:00+00:00,2023-10-05 05:40:00+00:00,7.800000000004729,0.0,1.84,0.0,0,False,True
2023-10-05,2023-10-05 17:03:00+00:00,2023-10-06 05:41:00+00:00,6.730000000010477,0.0,1.88,0.0,0,False,True
2023-10-06,2023-10-06 17:00:00+00:00,2023-10-07 05:43:00+00:00,7.540000000000873,0.0,2.08,0.25,0,False,True
2023-10-07,2023-10-07 16:58:00+00:00,2023-10-08 05:45:00+00:00,2.45999999999367,0.0,0.24,0.0,0,False,True
2023-10-08,2023-10-08 16:56:00+00:00,2023-10-09 05:47:00+00:00,5.30000000000291,0.0,0.6,0.0,0,False,True
2023-10-09,2023-10-09 16:53:00+00:00,2023-10-10 05:48:00+00:00,7.970000000017535,0.0,2.96,0.25,0,False,True
2023-10-10,2023-10-10 16:51:00+00:00,2023-10-11 05:50:00+00:00,7.220000000010259,0.0,1.92,0.0,0,False,True
2023-10-11,2023-10-11 16:49:00+00:00,2023-10-12 05:52:00+00:00,10.06000000000131,0.0,2.4,1.0,0,False,True
2023-10-12,2023-10-12 16:47:00+00:00,2023-10-13 05:54:00+00:00,5.580000000019936,0.0,0.72,0.0,0,False,True
2023-10-13,2023-10-13 16:44:00+00:00,2023-10-14 05:55:00+00:00,3.6199999999880674,0.0,1.72,0.0,0,False,True
2023-10-14,2023-10-14 16:42:00+00:00,2023-10-15 05:57:00+00:00,6.289999999995416,0.0,2.08,0.25,0,False,True
2023-10-15,2023-10-15 16:40:00+00:00,2023-10-16 05:59:00+00:00,8.189999999993233,0.0,3.12,1.0,0,False,True
2023-10-16,2023-10-16 16:38:00+00:00,2023-10-17 06:01:00+00:00,8.60000000000582,0.0,2.36,0.75,0,False,True
2023-10-17,2023-10-17 16:36:00+00:00,2023-10-18 06:02:00+00:00,30.530000000002474,0.0,11.72,2.25,0,True,True
2023-10-18,2023-10-18 16:33:00+00:00,2023-10-19 06:04:00+00:00,8.760000000011132,0.0,1.84,0.0,0,False,True
2023-10-19,2023-10-19 16:31:00+00:00,2023-10-20 06:06:00+00:00,26.700000000009823,0.0,14.16,1.75,0,False,True
2023-10-20,2023-10-20 16:29:00+00:00,2023-10-21 06:08:00+00:00,4.129999999995562,0.0,1.68,0.0,0,False,True
2023-10-21,2023-10-21 16:27:00+00:00,2023-10-22 06:10:00+00:00,3.429999999994834,0.0,0.56,0.0,0,False,True
2023-10-22,2023-10-22 16:25:00+00:00,2023-10-23 06:12:00+00:00,10.279999999997017,0.0,4.56,1.0,0,False,True
2023-10-23,2023-10-23 16:23:00+00:00,2023-10-24 06:13:00+00:00,6.319999999992433,0.0,1.68,0.0,0,False,True
2023-10-24,2023-10-24 16:21:00+00:00,2023-10-25 06:15:00+00:00,5.959999999988213,0.0,2.64,0.25,0,False,True
2023-10-25,2023-10-25 16:19:00+00:00,2023-10-26 06:17:00+00:00,6.13999999999578,0.0,1.76,0.0,0,False,True
2023-10-26,2023-10-26 16:16:00+00:00,2023-10-27 06:19:00+00:00,6.019999999996799,0.0,3.16,0.5,0,False,True
2023-10-27,2023-10-27 16:14:00+00:00,2023-10-28 06:21:00+00:00,3.459999999990032,0.0,0.52,0.0,0,False,True
2023-10-28,2023-10-28 16:12:00+00:00,2023-10-29 06:23:00+00:00,3.5499999999901775,0.0,1.08,0.0,0,False,True
2023-10-29,2023-10-29 16:10:00+00:00,2023-10-30 06:24:00+00:00,7.1600000000016735,0.0,2.2,0.25,0,False,True
2023-10-30,2023-10-30 16:08:00+00:00,2023-10-31 06:26:00+00:00,6.010000000005675,0.0,3.0,0.25,0,False,True
2023-10-31,2023-10-31 16:07:00+00:00,2023-11-01 06:28:00+00:00,6.089999999989232,0.0,1.72,0.0,0,False,True
2023-11-01,2023-11-01 16:05:00+00:00,2023-11-02 06:30:00+00:00,8.989999999997963,0.0,2.36,0.25,0,False,True
2023-11-02,2023-11-02 16:03:00+00:00,2023-11-03 06:32:00+00:00,5.430000000003929,0.0,3.12,0.25,0,False,True
2023-11-03,2023-11-03 16:01:00+00:00,2023-11-04 06:34:00+00:00,4.429999999993015,0.0,1.6,0.0,0,False,True
2023-11-04,2023-11-04 15:59:00+00:00,2023-11-05 06:36:00+00:00,15.359999999993306,0.0,11.4,1.0,0,False,True
2023-11-05,2023-11-05 15:57:00+00:00,2023-11-06 06:37:00+00:00,8.569999999992433,0.0,3.88,0.75,0,False,True
2023-11-06,2023-11-06 15:55:00+00:00,2023-11-07 06:39:00+00:00,7.179999999989377,0.0,2.32,0.5,0,False,True
2023-11-07,2023-11-07 15:54:00+00:00,2023-11-08 06:41:00+00:00,24.160000000001673,0.0,12.04,3.0,0,True,True
2023-11-08,2023-11-08 15:52:00+00:00,2023-11-09 06:43:00+00:00,9.210000000000946,0.0,2.44,0.5,0,False,True
2023-11-09,2023-11-09 15:50:00+00:00,2023-11-10 06:45:00+00:00,9.450000000011642,0.0,1.96,0.0,0,False,True
2023-11-10,2023-11-10 15:49:00+00:00,2023-11-11 06:47:00+00:00,8.860000000000582,0.0,2.04,0.25,0,False,True
2023-11-11,2023-11-11 15:47:00+00:00,2023-11-12 06:48:00+00:00,9.59000000000924,0.0,1.84,0.0,0,False,True
2023-11-12,2023-11-12 15:45:00+00:00,2023-11-13 06:50:00+00:00,15.519999999998618,0.0,4.28,2.0,0,True,True
2023-11-13,2023-11-13 15:44:00+00:00,2023-11-14 06:52:00+00:00,9.340000000007421,0.0,3.0,0.5,0,False,True
2023-11-14,2023-11-14 15:42:00+00:00,2023-11-15 06:54:00+00:00,7.879999999984648,0.0,2.12,0.25,0,False,True
2023-11-15,2023-11-15 15:41:00+00:00,2023-11-16 06:56:00+00:00,17.7300000000032,0.0,4.52,2.25,0,True,True
2023-11-16,2023-11-16 15:39:00+00:00,2023-11-17 06:57:00+00:00,9.650000000003274,0.0,2.88,0.5,0,False,True
2023-11-17,2023-11-17 15:38:00+00:00,2023-11-18 06:59:00+00:00,14.01000000001659,0.0,2.76,1.75,0,False,True
2023-11-18,2023-11-18 15:37:00+00:00,2023-11-19 07:01:00+00:00,9.399999999997817,0.0,3.32,0.25,0,False,True
2023-11-19,2023-11-19 15:35:00+00:00,2023-11-20 07:03:00+00:00,10.180000000005748,0.0,3.08,1.0,0,False,True
2023-11-20,2023-11-20 15:34:00+00:00,2023-11-21 07:04:00+00:00,9.630000000011933,0.0,2.92,0.5,0,False,True
2023-11-21,2023-11-21 15:33:00+00:00,2023-11-22 07:06:00+00:00,11.429999999991196,0.0,2.64,1.25,0,False,True
2023-11-22,2023-11-22 15:32:00+00:00,2023-11-23 07:08:00+00:00,15.110000000006039,0.0,2.68,2.0,0,True,True
2023-11-23,2023-11-23 15:31:00+00:00,2023-11-24 07:09:00+00:00,43.05000000001746,0.0,13.08,4.25,0,True,True
2023-11-24,2023-11-24 15:30:00+00:00,2023-11-25 07:11:00+00:00,11.720000000004802,0.0,6.2,1.25,0,False,True
2023-11-25,2023-11-25 15:28:00+00:00,2023-11-26 07:13:00+00:00,3.390000000017608,0.0,0.32,0.0,0,False,True
2023-11-26,2023-11-26 15:27:00+00:00,2023-11-27 07:14:00+00:00,5.850000000005821,0.0,0.88,0.0,0,False,True
2023-11-27,2023-11-27 15:27:00+00:00,2023-11-28 07:16:00+00:00,12.479999999995925,0.0,2.68,0.75,0,False,True
2023-11-28,2023-11-28 15:26:00+00:00,2023-11-29 07:17:00+00:00,9.549999999988358,0.0,1.8,0.0,0,False,True
2023-11-29,2023-11-29 15:25:00+00:00,2023-11-30 07:19:00+00:00,10.72999999998865,0.0,2.64,0.5,0,False,True
2023-11-30,2023-11-30 15:24:00+00:00,2023-12-01 07:20:00+00:00,7.349999999991269,0.0,1.0,0.0,0,False,True
2023-12-01,2023-12-01 15:23:00+00:00,2023-12-02 07:22:00+00:00,11.960000000017317,0.0,2.72,1.0,0,False,True
2023-12-02,2023-12-02 15:23:00+00:00,2023-12-03 07:23:00+00:00,3.290000000008149,0.0,0.28,0.0,0,False,True
2023-12-03,2023-12-03 15:22:00+00:00,2023-12-04 07:25:00+00:00,7.91000000000713,0.0,2.84,0.25,0,False,True
2023-12-04,2023-12-04 15:21:00+00:00,2023-12-05 07:26:00+00:00,11.650000000026921,0.0,2.48,0.5,0,False,True
2023-12-05,2023-12-05 15:21:00+00:00,2023-12-06 07:27:00+00:00,12.290000000000873,0.0,2.48,1.0,0,False,True
2023-12-06,2023-12-06 15:20:00+00:00,2023-12-07 07:29:00+00:00,13.330000000005384,0.0,2.68,1.75,0,False,True
2023-12-07,2023-12-07 15:20:00+00:00,2023-12-08 07:30:00+00:00,5.600000000013097,0.0,1.64,0.0,0,False,True
2023-12-08,2023-12-08 15:20:00+00:00,2023-12-09 07:31:00+00:00,6.320000000010623,0.0,1.96,0.0,0,False,True
2023-12-09,2023-12-09 15:19:00+00:00,2023-12-10 07:32:00+00:00,6.430000000014843,0.0,2.96,0.25,0,False,True
2023-12-10,2023-12-10 15:19:00+00:00,2023-12-11 07:33:00+00:00,15.940000000005966,0.0,4.6,1.5,0,False,True
2023-12-11,2023-12-11 15:19:00+00:00,2023-12-12 07:34:00+00:00,6.470000000019354,0.0,1.84,0.0,0,False,True
2023-12-12,2023-12-12 15:19:00+00:00,2023-12-13 07:35:00+00:00,6.300000000017462,0.0,2.4,0.25,0,False,True
2023-12-13,2023-12-13 15:19:00+00:00,2023-12-14 07:36:00+00:00,9.660000000021682,0.0,2.56,1.0,0,False,True
2023-12-14,2023-12-14 15:19:00+00:00,2023-12-15 07:37:00+00:00,9.630000000008295,0.0,2.0,0.0,0,False,True
2023-12-15,2023-12-15 15:19:00+00:00,2023-12-16 07:38:00+00:00,10.010000000020227,0.0,2.92,0.25,0,False,True
2023-12-16,2023-12-16 15:19:00+00:00,2023-12-17 07:39:00+00:00,13.859999999993306,0.0,2.16,0.25,0,False,True
2023-12-17,2023-12-17 15:19:00+00:00,2023-12-18 07:39:00+00:00,16.720000000001164,0.0,3.92,1.0,0,False,True
2023-12-18,2023-12-18 15:20:00+00:00,2023-12-19 07:40:00+00:00,19.09000000000742,0.0,4.48,2.75,0,True,True
2023-12-19,2023-12-19 15:20:00+00:00,2023-12-20 07:41:00+00:00,10.810000000008586,0.0,2.6,0.5,0,False,True
2023-12-20,2023-12-20 15:20:00+00:00,2023-12-21 07:41:00+00:00,14.869999999998981,0.0,2.68,0.5,0,False,True
2023-12-21,2023-12-21 15:21:00+00:00,2023-12-22 07:42:00+00:00,14.009999999983847,0.0,3.12,1.5,0,False,True
2023-12-22,2023-12-22 15:21:00+00:00,2023-12-23 07:42:00+00:00,12.090000000000146,0.0,2.28,0.5,0,False,True
2023-12-23,2023-12-23 15:22:00+00:00,2023-12-24 07:42:00+00:00,14.320000000028813,0.0,4.2,2.0,0,True,True
2023-12-24,2023-12-24 15:23:00+00:00,2023-12-25 07:43:00+00:00,13.53999999998996,0.0,4.56,1.5,0,False,True
2023-12-25,2023-12-25 15:23:00+00:00,2023-12-26 07:43:00+00:00,17.26000000001295,0.0,4.16,3.5,0,True,True
2023-12-26,2023-12-26 15:24:00+00:00,2023-12-27 07:43:00+00:00,22.80000000000655,0.0,6.32,5.75,0,True,True
2023-12-27,2023-12-27 15:25:00+00:00,2023-12-28 07:43:00+00:00,14.21000000001004,0.0,4.28,2.5,0,True,True
2023-12-28,2023-12-28 15:26:00+00:00,2023-12-29 07:44:00+00:00,61.57999999999083,0.0,13.24,5.5,0,True,True
2023-12-29,2023-12-29 15:27:00+00:00,2023-12-30 07:44:00+00:00,3.1600000000071304,0.0,0.68,0.0,0,False,True
2023-12-30,2023-12-30 15:28:00+00:00,2023-12-31 07:44:00+00:00,2.9100000000144064,0.0,0.24,0.0,0,False,True
2023-12-31,2023-12-31 15:29:00+00:00,2024-01-01 07:43:00+00:00,2.8800000000046566,0.0,0.24,0.0,0,False,True
2024-01-01,2024-01-01 15:30:00+00:00,2024-01-02 07:43:00+00:00,2.930000000018481,0.0,0.24,0.0,0,False,True
2024-01-02,2024-01-02 15:31:00+00:00,2024-01-03 07:43:00+00:00,12.85999999998603,0.0,1.2,0.0,0,False,True
2024-01-03,2024-01-03 15:32:00+00:00,2024-01-04 07:43:00+00:00,9.789999999975407,0.0,0.96,0.0,0,False,True
2024-01-04,2024-01-04 15:33:00+00:00,2024-01-05 07:43:00+00:00,14.100000000016735,0.0,4.32,2.25,0,True,True
2024-01-05,2024-01-05 15:35:00+00:00,2024-01-06 07:42:00+00:00,11.149999999997817,0.0,3.36,0.5,0,False,True
2024-01-06,2024-01-06 15:36:00+00:00,2024-01-07 07:42:00+00:00,10.14000000003216,0.0,3.12,0.5,0,False,True
2024-01-07,2024-01-07 15:37:00+00:00,2024-01-08 07:41:00+00:00,11.74000000001979,0.0,3.96,0.75,0,False,True
2024-01-08,2024-01-08 15:39:00+00:00,2024-01-09 07:41:00+00:00,9.029999999995198,0.0,2.16,0.75,518,False,False
2024-01-09,2024-01-09 15:40:00+00:00,2024-01-10 07:40:00+00:00,0.0,0.0,0.0,0.0,518,False,False
2024-01-10,2024-01-10 15:41:00+00:00,2024-01-11 07:39:00+00:00,0.0,0.0,0.0,0.0,518,False,False
2024-01-11,2024-01-11 15:43:00+00:00,2024-01-12 07:39:00+00:00,0.0,0.0,0.0,0.0,518,False,False
2024-01-12,2024-01-12 15:44:00+00:00,2024-01-13 07:38:00+00:00,0.0,0.0,0.0,0.0,518,False,False
2024-01-13,2024-01-13 15:46:00+00:00,2024-01-14 07:37:00+00:00,0.0,0.0,0.0,0.0,518,False,False
2024-01-14,2024-01-14 15:48:00+00:00,2024-01-15 07:36:00+00:00,10.950000000000728,0.0,3.92,1.5,40,False,False
2024-01-15,2024-01-15 15:49:00+00:00,2024-01-16 07:35:00+00:00,6.549999999999272,0.0,3.0,0.75,96,False,False
2024-01-16,2024-01-16 15:51:00+00:00,2024-01-17 07:34:00+00:00,4.930000000000291,0.0,1.4,0.0,96,False,False
2024-01-17,2024-01-17 15:53:00+00:00,2024-01-18 07:33:00+00:00,11.520000000000437,0.0,3.2,1.25,0,False,True
2024-01-18,2024-01-18 15:54:00+00:00,2024-01-19 07:32:00+00:00,10.760000000009313,0.0,2.52,0.5,8,False,False
2024-01-19,2024-01-19 15:56:00+00:00,2024-01-20 07:31:00+00:00,10.569999999988795,0.0,3.04,0.25,0,False,True
2024-01-20,2024-01-20 15:58:00+00:00,2024-01-21 07:30:00+00:00,7.669999999994616,0.0,2.24,0.5,0,False,True
2024-01-21,2024-01-21 16:00:00+00:00,2024-01-22 07:29:00+00:00,18.24000000001979,0.0,3.32,3.25,0,True,True
2024-01-22,2024-01-22 16:01:00+00:00,2024-01-23 07:28:00+00:00,6.970000000004802,0.0,2.84,0.25,0,False,True
2024-01-23,2024-01-23 16:03:00+00:00,2024-01-24 07:26:00+00:00,8.62000000000262,0.0,3.96,1.0,0,False,True
2024-01-24,2024-01-24 16:05:00+00:00,2024-01-25 07:25:00+00:00,8.4900000000016,0.0,2.32,0.75,0,False,True
2024-01-25,2024-01-25 16:07:00+00:00,2024-01-26 07:24:00+00:00,7.120000000006257,0.0,2.0,0.0,0,False,True
2024-01-26,2024-01-26 16:09:00+00:00,2024-01-27 07:22:00+00:00,9.110000000015134,0.0,3.04,1.0,0,False,True
2024-01-27,2024-01-27 16:11:00+00:00,2024-01-28 07:21:00+00:00,6.5900000000037835,0.0,3.0,0.25,0,False,True
2024-01-28,2024-01-28 16:13:00+00:00,2024-01-29 07:19:00+00:00,7.100000000020373,0.0,1.76,0.0,0,False,True
2024-01-29,2024-01-29 16:14:00+00:00,2024-01-30 07:18:00+00:00,5.210000000017317,0.0,2.24,0.25,0,False,True
2024-01-30,2024-01-30 16:16:00+00:00,2024-01-31 07:16:00+00:00,6.429999999996653,0.0,2.88,0.5,0,False,True
2024-01-31,2024-01-31 16:18:00+00:00,2024-02-01 07:15:00+00:00,6.240000000008877,0.0,2.28,0.25,0,False,True
2024-02-01,2024-02-01 16:20:00+00:00,2024-02-02 07:13:00+00:00,7.010000000016589,0.0,3.6,0.75,0,False,True
2024-02-02,2024-02-02 16:22:00+00:00,2024-02-03 07:11:00+00:00,7.640000000010332,0.0,2.76,0.75,0,False,True
2024-02-03,2024-02-03 16:24:00+00:00,2024-02-04 07:10:00+00:00,8.500000000014552,0.0,2.84,1.0,0,False,True
2024-02-04,2024-02-04 16:26:00+00:00,2024-02-05 07:08:00+00:00,5.47000000000844,0.0,1.84,0.0,0,False,True
2024-02-05,2024-02-05 16:28:00+00:00,2024-02-06 07:06:00+00:00,6.300000000010186,0.0,1.96,0.0,0,False,True
2024-02-06,2024-02-06 16:30:00+00:00,2024-02-07 07:04:00+00:00,7.500000000014552,0.0,2.4,0.5,0,False,True
2024-02-07,2024-02-07 16:32:00+00:00,2024-02-08 07:03:00+00:00,6.210000000024593,0.0,2.16,0.25,0,False,True
2024-02-08,2024-02-08 16:34:00+00:00,2024-02-09 07:01:00+00:00,5.280000000017026,0.0,1.84,0.0,0,False,True
2024-02-09,2024-02-09 16:36:00+00:00,2024-02-10 06:59:00+00:00,7.2999999999919964,0.0,1.64,0.0,0,False,True
2024-02-10,2024-02-10 16:38:00+00:00,2024-02-11 06:57:00+00:00,9.579999999987194,0.0,1.84,0.0,0,False,True
2024-02-11,2024-02-11 16:40:00+00:00,2024-02-12 06:55:00+00:00,12.750000000014552,0.0,4.36,1.75,0,False,True
2024-02-12,2024-02-12 16:42:00+00:00,2024-02-13 06:53:00+00:00,6.490000000008877,0.0,4.04,0.25,0,False,True
2024-02-13,2024-02-13 16:44:00+00:00,2024-02-14 06:51:00+00:00,7.810000000008586,0.0,2.84,0.75,0,False,True
2024-02-14,2024-02-14 16:45:00+00:00,2024-02-15 06:49:00+00:00,12.400000000016007,0.0,3.52,2.0,0,True,True
2024-02-15,2024-02-15 16:47:00+00:00,2024-02-16 06:47:00+00:00,6.760000000009313,0.0,2.2,0.5,0,False,True
2024-02-16,2024-02-16 16:49:00+00:00,2024-02-17 06:45:00+00:00,3.3800000000082946,0.0,0.52,0.0,0,False,True
2024-02-17,2024-02-17 16:51:00+00:00,2024-02-18 06:43:00+00:00,3.360000000011496,0.0,0.48,0.0,0,False,True
2024-02-18,2024-02-18 16:53:00+00:00,2024-02-19 06:41:00+00:00,6.5900000000074215,0.0,2.68,0.5,0,False,True
2024-02-19,2024-02-19 16:55:00+00:00,2024-02-20 06:39:00+00:00,5.990000000016153,0.0,2.84,0.25,0,False,True
2024-02-20,2024-02-20 16:57:00+00:00,2024-02-21 06:37:00+00:00,7.08000000001266,0.0,3.12,0.5,0,False,True
2024-02-21,2024-02-21 16:59:00+00:00,2024-02-22 06:35:00+00:00,10.490000000005239,0.0,3.12,1.0,0,False,True
2024-02-22,2024-02-22 17:01:00+00:00,2024-02-23 06:33:00+00:00,5.910000000010768,0.0,2.4,0.25,0,False,True
2024-02-23,2024-02-23 17:03:00+00:00,2024-02-24 06:31:00+00:00,5.670000000001892,0.0,2.0,0.0,0,False,True
2024-02-24,2024-02-24 17:05:00+00:00,2024-02-25 06:29:00+00:00,8.320000000010623,0.0,2.96,1.0,0,False,True
2024-02-25,2024-02-25 17:07:00+00:00,2024-02-26 06:26:00+00:00,7.290000000015425,0.0,2.04,0.25,0,False,True
2024-02-26,2024-02-26 17:08:00+00:00,2024-02-27 06:24:00+00:00,6.78000000000975,0.0,2.48,0.5,0,False,True
2024-02-27,2024-02-27 17:10:00+00:00,2024-02-28 06:22:00+00:00,5.050000000017462,0.0,1.64,0.0,0,False,True
2024-02-28,2024-02-28 17:12:00+00:00,2024-02-29 06:20:00+00:00,9.650000000008731,0.0,4.48,1.0,0,False,True
2024-02-29,2024-02-29 17:14:00+00:00,2024-03-01 06:18:00+00:00,5.91000000000713,0.0,2.6,0.25,0,False,True
2024-03-01,2024-03-01 17:16:00+00:00,2024-03-02 06:15:00+00:00,9.089999999981956,0.0,3.36,0.5,0,False,True
2024-03-02,2024-03-02 17:18:00+00:00,2024-03-03 06:13:00+00:00,28.780000000013388,0.0,13.92,2.25,0,True,True
2024-03-03,2024-03-03 17:20:00+00:00,2024-03-04 06:11:00+00:00,5.67000000000553,0.0,2.8,0.5,0,False,True
2024-03-04,2024-03-04 17:21:00+00:00,2024-03-05 06:09:00+00:00,8.21000000002823,0.0,2.48,1.25,0,False,True
2024-03-05,2024-03-05 17:23:00+00:00,2024-03-06 06:06:00+00:00,9.140000000006694,0.0,3.44,0.5,0,False,True
2024-03-06,2024-03-06 17:25:00+00:00,2024-03-07 06:04:00+00:00,7.790000000011787,0.0,2.12,0.25,0,False,True
2024-03-07,2024-03-07 17:27:00+00:00,2024-03-08 06:02:00+00:00,4.400000000005093,0.0,1.04,0.0,0,False,True
2024-03-08,2024-03-08 17:29:00+00:00,2024-03-09 06:00:00+00:00,10.939999999987776,0.0,3.04,1.0,0,False,True
2024-03-09,2024-03-09 17:31:00+00:00,2024-03-10 05:57:00+00:00,6.520000000000437,0.0,2.28,0.25,0,False,True
2024-03-10,2024-03-10 17:32:00+00:00,2024-03-11 05:55:00+00:00,6.470000000001164,0.0,2.36,0.5,0,False,True
2024-03-11,2024-03-11 17:34:00+00:00,2024-03-12 05:53:00+00:00,7.290000000004511,0.0,9.48,0.25,0,False,True
2024-03-12,2024-03-12 17:36:00+00:00,2024-03-13 05:50:00+00:00,11.170000000009168,0.0,2.8,1.75,0,False,True
2024-03-13,2024-03-13 17:38:00+00:00,2024-03-14 05:48:00+00:00,2.9800000000213913,0.0,0.48,0.0,0,False,True
2024-03-14,2024-03-14 17:40:00+00:00,2024-03-15 05:46:00+00:00,5.320000000010623,0.0,2.4,0.25,0,False,True
2024-03-15,2024-03-15 17:41:00+00:00,2024-03-16 05:44:00+00:00,5.880000000011933,0.0,3.52,0.25,0,False,True
2024-03-16,2024-03-16 17:43:00+00:00,2024-03-17 05:41:00+00:00,5.660000000010768,0.0,2.0,0.0,0,False,True
2024-03-17,2024-03-17 17:45:00+00:00,2024-03-18 05:39:00+00:00,4.260000000009313,0.0,1.92,0.0,0,False,True
2024-03-18,2024-03-18 17:47:00+00:00,2024-03-19 05:37:00+00:00,4.660000000018044,0.0,2.08,0.25,0,False,True
2024-03-19,2024-03-19 17:49:00+00:00,2024-03-20 05:34:00+00:00,4.870000000009895,0.0,2.88,0.25,0,False,True
2024-03-20,2024-03-20 17:50:00+00:00,2024-03-21 05:32:00+00:00,8.670000000009168,0.0,2.32,0.5,0,False,True
2024-03-21,2024-03-21 17:52:00+00:00,2024-03-22 05:30:00+00:00,12.060000000008586,0.0,12.0,0.75,0,False,True
2024-03-22,2024-03-22 17:54:00+00:00,2024-03-23 05:27:00+00:00,19.0,0.0,11.64,1.5,0,False,True
2024-03-23,2024-03-23 17:56:00+00:00,2024-03-24 05:25:00+00:00,9.020000000014988,0.0,3.16,0.5,0,False,True
2024-03-24,2024-03-24 17:57:00+00:00,2024-03-25 05:23:00+00:00,7.629999999997381,0.0,1.72,0.0,0,False,True
2024-03-25,2024-03-25 17:59:00+00:00,2024-03-26 05:20:00+00:00,4.510000000002037,0.0,2.0,0.0,0,False,True
2024-03-26,2024-03-26 18:01:00+00:00,2024-03-27 05:18:00+00:00,6.03000000000975,0.0,2.24,0.25,0,False,True
2024-03-27,2024-03-27 18:03:00+00:00,2024-03-28 05:16:00+00:00,6.010000000020227,0.0,2.32,0.25,0,False,True
2024-03-28,2024-03-28 18:04:00+00:00,2024-03-29 05:13:00+00:00,21.620000000009895,0.0,12.24,2.0,0,True,True
2024-03-29,2024-03-29 18:06:00+00:00,2024-03-30 05:11:00+00:00,6.280000000002474,0.0,1.72,0.0,0,False,True
2024-03-30,2024-03-30 18:08:00+00:00,2024-03-31 05:09:00+00:00,9.130000000004657,0.0,2.44,0.75,0,False,True
2024-03-31,2024-03-31 18:10:00+00:00,2024-04-01 05:07:00+00:00,5.239999999994325,0.0,1.52,0.0,0,False,True
2024-04-01,2024-04-01 18:11:00+00:00,2024-04-02 05:04:00+00:00,10.819999999992433,0.0,3.12,1.0,0,False,True
2024-04-02,2024-04-02 18:13:00+00:00,2024-04-03 05:02:00+00:00,5.980000000010477,0.0,1.88,0.0,0,False,True
2024-04-03,2024-04-03 18:15:00+00:00,2024-04-04 05:00:00+00:00,4.460000000013679,0.0,1.64,0.0,0,False,True
2024-04-04,2024-04-04 18:17:00+00:00,2024-04-05 04:57:00+00:00,5.600000000005821,0.0,1.72,0.0,0,False,True
2024-04-05,2024-04-05 18:18:00+00:00,2024-04-06 04:55:00+00:00,6.300000000017462,0.0,4.52,0.5,0,False,True
2024-04-06,2024-04-06 18:20:00+00:00,2024-04-07 04:53:00+00:00,7.320000000006985,0.0,3.8,1.0,0,False,True
2024-04-07,2024-04-07 18:22:00+00:00,2024-04-08 04:51:00+00:00,8.479999999985012,0.0,2.56,0.5,0,False,True
2024-04-08,2024-04-08 18:24:00+00:00,2024-04-09 04:49:00+00:00,5.94000000001688,0.0,3.84,0.25,0,False,True
2024-04-09,2024-04-09 18:25:00+00:00,2024-04-10 04:46:00+00:00,6.140000000010332,0.0,3.92,1.0,0,False,True
2024-04-10,2024-04-10 18:27:00+00:00,2024-04-11 04:44:00+00:00,4.940000000009604,0.0,2.2,0.25,0,False,True
2024-04-11,2024-04-11 18:29:00+00:00,2024-04-12 04:42:00+00:00,4.7700000000040745,0.0,1.68,0.0,0,False,True
2024-04-12,2024-04-12 18:30:00+00:00,2024-04-13 04:40:00+00:00,5.279999999980646,0.0,1.64,0.0,0,False,True
2024-04-13,2024-04-13 18:32:00+00:00,2024-04-14 04:38:00+00:00,10.28999999998996,0.0,3.68,1.0,0,False,True
2024-04-14,2024-04-14 18:34:00+00:00,2024-04-15 04:35:00+00:00,6.170000000009168,0.0,2.6,0.5,0,False,True
2024-04-15,2024-04-15 18:36:00+00:00,2024-04-16 04:33:00+00:00,4.470000000001164,0.0,1.92,0.0,0,False,True
2024-04-16,2024-04-16 18:37:00+00:00,2024-04-17 04:31:00+00:00,6.970000000015716,0.0,3.0,0.75,0,False,True
2024-04-17,2024-04-17 18:39:00+00:00,2024-04-18 04:29:00+00:00,5.540000000015425,0.0,3.56,0.5,0,False,True
2024-04-18,2024-04-18 18:41:00+00:00,2024-04-19 04:27:00+00:00,3.830000000009022,0.0,1.84,0.0,0,False,True
2024-04-19,2024-04-19 18:42:00+00:00,2024-04-20 04:25:00+00:00,23.85000000000582,0.0,3.92,7.75,0,True,True
2024-04-20,2024-04-20 18:44:00+00:00,2024-04-21 04:23:00+00:00,5.650000000019645,0.0,1.68,0.0,0,False,True
2024-04-21,2024-04-21 18:46:00+00:00,2024-04-22 04:21:00+00:00,4.510000000012951,0.0,2.24,0.5,0,False,True
2024-04-22,2024-04-22 18:48:00+00:00,2024-04-23 04:19:00+00:00,6.100000000009459,0.0,3.28,1.0,0,False,True
2024-04-23,2024-04-23 18:49:00+00:00,2024-04-24 04:17:00+00:00,6.0200000000149885,0.0,3.04,0.75,0,False,True
2024-04-24,2024-04-24 18:51:00+00:00,2024-04-25 04:15:00+00:00,8.150000000016007,0.0,4.16,1.75,0,False,True
2024-04-25,2024-04-25 18:53:00+00:00,2024-04-26 04:13:00+00:00,3.8800000000082946,0.0,1.2,0.0,0,False,True
2024-04-26,2024-04-26 18:54:00+00:00,2024-04-27 04:11:00+00:00,8.189999999987776,0.0,3.8,1.0,0,False,True
2024-04-27,2024-04-27 18:56:00+00:00,2024-04-28 04:09:00+00:00,5.699999999993452,0.0,1.96,0.0,0,False,True
2024-04-28,2024-04-28 18:58:00+00:00,2024-04-29 04:07:00+00:00,28.03000000002794,0.0,5.04,9.25,0,True,True
2024-04-29,2024-04-29 18:59:00+00:00,2024-04-30 04:05:00+00:00,5.599999999987631,0.0,2.48,0.25,0,False,True
2024-04-30,2024-04-30 19:01:00+00:00,2024-05-01 04:03:00+00:00,5.360000000000582,0.0,1.68,0.0,0,False,True
2024-05-01,2024-05-01 19:03:00+00:00,2024-05-02 04:01:00+00:00,5.910000000014406,0.0,1.72,0.0,0,False,True
2024-05-02,2024-05-02 19:04:00+00:00,2024-05-03 03:59:00+00:00,5.959999999995489,0.0,1.56,0.0,0,False,True
2024-05-03,2024-05-03 19:06:00+00:00,2024-05-04 03:57:00+00:00,2.250000000007276,0.0,1.24,0.0,0,False,True
2024-05-04,2024-05-04 19:08:00+00:00,2024-05-05 03:56:00+00:00,2.2400000000052387,0.0,1.2,0.0,0,False,True
2024-05-05,2024-05-05 19:09:00+00:00,2024-05-06 03:54:00+00:00,3.470000000001164,0.0,1.28,0.0,0,False,True
2024-05-06,2024-05-06 19:11:00+00:00,2024-05-07 03:52:00+00:00,2.2600000000056752,0.0,1.2,0.0,0,False,True
2024-05-07,2024-05-07 19:13:00+00:00,2024-05-08 03:50:00+00:00,2.3299999999981083,0.0,1.12,0.0,0,False,True
2024-05-08,2024-05-08 19:14:00+00:00,2024-05-09 03:49:00+00:00,7.32999999999447,0.0,4.44,0.5,0,False,True
2024-05-09,2024-05-09 19:16:00+00:00,2024-05-10 03:47:00+00:00,5.270000000000437,0.0,2.36,0.25,0,False,True
2024-05-10,2024-05-10 19:17:00+00:00,2024-05-11 03:46:00+00:00,5.19999999999709,0.0,2.04,0.25,0,False,True
2024-05-11,2024-05-11 19:19:00+00:00,2024-05-12 03:44:00+00:00,4.479999999999563,0.0,1.72,0.0,0,False,True
2024-05-12,2024-05-12 19:20:00+00:00,2024-05-13 03:42:00+00:00,6.030000000002474,0.0,3.6,0.75,0,False,True
2024-05-13,2024-05-13 19:22:00+00:00,2024-05-14 03:41:00+00:00,8.5099999999984,0.0,3.72,1.25,0,False,True
2024-05-14,2024-05-14 19:24:00+00:00,2024-05-15 03:39:00+00:00,3.140000000006694,0.0,1.16,0.0,0,False,True
2024-05-15,2024-05-15 19:25:00+00:00,2024-05-16 03:38:00+00:00,3.470000000001164,0.0,1.88,0.0,0,False,True
2024-05-16,2024-05-16 19:27:00+00:00,2024-05-17 03:37:00+00:00,1.9700000000048021,0.0,0.48,0.0,0,False,True
2024-05-17,2024-05-17 19:28:00+00:00,2024-05-18 03:35:00+00:00,5.899999999986903,0.0,2.0,0.0,0,False,True
2024-05-18,2024-05-18 19:29:00+00:00,2024-05-19 03:34:00+00:00,1.97000000000844,0.0,0.44,0.0,0,False,True
2024-05-19,2024-05-19 19:31:00+00:00,2024-05-20 03:33:00+00:00,2.1899999999950523,0.0,0.8,0.0,0,False,True
2024-05-20,2024-05-20 19:32:00+00:00,2024-05-21 03:31:00+00:00,3.6899999999877764,0.0,0.88,0.0,0,False,True
2024-05-21,2024-05-21 19:34:00+00:00,2024-05-22 03:30:00+00:00,1.860000000007858,0.0,0.36,0.0,0,False,True
2024-05-22,2024-05-22 19:35:00+00:00,2024-05-23 03:29:00+00:00,1.860000000000582,0.0,0.4,0.0,0,False,True
2024-05-23,2024-05-23 19:36:00+00:00,2024-05-24 03:28:00+00:00,1.7100000000064028,0.0,0.32,0.0,0,False,True
2024-05-24,2024-05-24 19:38:00+00:00,2024-05-25 03:27:00+00:00,4.219999999993888,0.0,1.16,0.0,0,False,True
2024-05-25,2024-05-25 19:39:00+00:00,2024-05-26 03:25:00+00:00,2.830000000009022,0.0,0.6,0.0,0,False,True
2024-05-26,2024-05-26 19:40:00+00:00,2024-05-27 03:24:00+00:00,3.6899999999950523,0.0,0.76,0.0,0,False,True
2024-05-27,2024-05-27 19:41:00+00:00,2024-05-28 03:23:00+00:00,2.08000000001266,0.0,0.48,0.0,0,False,True
2024-05-28,2024-05-28 19:43:00+00:00,2024-05-29 03:23:00+00:00,3.040000000008149,0.0,1.68,0.0,0,False,True
2024-05-29,2024-05-29 19:44:00+00:00,2024-05-30 03:22:00+00:00,5.100000000005821,0.0,2.36,0.25,0,False,True
2024-05-30,2024-05-30 19:45:00+00:00,2024-05-31 03:21:00+00:00,2.53000000000975,0.0,1.28,0.0,0,False,True
2024-05-31,2024-05-31 19:46:00+00:00,2024-06-01 03:20:00+00:00,2.040000000015425,0.0,0.48,0.0,0,False,True
2024-06-01,2024-06-01 19:47:00+00:00,2024-06-02 03:19:00+00:00,3.1600000000144064,0.0,1.8,0.0,0,False,True
2024-06-02,2024-06-02 19:48:00+00:00,2024-06-03 03:19:00+00:00,2.680000000018481,0.0,1.48,0.0,0,False,True
2024-06-03,2024-06-03 19:49:00+00:00,2024-06-04 03:18:00+00:00,1.720000000012078,0.0,0.32,0.0,0,False,True
2024-06-04,2024-06-04 19:50:00+00:00,2024-06-05 03:17:00+00:00,2.9200000000091677,0.0,1.6,0.0,0,False,True
2024-06-05,2024-06-05 19:51:00+00:00,2024-06-06 03:17:00+00:00,3.8800000000264845,0.0,2.36,0.25,0,False,True
2024-06-06,2024-06-06 19:52:00+00:00,2024-06-07 03:16:00+00:00,1.6999999999970896,0.0,0.4,0.0,0,False,True
2024-06-07,2024-06-07 19:53:00+00:00,2024-06-08 03:16:00+00:00,2.9100000000216824,0.0,1.68,0.0,0,False,True
2024-06-08,2024-06-08 19:53:00+00:00,2024-06-09 03:15:00+00:00,2.820000000010623,0.0,1.44,0.0,0,False,True
2024-06-09,2024-06-09 19:54:00+00:00,2024-06-10 03:15:00+00:00,2.0500000000065484,0.0,0.92,0.0,0,False,True
2024-06-10,2024-06-10 19:55:00+00:00,2024-06-11 03:15:00+00:00,2.000000000014552,0.0,0.96,0.0,0,False,True
2024-06-11,2024-06-11 19:56:00+00:00,2024-06-12 03:14:00+00:00,2.900000000008731,0.0,1.68,0.0,0,False,True
2024-06-12,2024-06-12 19:56:00+00:00,2024-06-13 03:14:00+00:00,5.920000000009168,0.0,2.64,0.75,0,False,True
2024-06-13,2024-06-13 19:57:00+00:00,2024-06-14 03:14:00+00:00,1.930000000000291,0.0,0.52,0.0,0,False,True
2024-06-14,2024-06-14 19:57:00+00:00,2024-06-15 03:14:00+00:00,34.55000000000291,0.0,11.56,3.25,0,True,True
2024-06-15,2024-06-15 19:58:00+00:00,2024-06-16 03:14:00+00:00,1.4799999999922875,0.0,0.28,0.0,0,False,True
2024-06-16,2024-06-16 19:58:00+00:00,2024-06-17 03:14:00+00:00,1.72000000000844,0.0,0.4,0.0,0,False,True
2024-06-17,2024-06-17 19:58:00+00:00,2024-06-18 03:14:00+00:00,1.9600000000209548,0.0,0.36,0.0,0,False,True
2024-06-18,2024-06-18 19:59:00+00:00,2024-06-19 03:14:00+00:00,1.8500000000058208,0.0,0.36,0.0,0,False,True
2024-06-19,2024-06-19 19:59:00+00:00,2024-06-20 03:14:00+00:00,3.7300000000032014,0.0,2.12,0.25,0,False,True
2024-06-20,2024-06-20 19:59:00+00:00,2024-06-21 03:14:00+00:00,2.1700000000164437,0.0,0.88,0.0,0,False,True
2024-06-21,2024-06-21 19:59:00+00:00,2024-06-22 03:14:00+00:00,2.9900000000088767,0.0,1.64,0.0,0,False,True
2024-06-22,2024-06-22 19:59:00+00:00,2024-06-23 03:15:00+00:00,3.1200000000098953,0.0,1.56,0.0,0,False,True
2024-06-23,2024-06-23 20:00:00+00:00,2024-06-24 03:15:00+00:00,1.8500000000094587,0.0,0.32,0.0,0,False,True
2024-06-24,2024-06-24 20:00:00+00:00,2024-06-25 03:15:00+00:00,3.109999999996944,0.0,1.4,0.0,0,False,True
2024-06-25,2024-06-25 19:59:00+00:00,2024-06-26 03:16:00+00:00,1.860000000015134,0.0,0.4,0.0,0,False,True
2024-06-26,2024-06-26 19:59:00+00:00,2024-06-27 03:16:00+00:00,3.9200000000018917,0.0,1.84,0.0,0,False,True
2024-06-27,2024-06-27 19:59:00+00:00,2024-06-28 03:17:00+00:00,2.280000000002474,0.0,0.68,0.0,0,False,True
2024-06-28,2024-06-28 19:59:00+00:00,2024-06-29 03:17:00+00:00,1.790000000011787,0.0,0.44,0.0,0,False,True
2024-06-29,2024-06-29 19:59:00+00:00,2024-06-30 03:18:00+00:00,3.1900000000132422,0.0,0.96,0.0,0,False,True
2024-06-30,2024-06-30 19:58:00+00:00,2024-07-01 03:19:00+00:00,3.250000000007276,0.0,1.6,0.0,0,False,True
2024-07-01,2024-07-01 19:58:00+00:00,2024-07-02 03:19:00+00:00,2.7300000000068394,0.0,0.52,0.0,0,False,True
2024-07-02,2024-07-02 19:58:00+00:00,2024-07-03 03:20:00+00:00,1.7200000000048021,0.0,0.44,0.0,0,False,True
2024-07-03,2024-07-03 19:57:00+00:00,2024-07-04 03:21:00+00:00,1.4900000000088767,0.0,0.32,0.0,0,False,True
2024-07-04,2024-07-04 19:57:00+00:00,2024-07-05 03:22:00+00:00,6.380000000001019,0.0,10.44,0.5,0,False,True
2024-07-05,2024-07-05 19:56:00+00:00,2024-07-06 03:23:00+00:00,2.820000000006985,0.0,1.0,0.0,0,False,True
2024-07-06,2024-07-06 19:55:00+00:00,2024-07-07 03:24:00+00:00,5.049999999999272,0.0,2.04,0.25,0,False,True
2024-07-07,2024-07-07 19:55:00+00:00,2024-07-08 03:25:00+00:00,3.3400000000146974,0.0,1.6,0.0,0,False,True
2024-07-08,2024-07-08 19:54:00+00:00,2024-07-09 03:26:00+00:00,2.070000000006985,0.0,0.84,0.0,0,False,True
2024-07-09,2024-07-09 19:53:00+00:00,2024-07-10 03:27:00+00:00,3.5900000000001455,0.0,1.6,0.0,0,False,True
2024-07-10,2024-07-10 19:52:00+00:00,2024-07-11 03:28:00+00:00,2.3700000000171713,0.0,1.32,0.0,0,False,True
2024-07-11,2024-07-11 19:52:00+00:00,2024-07-12 03:29:00+00:00,1.9600000000027649,0.0,0.84,0.0,0,False,True
2024-07-12,2024-07-12 19:51:00+00:00,2024-07-13 03:30:00+00:00,18.35000000000582,0.0,10.84,1.75,0,False,True
2024-07-13,2024-07-13 19:50:00+00:00,2024-07-14 03:31:00+00:00,2.830000000016298,0.0,1.8,0.0,0,False,True
2024-07-14,2024-07-14 19:49:00+00:00,2024-07-15 03:32:00+00:00,3.83000000001266,0.0,1.84,0.0,0,False,True
2024-07-15,2024-07-15 19:48:00+00:00,2024-07-16 03:33:00+00:00,5.140000000010332,0.0,3.2,0.5,0,False,True
2024-07-16,2024-07-16 19:47:00+00:00,2024-07-17 03:34:00+00:00,3.2000000000080036,0.0,2.4,0.25,0,False,True
2024-07-17,2024-07-17 19:45:00+00:00,2024-07-18 03:36:00+00:00,4.399999999997817,0.0,2.04,0.25,0,False,True
2024-07-18,2024-07-18 19:44:00+00:00,2024-07-19 03:37:00+00:00,4.6599999999998545,0.0,1.16,0.0,0,False,True
2024-07-19,2024-07-19 19:43:00+00:00,2024-07-20 03:38:00+00:00,6.100000000009459,0.0,1.88,0.0,0,False,True
2024-07-20,2024-07-20 19:42:00+00:00,2024-07-21 03:40:00+00:00,6.010000000009313,0.0,2.04,0.25,0,False,True
2024-07-21,2024-07-21 19:40:00+00:00,2024-07-22 03:41:00+00:00,7.460000000002765,0.0,2.52,0.5,0,False,True
2024-07-22,2024-07-22 19:39:00+00:00,2024-07-23 03:42:00+00:00,20.770000000018626,0.0,12.24,1.5,0,False,True
2024-07-23,2024-07-23 19:38:00+00:00,2024-07-24 03:44:00+00:00,4.399999999994179,0.0,1.68,0.0,0,False,True
2024-07-24,2024-07-24 19:36:00+00:00,2024-07-25 03:45:00+00:00,44.22000000001208,0.0,11.88,4.0,0,True,True
2024-07-25,2024-07-25 19:35:00+00:00,2024-07-26 03:46:00+00:00,3.890000000003056,0.0,1.12,0.0,0,False,True
2024-07-26,2024-07-26 19:33:00+00:00,2024-07-27 03:48:00+00:00,4.529999999998836,0.0,1.92,0.0,0,False,True
2024-07-27,2024-07-27 19:32:00+00:00,2024-07-28 03:49:00+00:00,4.049999999999272,0.0,0.8,0.0,0,False,True
2024-07-28,2024-07-28 19:30:00+00:00,2024-07-29 03:51:00+00:00,2.010000000016589,0.0,0.32,0.0,0,False,True
2024-07-29,2024-07-29 19:29:00+00:00,2024-07-30 03:52:00+00:00,1.9200000000018917,0.0,0.36,0.0,0,False,True
2024-07-30,2024-07-30 19:27:00+00:00,2024-07-31 03:54:00+00:00,5.64000000001397,0.0,1.2,0.0,0,False,True
2024-07-31,2024-07-31 19:25:00+00:00,2024-08-01 03:55:00+00:00,3.2700000000077125,0.0,0.64,0.0,0,False,True
2024-08-01,2024-08-01 19:24:00+00:00,2024-08-02 03:57:00+00:00,1.8900000000066939,0.0,0.32,0.0,0,False,True
2024-08-02,2024-08-02 19:22:00+00:00,2024-08-03 03:58:00+00:00,5.090000000014697,0.0,0.68,0.0,0,False,True
2024-08-03,2024-08-03 19:20:00+00:00,2024-08-04 04:00:00+00:00,4.550000000006548,0.0,0.56,0.0,0,False,True
2024-08-04,2024-08-04 19:19:00+00:00,2024-08-05 04:01:00+00:00,3.930000000000291,0.0,0.6,0.0,0,False,True
2024-08-05,2024-08-05 19:17:00+00:00,2024-08-06 04:03:00+00:00,4.329999999998108,0.0,1.12,0.0,0,False,True
2024-08-06,2024-08-06 19:15:00+00:00,2024-08-07 04:04:00+00:00,4.570000000006985,0.0,1.8,0.0,0,False,True
2024-08-07,2024-08-07 19:13:00+00:00,2024-08-08 04:06:00+00:00,6.320000000006985,0.0,1.8,0.0,0,False,True
2024-08-08,2024-08-08 19:11:00+00:00,2024-08-09 04:08:00+00:00,4.780000000006112,0.0,1.12,0.0,0,False,True
2024-08-09,2024-08-09 19:09:00+00:00,2024-08-10 04:09:00+00:00,3.290000000004511,0.0,0.6,0.0,0,False,True
2024-08-10,2024-08-10 19:07:00+00:00,2024-08-11 04:11:00+00:00,8.269999999985885,0.0,1.84,0.0,0,False,True
2024-08-11,2024-08-11 19:05:00+00:00,2024-08-12 04:12:00+00:00,5.11000000000422,0.0,0.96,0.0,0,False,True
2024-08-12,2024-08-12 19:03:00+00:00,2024-08-13 04:14:00+00:00,6.3399999999965075,0.0,1.32,0.0,0,False,True
2024-08-13,2024-08-13 19:02:00+00:00,2024-08-14 04:15:00+00:00,6.369999999991705,0.0,1.0,0.0,0,False,True
2024-08-14,2024-08-14 18:59:00+00:00,2024-08-15 04:17:00+00:00,6.519999999996799,0.0,1.04,0.0,0,False,True
2024-08-15,2024-08-15 18:57:00+00:00,2024-08-16 04:19:00+00:00,5.63999999999578,0.0,2.64,0.25,0,False,True
2024-08-16,2024-08-16 18:55:00+00:00,2024-08-17 04:20:00+00:00,5.539999999993597,0.0,1.6,0.0,0,False,True
2024-08-17,2024-08-17 18:53:00+00:00,2024-08-18 04:22:00+00:00,4.929999999993015,0.0,1.84,0.0,0,False,True
2024-08-18,2024-08-18 18:51:00+00:00,2024-08-19 04:23:00+00:00,6.4100000000034925,0.0,2.52,0.5,0,False,True
2024-08-19,2024-08-19 18:49:00+00:00,2024-08-20 04:25:00+00:00,5.390000000003056,0.0,1.92,0.0,0,False,True
2024-08-20,2024-08-20 18:47:00+00:00,2024-08-21 04:27:00+00:00,4.27999999999156,0.0,1.52,0.0,0,False,True
2024-08-21,2024-08-21 18:45:00+00:00,2024-08-22 04:28:00+00:00,5.859999999993306,0.0,2.44,0.25,0,False,True
2024-08-22,2024-08-22 18:43:00+00:00,2024-08-23 04:30:00+00:00,4.890000000010332,0.0,1.72,0.0,0,False,True
2024-08-23,2024-08-23 18:41:00+00:00,2024-08-24 04:32:00+00:00,9.450000000008004,0.0,3.12,1.0,0,False,True
2024-08-24,2024-08-24 18:38:00+00:00,2024-08-25 04:33:00+00:00,2.8800000000228465,0.0,0.48,0.0,0,False,True
2024-08-25,2024-08-25 18:36:00+00:00,2024-08-26 04:35:00+00:00,6.430000000007567,0.0,1.72,0.0,0,False,True
2024-08-26,2024-08-26 18:34:00+00:00,2024-08-27 04:36:00+00:00,3.8000000000174623,0.0,1.8,0.0,0,False,True
2024-08-27,2024-08-27 18:32:00+00:00,2024-08-28 04:38:00+00:00,3.39000000001397,0.0,1.12,0.0,0,False,True
2024-08-28,2024-08-28 18:30:00+00:00,2024-08-29 04:40:00+00:00,6.120000000013533,0.0,1.96,0.0,0,False,True
2024-08-29,2024-08-29 18:27:00+00:00,2024-08-30 04:41:00+00:00,6.72000000000844,0.0,2.2,0.25,0,False,True
2024-08-30,2024-08-30 18:25:00+00:00,2024-08-31 04:43:00+00:00,7.490000000001601,0.0,8.36,0.5,0,False,True
2024-08-31,2024-08-31 18:23:00+00:00,2024-09-01 04:44:00+00:00,6.070000000003347,0.0,0.68,0.0,0,False,True
2024-09-01,2024-09-01 18:21:00+00:00,2024-09-02 04:46:00+00:00,7.299999999999272,0.0,1.84,0.0,0,False,True
2024-09-02,2024-09-02 18:18:00+00:00,2024-09-03 04:48:00+00:00,7.30000000000291,0.0,2.44,0.5,0,False,True
2024-09-03,2024-09-03 18:16:00+00:00,2024-09-04 04:49:00+00:00,3.28000000000975,0.0,1.8,0.0,0,False,True
2024-09-04,2024-09-04 18:14:00+00:00,2024-09-05 04:51:00+00:00,5.890000000010332,0.0,3.04,0.5,0,False,True
2024-09-05,2024-09-05 18:11:00+00:00,2024-09-06 04:53:00+00:00,7.19000000001688,0.0,2.48,0.5,0,False,True
2024-09-06,2024-09-06 18:09:00+00:00,2024-09-07 04:54:00+00:00,4.550000000017462,0.0,2.52,0.25,0,False,True
2024-09-07,2024-09-07 18:07:00+00:00,2024-09-08 04:56:00+00:00,7.150000000008731,0.0,2.56,0.25,0,False,True
2024-09-08,2024-09-08 18:04:00+00:00,2024-09-09 04:58:00+00:00,2.680000000007567,0.0,0.92,0.0,0,False,True
2024-09-09,2024-09-09 18:02:00+00:00,2024-09-10 04:59:00+00:00,4.360000000000582,0.0,1.84,0.0,0,False,True
2024-09-10,2024-09-10 18:00:00+00:00,2024-09-11 05:01:00+00:00,4.510000000009313,0.0,1.64,0.0,0,False,True
2024-09-11,2024-09-11 17:57:00+00:00,2024-09-12 05:02:00+00:00,4.710000000006403,0.0,1.8,0.0,0,False,True
2024-09-12,2024-09-12 17:55:00+00:00,2024-09-13 05:04:00+00:00,4.820000000025175,0.0,2.2,0.25,0,False,True
2024-09-13,2024-09-13 17:53:00+00:00,2024-09-14 05:06:00+00:00,4.040000000022701,0.0,1.52,0.0,0,False,True
2024-09-14,2024-09-14 17:50:00+00:00,2024-09-15 05:07:00+00:00,4.3800000000192085,0.0,1.88,0.0,0,False,True
2024-09-15,2024-09-15 17:48:00+00:00,2024-09-16 05:09:00+00:00,8.160000000003492,0.0,3.28,1.75,0,False,True
2024-09-16,2024-09-16 17:46:00+00:00,2024-09-17 05:11:00+00:00,3.8700000000026193,0.0,1.52,0.0,0,False,True
2024-09-17,2024-09-17 17:43:00+00:00,2024-09-18 05:12:00+00:00,3.6700000000091677,0.0,1.92,0.0,0,False,True
2024-09-18,2024-09-18 17:41:00+00:00,2024-09-19 05:14:00+00:00,6.759999999998399,0.0,3.16,1.0,0,False,True
2024-09-19,2024-09-19 17:39:00+00:00,2024-09-20 05:16:00+00:00,3.8400000000110595,0.0,2.48,0.25,0,False,True
2024-09-20,2024-09-20 17:36:00+00:00,2024-09-21 05:17:00+00:00,4.47000000000844,0.0,1.56,0.0,0,False,True
2024-09-21,2024-09-21 17:34:00+00:00,2024-09-22 05:19:00+00:00,2.5100000000056752,0.0,0.36,0.0,0,False,True
2024-09-22,2024-09-22 17:31:00+00:00,2024-09-23 05:21:00+00:00,3.040000000015425,0.0,0.64,0.0,0,False,True
2024-09-23,2024-09-23 17:29:00+00:00,2024-09-24 05:22:00+00:00,4.349999999998545,0.0,2.04,0.25,0,False,True
2024-09-24,2024-09-24 17:27:00+00:00,2024-09-25 05:24:00+00:00,4.280000000006112,0.0,1.84,0.0,0,False,True
2024-09-25,2024-09-25 17:24:00+00:00,2024-09-26 05:26:00+00:00,6.7000000000189175,0.0,2.6,0.25,0,False,True
2024-09-26,2024-09-26 17:22:00+00:00,2024-09-27 05:27:00+00:00,4.100000000013097,0.0,0.92,0.0,0,False,True
2024-09-27,2024-09-27 17:20:00+00:00,2024-09-28 05:29:00+00:00,5.930000000007567,0.0,2.08,0.25,0,False,True
2024-09-28,2024-09-28 17:17:00+00:00,2024-09-29 05:31:00+00:00,2.680000000003929,0.0,0.32,0.0,0,False,True
2024-09-29,2024-09-29 17:15:00+00:00,2024-09-30 05:32:00+00:00,7.140000000006694,0.0,2.92,0.25,0,False,True
2024-09-30,2024-09-30 17:13:00+00:00,2024-10-01 05:34:00+00:00,3.3900000000285218,0.0,0.56,0.0,0,False,True
2024-10-01,2024-10-01 17:10:00+00:00,2024-10-02 05:36:00+00:00,4.58000000001266,0.0,1.64,0.0,0,False,True
2024-10-02,2024-10-02 17:08:00+00:00,2024-10-03 05:37:00+00:00,3.960000000013679,0.0,1.96,0.0,0,False,True
2024-10-03,2024-10-03 17:06:00+00:00,2024-10-04 05:39:00+00:00,3.720000000019354,0.0,1.84,0.0,0,False,True
2024-10-04,2024-10-04 17:03:00+00:00,2024-10-05 05:41:00+00:00,3.7400000000052387,0.0,1.68,0.0,0,False,True
2024-10-05,2024-10-05 17:01:00+00:00,2024-10-06 05:43:00+00:00,6.9500000000080036,0.0,2.44,0.75,0,False,True
2024-10-06,2024-10-06 16:59:00+00:00,2024-10-07 05:44:00+00:00,7.990000000008877,0.0,2.96,0.75,0,False,True
2024-10-07,2024-10-07 16:56:00+00:00,2024-10-08 05:46:00+00:00,4.800000000010186,0.0,1.48,0.0,0,False,True
2024-10-08,2024-10-08 16:54:00+00:00,2024-10-09 05:48:00+00:00,4.580000000019936,0.0,1.52,0.0,0,False,True
2024-10-09,2024-10-09 16:52:00+00:00,2024-10-10 05:50:00+00:00,7.130000000011933,0.0,2.84,0.5,0,False,True
2024-10-10,2024-10-10 16:49:00+00:00,2024-10-11 05:51:00+00:00,6.300000000010186,0.0,4.6,0.25,0,False,True
2024-10-11,2024-10-11 16:47:00+00:00,2024-10-12 05:53:00+00:00,3.7600000000093132,0.0,0.6,0.0,0,False,True
2024-10-12,2024-10-12 16:45:00+00:00,2024-10-13 05:55:00+00:00,15.450000000008004,0.0,10.48,1.25,0,False,True
2024-10-13,2024-10-13 16:43:00+00:00,2024-10-14 05:57:00+00:00,5.9500000000080036,0.0,2.16,0.25,0,False,True
2024-10-14,2024-10-14 16:40:00+00:00,2024-10-15 05:58:00+00:00,7.6599999999998545,0.0,2.96,0.25,0,False,True
2024-10-15,2024-10-15 16:38:00+00:00,2024-10-16 06:00:00+00:00,6.500000000010914,0.0,2.52,0.25,0,False,True
2024-10-16,2024-10-16 16:36:00+00:00,2024-10-17 06:02:00+00:00,8.98000000002503,0.0,3.16,0.5,0,False,True
2024-10-17,2024-10-17 16:34:00+00:00,2024-10-18 06:04:00+00:00,9.870000000009895,0.0,2.32,0.5,0,False,True
2024-10-18,2024-10-18 16:32:00+00:00,2024-10-19 06:06:00+00:00,8.939999999991414,0.0,2.48,0.75,0,False,True
2024-10-19,2024-10-19 16:30:00+00:00,2024-10-20 06:07:00+00:00,7.440000000009604,0.0,2.96,0.75,0,False,True
2024-10-20,2024-10-20 16:27:00+00:00,2024-10-21 06:09:00+00:00,3.790000000026339,0.0,1.12,0.0,0,False,True
2024-10-21,2024-10-21 16:25:00+00:00,2024-10-22 06:11:00+00:00,8.320000000025175,0.0,5.92,0.5,0,False,True
2024-10-22,2024-10-22 16:23:00+00:00,2024-10-23 06:13:00+00:00,5.800000000013824,0.0,1.64,0.0,0,False,True
2024-10-23,2024-10-23 16:21:00+00:00,2024-10-24 06:15:00+00:00,7.470000000004802,0.0,2.24,0.25,0,False,True
2024-10-24,2024-10-24 16:19:00+00:00,2024-10-25 06:17:00+00:00,6.010000000005675,0.0,1.16,0.0,0,False,True
2024-10-25,2024-10-25 16:17:00+00:00,2024-10-26 06:18:00+00:00,6.14000000001397,0.0,2.04,0.25,0,False,True
2024-10-26,2024-10-26 16:15:00+00:00,2024-10-27 06:20:00+00:00,6.510000000005675,0.0,2.0,0.0,0,False,True
2024-10-27,2024-10-27 16:13:00+00:00,2024-10-28 06:22:00+00:00,9.0,0.0,2.16,0.25,0,False,True
2024-10-28,2024-10-28 16:11:00+00:00,2024-10-29 06:24:00+00:00,8.920000000012806,0.0,3.24,0.75,0,False,True
2024-10-29,2024-10-29 16:09:00+00:00,2024-10-30 06:26:00+00:00,5.210000000006403,0.0,1.4,0.0,0,False,True
2024-10-30,2024-10-30 16:07:00+00:00,2024-10-31 06:28:00+00:00,14.599999999998545,0.0,4.12,2.75,0,True,True
2024-10-31,2024-10-31 16:05:00+00:00,2024-11-01 06:29:00+00:00,9.070000000017899,0.0,3.72,1.25,0,False,True
2024-11-01,2024-11-01 16:03:00+00:00,2024-11-02 06:31:00+00:00,6.510000000012951,0.0,4.04,0.25,0,False,True
2024-11-02,2024-11-02 16:01:00+00:00,2024-11-03 06:33:00+00:00,7.040000000026339,0.0,3.08,0.25,0,False,True
2024-11-03,2024-11-03 16:00:00+00:00,2024-11-04 06:35:00+00:00,11.87000000000262,0.0,2.56,0.75,0,False,True
2024-11-04,2024-11-04 15:58:00+00:00,2024-11-05 06:37:00+00:00,7.780000000013388,0.0,3.28,0.5,0,False,True
2024-11-05,2024-11-05 15:56:00+00:00,2024-11-06 06:39:00+00:00,5.650000000034197,0.0,2.48,0.25,0,False,True
2024-11-06,2024-11-06 15:54:00+00:00,2024-11-07 06:41:00+00:00,6.000000000029104,0.0,2.6,0.25,0,False,True
2024-11-07,2024-11-07 15:52:00+00:00,2024-11-08 06:42:00+00:00,13.25999999998021,0.0,2.28,0.5,0,False,True
2024-11-08,2024-11-08 15:51:00+00:00,2024-11-09 06:44:00+00:00,14.840000000018335,0.0,10.48,1.5,0,False,True
2024-11-09,2024-11-09 15:49:00+00:00,2024-11-10 06:46:00+00:00,7.880000000004657,0.0,1.92,0.0,0,False,True
2024-11-10,2024-11-10 15:47:00+00:00,2024-11-11 06:48:00+00:00,8.119999999998981,0.0,2.2,0.25,0,False,True
2024-11-11,2024-11-11 15:46:00+00:00,2024-11-12 06:50:00+00:00,8.67000000000553,0.0,2.68,0.25,0,False,True
2024-11-12,2024-11-12 15:44:00+00:00,2024-11-13 06:52:00+00:00,10.07999999997628,0.0,3.48,0.75,0,False,True
2024-11-13,2024-11-13 15:43:00+00:00,2024-11-14 06:53:00+00:00,11.930000000007567,0.0,2.8,0.5,0,False,True
2024-11-14,2024-11-14 15:41:00+00:00,2024-11-15 06:55:00+00:00,4.970000000022992,0.0,0.76,0.0,0,False,True
2024-11-15,2024-11-15 15:40:00+00:00,2024-11-16 06:57:00+00:00,8.910000000014406,0.0,3.08,0.5,0,False,True
2024-11-16,2024-11-16 15:38:00+00:00,2024-11-17 06:59:00+00:00,11.640000000024884,0.0,3.08,0.75,0,False,True
2024-11-17,2024-11-17 15:37:00+00:00,2024-11-18 07:00:00+00:00,6.91000000002532,0.0,2.24,0.25,0,False,True
2024-11-18,2024-11-18 15:36:00+00:00,2024-11-19 07:02:00+00:00,7.680000000011205,0.0,2.16,0.25,0,False,True
2024-11-19,2024-11-19 15:34:00+00:00,2024-11-20 07:04:00+00:00,8.110000000011496,0.0,2.44,0.75,0,False,True
2024-11-20,2024-11-20 15:33:00+00:00,2024-11-21 07:06:00+00:00,25.34000000001106,0.0,11.68,2.5,0,True,True
2024-11-21,2024-11-21 15:32:00+00:00,2024-11-22 07:07:00+00:00,23.340000000014697,0.0,11.84,2.0,0,True,True
2024-11-22,2024-11-22 15:31:00+00:00,2024-11-23 07:09:00+00:00,11.659999999999854,0.0,2.48,1.25,0,False,True
2024-11-23,2024-11-23 15:30:00+00:00,2024-11-24 07:11:00+00:00,10.559999999994034,0.0,1.88,0.0,0,False,True
2024-11-24,2024-11-24 15:29:00+00:00,2024-11-25 07:12:00+00:00,12.360000000018772,0.0,3.2,2.25,0,True,True
2024-11-25,2024-11-25 15:28:00+00:00,2024-11-26 07:14:00+00:00,8.320000000028813,0.0,2.24,0.75,0,False,True
2024-11-26,2024-11-26 15:27:00+00:00,2024-11-27 07:15:00+00:00,9.060000000015862,0.0,2.84,1.0,0,False,True
2024-11-27,2024-11-27 15:26:00+00:00,2024-11-28 07:17:00+00:00,17.10000000002765,0.0,5.52,1.5,0,False,True
2024-11-28,2024-11-28 15:25:00+00:00,2024-11-29 07:19:00+00:00,31.5400000000227,0.0,11.68,2.75,0,True,True
2024-11-29,2024-11-29 15:24:00+00:00,2024-11-30 07:20:00+00:00,4.9500000000225555,0.0,2.0,0.0,0,False,True
2024-11-30,2024-11-30 15:23:00+00:00,2024-12-01 07:21:00+00:00,5.320000000032451,0.0,1.88,0.0,0,False,True
2024-12-01,2024-12-01 15:23:00+00:00,2024-12-02 07:23:00+00:00,8.570000000017899,0.0,2.48,0.25,0,False,True
2024-12-02,2024-12-02 15:22:00+00:00,2024-12-03 07:24:00+00:00,8.12000000002081,0.0,4.32,0.5,0,False,True
2024-12-03,2024-12-03 15:22:00+00:00,2024-12-04 07:26:00+00:00,11.41000000002532,0.0,3.8,1.25,0,False,True
2024-12-04,2024-12-04 15:21:00+00:00,2024-12-05 07:27:00+00:00,13.959999999995489,0.0,2.84,1.25,0,False,True
2024-12-05,2024-12-05 15:21:00+00:00,2024-12-06 07:28:00+00:00,6.030000000024302,0.0,1.88,0.0,0,False,True
2024-12-06,2024-12-06 15:20:00+00:00,2024-12-07 07:29:00+00:00,11.139999999988504,0.0,3.12,0.25,0,False,True
2024-12-07,2024-12-07 15:20:00+00:00,2024-12-08 07:31:00+00:00,12.68000000003667,0.0,3.44,0.5,0,False,True
2024-12-08,2024-12-08 15:20:00+00:00,2024-12-09 07:32:00+00:00,16.480000000028667,0.0,4.24,2.25,0,True,True
2024-12-09,2024-12-09 15:19:00+00:00,2024-12-10 07:33:00+00:00,13.999999999996362,0.0,3.52,1.5,0,False,True
2024-12-10,2024-12-10 15:19:00+00:00,2024-12-11 07:34:00+00:00,45.240000000012515,0.0,12.56,4.0,0,True,True
2024-12-11,2024-12-11 15:19:00+00:00,2024-12-12 07:35:00+00:00,12.530000000002474,0.0,4.84,1.25,0,False,True
2024-12-12,2024-12-12 15:19:00+00:00,2024-12-13 07:36:00+00:00,8.520000000007713,0.0,2.04,0.5,0,False,True
2024-12-13,2024-12-13 15:19:00+00:00,2024-12-14 07:37:00+00:00,18.689999999987776,0.0,4.2,3.25,0,True,True
2024-12-14,2024-12-14 15:19:00+00:00,2024-12-15 07:38:00+00:00,10.120000000017171,0.0,2.24,0.25,0,False,True
2024-12-15,2024-12-15 15:19:00+00:00,2024-12-16 07:38:00+00:00,14.519999999996799,0.0,3.56,0.75,0,False,True
2024-12-16,2024-12-16 15:19:00+00:00,2024-12-17 07:39:00+00:00,12.83000000001266,0.0,2.44,0.5,0,False,True
2024-12-17,2024-12-17 15:20:00+00:00,2024-12-18 07:40:00+00:00,13.329999999990832,0.0,2.56,1.25,0,False,True
2024-12-18,2024-12-18 15:20:00+00:00,2024-12-19 07:40:00+00:00,13.010000000023865,0.0,2.6,0.5,0,False,True
2024-12-19,2024-12-19 15:20:00+00:00,2024-12-20 07:41:00+00:00,12.23999999998341,0.0,2.8,0.25,0,False,True
2024-12-20,2024-12-20 15:21:00+00:00,2024-12-21 07:42:00+00:00,15.43999999999869,0.0,3.12,1.75,0,False,True
2024-12-21,2024-12-21 15:21:00+00:00,2024-12-22 07:42:00+00:00,11.530000000017026,0.0,2.2,0.25,0,False,True
2024-12-22,2024-12-22 15:22:00+00:00,2024-12-23 07:42:00+00:00,13.63999999999578,0.0,3.28,0.5,0,False,True
2024-12-23,2024-12-23 15:22:00+00:00,2024-12-24 07:43:00+00:00,11.959999999999127,0.0,2.8,0.75,0,False,True
2024-12-24,2024-12-24 15:23:00+00:00,2024-12-25 07:43:00+00:00,18.2400000000016,0.0,2.24,0.25,0,False,True
2024-12-25,2024-12-25 15:24:00+00:00,2024-12-26 07:43:00+00:00,13.279999999987922,0.0,0.88,0.0,0,False,True
2024-12-26,2024-12-26 15:25:00+00:00,2024-12-27 07:43:00+00:00,21.29000000000451,0.0,10.44,1.25,0,False,True
2024-12-27,2024-12-27 15:26:00+00:00,2024-12-28 07:44:00+00:00,3.9100000000325963,0.0,0.32,0.0,0,False,True
2024-12-28,2024-12-28 15:26:00+00:00,2024-12-29 07:44:00+00:00,3.5500000000247383,0.0,0.28,0.0,0,False,True
2024-12-29,2024-12-29 15:27:00+00:00,2024-12-30 07:44:00+00:00,3.4200000000091677,0.0,0.28,0.0,0,False,True
2024-12-30,2024-12-30 15:28:00+00:00,2024-12-31 07:44:00+00:00,3.4900000000016007,0.0,0.28,0.0,0,False,True
2024-12-31,2024-12-31 15:29:00+00:00,2025-01-01 07:43:00+00:00,3.4800000000104774,0.0,0.28,0.0,0,False,True
2025-01-01,2025-01-01 15:31:00+00:00,2025-01-02 07:43:00+00:00,3.4800000000068394,0.0,0.32,0.0,0,False,True
2025-01-02,2025-01-02 15:32:00+00:00,2025-01-03 07:43:00+00:00,23.40999999999258,0.0,5.8,4.25,0,True,True
2025-01-03,2025-01-03 15:33:00+00:00,2025-01-04 07:43:00+00:00,13.230000000014115,0.0,3.36,1.5,0,False,True
2025-01-04,2025-01-04 15:34:00+00:00,2025-01-05 07:42:00+00:00,19.0700000000179,0.0,10.76,1.75,0,False,True
2025-01-05,2025-01-05 15:35:00+00:00,2025-01-06 07:42:00+00:00,15.450000000008004,0.0,4.76,2.0,0,True,True
2025-01-06,2025-01-06 15:37:00+00:00,2025-01-07 07:41:00+00:00,9.8000000000211,0.0,3.36,0.75,0,False,True
2025-01-07,2025-01-07 15:38:00+00:00,2025-01-08 07:41:00+00:00,8.780000000013388,0.0,2.6,0.25,0,False,True
2025-01-08,2025-01-08 15:40:00+00:00,2025-01-09 07:40:00+00:00,7.919999999998254,0.0,2.76,0.25,0,False,True
2025-01-09,2025-01-09 15:41:00+00:00,2025-01-10 07:40:00+00:00,23.849999999983993,0.0,3.28,2.25,0,True,True
2025-01-10,2025-01-10 15:43:00+00:00,2025-01-11 07:39:00+00:00,17.830000000005384,0.0,3.44,2.0,0,True,True
2025-01-11,2025-01-11 15:44:00+00:00,2025-01-12 07:38:00+00:00,14.400000000008731,0.0,3.24,2.5,0,True,True
2025-01-12,2025-01-12 15:46:00+00:00,2025-01-13 07:37:00+00:00,18.7599999999984,0.0,3.12,3.25,0,True,True
2025-01-13,2025-01-13 15:47:00+00:00,2025-01-14 07:37:00+00:00,12.350000000009459,0.0,2.44,1.0,0,False,True
2025-01-14,2025-01-14 15:49:00+00:00,2025-01-15 07:36:00+00:00,10.450000000008004,0.0,2.4,0.75,0,False,True
2025-01-15,2025-01-15 15:50:00+00:00,2025-01-16 07:35:00+00:00,12.580000000005384,0.0,2.08,0.25,0,False,True
2025-01-16,2025-01-16 15:52:00+00:00,2025-01-17 07:34:00+00:00,10.700000000004366,0.0,2.16,0.25,0,False,True
2025-01-17,2025-01-17 15:54:00+00:00,2025-01-18 07:33:00+00:00,8.420000000012806,0.0,3.04,0.5,0,False,True
2025-01-18,2025-01-18 15:56:00+00:00,2025-01-19 07:32:00+00:00,8.000000000010914,0.0,3.12,1.0,0,False,True
2025-01-19,2025-01-19 15:57:00+00:00,2025-01-20 07:30:00+00:00,11.080000000016298,0.0,2.88,1.0,0,False,True
2025-01-20,2025-01-20 15:59:00+00:00,2025-01-21 07:29:00+00:00,11.080000000005384,0.0,3.36,1.75,0,False,True
2025-01-21,2025-01-21 16:01:00+00:00,2025-01-22 07:28:00+00:00,13.119999999998981,0.0,2.24,0.75,0,False,True
2025-01-22,2025-01-22 16:03:00+00:00,2025-01-23 07:27:00+00:00,15.94999999999709,0.0,3.16,1.75,0,False,True
2025-01-23,2025-01-23 16:05:00+00:00,2025-01-24 07:25:00+00:00,9.690000000013242,0.0,2.48,0.5,0,False,True
2025-01-24,2025-01-24 16:06:00+00:00,2025-01-25 07:24:00+00:00,6.9500000000189175,0.0,3.04,0.25,0,False,True
2025-01-25,2025-01-25 16:08:00+00:00,2025-01-26 07:23:00+00:00,14.52000000001135,0.0,4.28,2.0,0,True,True
2025-01-26,2025-01-26 16:10:00+00:00,2025-01-27 07:21:00+00:00,15.469999999993888,0.0,4.52,2.5,0,True,True
2025-01-27,2025-01-27 16:12:00+00:00,2025-01-28 07:20:00+00:00,7.670000000012806,0.0,2.12,0.25,0,False,True
2025-01-28,2025-01-28 16:14:00+00:00,2025-01-29 07:18:00+00:00,7.280000000006112,0.0,2.2,0.25,0,False,True
2025-01-29,2025-01-29 16:16:00+00:00,2025-01-30 07:17:00+00:00,10.670000000009168,0.0,4.16,1.0,0,False,True
2025-01-30,2025-01-30 16:18:00+00:00,2025-01-31 07:15:00+00:00,10.790000000008149,0.0,8.88,0.5,0,False,True
2025-01-31,2025-01-31 16:20:00+00:00,2025-02-01 07:13:00+00:00,10.299999999977445,0.0,2.36,0.5,0,False,True
2025-02-01,2025-02-01 16:22:00+00:00,2025-02-02 07:12:00+00:00,13.59000000001106,0.0,3.84,1.25,0,False,True
2025-02-02,2025-02-02 16:24:00+00:00,2025-02-03 07:10:00+00:00,19.009999999983847,0.0,4.16,3.25,0,True,True
2025-02-03,2025-02-03 16:25:00+00:00,2025-02-04 07:08:00+00:00,12.120000000017171,0.0,3.88,1.25,0,False,True
2025-02-04,2025-02-04 16:27:00+00:00,2025-02-05 07:07:00+00:00,7.570000000017899,0.0,1.76,0.0,0,False,True
2025-02-05,2025-02-05 16:29:00+00:00,2025-02-06 07:05:00+00:00,13.320000000017899,0.0,3.0,1.5,0,False,True
2025-02-06,2025-02-06 16:31:00+00:00,2025-02-07 07:03:00+00:00,10.010000000005675,0.0,2.48,0.25,0,False,True
2025-02-07,2025-02-07 16:33:00+00:00,2025-02-08 07:01:00+00:00,11.959999999991851,0.0,3.44,1.5,0,False,True
2025-02-08,2025-02-08 16:35:00+00:00,2025-02-09 06:59:00+00:00,7.970000000004802,0.0,1.8,0.0,0,False,True
2025-02-09,2025-02-09 16:37:00+00:00,2025-02-10 06:58:00+00:00,13.510000000009313,0.0,5.28,2.0,0,True,True
2025-02-10,2025-02-10 16:39:00+00:00,2025-02-11 06:56:00+00:00,7.50000000001819,0.0,1.44,0.0,0,False,True
2025-02-11,2025-02-11 16:41:00+00:00,2025-02-12 06:54:00+00:00,9.46000000001004,0.0,3.24,0.75,0,False,True
2025-02-12,2025-02-12 16:43:00+00:00,2025-02-13 06:52:00+00:00,7.75000000001819,0.0,2.76,0.75,0,False,True
2025-02-13,2025-02-13 16:45:00+00:00,2025-02-14 06:50:00+00:00,6.550000000013824,0.0,3.56,0.5,0,False,True
2025-02-14,2025-02-14 16:47:00+00:00,2025-02-15 06:48:00+00:00,39.81000000001586,0.0,12.24,3.5,0,True,True
2025-02-15,2025-02-15 16:49:00+00:00,2025-02-16 06:46:00+00:00,4.220000000030268,0.0,0.52,0.0,0,False,True
2025-02-16,2025-02-16 16:51:00+00:00,2025-02-17 06:44:00+00:00,11.13000000001557,0.0,3.56,1.25,0,False,True
2025-02-17,2025-02-17 16:53:00+00:00,2025-02-18 06:42:00+00:00,10.170000000020082,0.0,2.96,1.0,0,False,True
2025-02-18,2025-02-18 16:55:00+00:00,2025-02-19 06:40:00+00:00,10.03999999998996,0.0,2.36,0.75,0,False,True
2025-02-19,2025-02-19 16:56:00+00:00,2025-02-20 06:38:00+00:00,8.680000000000291,0.0,2.64,0.5,0,False,True
2025-02-20,2025-02-20 16:58:00+00:00,2025-02-21 06:36:00+00:00,5.990000000027067,0.0,1.36,0.0,0,False,True
2025-02-21,2025-02-21 17:00:00+00:00,2025-02-22 06:33:00+00:00,7.640000000024884,0.0,1.36,0.0,0,False,True
2025-02-22,2025-02-22 17:02:00+00:00,2025-02-23 06:31:00+00:00,3.890000000021246,0.0,0.44,0.0,0,False,True
2025-02-23,2025-02-23 17:04:00+00:00,2025-02-24 06:29:00+00:00,9.370000000013533,0.0,2.92,1.0,0,False,True
2025-02-24,2025-02-24 17:06:00+00:00,2025-02-25 06:27:00+00:00,6.340000000014697,0.0,3.0,0.75,0,False,True
2025-02-25,2025-02-25 17:08:00+00:00,2025-02-26 06:25:00+00:00,8.010000000031141,0.0,1.92,0.0,0,False,True
2025-02-26,2025-02-26 17:10:00+00:00,2025-02-27 06:23:00+00:00,9.689999999995052,0.0,2.6,1.0,0,False,True
2025-02-27,2025-02-27 17:12:00+00:00,2025-02-28 06:20:00+00:00,6.8800000000155705,0.0,1.64,0.0,0,False,True
2025-02-28,2025-02-28 17:14:00+00:00,2025-03-01 06:18:00+00:00,7.830000000005384,0.0,3.48,0.5,0,False,True
2025-03-01,2025-03-01 17:15:00+00:00,2025-03-02 06:16:00+00:00,5.900000000019645,0.0,1.88,0.0,0,False,True
2025-03-02,2025-03-02 17:17:00+00:00,2025-03-03 06:14:00+00:00,7.320000000021537,0.0,2.88,0.25,0,False,True
2025-03-03,2025-03-03 17:19:00+00:00,2025-03-04 06:12:00+00:00,6.36000000000422,0.0,3.08,0.25,0,False,True
2025-03-04,2025-03-04 17:21:00+00:00,2025-03-05 06:09:00+00:00,9.650000000005093,0.0,4.44,1.0,0,False,True
2025-03-05,2025-03-05 17:23:00+00:00,2025-03-06 06:07:00+00:00,6.810000000012224,0.0,2.2,0.25,0,False,True
2025-03-06,2025-03-06 17:25:00+00:00,2025-03-07 06:05:00+00:00,8.320000000010623,0.0,2.72,0.5,0,False,True
2025-03-07,2025-03-07 17:27:00+00:00,2025-03-08 06:02:00+00:00,2.6900000000096043,0.0,0.28,0.0,0,False,True
2025-03-08,2025-03-08 17:28:00+00:00,2025-03-09 06:00:00+00:00,2.7600000000020373,0.0,0.32,0.0,0,False,True
2025-03-09,2025-03-09 17:30:00+00:00,2025-03-10 05:58:00+00:00,6.340000000018335,0.0,2.6,0.5,0,False,True
2025-03-10,2025-03-10 17:32:00+00:00,2025-03-11 05:56:00+00:00,8.800000000013824,0.0,2.88,0.75,0,False,True
2025-03-11,2025-03-11 17:34:00+00:00,2025-03-12 05:53:00+00:00,5.680000000011205,0.0,2.08,0.5,0,False,True
2025-03-12,2025-03-12 17:36:00+00:00,2025-03-13 05:51:00+00:00,6.600000000005821,0.0,2.12,0.25,0,False,True
2025-03-13,2025-03-13 17:37:00+00:00,2025-03-14 05:49:00+00:00,6.510000000009313,0.0,2.2,0.5,0,False,True
2025-03-14,2025-03-14 17:39:00+00:00,2025-03-15 05:46:00+00:00,5.870000000024447,0.0,3.72,0.5,0,False,True
2025-03-15,2025-03-15 17:41:00+00:00,2025-03-16 05:44:00+00:00,4.570000000017899,0.0,3.08,0.25,0,False,True
2025-03-16,2025-03-16 17:43:00+00:00,2025-03-17 05:42:00+00:00,4.830000000016298,0.0,1.72,0.0,0,False,True
2025-03-17,2025-03-17 17:45:00+00:00,2025-03-18 05:39:00+00:00,5.530000000017026,0.0,1.88,0.0,0,False,True
2025-03-18,2025-03-18 17:46:00+00:00,2025-03-19 05:37:00+00:00,5.310000000008586,0.0,1.64,0.0,0,False,True
2025-03-19,2025-03-19 17:48:00+00:00,2025-03-20 05:35:00+00:00,6.510000000016589,0.0,2.36,0.5,0,False,True
2025-03-20,2025-03-20 17:50:00+00:00,2025-03-21 05:33:00+00:00,3.8100000000049477,0.0,1.64,0.0,0,False,True
2025-03-21,2025-03-21 17:52:00+00:00,2025-03-22 05:30:00+00:00,4.3100000000195,0.0,2.12,0.25,0,False,True
2025-03-22,2025-03-22 17:53:00+00:00,2025-03-23 05:28:00+00:00,6.800000000017462,0.0,2.88,0.5,0,False,True
2025-03-23,2025-03-23 17:55:00+00:00,2025-03-24 05:26:00+00:00,5.920000000012806,0.0,2.12,0.25,0,False,True
2025-03-24,2025-03-24 17:57:00+00:00,2025-03-25 05:23:00+00:00,4.250000000014552,0.0,1.6,0.0,0,False,True
2025-03-25,2025-03-25 17:59:00+00:00,2025-03-26 05:21:00+00:00,5.2700000000149885,0.0,2.12,0.25,0,False,True
2025-03-26,2025-03-26 18:00:00+00:00,2025-03-27 05:19:00+00:00,7.680000000022119,0.0,2.68,0.75,0,False,True
2025-03-27,2025-03-27 18:02:00+00:00,2025-03-28 05:16:00+00:00,4.250000000021828,0.0,2.0,0.0,0,False,True
2025-03-28,2025-03-28 18:04:00+00:00,2025-03-29 05:14:00+00:00,4.360000000018772,0.0,2.44,0.25,0,False,True
2025-03-29,2025-03-29 18:06:00+00:00,2025-03-30 05:12:00+00:00,37.40000000001601,0.0,12.28,3.25,0,True,True
2025-03-30,2025-03-30 18:07:00+00:00,2025-03-31 05:09:00+00:00,4.540000000015425,0.0,2.24,0.25,0,False,True
2025-03-31,2025-03-31 18:09:00+00:00,2025-04-01 05:07:00+00:00,4.490000000012515,0.0,1.56,0.0,0,False,True
2025-04-01,2025-04-01 18:11:00+00:00,2025-04-02 05:05:00+00:00,4.570000000021537,0.0,1.92,0.0,0,False,True
2025-04-02,2025-04-02 18:13:00+00:00,2025-04-03 05:03:00+00:00,5.850000000016735,0.0,2.8,0.25,0,False,True
2025-04-03,2025-04-03 18:14:00+00:00,2025-04-04 05:00:00+00:00,4.30000000000291,0.0,1.04,0.0,0,False,True
2025-04-04,2025-04-04 18:16:00+00:00,2025-04-05 04:58:00+00:00,6.850000000005821,0.0,2.96,0.25,0,False,True
2025-04-05,2025-04-05 18:18:00+00:00,2025-04-06 04:56:00+00:00,2.890000000017608,0.0,0.44,0.0,0,False,True
2025-04-06,2025-04-06 18:20:00+00:00,2025-04-07 04:54:00+00:00,7.180000000007567,0.0,3.28,1.25,0,False,True
2025-04-07,2025-04-07 18:21:00+00:00,2025-04-08 04:51:00+00:00,4.490000000005239,0.0,1.84,0.0,0,False,True
2025-04-08,2025-04-08 18:23:00+00:00,2025-04-09 04:49:00+00:00,2.970000000015716,0.0,0.52,0.0,0,False,True
2025-04-09,2025-04-09 18:25:00+00:00,2025-04-10 04:47:00+00:00,4.740000000012515,0.0,2.28,0.5,0,False,True
2025-04-10,2025-04-10 18:27:00+00:00,2025-04-11 04:45:00+00:00,2.94000000001688,0.0,0.52,0.0,0,False,True
2025-04-11,2025-04-11 18:28:00+00:00,2025-04-12 04:42:00+00:00,2.760000000016589,0.0,0.56,0.0,0,False,True
2025-04-12,2025-04-12 18:30:00+00:00,2025-04-13 04:40:00+00:00,3.3000000000211003,0.0,1.36,0.0,0,False,True
2025-04-13,2025-04-13 18:32:00+00:00,2025-04-14 04:38:00+00:00,7.070000000010623,0.0,3.8,1.0,0,False,True
2025-04-14,2025-04-14 18:33:00+00:00,2025-04-15 04:36:00+00:00,4.3400000000001455,0.0,1.2,0.0,0,False,True
2025-04-15,2025-04-15 18:35:00+00:00,2025-04-16 04:34:00+00:00,4.55000000000291,0.0,1.88,0.0,0,False,True
2025-04-16,2025-04-16 18:37:00+00:00,2025-04-17 04:32:00+00:00,3.360000000018772,0.0,1.72,0.0,0,False,True
2025-04-17,2025-04-17 18:39:00+00:00,2025-04-18 04:29:00+00:00,2.610000000015134,0.0,0.52,0.0,0,False,True
2025-04-18,2025-04-18 18:40:00+00:00,2025-04-19 04:27:00+00:00,3.390000000017608,0.0,1.16,0.0,0,False,True
2025-04-19,2025-04-19 18:42:00+00:00,2025-04-20 04:25:00+00:00,3.710000000013679,0.0,1.32,0.0,0,False,True
2025-04-20,2025-04-20 18:44:00+00:00,2025-04-21 04:23:00+00:00,2.150000000019645,0.0,0.28,0.0,0,False,True
2025-04-21,2025-04-21 18:45:00+00:00,2025-04-22 04:21:00+00:00,2.1600000000107684,0.0,0.28,0.0,0,False,True
2025-04-22,2025-04-22 18:47:00+00:00,2025-04-23 04:19:00+00:00,2.080000000009022,0.0,0.28,0.0,0,False,True
2025-04-23,2025-04-23 18:49:00+00:00,2025-04-24 04:17:00+00:00,2.0900000000110595,0.0,0.28,0.0,0,False,True
2025-04-24,2025-04-24 18:51:00+00:00,2025-04-25 04:15:00+00:00,2.080000000005384,0.0,0.28,0.0,0,False,True
2025-04-25,2025-04-25 18:52:00+00:00,2025-04-26 04:13:00+00:00,4.93999999999869,0.0,1.96,0.0,0,False,True
2025-04-26,2025-04-26 18:54:00+00:00,2025-04-27 04:11:00+00:00,3.4900000000125146,0.0,0.84,0.0,0,False,True
2025-04-27,2025-04-27 18:56:00+00:00,2025-04-28 04:09:00+00:00,6.550000000010186,0.0,2.36,0.25,0,False,True
2025-04-28,2025-04-28 18:57:00+00:00,2025-04-29 04:07:00+00:00,3.680000000007567,0.0,1.72,0.0,0,False,True
2025-04-29,2025-04-29 18:59:00+00:00,2025-04-30 04:05:00+00:00,3.2000000000116415,0.0,2.0,0.0,0,False,True
2025-04-30,2025-04-30 19:01:00+00:00,2025-05-01 04:03:00+00:00,3.320000000003347,0.0,1.56,0.0,0,False,True
2025-05-01,2025-05-01 19:02:00+00:00,2025-05-02 04:02:00+00:00,3.2700000000149885,0.0,1.76,0.0,0,False,True
2025-05-02,2025-05-02 19:04:00+00:00,2025-05-03 04:00:00+00:00,3.680000000011205,0.0,1.2,0.0,0,False,True
2025-05-03,2025-05-03 19:06:00+00:00,2025-05-04 03:58:00+00:00,3.3500000000240107,0.0,1.08,0.0,0,False,True
2025-05-04,2025-05-04 19:07:00+00:00,2025-05-05 03:56:00+00:00,4.870000000006257,0.0,2.12,0.25,0,False,True
2025-05-05,2025-05-05 19:09:00+00:00,2025-05-06 03:54:00+00:00,3.6900000000096043,0.0,1.44,0.0,0,False,True
2025-05-06,2025-05-06 19:11:00+00:00,2025-05-07 03:53:00+00:00,2.5300000000206637,0.0,0.48,0.0,0,False,True
2025-05-07,2025-05-07 19:12:00+00:00,2025-05-08 03:51:00+00:00,3.900000000005093,0.0,1.56,0.0,0,False,True
2025-05-08,2025-05-08 19:14:00+00:00,2025-05-09 03:49:00+00:00,3.3500000000094587,0.0,1.56,0.0,0,False,True
2025-05-09,2025-05-09 19:15:00+00:00,2025-05-10 03:48:00+00:00,3.5300000000170257,0.0,0.68,0.0,0,False,True
2025-05-10,2025-05-10 19:17:00+00:00,2025-05-11 03:46:00+00:00,4.260000000009313,0.0,2.0,0.0,0,False,True
2025-05-11,2025-05-11 19:19:00+00:00,2025-05-12 03:44:00+00:00,3.250000000010914,0.0,1.72,0.0,0,False,True
2025-05-12,2025-05-12 19:20:00+00:00,2025-05-13 03:43:00+00:00,3.4500000000043656,0.0,1.84,0.0,0,False,True
2025-05-13,2025-05-13 19:22:00+00:00,2025-05-14 03:41:00+00:00,3.0200000000040745,0.0,1.4,0.0,0,False,True
2025-05-14,2025-05-14 19:23:00+00:00,2025-05-15 03:40:00+00:00,3.3100000000085856,0.0,0.96,0.0,0,False,True
2025-05-15,2025-05-15 19:25:00+00:00,2025-05-16 03:38:00+00:00,2.1000000000130967,0.0,0.36,0.0,0,False,True
2025-05-16,2025-05-16 19:26:00+00:00,2025-05-17 03:37:00+00:00,4.3800000000155705,0.0,2.24,0.25,0,False,True
2025-05-17,2025-05-17 19:28:00+00:00,2025-05-18 03:35:00+00:00,5.03000000000975,0.0,2.0,0.0,0,False,True
2025-05-18,2025-05-18 19:29:00+00:00,2025-05-19 03:34:00+00:00,2.930000000007567,0.0,1.8,0.0,0,False,True
2025-05-19,2025-05-19 19:31:00+00:00,2025-05-20 03:33:00+00:00,3.3800000000082946,0.0,1.48,0.0,0,False,True
2025-05-20,2025-05-20 19:32:00+00:00,2025-05-21 03:32:00+00:00,3.000000000007276,0.0,1.44,0.0,0,False,True
2025-05-21,2025-05-21 19:33:00+00:00,2025-05-22 03:30:00+00:00,2.430000000011205,0.0,0.88,0.0,0,False,True
2025-05-22,2025-05-22 19:35:00+00:00,2025-05-23 03:29:00+00:00,2.0500000000174623,0.0,0.48,0.0,0,False,True
2025-05-23,2025-05-23 19:36:00+00:00,2025-05-24 03:28:00+00:00,2.94000000001688,0.0,0.96,0.0,0,False,True
2025-05-24,2025-05-24 19:37:00+00:00,2025-05-25 03:27:00+00:00,2.0200000000149885,0.0,0.4,0.0,0,False,True
2025-05-25,2025-05-25 19:39:00+00:00,2025-05-26 03:26:00+00:00,2.250000000014552,0.0,1.08,0.0,0,False,True
2025-05-26,2025-05-26 19:40:00+00:00,2025-05-27 03:25:00+00:00,3.3800000000228465,0.0,1.84,0.0,0,False,True
2025-05-27,2025-05-27 19:41:00+00:00,2025-05-28 03:24:00+00:00,5.230000000014115,0.0,2.4,0.5,0,False,True
2025-05-28,2025-05-28 19:42:00+00:00,2025-05-29 03:23:00+00:00,2.140000000017608,0.0,0.88,0.0,0,False,True
2025-05-29,2025-05-29 19:44:00+00:00,2025-05-30 03:22:00+00:00,1.8900000000103319,0.0,0.32,0.0,0,False,True
2025-05-30,2025-05-30 19:45:00+00:00,2025-05-31 03:21:00+00:00,1.720000000012078,0.0,0.28,0.0,0,False,True
2025-05-31,2025-05-31 19:46:00+00:00,2025-06-01 03:20:00+00:00,2.5499999999992724,0.0,0.68,0.0,0,False,True
2025-06-01,2025-06-01 19:47:00+00:00,2025-06-02 03:19:00+00:00,2.3800000000046566,0.0,1.2,0.0,0,False,True
2025-06-02,2025-06-02 19:48:00+00:00,2025-06-03 03:19:00+00:00,2.070000000017899,0.0,0.48,0.0,0,False,True
2025-06-03,2025-06-03 19:49:00+00:00,2025-06-04 03:18:00+00:00,3.000000000014552,0.0,1.64,0.0,0,False,True
2025-06-04,2025-06-04 19:50:00+00:00,2025-06-05 03:17:00+00:00,5.150000000012369,0.0,2.28,0.5,0,False,True
2025-06-05,2025-06-05 19:51:00+00:00,2025-06-06 03:17:00+00:00,1.8400000000110595,0.0,0.32,0.0,0,False,True
2025-06-06,2025-06-06 19:52:00+00:00,2025-06-07 03:16:00+00:00,2.710000000013679,0.0,1.72,0.0,0,False,True
2025-06-07,2025-06-07 19:53:00+00:00,2025-06-08 03:16:00+00:00,3.9800000000141154,0.0,2.32,0.25,0,False,True
2025-06-08,2025-06-08 19:53:00+00:00,2025-06-09 03:15:00+00:00,6.220000000001164,0.0,2.64,0.25,0,False,True
2025-06-09,2025-06-09 19:54:00+00:00,2025-06-10 03:15:00+00:00,2.140000000021246,0.0,1.0,0.0,0,False,True
2025-06-10,2025-06-10 19:55:00+00:00,2025-06-11 03:15:00+00:00,2.2400000000197906,0.0,0.8,0.0,0,False,True
2025-06-11,2025-06-11 19:55:00+00:00,2025-06-12 03:14:00+00:00,2.890000000010332,0.0,1.52,0.0,0,False,True
2025-06-12,2025-06-12 19:56:00+00:00,2025-06-13 03:14:00+00:00,2.3400000000074215,0.0,0.52,0.0,0,False,True
2025-06-13,2025-06-13 19:57:00+00:00,2025-06-14 03:14:00+00:00,5.689999999991414,0.0,1.08,0.0,0,False,True
2025-06-14,2025-06-14 19:57:00+00:00,2025-06-15 03:14:00+00:00,6.470000000001164,0.0,2.2,0.25,0,False,True
2025-06-15,2025-06-15 19:58:00+00:00,2025-06-16 03:14:00+00:00,3.150000000012369,0.0,1.72,0.0,0,False,True
2025-06-16,2025-06-16 19:58:00+00:00,2025-06-17 03:14:00+00:00,2.6000000000203727,0.0,1.56,0.0,0,False,True
2025-06-17,2025-06-17 19:58:00+00:00,2025-06-18 03:14:00+00:00,3.110000000007858,0.0,2.12,0.25,0,False,True
2025-06-18,2025-06-18 19:59:00+00:00,2025-06-19 03:14:00+00:00,2.1300000000119326,0.0,0.92,0.0,0,False,True
2025-06-19,2025-06-19 19:59:00+00:00,2025-06-20 03:14:00+00:00,2.6700000000128057,0.0,1.16,0.0,0,False,True
2025-06-20,2025-06-20 19:59:00+00:00,2025-06-21 03:14:00+00:00,2.0500000000138243,0.0,0.56,0.0,0,False,True
2025-06-21,2025-06-21 19:59:00+00:00,2025-06-22 03:14:00+00:00,4.310000000004948,0.0,0.72,0.0,0,False,True
2025-06-22,2025-06-22 19:59:00+00:00,2025-06-23 03:15:00+00:00,4.610000000015134,0.0,1.96,0.0,0,False,True
2025-06-23,2025-06-23 20:00:00+00:00,2025-06-24 03:15:00+00:00,4.050000000010186,0.0,1.84,0.0,0,False,True
2025-06-24,2025-06-24 20:00:00+00:00,2025-06-25 03:15:00+00:00,2.180000000014843,0.0,0.48,0.0,0,False,True
2025-06-25,2025-06-25 20:00:00+00:00,2025-06-26 03:16:00+00:00,3.720000000015716,0.0,1.8,0.0,0,False,True
2025-06-26,2025-06-26 19:59:00+00:00,2025-06-27 03:16:00+00:00,1.8900000000139698,0.0,0.44,0.0,0,False,True
2025-06-27,2025-06-27 19:59:00+00:00,2025-06-28 03:17:00+00:00,2.650000000005093,0.0,0.68,0.0,0,False,True
2025-06-28,2025-06-28 19:59:00+00:00,2025-06-29 03:17:00+00:00,3.4900000000161526,0.0,0.92,0.0,0,False,True
2025-06-29,2025-06-29 19:59:00+00:00,2025-06-30 03:18:00+00:00,4.830000000009022,0.0,1.2,0.0,0,False,True
2025-06-30,2025-06-30 19:59:00+00:00,2025-07-01 03:19:00+00:00,5.390000000010332,0.0,2.0,0.0,0,False,True
2025-07-01,2025-07-01 19:58:00+00:00,2025-07-02 03:19:00+00:00,9.559999999986758,0.0,3.64,1.0,0,False,True
2025-07-02,2025-07-02 19:58:00+00:00,2025-07-03 03:20:00+00:00,3.460000000010041,0.0,1.8,0.0,0,False,True
2025-07-03,2025-07-03 19:57:00+00:00,2025-07-04 03:21:00+00:00,2.4400000000096043,0.0,0.64,0.0,0,False,True
2025-07-04,2025-07-04 19:57:00+00:00,2025-07-05 03:22:00+00:00,5.7299999999959255,0.0,2.12,0.75,0,False,True
2025-07-05,2025-07-05 19:56:00+00:00,2025-07-06 03:23:00+00:00,2.9500000000043656,0.0,0.64,0.0,0,False,True
2025-07-06,2025-07-06 19:56:00+00:00,2025-07-07 03:23:00+00:00,3.0300000000133878,0.0,2.0,0.0,0,False,True
2025-07-07,2025-07-07 19:55:00+00:00,2025-07-08 03:24:00+00:00,2.6600000000071304,0.0,1.72,0.0,0,False,True
2025-07-08,2025-07-08 19:54:00+00:00,2025-07-09 03:25:00+00:00,2.820000000010623,0.0,1.24,0.0,0,False,True
2025-07-09,2025-07-09 19:53:00+00:00,2025-07-10 03:26:00+00:00,2.3400000000001455,0.0,0.52,0.0,0,False,True
2025-07-10,2025-07-10 19:53:00+00:00,2025-07-11 03:27:00+00:00,2.4100000000034925,0.0,0.84,0.0,0,False,True
2025-07-11,2025-07-11 19:52:00+00:00,2025-07-12 03:28:00+00:00,3.6200000000098953,0.0,1.08,0.0,0,False,True
2025-07-12,2025-07-12 19:51:00+00:00,2025-07-13 03:29:00+00:00,2.510000000016589,0.0,0.52,0.0,0,False,True
2025-07-13,2025-07-13 19:50:00+00:00,2025-07-14 03:31:00+00:00,2.7300000000068394,0.0,1.56,0.0,0,False,True
2025-07-14,2025-07-14 19:49:00+00:00,2025-07-15 03:32:00+00:00,2.970000000012078,0.0,1.36,0.0,0,False,True
2025-07-15,2025-07-15 19:48:00+00:00,2025-07-16 03:33:00+00:00,3.5200000000040745,0.0,2.12,0.25,0,False,True
2025-07-16,2025-07-16 19:47:00+00:00,2025-07-17 03:34:00+00:00,5.220000000012078,0.0,4.28,0.5,0,False,True
2025-07-17,2025-07-17 19:46:00+00:00,2025-07-18 03:35:00+00:00,2.1300000000301225,0.0,0.44,0.0,0,False,True
2025-07-18,2025-07-18 19:45:00+00:00,2025-07-19 03:37:00+00:00,22.66000000000713,0.0,10.36,2.0,0,True,True
2025-07-19,2025-07-19 19:43:00+00:00,2025-07-20 03:38:00+00:00,12.239999999994325,0.0,11.08,1.0,0,False,True
2025-07-20,2025-07-20 19:42:00+00:00,2025-07-21 03:39:00+00:00,5.9100000000034925,0.0,3.8,0.5,0,False,True
2025-07-21,2025-07-21 19:41:00+00:00,2025-07-22 03:41:00+00:00,2.9800000000213913,0.0,1.56,0.0,0,False,True
2025-07-22,2025-07-22 19:39:00+00:00,2025-07-23 03:42:00+00:00,2.930000000000291,0.0,0.68,0.0,0,False,True
2025-07-23,2025-07-23 19:38:00+00:00,2025-07-24 03:43:00+00:00,3.5199999999967986,0.0,1.2,0.0,0,False,True
2025-07-24,2025-07-24 19:37:00+00:00,2025-07-25 03:45:00+00:00,6.769999999996799,0.0,2.44,0.5,0,False,True
2025-07-25,2025-07-25 19:35:00+00:00,2025-07-26 03:46:00+00:00,6.309999999994034,0.0,2.6,0.25,0,False,True
2025-07-26,2025-07-26 19:34:00+00:00,2025-07-27 03:48:00+00:00,2.900000000005093,0.0,0.84,0.0,0,False,True
2025-07-27,2025-07-27 19:32:00+00:00,2025-07-28 03:49:00+00:00,2.2000000000116415,0.0,0.72,0.0,0,False,True
2025-07-28,2025-07-28 19:31:00+00:00,2025-07-29 03:50:00+00:00,3.710000000006403,0.0,1.6,0.0,0,False,True
2025-07-29,2025-07-29 19:29:00+00:00,2025-07-30 03:52:00+00:00,4.370000000013533,0.0,0.88,0.0,0,False,True
2025-07-30,2025-07-30 19:28:00+00:00,2025-07-31 03:53:00+00:00,2.290000000011787,0.0,0.4,0.0,0,False,True
2025-07-31,2025-07-31 19:26:00+00:00,2025-08-01 03:55:00+00:00,2.2400000000125146,0.0,0.8,0.0,0,False,True
2025-08-01,2025-08-01 19:24:00+00:00,2025-08-02 03:56:00+00:00,5.11000000000422,0.0,1.88,0.0,0,False,True
2025-08-02,2025-08-02 19:22:00+00:00,2025-08-03 03:58:00+00:00,2.070000000014261,0.0,0.28,0.0,0,False,True
2025-08-03,2025-08-03 19:21:00+00:00,2025-08-04 03:59:00+00:00,2.2400000000052387,0.0,0.4,0.0,0,False,True
2025-08-04,2025-08-04 19:19:00+00:00,2025-08-05 04:01:00+00:00,2.250000000014552,0.0,0.48,0.0,0,False,True
2025-08-05,2025-08-05 19:17:00+00:00,2025-08-06 04:03:00+00:00,1.9500000000116415,0.0,0.28,0.0,0,False,True
2025-08-06,2025-08-06 19:15:00+00:00,2025-08-07 04:04:00+00:00,3.319999999992433,0.0,0.4,0.0,0,False,True
2025-08-07,2025-08-07 19:14:00+00:00,2025-08-08 04:06:00+00:00,3.4500000000152795,0.0,1.6,0.0,0,False,True
2025-08-08,2025-08-08 19:12:00+00:00,2025-08-09 04:07:00+00:00,2.360000000029686,0.0,0.32,0.0,0,False,True
2025-08-09,2025-08-09 19:10:00+00:00,2025-08-10 04:09:00+00:00,5.190000000013242,0.0,1.72,0.0,0,False,True
2025-08-10,2025-08-10 19:08:00+00:00,2025-08-11 04:10:00+00:00,4.360000000007858,0.0,1.6,0.0,0,False,True
2025-08-11,2025-08-11 19:06:00+00:00,2025-08-12 04:12:00+00:00,4.630000000008295,0.0,1.72,0.0,0,False,True
2025-08-12,2025-08-12 19:04:00+00:00,2025-08-13 04:14:00+00:00,4.290000000019063,0.0,2.56,0.25,0,False,True
2025-08-13,2025-08-13 19:02:00+00:00,2025-08-14 04:15:00+00:00,9.16999999998734,0.0,2.04,0.25,0,False,True
2025-08-14,2025-08-14 19:00:00+00:00,2025-08-15 04:17:00+00:00,6.330000000016298,0.0,2.2,0.5,0,False,True
2025-08-15,2025-08-15 18:58:00+00:00,2025-08-16 04:18:00+00:00,5.390000000010332,0.0,2.12,0.25,0,False,True
2025-08-16,2025-08-16 18:56:00+00:00,2025-08-17 04:20:00+00:00,4.700000000000728,0.0,2.04,0.25,0,False,True
2025-08-17,2025-08-17 18:54:00+00:00,2025-08-18 04:22:00+00:00,5.140000000021246,0.0,2.24,0.5,0,False,True
2025-08-18,2025-08-18 18:52:00+00:00,2025-08-19 04:23:00+00:00,2.900000000023283,0.0,0.48,0.0,0,False,True
2025-08-19,2025-08-19 18:50:00+00:00,2025-08-20 04:25:00+00:00,4.640000000024884,0.0,1.8,0.0,0,False,True
2025-08-20,2025-08-20 18:48:00+00:00,2025-08-21 04:26:00+00:00,13.889999999999418,0.0,10.52,1.25,0,False,True
2025-08-21,2025-08-21 18:45:00+00:00,2025-08-22 04:28:00+00:00,3.4800000000213913,0.0,1.48,0.0,0,False,True
2025-08-22,2025-08-22 18:43:00+00:00,2025-08-23 04:30:00+00:00,5.33999999999287,0.0,2.12,0.25,0,False,True
2025-08-23,2025-08-23 18:41:00+00:00,2025-08-24 04:31:00+00:00,5.710000000006403,0.0,0.96,0.0,0,False,True
2025-08-24,2025-08-24 18:39:00+00:00,2025-08-25 04:33:00+00:00,6.219999999986612,0.0,4.16,0.25,0,False,True
2025-08-25,2025-08-25 18:37:00+00:00,2025-08-26 04:34:00+00:00,4.810000000004948,0.0,1.36,0.0,0,False,True
2025-08-26,2025-08-26 18:35:00+00:00,2025-08-27 04:36:00+00:00,4.839999999971042,0.0,1.04,0.0,0,False,True
2025-08-27,2025-08-27 18:32:00+00:00,2025-08-28 04:38:00+00:00,7.6300000000155705,0.0,2.48,0.5,0,False,True
2025-08-28,2025-08-28 18:30:00+00:00,2025-08-29 04:39:00+00:00,4.949999999993452,0.0,1.4,0.0,0,False,True
2025-08-29,2025-08-29 18:28:00+00:00,2025-08-30 04:41:00+00:00,8.969999999986612,0.0,10.68,0.75,0,False,True
2025-08-30,2025-08-30 18:26:00+00:00,2025-08-31 04:43:00+00:00,3.360000000007858,0.0,1.6,0.0,0,False,True
2025-08-31,2025-08-31 18:23:00+00:00,2025-09-01 04:44:00+00:00,27.73000000002139,0.0,11.08,2.5,0,True,True
2025-09-01,2025-09-01 18:21:00+00:00,2025-09-02 04:46:00+00:00,5.5200000000113505,0.0,2.32,0.25,0,False,True
2025-09-02,2025-09-02 18:19:00+00:00,2025-09-03 04:47:00+00:00,3.6900000000023283,0.0,1.84,0.0,0,False,True
2025-09-03,2025-09-03 18:17:00+00:00,2025-09-04 04:49:00+00:00,5.2700000000149885,0.0,1.96,0.0,0,False,True
2025-09-04,2025-09-04 18:14:00+00:00,2025-09-05 04:51:00+00:00,3.070000000025175,0.0,0.6,0.0,0,False,True
2025-09-05,2025-09-05 18:12:00+00:00,2025-09-06 04:52:00+00:00,4.900000000005093,0.0,1.84,0.0,0,False,True
2025-09-06,2025-09-06 18:10:00+00:00,2025-09-07 04:54:00+00:00,5.680000000018481,0.0,1.84,0.0,0,False,True
2025-09-07,2025-09-07 18:07:00+00:00,2025-09-08 04:56:00+00:00,5.580000000016298,0.0,2.16,0.75,0,False,True
2025-09-08,2025-09-08 18:05:00+00:00,2025-09-09 04:57:00+00:00,6.310000000015862,0.0,2.76,0.25,0,False,True
2025-09-09,2025-09-09 18:03:00+00:00,2025-09-10 04:59:00+00:00,3.7700000000149885,0.0,1.76,0.0,0,False,True
2025-09-10,2025-09-10 18:00:00+00:00,2025-09-11 05:00:00+00:00,5.2000000000189175,0.0,2.0,0.0,0,False,True
2025-09-11,2025-09-11 17:58:00+00:00,2025-09-12 05:02:00+00:00,3.070000000010623,0.0,0.52,0.0,0,False,True
2025-09-12,2025-09-12 17:56:00+00:00,2025-09-13 05:04:00+00:00,3.9800000000104774,0.0,0.68,0.0,0,False,True
2025-09-13,2025-09-13 17:53:00+00:00,2025-09-14 05:05:00+00:00,6.540000000015425,0.0,2.28,0.25,0,False,True
2025-09-14,2025-09-14 17:51:00+00:00,2025-09-15 05:07:00+00:00,5.5200000000149885,0.0,2.0,0.0,0,False,True
2025-09-15,2025-09-15 17:49:00+00:00,2025-09-16 05:09:00+00:00,5.180000000007567,0.0,1.84,0.0,0,False,True
2025-09-16,2025-09-16 17:46:00+00:00,2025-09-17 05:10:00+00:00,4.600000000013097,0.0,1.56,0.0,0,False,True
2025-09-17,2025-09-17 17:44:00+00:00,2025-09-18 05:12:00+00:00,13.690000000020518,0.0,11.6,1.0,0,False,True
2025-09-18,2025-09-18 17:41:00+00:00,2025-09-19 05:14:00+00:00,6.110000000011496,0.0,2.04,0.25,0,False,True
2025-09-19,2025-09-19 17:39:00+00:00,2025-09-20 05:15:00+00:00,5.91000000002532,0.0,1.84,0.0,0,False,True
2025-09-20,2025-09-20 17:37:00+00:00,2025-09-21 05:17:00+00:00,5.569999999999709,0.0,1.48,0.0,0,False,True
2025-09-21,2025-09-21 17:34:00+00:00,2025-09-22 05:19:00+00:00,6.410000000018044,0.0,2.6,0.25,0,False,True
2025-09-22,2025-09-22 17:32:00+00:00,2025-09-23 05:20:00+00:00,5.2700000000186265,0.0,2.08,0.25,0,False,True
2025-09-23,2025-09-23 17:30:00+00:00,2025-09-24 05:22:00+00:00,4.7400000000343425,0.0,1.96,0.0,0,False,True
2025-09-24,2025-09-24 17:27:00+00:00,2025-09-25 05:24:00+00:00,5.280000000031578,0.0,2.36,0.25,0,False,True
2025-09-25,2025-09-25 17:25:00+00:00,2025-09-26 05:25:00+00:00,3.7000000000007276,0.0,0.68,0.0,0,False,True
2025-09-26,2025-09-26 17:23:00+00:00,2025-09-27 05:27:00+00:00,4.110000000018772,0.0,1.72,0.0,0,False,True
2025-09-27,2025-09-27 17:20:00+00:00,2025-09-28 05:29:00+00:00,3.2000000000334694,0.0,0.44,0.0,0,False,True
2025-09-28,2025-09-28 17:18:00+00:00,2025-09-29 05:30:00+00:00,7.420000000009168,0.0,2.88,1.0,0,False,True
2025-09-29,2025-09-29 17:15:00+00:00,2025-09-30 05:32:00+00:00,5.350000000020373,0.0,2.12,0.25,0,False,True
2025-09-30,2025-09-30 17:13:00+00:00,2025-10-01 05:34:00+00:00,5.290000000008149,0.0,2.12,0.25,0,False,True
2025-10-01,2025-10-01 17:11:00+00:00,2025-10-02 05:35:00+00:00,5.830000000034488,0.0,2.08,0.25,0,False,True
2025-10-02,2025-10-02 17:08:00+00:00,2025-10-03 05:37:00+00:00,3.720000000033906,0.0,0.64,0.0,0,False,True
2025-10-03,2025-10-03 17:06:00+00:00,2025-10-04 05:39:00+00:00,3.830000000019936,0.0,0.6,0.0,0,False,True
2025-10-04,2025-10-04 17:04:00+00:00,2025-10-05 05:41:00+00:00,7.86000000000422,0.0,2.52,0.25,0,False,True
2025-10-05,2025-10-05 17:01:00+00:00,2025-10-06 05:42:00+00:00,5.740000000016153,0.0,2.32,0.5,0,False,True
2025-10-06,2025-10-06 16:59:00+00:00,2025-10-07 05:44:00+00:00,4.930000000011205,0.0,1.48,0.0,0,False,True
2025-10-07,2025-10-07 16:57:00+00:00,2025-10-08 05:46:00+00:00,4.800000000017462,0.0,2.0,0.0,0,False,True
2025-10-08,2025-10-08 16:55:00+00:00,2025-10-09 05:47:00+00:00,6.610000000018772,0.0,2.8,0.25,0,False,True
2025-10-09,2025-10-09 16:52:00+00:00,2025-10-10 05:49:00+00:00,5.28000000000975,0.0,2.04,0.25,0,False,True
2025-10-10,2025-10-10 16:50:00+00:00,2025-10-11 05:51:00+00:00,61.51000000002023,0.0,12.72,5.5,0,True,True
2025-10-11,2025-10-11 16:48:00+00:00,2025-10-12 05:53:00+00:00,5.830000000009022,0.0,1.88,0.0,0,False,True
2025-10-12,2025-10-12 16:46:00+00:00,2025-10-13 05:54:00+00:00,5.190000000027794,0.0,2.08,0.25,0,False,True
2025-10-13,2025-10-13 16:43:00+00:00,2025-10-14 05:56:00+00:00,5.2700000000149885,0.0,2.0,0.0,0,False,True
2025-10-14,2025-10-14 16:41:00+00:00,2025-10-15 05:58:00+00:00,5.610000000018772,0.0,2.56,0.5,0,False,True
2025-10-15,2025-10-15 16:39:00+00:00,2025-10-16 06:00:00+00:00,7.320000000010623,0.0,3.0,0.25,0,False,True
2025-10-16,2025-10-16 16:37:00+00:00,2025-10-17 06:02:00+00:00,6.570000000014261,0.0,2.36,0.5,0,False,True
2025-10-17,2025-10-17 16:34:00+00:00,2025-10-18 06:03:00+00:00,6.900000000012369,0.0,1.96,0.0,0,False,True
2025-10-18,2025-10-18 16:32:00+00:00,2025-10-19 06:05:00+00:00,8.230000000014115,0.0,3.56,0.75,0,False,True
2025-10-19,2025-10-19 16:30:00+00:00,2025-10-20 06:07:00+00:00,5.350000000016735,0.0,1.48,0.0,0,False,True
2025-10-20,2025-10-20 16:28:00+00:00,2025-10-21 06:09:00+00:00,7.070000000010623,0.0,2.16,0.25,0,False,True
2025-10-21,2025-10-21 16:26:00+00:00,2025-10-22 06:11:00+00:00,5.950000000004366,0.0,1.84,0.0,0,False,True
2025-10-22,2025-10-22 16:24:00+00:00,2025-10-23 06:12:00+00:00,9.30000000000291,0.0,2.76,1.0,0,False,True
2025-10-23,2025-10-23 16:22:00+00:00,2025-10-24 06:14:00+00:00,14.030000000020664,0.0,12.0,1.0,0,False,True
2025-10-24,2025-10-24 16:20:00+00:00,2025-10-25 06:16:00+00:00,6.340000000021973,0.0,2.96,0.25,0,False,True
2025-10-25,2025-10-25 16:17:00+00:00,2025-10-26 06:18:00+00:00,3.6400000000248838,0.0,0.48,0.0,0,False,True
2025-10-26,2025-10-26 16:15:00+00:00,2025-10-27 06:20:00+00:00,5.180000000018481,0.0,1.48,0.0,0,False,True
2025-10-27,2025-10-27 16:13:00+00:00,2025-10-28 06:22:00+00:00,7.320000000021537,0.0,2.76,0.25,0,False,True
2025-10-28,2025-10-28 16:11:00+00:00,2025-10-29 06:24:00+00:00,6.620000000017171,0.0,2.08,0.5,0,False,True
2025-10-29,2025-10-29 16:09:00+00:00,2025-10-30 06:25:00+00:00,32.200000000008004,0.0,13.0,3.0,0,True,True
2025-10-30,2025-10-30 16:07:00+00:00,2025-10-31 06:27:00+00:00,6.160000000010768,0.0,2.56,0.25,0,False,True
2025-10-31,2025-10-31 16:06:00+00:00,2025-11-01 06:29:00+00:00,10.510000000012951,0.0,2.52,0.75,0,False,True
2025-11-01,2025-11-01 16:04:00+00:00,2025-11-02 06:31:00+00:00,8.680000000003929,0.0,2.92,0.75,0,False,True
2025-11-02,2025-11-02 16:02:00+00:00,2025-11-03 06:33:00+00:00,12.579999999990832,0.0,2.56,1.0,0,False,True
2025-11-03,2025-11-03 16:00:00+00:00,2025-11-04 06:35:00+00:00,10.5,0.0,2.72,1.0,0,False,True
2025-11-04,2025-11-04 15:58:00+00:00,2025-11-05 06:36:00+00:00,9.040000000008149,0.0,2.24,0.25,0,False,True
2025-11-05,2025-11-05 15:56:00+00:00,2025-11-06 06:38:00+00:00,9.07000000001426,0.0,3.2,0.5,0,False,True
2025-11-06,2025-11-06 15:55:00+00:00,2025-11-07 06:40:00+00:00,6.390000000024884,0.0,2.08,0.25,0,False,True
2025-11-07,2025-11-07 15:53:00+00:00,2025-11-08 06:42:00+00:00,5.940000000024156,0.0,2.4,0.25,0,False,True
2025-11-08,2025-11-08 15:51:00+00:00,2025-11-09 06:44:00+00:00,3.6600000000289583,0.0,0.44,0.0,0,False,True
2025-11-09,2025-11-09 15:49:00+00:00,2025-11-10 06:46:00+00:00,8.84000000001106,0.0,2.72,0.75,0,False,True
2025-11-10,2025-11-10 15:48:00+00:00,2025-11-11 06:48:00+00:00,7.910000000028958,0.0,2.0,0.0,0,False,True
2025-11-11,2025-11-11 15:46:00+00:00,2025-11-12 06:49:00+00:00,9.319999999999709,0.0,3.56,0.25,0,False,True
2025-11-12,2025-11-12 15:45:00+00:00,2025-11-13 06:51:00+00:00,10.90000000001237,0.0,3.24,0.75,0,False,True
2025-11-13,2025-11-13 15:43:00+00:00,2025-11-14 06:53:00+00:00,5.710000000006403,0.0,1.0,0.0,0,False,True
2025-11-14,2025-11-14 15:42:00+00:00,2025-11-15 06:55:00+00:00,45.050000000010186,0.0,12.76,4.0,0,True,True
2025-11-15,2025-11-15 15:40:00+00:00,2025-11-16 06:57:00+00:00,16.759999999991123,0.0,5.12,2.0,0,True,True
2025-11-16,2025-11-16 15:39:00+00:00,2025-11-17 06:58:00+00:00,10.549999999981083,0.0,2.96,1.0,0,False,True
2025-11-17,2025-11-17 15:37:00+00:00,2025-11-18 07:00:00+00:00,11.210000000017317,0.0,2.76,0.75,0,False,True
2025-11-18,2025-11-18 15:36:00+00:00,2025-11-19 07:02:00+00:00,9.440000000005966,0.0,1.8,0.0,0,False,True
2025-11-19,2025-11-19 15:35:00+00:00,2025-11-20 07:04:00+00:00,45.920000000016444,0.0,15.2,4.75,0,True,True
2025-11-20,2025-11-20 15:34:00+00:00,2025-11-21 07:05:00+00:00,7.92000000002372,0.0,1.96,0.0,0,False,True
2025-11-21,2025-11-21 15:32:00+00:00,2025-11-22 07:07:00+00:00,11.500000000014552,0.0,2.88,1.0,0,False,True
2025-11-22,2025-11-22 15:31:00+00:00,2025-11-23 07:09:00+00:00,26.620000000013533,0.0,10.48,2.25,0,True,True
2025-11-23,2025-11-23 15:30:00+00:00,2025-11-24 07:10:00+00:00,6.420000000020082,0.0,1.36,0.0,0,False,True
2025-11-24,2025-11-24 15:29:00+00:00,2025-11-25 07:12:00+00:00,62.41000000000349,0.0,12.12,5.75,0,True,True
2025-11-25,2025-11-25 15:28:00+00:00,2025-11-26 07:14:00+00:00,9.480000000021391,0.0,3.88,0.5,0,False,True
2025-11-26,2025-11-26 15:27:00+00:00,2025-11-27 07:15:00+00:00,13.750000000010914,0.0,2.96,2.0,0,True,True
2025-11-27,2025-11-27 15:26:00+00:00,2025-11-28 07:17:00+00:00,7.580000000005384,0.0,1.92,0.0,0,False,True
2025-11-28,2025-11-28 15:25:00+00:00,2025-11-29 07:18:00+00:00,7.580000000019936,0.0,3.0,0.75,0,False,True
2025-11-29,2025-11-29 15:24:00+00:00,2025-11-30 07:20:00+00:00,8.87000000002081,0.0,2.16,0.5,0,False,True
2025-11-30,2025-11-30 15:24:00+00:00,2025-12-01 07:21:00+00:00,9.120000000028085,0.0,3.56,0.5,0,False,True
2025-12-01,2025-12-01 15:23:00+00:00,2025-12-02 07:23:00+00:00,8.230000000014115,0.0,1.84,0.0,0,False,True
2025-12-02,2025-12-02 15:22:00+00:00,2025-12-03 07:24:00+00:00,54.9900000000016,0.0,10.76,4.75,0,True,True
2025-12-03,2025-12-03 15:22:00+00:00,2025-12-04 07:25:00+00:00,17.640000000021246,0.0,3.2,2.25,0,True,True
2025-12-04,2025-12-04 15:21:00+00:00,2025-12-05 07:27:00+00:00,14.829999999990832,0.0,2.56,1.5,0,False,True
2025-12-05,2025-12-05 15:21:00+00:00,2025-12-06 07:28:00+00:00,9.610000000029686,0.0,2.88,0.5,0,False,True
2025-12-06,2025-12-06 15:20:00+00:00,2025-12-07 07:29:00+00:00,10.869999999995343,0.0,3.64,0.25,0,False,True
2025-12-07,2025-12-07 15:20:00+00:00,2025-12-08 07:30:00+00:00,6.2700000000186265,0.0,0.92,0.0,0,False,True
2025-12-08,2025-12-08 15:20:00+00:00,2025-12-09 07:31:00+00:00,6.960000000024593,0.0,2.28,0.25,0,False,True
2025-12-09,2025-12-09 15:19:00+00:00,2025-12-10 07:33:00+00:00,6.780000000031578,0.0,1.88,0.0,0,False,True
2025-12-10,2025-12-10 15:19:00+00:00,2025-12-11 07:34:00+00:00,6.530000000024302,0.0,2.16,0.25,0,False,True
2025-12-11,2025-12-11 15:19:00+00:00,2025-12-12 07:35:00+00:00,5.4500000000225555,0.0,0.8,0.0,0,False,True
2025-12-12,2025-12-12 15:19:00+00:00,2025-12-13 07:36:00+00:00,10.450000000026193,0.0,4.6,1.25,0,False,True
2025-12-13,2025-12-13 15:19:00+00:00,2025-12-14 07:37:00+00:00,10.150000000034197,0.0,2.16,0.25,0,False,True
2025-12-14,2025-12-14 15:19:00+00:00,2025-12-15 07:37:00+00:00,12.479999999999563,0.0,2.84,0.75,0,False,True
2025-12-15,2025-12-15 15:19:00+00:00,2025-12-16 07:38:00+00:00,12.220000000012078,0.0,3.36,1.25,0,False,True
2025-12-16,2025-12-16 15:19:00+00:00,2025-12-17 07:39:00+00:00,56.1000000000131,0.0,11.52,5.5,0,True,True
2025-12-17,2025-12-17 15:20:00+00:00,2025-12-18 07:40:00+00:00,7.36000000002241,0.0,2.12,0.5,0,False,True
2025-12-18,2025-12-18 15:20:00+00:00,2025-12-19 07:40:00+00:00,12.87000000000262,0.0,2.48,1.0,0,False,True
2025-12-19,2025-12-19 15:20:00+00:00,2025-12-20 07:41:00+00:00,8.44000000001688,0.0,2.84,0.75,0,False,True
2025-12-20,2025-12-20 15:21:00+00:00,2025-12-21 07:41:00+00:00,6.590000000018335,0.0,2.16,0.25,0,False,True
2025-12-21,2025-12-21 15:21:00+00:00,2025-12-22 07:42:00+00:00,10.470000000012078,0.0,4.04,0.5,0,False,True
2025-12-22,2025-12-22 15:22:00+00:00,2025-12-23 07:42:00+00:00,15.340000000003783,0.0,5.88,1.5,0,False,True
2025-12-23,2025-12-23 15:22:00+00:00,2025-12-24 07:43:00+00:00,13.310000000004948,0.0,3.0,1.75,0,False,True
2025-12-24,2025-12-24 15:23:00+00:00,2025-12-25 07:43:00+00:00,64.63000000000466,0.0,12.96,6.5,0,True,True
2025-12-25,2025-12-25 15:24:00+00:00,2025-12-26 07:43:00+00:00,16.049999999999272,0.0,3.64,2.5,0,True,True
2025-12-26,2025-12-26 15:25:00+00:00,2025-12-27 07:43:00+00:00,15.420000000027358,0.0,10.44,1.25,0,False,True
2025-12-27,2025-12-27 15:25:00+00:00,2025-12-28 07:44:00+00:00,7.630000000011933,0.0,1.56,0.0,0,False,True
2025-12-28,2025-12-28 15:26:00+00:00,2025-12-29 07:44:00+00:00,11.180000000000291,0.0,2.64,0.5,0,False,True
2025-12-29,2025-12-29 15:27:00+00:00,2025-12-30 07:44:00+00:00,3.6000000000240107,0.0,0.32,0.0,0,False,True
2025-12-30,2025-12-30 15:28:00+00:00,2025-12-31 07:44:00+00:00,4.180000000036671,0.0,0.36,0.0,0,False,True
2025-12-31,2025-12-31 15:29:00+00:00,2026-01-01 07:43:00+00:00,3.7700000000259024,0.0,0.32,0.0,0,False,True
2026-01-01,2026-01-01 15:30:00+00:00,2026-01-02 07:43:00+00:00,3.650000000019645,0.0,0.28,0.0,0,False,True
2026-01-02,2026-01-02 15:31:00+00:00,2026-01-03 07:43:00+00:00,17.56999999999971,0.0,11.36,1.25,0,False,True
2026-01-03,2026-01-03 15:33:00+00:00,2026-01-04 07:43:00+00:00,11.910000000014406,0.0,3.48,1.75,0,False,True
2026-01-04,2026-01-04 15:34:00+00:00,2026-01-05 07:42:00+00:00,10.080000000001746,0.0,2.52,0.25,0,False,True
2026-01-05,2026-01-05 15:35:00+00:00,2026-01-06 07:42:00+00:00,11.240000000008877,0.0,5.96,0.5,0,False,True
2026-01-06,2026-01-06 15:36:00+00:00,2026-01-07 07:42:00+00:00,16.95000000001164,0.0,8.72,1.5,0,False,True
2026-01-07,2026-01-07 15:38:00+00:00,2026-01-08 07:41:00+00:00,19.549999999991996,0.0,3.48,3.25,0,True,True
2026-01-08,2026-01-08 15:39:00+00:00,2026-01-09 07:40:00+00:00,18.610000000000582,0.0,4.92,2.25,0,True,True
2026-01-09,2026-01-09 15:41:00+00:00,2026-01-10 07:40:00+00:00,52.900000000019645,0.0,12.44,5.75,0,True,True
2026-01-10,2026-01-10 15:42:00+00:00,2026-01-11 07:39:00+00:00,14.989999999994325,0.0,3.72,1.5,0,False,True
2026-01-11,2026-01-11 15:44:00+00:00,2026-01-12 07:38:00+00:00,27.360000000015134,0.0,10.96,3.25,0,True,True
2026-01-12,2026-01-12 15:45:00+00:00,2026-01-13 07:38:00+00:00,7.830000000034488,0.0,1.76,0.0,0,False,True
2026-01-13,2026-01-13 15:47:00+00:00,2026-01-14 07:37:00+00:00,9.530000000006112,0.0,3.2,0.75,0,False,True
2026-01-14,2026-01-14 15:48:00+00:00,2026-01-15 07:36:00+00:00,13.110000000018772,0.0,2.8,1.0,0,False,True
2026-01-15,2026-01-15 15:50:00+00:00,2026-01-16 07:35:00+00:00,15.59999999998763,0.0,3.28,1.0,0,False,True
2026-01-16,2026-01-16 15:52:00+00:00,2026-01-17 07:34:00+00:00,9.840000000018335,0.0,2.68,0.75,0,False,True
2026-01-17,2026-01-17 15:53:00+00:00,2026-01-18 07:33:00+00:00,6.690000000024156,0.0,2.08,0.25,0,False,True
2026-01-18,2026-01-18 15:55:00+00:00,2026-01-19 07:32:00+00:00,16.169999999994616,0.0,4.08,2.75,0,True,True
2026-01-19,2026-01-19 15:57:00+00:00,2026-01-20 07:31:00+00:00,8.960000000020955,0.0,2.12,0.5,0,False,True
2026-01-20,2026-01-20 15:59:00+00:00,2026-01-21 07:29:00+00:00,10.78999999998996,0.0,2.44,0.25,0,False,True
2026-01-21,2026-01-21 16:01:00+00:00,2026-01-22 07:28:00+00:00,13.75,0.0,4.92,1.25,0,False,True
2026-01-22,2026-01-22 16:02:00+00:00,2026-01-23 07:27:00+00:00,55.450000000008004,0.0,11.08,5.25,0,True,True
2026-01-23,2026-01-23 16:04:00+00:00,2026-01-24 07:26:00+00:00,10.9900000000016,0.0,3.76,0.5,0,False,True
2026-01-24,2026-01-24 16:06:00+00:00,2026-01-25 07:24:00+00:00,7.130000000001019,0.0,2.08,0.25,0,False,True
2026-01-25,2026-01-25 16:08:00+00:00,2026-01-26 07:23:00+00:00,11.910000000010768,0.0,2.96,1.25,0,False,True
2026-01-26,2026-01-26 16:10:00+00:00,2026-01-27 07:22:00+00:00,8.780000000017026,0.0,3.6,0.5,0,False,True
2026-01-27,2026-01-27 16:12:00+00:00,2026-01-28 07:20:00+00:00,8.3000000000211,0.0,1.84,0.0,0,False,True
2026-01-28,2026-01-28 16:13:00+00:00,2026-01-29 07:19:00+00:00,14.560000000012224,0.0,4.56,1.25,0,False,True
2026-01-29,2026-01-29 16:15:00+00:00,2026-01-30 07:17:00+00:00,47.79000000001906,0.0,10.24,4.0,0,True,True
2026-01-30,2026-01-30 16:17:00+00:00,2026-01-31 07:15:00+00:00,11.079999999998108,0.0,2.96,1.25,0,False,True
2026-01-31,2026-01-31 16:19:00+00:00,2026-02-01 07:14:00+00:00,7.420000000009168,0.0,1.84,0.0,0,False,True
2026-02-01,2026-02-01 16:21:00+00:00,2026-02-02 07:12:00+00:00,8.450000000011642,0.0,2.84,0.25,0,False,True
2026-02-02,2026-02-02 16:23:00+00:00,2026-02-03 07:11:00+00:00,14.379999999990105,0.0,3.12,2.0,0,True,True
2026-02-03,2026-02-03 16:25:00+00:00,2026-02-04 07:09:00+00:00,9.40000000001237,0.0,2.2,0.25,0,False,True
2026-02-04,2026-02-04 16:27:00+00:00,2026-02-05 07:07:00+00:00,15.619999999998981,0.0,3.0,1.5,0,False,True
2026-02-05,2026-02-05 16:29:00+00:00,2026-02-06 07:05:00+00:00,53.39999999999782,0.0,12.76,4.5,0,True,True
2026-02-06,2026-02-06 16:31:00+00:00,2026-02-07 07:04:00+00:00,6.380000000011933,0.0,1.88,0.0,0,False,True
2026-02-07,2026-02-07 16:33:00+00:00,2026-02-08 07:02:00+00:00,6.140000000021246,0.0,2.16,0.25,0,False,True
2026-02-08,2026-02-08 16:35:00+00:00,2026-02-09 07:00:00+00:00,11.670000000016444,0.0,4.08,1.5,0,False,True
2026-02-09,2026-02-09 16:37:00+00:00,2026-02-10 06:58:00+00:00,8.24000000001979,0.0,2.24,0.25,0,False,True
2026-02-10,2026-02-10 16:39:00+00:00,2026-02-11 06:56:00+00:00,12.540000000011787,0.0,3.96,1.25,0,False,True
2026-02-11,2026-02-11 16:41:00+00:00,2026-02-12 06:54:00+00:00,14.829999999998108,0.0,4.52,1.5,0,False,True
2026-02-12,2026-02-12 16:43:00+00:00,2026-02-13 06:52:00+00:00,9.160000000003492,0.0,2.44,0.5,0,False,True
2026-02-13,2026-02-13 16:44:00+00:00,2026-02-14 06:50:00+00:00,7.980000000021391,0.0,2.56,0.5,0,False,True
2026-02-14,2026-02-14 16:46:00+00:00,2026-02-15 06:48:00+00:00,6.540000000008149,0.0,2.0,0.0,0,False,True
2026-02-15,2026-02-15 16:48:00+00:00,2026-02-16 06:46:00+00:00,8.400000000023283,0.0,2.36,0.25,0,False,True
2026-02-16,2026-02-16 16:50:00+00:00,2026-02-17 06:44:00+00:00,8.370000000031723,0.0,5.8,0.5,0,False,True
2026-02-17,2026-02-17 16:52:00+00:00,2026-02-18 06:42:00+00:00,13.830000000023574,0.0,5.96,2.0,0,True,True
2026-02-18,2026-02-18 16:54:00+00:00,2026-02-19 06:40:00+00:00,9.860000000000582,0.0,2.68,0.75,0,False,True
2026-02-19,2026-02-19 16:56:00+00:00,2026-02-20 06:38:00+00:00,7.070000000021537,0.0,1.92,0.0,0,False,True
2026-02-20,2026-02-20 16:58:00+00:00,2026-02-21 06:36:00+00:00,5.1300000000155705,0.0,1.96,0.0,0,False,True
2026-02-21,2026-02-21 17:00:00+00:00,2026-02-22 06:34:00+00:00,8.680000000011205,0.0,3.08,0.75,0,False,True
2026-02-22,2026-02-22 17:02:00+00:00,2026-02-23 06:32:00+00:00,10.060000000015862,0.0,2.08,0.25,0,False,True
2026-02-23,2026-02-23 17:04:00+00:00,2026-02-24 06:30:00+00:00,9.040000000011787,0.0,2.12,0.25,0,False,True
2026-02-24,2026-02-24 17:06:00+00:00,2026-02-25 06:27:00+00:00,8.240000000023429,0.0,3.36,0.5,0,False,True
2026-02-25,2026-02-25 17:07:00+00:00,2026-02-26 06:25:00+00:00,7.910000000010768,0.0,2.8,0.75,0,False,True
2026-02-26,2026-02-26 17:09:00+00:00,2026-02-27 06:23:00+00:00,8.450000000008004,0.0,1.48,0.0,0,False,True
2026-02-27,2026-02-27 17:11:00+00:00,2026-02-28 06:21:00+00:00,6.5200000000040745,0.0,2.04,0.25,0,False,True
2026-02-28,2026-02-28 17:13:00+00:00,2026-03-01 06:19:00+00:00,6.260000000009313,0.0,2.6,0.25,0,False,True
2026-03-01,2026-03-01 17:15:00+00:00,2026-03-02 06:17:00+00:00,7.790000000015425,0.0,2.4,0.75,0,False,True
2026-03-02,2026-03-02 17:17:00+00:00,2026-03-03 06:14:00+00:00,8.02000000001135,0.0,2.28,0.75,0,False,True
2026-03-03,2026-03-03 17:19:00+00:00,2026-03-04 06:12:00+00:00,5.340000000029249,0.0,1.52,0.0,0,False,True
2026-03-04,2026-03-04 17:21:00+00:00,2026-03-05 06:10:00+00:00,10.360000000000582,0.0,4.08,0.75,0,False,True
2026-03-05,2026-03-05 17:22:00+00:00,2026-03-06 06:08:00+00:00,6.710000000013679,0.0,2.12,0.25,0,False,True
2026-03-06,2026-03-06 17:24:00+00:00,2026-03-07 06:05:00+00:00,7.190000000027794,0.0,2.28,0.25,0,False,True
2026-03-07,2026-03-07 17:26:00+00:00,2026-03-08 06:03:00+00:00,8.13000000001557,0.0,3.08,0.75,0,False,True
2026-03-08,2026-03-08 17:28:00+00:00,2026-03-09 06:01:00+00:00,5.190000000013242,0.0,1.48,0.0,0,False,True
2026-03-09,2026-03-09 17:30:00+00:00,2026-03-10 05:58:00+00:00,6.780000000006112,0.0,4.16,0.5,0,False,True
2026-03-10,2026-03-10 17:32:00+00:00,2026-03-11 05:56:00+00:00,6.080000000019936,0.0,3.72,0.5,0,False,True
2026-03-11,2026-03-11 17:33:00+00:00,2026-03-12 05:54:00+00:00,9.380000000008295,0.0,2.64,1.5,0,False,True
2026-03-12,2026-03-12 17:35:00+00:00,2026-03-13 05:52:00+00:00,8.980000000010477,0.0,2.8,0.5,0,False,True
2026-03-13,2026-03-13 17:37:00+00:00,2026-03-14 05:49:00+00:00,20.77000000001135,0.0,11.48,2.0,0,True,True
2026-03-14,2026-03-14 17:39:00+00:00,2026-03-15 05:47:00+00:00,40.85000000000946,0.0,13.28,4.25,0,True,True
2026-03-15,2026-03-15 17:41:00+00:00,2026-03-16 05:45:00+00:00,7.66000000000713,0.0,2.12,0.25,0,False,True
2026-03-16,2026-03-16 17:42:00+00:00,2026-03-17 05:42:00+00:00,5.840000000018335,0.0,1.96,0.0,0,False,True
2026-03-17,2026-03-17 17:44:00+00:00,2026-03-18 05:40:00+00:00,10.600000000016735,0.0,3.32,1.0,0,False,True
2026-03-18,2026-03-18 17:46:00+00:00,2026-03-19 05:38:00+00:00,8.700000000011642,0.0,3.48,0.75,0,False,True
2026-03-19,2026-03-19 17:48:00+00:00,2026-03-20 05:35:00+00:00,4.4500000000116415,0.0,1.84,0.0,0,False,True
2026-03-20,2026-03-20 17:49:00+00:00,2026-03-21 05:33:00+00:00,6.370000000009895,0.0,3.24,0.75,0,False,True
2026-03-21,2026-03-21 17:51:00+00:00,2026-03-22 05:31:00+00:00,4.370000000024447,0.0,1.36,0.0,0,False,True
2026-03-22,2026-03-22 17:53:00+00:00,2026-03-23 05:28:00+00:00,5.590000000018335,0.0,2.04,0.25,0,False,True
2026-03-23,2026-03-23 17:55:00+00:00,2026-03-24 05:26:00+00:00,7.989999999997963,0.0,2.28,0.5,0,False,True
2026-03-24,2026-03-24 17:57:00+00:00,2026-03-25 05:24:00+00:00,5.930000000003929,0.0,2.48,0.5,0,False,True
2026-03-25,2026-03-25 17:58:00+00:00,2026-03-26 05:21:00+00:00,9.380000000004657,0.0,3.72,0.75,0,False,True
2026-03-26,2026-03-26 18:00:00+00:00,2026-03-27 05:19:00+00:00,5.670000000001892,0.0,1.2,0.0,0,False,True
2026-03-27,2026-03-27 18:02:00+00:00,2026-03-28 05:17:00+00:00,7.220000000015716,0.0,3.68,0.25,0,False,True
2026-03-28,2026-03-28 18:04:00+00:00,2026-03-29 05:15:00+00:00,7.920000000009168,0.0,3.28,0.25,0,False,True
2026-03-29,2026-03-29 18:05:00+00:00,2026-03-30 05:12:00+00:00,5.290000000011787,0.0,1.48,0.0,0,False,True
2026-03-30,2026-03-30 18:07:00+00:00,2026-03-31 05:10:00+00:00,5.440000000013242,0.0,1.4,0.0,0,False,True
2026-03-31,2026-03-31 18:09:00+00:00,2026-04-01 05:08:00+00:00,5.200000000004366,0.0,2.36,0.25,0,False,True
2026-04-01,2026-04-01 18:11:00+00:00,2026-04-02 05:05:00+00:00,7.990000000008877,0.0,2.92,1.0,0,False,True
2026-04-02,2026-04-02 18:12:00+00:00,2026-04-03 05:03:00+00:00,6.540000000011787,0.0,2.32,1.0,0,False,True
2026-04-03,2026-04-03 18:14:00+00:00,2026-04-04 05:01:00+00:00,5.3400000000074215,0.0,1.6,0.0,0,False,True
2026-04-04,2026-04-04 18:16:00+00:00,2026-04-05 04:59:00+00:00,4.33000000001266,0.0,1.64,0.0,0,False,True
2026-04-05,2026-04-05 18:17:00+00:00,2026-04-06 04:56:00+00:00,6.450000000000728,0.0,1.72,0.0,0,False,True
2026-04-06,2026-04-06 18:19:00+00:00,2026-04-07 04:54:00+00:00,9.389999999992142,0.0,3.08,0.75,0,False,True
2026-04-07,2026-04-07 18:21:00+00:00,2026-04-08 04:52:00+00:00,4.41000000000713,0.0,1.8,0.0,0,False,True
2026-04-08,2026-04-08 18:23:00+00:00,2026-04-09 04:50:00+00:00,6.570000000010623,0.0,2.24,0.5,0,False,True
2026-04-09,2026-04-09 18:24:00+00:00,2026-04-10 04:47:00+00:00,4.320000000014261,0.0,1.96,0.0,0,False,True
2026-04-10,2026-04-10 18:26:00+00:00,2026-04-11 04:45:00+00:00,6.519999999989523,0.0,1.88,0.0,0,False,True
2026-04-11,2026-04-11 18:28:00+00:00,2026-04-12 04:43:00+00:00,28.90999999999258,0.0,11.12,2.75,0,True,True
2026-04-12,2026-04-12 18:30:00+00:00,2026-04-13 04:41:00+00:00,8.810000000004948,0.0,3.04,0.75,0,False,True
2026-04-13,2026-04-13 18:31:00+00:00,2026-04-14 04:39:00+00:00,3.9400000000096043,0.0,1.96,0.0,0,False,True
2026-04-14,2026-04-14 18:33:00+00:00,2026-04-15 04:36:00+00:00,6.690000000005966,0.0,2.52,0.25,0,False,True
2026-04-15,2026-04-15 18:35:00+00:00,2026-04-16 04:34:00+00:00,4.210000000013679,0.0,1.4,0.0,0,False,True
2026-04-16,2026-04-16 18:36:00+00:00,2026-04-17 04:32:00+00:00,4.290000000026339,0.0,2.24,0.25,0,False,True
2026-04-17,2026-04-17 18:38:00+00:00,2026-04-18 04:30:00+00:00,4.570000000014261,0.0,1.44,0.0,0,False,True
2026-04-18,2026-04-18 18:40:00+00:00,2026-04-19 04:28:00+00:00,5.280000000013388,0.0,2.56,0.25,0,False,True
2026-04-19,2026-04-19 18:42:00+00:00,2026-04-20 04:26:00+00:00,3.760000000016589,0.0,1.8,0.0,0,False,True
2026-04-20,2026-04-20 18:43:00+00:00,2026-04-21 04:24:00+00:00,3.650000000008731,0.0,1.36,0.0,0,False,True
2026-04-21,2026-04-21 18:45:00+00:00,2026-04-22 04:22:00+00:00,4.370000000013533,0.0,2.32,0.5,0,False,True
2026-04-22,2026-04-22 18:47:00+00:00,2026-04-23 04:20:00+00:00,4.850000000009459,0.0,2.0,0.0,0,False,True
2026-04-23,2026-04-23 18:48:00+00:00,2026-04-24 04:18:00+00:00,4.010000000009313,0.0,0.88,0.0,0,False,True
2026-04-24,2026-04-24 18:50:00+00:00,2026-04-25 04:16:00+00:00,4.620000000013533,0.0,1.12,0.0,0,False,True
2026-04-25,2026-04-25 18:52:00+00:00,2026-04-26 04:14:00+00:00,4.010000000020227,0.0,1.0,0.0,0,False,True
2026-04-26,2026-04-26 18:54:00+00:00,2026-04-27 04:12:00+00:00,5.110000000018772,0.0,1.72,0.0,0,False,True
2026-04-27,2026-04-27 18:55:00+00:00,2026-04-28 04:10:00+00:00,2.3800000000264845,0.0,0.8,0.0,0,False,True
2026-04-28,2026-04-28 18:57:00+00:00,2026-04-29 04:08:00+00:00,2.1200000000208092,0.0,0.28,0.0,0,False,True
2026-04-29,2026-04-29 18:59:00+00:00,2026-04-30 04:06:00+00:00,2.110000000015134,0.0,0.28,0.0,0,False,True
2026-04-30,2026-04-30 19:00:00+00:00,2026-05-01 04:04:00+00:00,2.1000000000130967,0.0,0.28,0.0,0,False,True
2026-05-01,2026-05-01 19:02:00+00:00,2026-05-02 04:02:00+00:00,4.029999999998836,0.0,0.56,0.0,0,False,True
2026-05-02,2026-05-02 19:04:00+00:00,2026-05-03 04:00:00+00:00,4.6300000000155705,0.0,2.0,0.0,0,False,True
2026-05-03,2026-05-03 19:05:00+00:00,2026-05-04 03:58:00+00:00,3.74999999998181,0.0,0.52,0.0,0,False,True
2026-05-04,2026-05-04 19:07:00+00:00,2026-05-05 03:57:00+00:00,4.600000000009459,0.0,1.64,0.0,0,False,True
2026-05-05,2026-05-05 19:09:00+00:00,2026-05-06 03:55:00+00:00,5.42000000000553,0.0,3.96,0.5,0,False,True
2026-05-06,2026-05-06 19:10:00+00:00,2026-05-07 03:53:00+00:00,57.020000000004075,0.0,11.88,5.5,0,True,True
2026-05-07,2026-05-07 19:12:00+00:00,2026-05-08 03:51:00+00:00,3.14000000001397,0.0,1.24,0.0,0,False,True
2026-05-08,2026-05-08 19:13:00+00:00,2026-05-09 03:50:00+00:00,2.3700000000135333,0.0,0.48,0.0,0,False,True
2026-05-09,2026-05-09 19:15:00+00:00,2026-05-10 03:48:00+00:00,5.819999999988795,0.0,2.56,0.25,0,False,True
2026-05-10,2026-05-10 19:17:00+00:00,2026-05-11 03:46:00+00:00,4.040000000011787,0.0,1.8,0.0,0,False,True
2026-05-11,2026-05-11 19:18:00+00:00,2026-05-12 03:45:00+00:00,3.4200000000128057,0.0,2.04,0.25,0,False,True
2026-05-12,2026-05-12 19:20:00+00:00,2026-05-13 03:43:00+00:00,3.5500000000211003,0.0,1.72,0.0,0,False,True
2026-05-13,2026-05-13 19:21:00+00:00,2026-05-14 03:42:00+00:00,21.56999999999607,0.0,11.44,1.75,0,False,True
2026-05-14,2026-05-14 19:23:00+00:00,2026-05-15 03:40:00+00:00,3.320000000014261,0.0,0.64,0.0,0,False,True
2026-05-15,2026-05-15 19:24:00+00:00,2026-05-16 03:39:00+00:00,3.7700000000040745,0.0,0.68,0.0,0,False,True
2026-05-16,2026-05-16 19:26:00+00:00,2026-05-17 03:37:00+00:00,5.739999999994325,0.0,2.32,0.5,0,False,True
2026-05-17,2026-05-17 19:27:00+00:00,2026-05-18 03:36:00+00:00,2.8400000000146974,0.0,0.68,0.0,0,False,True
2026-05-18,2026-05-18 19:29:00+00:00,2026-05-19 03:34:00+00:00,3.780000000002474,0.0,1.68,0.0,0,False,True
2026-05-19,2026-05-19 19:30:00+00:00,2026-05-20 03:33:00+00:00,3.640000000010332,0.0,1.84,0.0,0,False,True
2026-05-20,2026-05-20 19:32:00+00:00,2026-05-21 03:32:00+00:00,4.970000000012078,0.0,2.72,0.5,0,False,True
2026-05-21,2026-05-21 19:33:00+00:00,2026-05-22 03:31:00+00:00,2.3100000000013097,0.0,0.52,0.0,0,False,True
2026-05-22,2026-05-22 19:34:00+00:00,2026-05-23 03:29:00+00:00,4.000000000003638,0.0,1.0,0.0,0,False,True
2026-05-23,2026-05-23 19:36:00+00:00,2026-05-24 03:28:00+00:00,4.990000000001601,0.0,1.84,0.0,0,False,True
2026-05-24,2026-05-24 19:37:00+00:00,2026-05-25 03:27:00+00:00,5.1600000000034925,0.0,1.12,0.0,0,False,True
2026-05-25,2026-05-25 19:38:00+00:00,2026-05-26 03:26:00+00:00,3.540000000011787,0.0,2.2,0.25,0,False,True
2026-05-26,2026-05-26 19:40:00+00:00,2026-05-27 03:25:00+00:00,2.960000000002765,0.0,1.92,0.0,0,False,True
2026-05-27,2026-05-27 19:41:00+00:00,2026-05-28 03:24:00+00:00,5.530000000017026,0.0,2.32,0.5,0,False,True
2026-05-28,2026-05-28 19:42:00+00:00,2026-05-29 03:23:00+00:00,2.6000000000130967,0.0,0.68,0.0,0,False,True
2026-05-29,2026-05-29 19:43:00+00:00,2026-05-30 03:22:00+00:00,4.55000000000291,0.0,1.04,0.0,0,False,True
2026-05-30,2026-05-30 19:44:00+00:00,2026-05-31 03:21:00+00:00,5.30000000000291,0.0,1.84,0.0,0,False,True
2026-05-31,2026-05-31 19:46:00+00:00,2026-06-01 03:20:00+00:00,3.5300000000133878,0.0,2.48,0.25,0,False,True
2026-06-01,2026-06-01 19:47:00+00:00,2026-06-02 03:20:00+00:00,2.580000000016298,0.0,0.92,0.0,0,False,True
2026-06-02,2026-06-02 19:48:00+00:00,2026-06-03 03:19:00+00:00,2.7300000000177533,0.0,0.64,0.0,0,False,True
2026-06-03,2026-06-03 19:49:00+00:00,2026-06-04 03:18:00+00:00,4.4100000000034925,0.0,2.76,0.25,0,False,True
2026-06-04,2026-06-04 19:50:00+00:00,2026-06-05 03:18:00+00:00,30.480000000010477,0.0,10.4,3.0,0,True,True
2026-06-05,2026-06-05 19:51:00+00:00,2026-06-06 03:17:00+00:00,4.750000000003638,0.0,2.84,0.5,0,False,True
2026-06-06,2026-06-06 19:51:00+00:00,2026-06-07 03:16:00+00:00,4.899999999994179,0.0,1.72,0.0,0,False,True
2026-06-07,2026-06-07 19:52:00+00:00,2026-06-08 03:16:00+00:00,3.640000000017608,0.0,2.4,0.5,0,False,True
2026-06-08,2026-06-08 19:53:00+00:00,2026-06-09 03:15:00+00:00,2.2300000000177533,0.0,0.84,0.0,0,False,True
2026-06-09,2026-06-09 19:54:00+00:00,2026-06-10 03:15:00+00:00,2.9100000000071304,0.0,1.48,0.0,0,False,True
2026-06-10,2026-06-10 19:55:00+00:00,2026-06-11 03:15:00+00:00,2.890000000010332,0.0,1.12,0.0,0,False,True
2026-06-11,2026-06-11 19:55:00+00:00,2026-06-12 03:14:00+00:00,3.319999999999709,0.0,1.72,0.0,0,False,True
2026-06-12,2026-06-12 19:56:00+00:00,2026-06-13 03:14:00+00:00,13.479999999999563,0.0,4.8,2.5,0,True,True
2026-06-13,2026-06-13 19:56:00+00:00,2026-06-14 03:14:00+00:00,3.3099999999976717,0.0,0.6,0.0,0,False,True
2026-06-14,2026-06-14 19:57:00+00:00,2026-06-15 03:14:00+00:00,4.279999999984284,0.0,1.44,0.0,0,False,True
2026-06-15,2026-06-15 19:57:00+00:00,2026-06-16 03:14:00+00:00,4.110000000007858,0.0,1.56,0.0,0,False,True
2026-06-16,2026-06-16 19:58:00+00:00,2026-06-17 03:14:00+00:00,5.349999999994907,0.0,2.6,0.25,0,False,True
2026-06-17,2026-06-17 19:58:00+00:00,2026-06-18 03:14:00+00:00,4.740000000001601,0.0,1.52,0.0,0,False,True
2026-06-18,2026-06-18 19:59:00+00:00,2026-06-19 03:14:00+00:00,4.9099999999998545,0.0,1.64,0.0,0,False,True
2026-06-19,2026-06-19 19:59:00+00:00,2026-06-20 03:14:00+00:00,5.17000000000553,0.0,1.16,0.0,0,False,True
2026-06-20,2026-06-20 19:59:00+00:00,2026-06-21 03:14:00+00:00,3.1199999999880674,0.0,0.56,0.0,0,False,True
2026-06-21,2026-06-21 19:59:00+00:00,2026-06-22 03:14:00+00:00,7.070000000006985,0.0,2.56,0.25,0,False,True
2026-06-22,2026-06-22 19:59:00+00:00,2026-06-23 03:15:00+00:00,5.110000000000582,0.0,2.4,0.25,0,False,True
2026-06-23,2026-06-23 20:00:00+00:00,2026-06-24 03:15:00+00:00,4.960000000013679,0.0,1.16,0.0,0,False,True
2026-06-24,2026-06-24 20:00:00+00:00,2026-06-25 03:15:00+00:00,8.250000000007276,0.0,2.16,0.25,0,False,True
2026-06-25,2026-06-25 20:00:00+00:00,2026-06-26 03:16:00+00:00,8.100000000002183,0.0,2.96,0.5,0,False,True
2026-06-26,2026-06-26 19:59:00+00:00,2026-06-27 03:16:00+00:00,26.540000000011787,0.0,8.6,2.75,0,True,True
2026-06-27,2026-06-27 19:59:00+00:00,2026-06-28 03:17:00+00:00,9.469999999997526,0.0,3.12,1.0,0,False,True
2026-06-28,2026-06-28 19:59:00+00:00,2026-06-29 03:17:00+00:00,6.2299999999886495,0.0,2.24,0.25,0,False,True
2026-06-29,2026-06-29 19:59:00+00:00,2026-06-30 03:18:00+00:00,2.7700000000186265,0.0,0.6,0.0,0,False,True
2026-06-30,2026-06-30 19:59:00+00:00,2026-07-01 03:18:00+00:00,3.0900000000037835,0.0,1.88,0.0,0,False,True
2026-07-01,2026-07-01 19:58:00+00:00,2026-07-02 03:19:00+00:00,2.9200000000018917,0.0,1.84,0.0,0,False,True
2026-07-02,2026-07-02 19:58:00+00:00,2026-07-03 03:20:00+00:00,2.7300000000104774,0.0,2.08,0.25,0,False,True
2026-07-03,2026-07-03 19:57:00+00:00,2026-07-04 03:21:00+00:00,5.980000000003201,0.0,3.04,0.75,0,False,True
2026-07-04,2026-07-04 19:57:00+00:00,2026-07-05 03:21:00+00:00,4.529999999998836,0.0,1.92,0.0,0,False,True
2026-07-05,2026-07-05 19:56:00+00:00,2026-07-06 03:22:00+00:00,4.039999999997235,0.0,1.4,0.0,0,False,True
2026-07-06,2026-07-06 19:56:00+00:00,2026-07-07 03:23:00+00:00,5.730000000003201,0.0,2.52,0.25,0,False,True
2026-07-07,2026-07-07 19:55:00+00:00,2026-07-08 03:24:00+00:00,5.250000000003638,0.0,1.8,0.0,0,False,True
2026-07-08,2026-07-08 19:54:00+00:00,2026-07-09 03:25:00+00:00,35.8999999999869,0.0,6.0,6.0,0,True,True
2026-07-09,2026-07-09 19:54:00+00:00,2026-07-10 03:26:00+00:00,3.570000000014261,0.0,2.2,0.25,0,False,True
2026-07-10,2026-07-10 19:53:00+00:00,2026-07-11 03:27:00+00:00,5.629999999990105,0.0,2.08,0.25,0,False,True
2026-07-11,2026-07-11 19:52:00+00:00,2026-07-12 03:28:00+00:00,4.669999999990978,0.0,1.04,0.0,0,False,True
2026-07-12,2026-07-12 19:51:00+00:00,2026-07-13 03:29:00+00:00,4.020000000000437,0.0,1.44,0.0,0,False,True
2026-07-13,2026-07-13 19:50:00+00:00,2026-07-14 03:30:00+00:00,5.709999999995489,0.0,3.28,0.25,0,False,True
2026-07-14,2026-07-14 19:49:00+00:00,2026-07-15 03:31:00+00:00,6.630000000001019,0.0,1.32,0.0,0,False,True
2026-07-15,2026-07-15 19:48:00+00:00,2026-07-16 03:33:00+00:00,9.119999999995343,0.0,2.4,0.5,0,False,True
2026-07-16,2026-07-16 19:47:00+00:00,2026-07-17 03:34:00+00:00,4.519999999996799,0.0,0.76,0.0,0,False,True
2026-07-17,2026-07-17 19:46:00+00:00,2026-07-18 03:35:00+00:00,4.420000000009168,0.0,2.12,0.25,0,False,True
2026-07-18,2026-07-18 19:45:00+00:00,2026-07-19 03:36:00+00:00,3.6700000000055297,0.0,0.6,0.0,0,False,True
2026-07-19,2026-07-19 19:44:00+00:00,2026-07-20 03:38:00+00:00,4.099999999994907,0.0,1.08,0.0,0,False,True
2026-07-20,2026-07-20 19:42:00+00:00,2026-07-21 03:39:00+00:00,4.860000000000582,0.0,1.88,0.0,0,False,True
2026-07-21,2026-07-21 19:41:00+00:00,2026-07-22 03:40:00+00:00,2.570000000003347,0.0,0.48,0.0,0,False,True
2026-07-22,2026-07-22 19:40:00+00:00,2026-07-23 03:42:00+00:00,3.0600000000122236,0.0,1.0,0.0,0,False,True
2026-07-23,2026-07-23 19:38:00+00:00,2026-07-24 03:43:00+00:00,1.8100000000122236,0.0,0.28,0.0,0,False,True
2026-07-24,2026-07-24 19:37:00+00:00,2026-07-25 03:44:00+00:00,1.750000000007276,0.0,0.28,0.0,0,False,True
2026-07-25,2026-07-25 19:36:00+00:00,2026-07-26 03:46:00+00:00,1.860000000007858,0.0,0.28,0.0,0,False,True
2026-07-26,2026-07-26 19:34:00+00:00,2026-07-27 03:47:00+00:00,1.8500000000130967,0.0,0.28,0.0,0,False,True
2026-07-27,2026-07-27 19:33:00+00:00,2026-07-28 03:49:00+00:00,1.860000000011496,0.0,0.28,0.0,0,False,True
2026-07-28,2026-07-28 19:31:00+00:00,2026-07-29 03:50:00+00:00,1.8700000000062573,0.0,0.28,0.0,0,False,True
2026-07-29,2026-07-29 19:29:00+00:00,2026-07-30 03:52:00+00:00,1.9400000000096043,0.0,0.28,0.0,0,False,True
2026-07-30,2026-07-30 19:28:00+00:00,2026-07-31 03:53:00+00:00,1.9200000000128057,0.0,0.28,0.0,0,False,True
2026-07-31,2026-07-31 19:26:00+00:00,2026-08-01 03:55:00+00:00,1.9100000000107684,0.0,0.28,0.0,0,False,True
2026-08-01,2026-08-01 19:25:00+00:00,2026-08-02 03:56:00+00:00,1.9100000000034925,0.0,0.28,0.0,0,False,True
2026-08-02,2026-08-02 19:23:00+00:00,2026-08-03 03:58:00+00:00,1.9000000000087311,0.0,0.28,0.0,0,False,True
2026-08-03,2026-08-03 19:21:00+00:00,2026-08-04 03:59:00+00:00,1.9200000000091677,0.0,0.28,0.0,0,False,True
2026-08-04,2026-08-04 19:19:00+00:00,2026-08-05 04:01:00+00:00,2.010000000023865,0.0,0.28,0.0,0,False,True
2026-08-05,2026-08-05 19:18:00+00:00,2026-08-06 04:02:00+00:00,2.000000000025466,0.0,0.24,0.0,0,False,True
2026-08-06,2026-08-06 19:16:00+00:00,2026-08-07 04:04:00+00:00,3.5600000000158616,0.0,0.64,0.0,0,False,True
2026-08-07,2026-08-07 19:14:00+00:00,2026-08-08 04:05:00+00:00,3.3800000000155705,0.0,1.0,0.0,0,False,True
2026-08-08,2026-08-08 19:12:00+00:00,2026-08-09 04:07:00+00:00,4.209999999980937,0.0,0.68,0.0,0,False,True
2026-08-09,2026-08-09 19:10:00+00:00,2026-08-10 04:08:00+00:00,2.0100000000056752,0.0,0.28,0.0,0,False,True
2026-08-10,2026-08-10 19:08:00+00:00,2026-08-11 04:10:00+00:00,2.00000000001819,0.0,0.28,0.0,0,False,True
2026-08-11,2026-08-11 19:06:00+00:00,2026-08-12 04:12:00+00:00,6.560000000008586,0.0,2.96,0.5,0,False,True
2026-08-12,2026-08-12 19:04:00+00:00,2026-08-13 04:13:00+00:00,4.430000000011205,0.0,1.36,0.0,0,False,True
2026-08-13,2026-08-13 19:02:00+00:00,2026-08-14 04:15:00+00:00,8.520000000004075,0.0,1.64,0.0,0,False,True
2026-08-14,2026-08-14 19:00:00+00:00,2026-08-15 04:16:00+00:00,7.619999999991705,0.0,1.0,0.0,0,False,True
2026-08-15,2026-08-15 18:58:00+00:00,2026-08-16 04:18:00+00:00,5.8399999999965075,0.0,1.88,0.0,0,False,True
2026-08-16,2026-08-16 18:56:00+00:00,2026-08-17 04:20:00+00:00,4.650000000008731,0.0,1.68,0.0,0,False,True
2026-08-17,2026-08-17 18:54:00+00:00,2026-08-18 04:21:00+00:00,4.220000000001164,0.0,1.68,0.0,0,False,True
2026-08-18,2026-08-18 18:52:00+00:00,2026-08-19 04:23:00+00:00,3.8800000000082946,0.0,1.24,0.0,0,False,True
2026-08-19,2026-08-19 18:50:00+00:00,2026-08-20 04:24:00+00:00,37.86000000000422,0.0,8.2,5.25,0,True,True
2026-08-20,2026-08-20 18:48:00+00:00,2026-08-21 04:26:00+00:00,3.580000000023574,0.0,1.56,0.0,0,False,True
2026-08-21,2026-08-21 18:46:00+00:00,2026-08-22 04:28:00+00:00,29.180000000011205,0.0,7.08,5.0,0,True,True
2026-08-22,2026-08-22 18:44:00+00:00,2026-08-23 04:29:00+00:00,3.3800000000155705,0.0,1.28,0.0,0,False,True
2026-08-23,2026-08-23 18:42:00+00:00,2026-08-24 04:31:00+00:00,3.5300000000133878,0.0,1.64,0.0,0,False,True
2026-08-24,2026-08-24 18:39:00+00:00,2026-08-25 04:32:00+00:00,3.69000000001688,0.0,1.32,0.0,0,False,True
2026-08-25,2026-08-25 18:37:00+00:00,2026-08-26 04:34:00+00:00,3.440000000020518,0.0,1.2,0.0,0,False,True
2026-08-26,2026-08-26 18:35:00+00:00,2026-08-27 04:36:00+00:00,3.580000000016298,0.0,2.0,0.0,0,False,True
2026-08-27,2026-08-27 18:33:00+00:00,2026-08-28 04:37:00+00:00,6.249999999996362,0.0,1.76,0.0,0,False,True
2026-08-28,2026-08-28 18:31:00+00:00,2026-08-29 04:39:00+00:00,6.289999999979045,0.0,2.0,0.0,0,False,True
2026-08-29,2026-08-29 18:28:00+00:00,2026-08-30 04:40:00+00:00,5.009999999980209,0.0,1.36,0.0,0,False,True
2026-08-30,2026-08-30 18:26:00+00:00,2026-08-31 04:42:00+00:00,5.530000000013388,0.0,2.6,0.5,0,False,True
2026-08-31,2026-08-31 18:24:00+00:00,2026-09-01 04:44:00+00:00,5.760000000012951,0.0,1.64,0.0,0,False,True
2026-09-01,2026-09-01 18:22:00+00:00,2026-09-02 04:45:00+00:00,3.5200000000149885,0.0,1.96,0.0,0,False,True
2026-09-02,2026-09-02 18:19:00+00:00,2026-09-03 04:47:00+00:00,5.470000000004802,0.0,2.04,0.25,0,False,True
2026-09-03,2026-09-03 18:17:00+00:00,2026-09-04 04:49:00+00:00,1.5300000000061118,0.0,1.32,0.0,0,False,False
2026-09-04,2026-09-04 18:15:00+00:00,2026-09-05 04:50:00+00:00,0.0,0.0,0.0,0.0,0,False,False
2026-09-05,2026-09-05 18:12:00+00:00,2026-09-06 04:52:00+00:00,0.0,0.0,0.0,0.0,0,False,False
2026-09-06,2026-09-06 18:10:00+00:00,2026-09-07 04:53:00+00:00,0.0,0.0,0.0,0.0,0,False,False
2026-09-07,2026-09-07 18:08:00+00:00,2026-09-08 04:55:00+00:00,0.0,0.0,0.0,0.0,0,False,False
2026-09-08,2026-09-08 18:06:00+00:00,2026-09-09 04:57:00+00:00,0.0,0.0,0.0,0.0,0,False,False
2026-09-09,2026-09-09 18:03:00+00:00,2026-09-10 04:58:00+00:00,0.0,0.0,0.0,0.0,0,False,False
2026-09-10,2026-09-10 18:01:00+00:00,2026-09-11 05:00:00+00:00,0.0,0.0,0.0,0.0,0,False,False
2026-09-11,2026-09-11 17:59:00+00:00,2026-09-12 05:02:00+00:00,0.0,0.0,0.0,0.0,0,False,False
2026-09-12,2026-09-12 17:56:00+00:00,2026-09-13 05:03:00+00:00,0.0,0.0,0.0,0.0,0,False,False
2026-09-13,2026-09-13 17:54:00+00:00,2026-09-14 05:05:00+00:00,0.0,0.0,0.0,0.0,0,False,False
2026-09-14,2026-09-14 17:51:00+00:00,2026-09-15 05:07:00+00:00,0.0,0.0,0.0,0.0,0,False,False
2026-09-15,2026-09-15 17:49:00+00:00,2026-09-16 05:08:00+00:00,0.0,0.0,0.0,0.0,0,False,False
2026-09-16,2026-09-16 17:47:00+00:00,2026-09-17 05:10:00+00:00,0.0,0.0,0.0,0.0,0,False,False
2026-09-17,2026-09-17 17:44:00+00:00,2026-09-18 05:12:00+00:00,0.0,0.0,0.0,0.0,0,False,False
2026-09-18,2026-09-18 17:42:00+00:00,2026-09-19 05:13:00+00:00,0.0,0.0,0.0,0.0,0,False,False
2026-09-19,2026-09-19 17:40:00+00:00,2026-09-20 05:15:00+00:00,0.0,0.0,0.0,0.0,0,False,False
2026-09-20,2026-09-20 17:37:00+00:00,2026-09-21 05:16:00+00:00,0.0,0.0,0.0,0.0,0,False,False
2026-09-21,2026-09-21 17:35:00+00:00,2026-09-22 05:18:00+00:00,0.0,0.0,0.0,0.0,0,False,False
2026-09-22,2026-09-22 17:33:00+00:00,2026-09-23 05:20:00+00:00,0.0,0.0,0.0,0.0,0,False,False
2026-09-23,2026-09-23 17:30:00+00:00,2026-09-24 05:21:00+00:00,0.0,0.0,0.0,0.0,0,False,False
2026-09-24,2026-09-24 17:28:00+00:00,2026-09-25 05:23:00+00:00,0.0,0.0,0.0,0.0,0,False,False
2026-09-25,2026-09-25 17:25:00+00:00,2026-09-26 05:25:00+00:00,0.0,0.0,0.0,0.0,0,False,False
2026-09-26,2026-09-26 17:23:00+00:00,2026-09-27 05:26:00+00:00,0.0,0.0,0.0,0.0,0,False,False
2026-09-27,2026-09-27 17:21:00+00:00,2026-09-28 05:28:00+00:00,0.0,0.0,0.0,0.0,0,False,False
2026-09-28,2026-09-28 17:18:00+00:00,2026-09-29 05:30:00+00:00,0.0,0.0,0.0,0.0,0,False,False
2026-09-29,2026-09-29 17:16:00+00:00,2026-09-30 05:32:00+00:00,0.0,0.0,0.0,0.0,0,False,False
2026-09-30,2026-09-30 17:14:00+00:00,2026-10-01 05:33:00+00:00,0.0,0.0,0.0,0.0,0,False,False
2026-10-01,2026-10-01 17:11:00+00:00,2026-10-02 05:35:00+00:00,0.0,0.0,0.0,0.0,0,False,False
2026-10-02,2026-10-02 17:09:00+00:00,2026-10-03 05:37:00+00:00,0.0,0.0,0.0,0.0,0,False,False
2026-10-03,2026-10-03 17:07:00+00:00,2026-10-04 05:38:00+00:00,0.0,0.0,0.0,0.0,0,False,False
2026-10-04,2026-10-04 17:04:00+00:00,2026-10-05 05:40:00+00:00,0.0,0.0,0.0,0.0,0,False,False
2026-10-05,2026-10-05 17:02:00+00:00,2026-10-06 05:42:00+00:00,0.0,0.0,0.0,0.0,0,False,False
2026-10-06,2026-10-06 17:00:00+00:00,2026-10-07 05:44:00+00:00,0.0,0.0,0.0,0.0,0,False,False
2026-10-07,2026-10-07 16:57:00+00:00,2026-10-08 05:45:00+00:00,0.0,0.0,0.0,0.0,0,False,False
2026-10-08,2026-10-08 16:55:00+00:00,2026-10-09 05:47:00+00:00,0.0,0.0,0.0,0.0,0,False,False
2026-10-09,2026-10-09 16:53:00+00:00,2026-10-10 05:49:00+00:00,0.0,0.0,0.0,0.0,0,False,False
2026-10-10,2026-10-10 16:51:00+00:00,2026-10-11 05:51:00+00:00,0.0,0.0,0.0,0.0,0,False,False
2026-10-11,2026-10-11 16:48:00+00:00,2026-10-12 05:52:00+00:00,0.0,0.0,0.0,0.0,0,False,False
2026-10-12,2026-10-12 16:46:00+00:00,2026-10-13 05:54:00+00:00,0.0,0.0,0.0,0.0,0,False,False
2026-10-13,2026-10-13 16:44:00+00:00,2026-10-14 05:56:00+00:00,0.0,0.0,0.0,0.0,0,False,False
2026-10-14,2026-10-14 16:42:00+00:00,2026-10-15 05:58:00+00:00,0.0,0.0,0.0,0.0,0,False,False
2026-10-15,2026-10-15 16:39:00+00:00,2026-10-16 05:59:00+00:00,0.0,0.0,0.0,0.0,0,False,False
2026-10-16,2026-10-16 16:37:00+00:00,2026-10-17 06:01:00+00:00,0.0,0.0,0.0,0.0,0,False,False
2026-10-17,2026-10-17 16:35:00+00:00,2026-10-18 06:03:00+00:00,0.0,0.0,0.0,0.0,0,False,False
2026-10-18,2026-10-18 16:33:00+00:00,2026-10-19 06:05:00+00:00,0.0,0.0,0.0,0.0,0,False,False
2026-10-19,2026-10-19 16:31:00+00:00,2026-10-20 06:07:00+00:00,0.0,0.0,0.0,0.0,0,False,False
2026-10-20,2026-10-20 16:28:00+00:00,2026-10-21 06:08:00+00:00,0.0,0.0,0.0,0.0,0,False,False
2026-10-21,2026-10-21 16:26:00+00:00,2026-10-22 06:10:00+00:00,0.0,0.0,0.0,0.0,0,False,False
2026-10-22,2026-10-22 16:24:00+00:00,2026-10-23 06:12:00+00:00,0.0,0.0,0.0,0.0,0,False,False
2026-10-23,2026-10-23 16:22:00+00:00,2026-10-24 06:14:00+00:00,0.0,0.0,0.0,0.0,0,False,False
2026-10-24,2026-10-24 16:20:00+00:00,2026-10-25 06:16:00+00:00,0.0,0.0,0.0,0.0,0,False,False
2026-10-25,2026-10-25 16:18:00+00:00,2026-10-26 06:18:00+00:00,0.0,0.0,0.0,0.0,0,False,False
2026-10-26,2026-10-26 16:16:00+00:00,2026-10-27 06:19:00+00:00,0.0,0.0,0.0,0.0,0,False,False
2026-10-27,2026-10-27 16:14:00+00:00,2026-10-28 06:21:00+00:00,0.0,0.0,0.0,0.0,0,False,False
2026-10-28,2026-10-28 16:12:00+00:00,2026-10-29 06:23:00+00:00,0.0,0.0,0.0,0.0,0,False,False
2026-10-29,2026-10-29 16:10:00+00:00,2026-10-30 06:25:00+00:00,0.0,0.0,0.0,0.0,0,False,False
2026-10-30,2026-10-30 16:08:00+00:00,2026-10-31 06:27:00+00:00,0.0,0.0,0.0,0.0,0,False,False
2026-10-31,2026-10-31 16:06:00+00:00,2026-11-01 06:29:00+00:00,0.0,0.0,0.0,0.0,0,False,False
2026-11-01,2026-11-01 16:04:00+00:00,2026-11-02 06:30:00+00:00,0.0,0.0,0.0,0.0,0,False,False
2026-11-02,2026-11-02 16:02:00+00:00,2026-11-03 06:32:00+00:00,0.0,0.0,0.0,0.0,0,False,False
2026-11-03,2026-11-03 16:00:00+00:00,2026-11-04 06:34:00+00:00,0.0,0.0,0.0,0.0,0,False,False
2026-11-04,2026-11-04 15:59:00+00:00,2026-11-05 06:36:00+00:00,0.0,0.0,0.0,0.0,0,False,False
2026-11-05,2026-11-05 15:57:00+00:00,2026-11-06 06:38:00+00:00,0.0,0.0,0.0,0.0,0,False,False
2026-11-06,2026-11-06 15:55:00+00:00,2026-11-07 06:40:00+00:00,0.0,0.0,0.0,0.0,0,False,False
2026-11-07,2026-11-07 15:53:00+00:00,2026-11-08 06:42:00+00:00,0.0,0.0,0.0,0.0,0,False,False
2026-11-08,2026-11-08 15:52:00+00:00,2026-11-09 06:43:00+00:00,0.0,0.0,0.0,0.0,0,False,False
2026-11-09,2026-11-09 15:50:00+00:00,2026-11-10 06:45:00+00:00,0.0,0.0,0.0,0.0,0,False,False
2026-11-10,2026-11-10 15:48:00+00:00,2026-11-11 06:47:00+00:00,0.0,0.0,0.0,0.0,0,False,False
2026-11-11,2026-11-11 15:47:00+00:00,2026-11-12 06:49:00+00:00,0.0,0.0,0.0,0.0,0,False,False
2026-11-12,2026-11-12 15:45:00+00:00,2026-11-13 06:51:00+00:00,0.0,0.0,0.0,0.0,0,False,False
2026-11-13,2026-11-13 15:43:00+00:00,2026-11-14 06:53:00+00:00,0.0,0.0,0.0,0.0,0,False,False
2026-11-14,2026-11-14 15:42:00+00:00,2026-11-15 06:54:00+00:00,0.0,0.0,0.0,0.0,0,False,False
2026-11-15,2026-11-15 15:41:00+00:00,2026-11-16 06:56:00+00:00,0.0,0.0,0.0,0.0,0,False,False
2026-11-16,2026-11-16 15:39:00+00:00,2026-11-17 06:58:00+00:00,0.0,0.0,0.0,0.0,0,False,False
2026-11-17,2026-11-17 15:38:00+00:00,2026-11-18 07:00:00+00:00,0.0,0.0,0.0,0.0,0,False,False
2026-11-18,2026-11-18 15:36:00+00:00,2026-11-19 07:01:00+00:00,0.0,0.0,0.0,0.0,0,False,False
2026-11-19,2026-11-19 15:35:00+00:00,2026-11-20 07:03:00+00:00,0.0,0.0,0.0,0.0,0,False,False
2026-11-20,2026-11-20 15:34:00+00:00,2026-11-21 07:05:00+00:00,0.0,0.0,0.0,0.0,0,False,False
2026-11-21,2026-11-21 15:33:00+00:00,2026-11-22 07:07:00+00:00,0.0,0.0,0.0,0.0,0,False,False
2026-11-22,2026-11-22 15:31:00+00:00,2026-11-23 07:08:00+00:00,0.0,0.0,0.0,0.0,0,False,False
2026-11-23,2026-11-23 15:30:00+00:00,2026-11-24 07:10:00+00:00,0.0,0.0,0.0,0.0,0,False,False
2026-11-24,2026-11-24 15:29:00+00:00,2026-11-25 07:12:00+00:00,0.0,0.0,0.0,0.0,0,False,False
2026-11-25,2026-11-25 15:28:00+00:00,2026-11-26 07:13:00+00:00,0.0,0.0,0.0,0.0,0,False,False
2026-11-26,2026-11-26 15:27:00+00:00,2026-11-27 07:15:00+00:00,0.0,0.0,0.0,0.0,0,False,False
2026-11-27,2026-11-27 15:26:00+00:00,2026-11-28 07:16:00+00:00,0.0,0.0,0.0,0.0,0,False,False
2026-11-28,2026-11-28 15:25:00+00:00,2026-11-29 07:18:00+00:00,0.0,0.0,0.0,0.0,0,False,False
2026-11-29,2026-11-29 15:25:00+00:00,2026-11-30 07:19:00+00:00,0.0,0.0,0.0,0.0,0,False,False
2026-11-30,2026-11-30 15:24:00+00:00,2026-12-01 07:21:00+00:00,0.0,0.0,0.0,0.0,0,False,False
2026-12-01,2026-12-01 15:23:00+00:00,2026-12-02 07:22:00+00:00,0.0,0.0,0.0,0.0,0,False,False
2026-12-02,2026-12-02 15:22:00+00:00,2026-12-03 07:24:00+00:00,0.0,0.0,0.0,0.0,0,False,False
2026-12-03,2026-12-03 15:22:00+00:00,2026-12-04 07:25:00+00:00,0.0,0.0,0.0,0.0,0,False,False
2026-12-04,2026-12-04 15:21:00+00:00,2026-12-05 07:26:00+00:00,0.0,0.0,0.0,0.0,0,False,False
2026-12-05,2026-12-05 15:21:00+00:00,2026-12-06 07:28:00+00:00,0.0,0.0,0.0,0.0,0,False,False
2026-12-06,2026-12-06 15:20:00+00:00,2026-12-07 07:29:00+00:00,0.0,0.0,0.0,0.0,0,False,False
2026-12-07,2026-12-07 15:20:00+00:00,2026-12-08 07:30:00+00:00,0.0,0.0,0.0,0.0,0,False,False
2026-12-08,2026-12-08 15:20:00+00:00,2026-12-09 07:31:00+00:00,0.0,0.0,0.0,0.0,0,False,False
2026-12-09,2026-12-09 15:19:00+00:00,2026-12-10 07:32:00+00:00,0.0,0.0,0.0,0.0,0,False,False
2026-12-10,2026-12-10 15:19:00+00:00,2026-12-11 07:33:00+00:00,0.0,0.0,0.0,0.0,0,False,False
2026-12-11,2026-12-11 15:19:00+00:00,2026-12-12 07:34:00+00:00,0.0,0.0,0.0,0.0,0,False,False
2026-12-12,2026-12-12 15:19:00+00:00,2026-12-13 07:35:00+00:00,0.0,0.0,0.0,0.0,0,False,False
2026-12-13,2026-12-13 15:19:00+00:00,2026-12-14 07:36:00+00:00,0.0,0.0,0.0,0.0,0,False,False
2026-12-14,2026-12-14 15:19:00+00:00,2026-12-15 07:37:00+00:00,0.0,0.0,0.0,0.0,0,False,False
2026-12-15,2026-12-15 15:19:00+00:00,2026-12-16 07:38:00+00:00,0.0,0.0,0.0,0.0,0,False,False
2026-12-16,2026-12-16 15:19:00+00:00,2026-12-17 07:39:00+00:00,0.0,0.0,0.0,0.0,0,False,False
2026-12-17,2026-12-17 15:20:00+00:00,2026-12-18 07:39:00+00:00,0.0,0.0,0.0,0.0,0,False,False
2026-12-18,2026-12-18 15:20:00+00:00,2026-12-19 07:40:00+00:00,0.0,0.0,0.0,0.0,0,False,False
2026-12-19,2026-12-19 15:20:00+00:00,2026-12-20 07:41:00+00:00,0.0,0.0,0.0,0.0,0,False,False
2026-12-20,2026-12-20 15:21:00+00:00,2026-12-21 07:41:00+00:00,0.0,0.0,0.0,0.0,0,False,False
2026-12-21,2026-12-21 15:21:00+00:00,2026-12-22 07:42:00+00:00,0.0,0.0,0.0,0.0,0,False,False
2026-12-22,2026-12-22 15:22:00+00:00,2026-12-23 07:42:00+00:00,0.0,0.0,0.0,0.0,0,False,False
2026-12-23,2026-12-23 15:22:00+00:00,2026-12-24 07:43:00+00:00,0.0,0.0,0.0,0.0,0,False,False
2026-12-24,2026-12-24 15:23:00+00:00,2026-12-25 07:43:00+00:00,0.0,0.0,0.0,0.0,0,False,False
2026-12-25,2026-12-25 15:24:00+00:00,2026-12-26 07:43:00+00:00,0.0,0.0,0.0,0.0,0,False,False
2026-12-26,2026-12-26 15:24:00+00:00,2026-12-27 07:43:00+00:00,0.0,0.0,0.0,0.0,0,False,False
2026-12-27,2026-12-27 15:25:00+00:00,2026-12-28 07:43:00+00:00,0.0,0.0,0.0,0.0,0,False,False
2026-12-28,2026-12-28 15:26:00+00:00,2026-12-29 07:44:00+00:00,0.0,0.0,0.0,0.0,0,False,False
2026-12-29,2026-12-29 15:27:00+00:00,2026-12-30 07:44:00+00:00,0.0,0.0,0.0,0.0,0,False,False
2026-12-30,2026-12-30 15:28:00+00:00,2026-12-31 07:44:00+00:00,0.0,0.0,0.0,0.0,0,False,False
