date,night_start_utc,night_end_utc,night_wh,peak_w,hours_above_2kw,coverage,missing_increments,dst_hour_missing,is_ev,covered
2020-01-01,2020-01-01 15:30:00+00:00,2020-01-02 07:43:00+00:00,0.0,0.0,0.0,0.0,0,False,False,False
2020-01-02,2020-01-02 15:31:00+00:00,2020-01-03 07:43:00+00:00,0.0,0.0,0.0,0.0,0,False,False,False
2020-01-03,2020-01-03 15:32:00+00:00,2020-01-04 07:43:00+00:00,0.0,0.0,0.0,0.0,0,False,False,False
2020-01-04,2020-01-04 15:33:00+00:00,2020-01-05 07:43:00+00:00,0.0,0.0,0.0,0.0,0,False,False,False
2020-01-05,2020-01-05 15:35:00+00:00,2020-01-06 07:42:00+00:00,0.0,0.0,0.0,0.0,0,False,False,False
2020-01-06,2020-01-06 15:36:00+00:00,2020-01-07 07:42:00+00:00,0.0,0.0,0.0,0.0,0,False,False,False
2020-01-07,2020-01-07 15:37:00+00:00,2020-01-08 07:41:00+00:00,0.0,0.0,0.0,0.0,0,False,False,False
2020-01-08,2020-01-08 15:39:00+00:00,2020-01-09 07:41:00+00:00,0.0,0.0,0.0,0.0,0,False,False,False
2020-01-09,2020-01-09 15:40:00+00:00,2020-01-10 07:40:00+00:00,0.0,0.0,0.0,0.0,0,False,False,False
2020-01-10,2020-01-10 15:41:00+00:00,2020-01-11 07:39:00+00:00,0.0,0.0,0.0,0.0,0,False,False,False
2020-01-11,2020-01-11 15:43:00+00:00,2020-01-12 07:39:00+00:00,0.0,0.0,0.0,0.0,0,False,False,False
2020-01-12,2020-01-12 15:44:00+00:00,2020-01-13 07:38:00+00:00,0.0,0.0,0.0,0.0,0,False,False,False
2020-01-13,2020-01-13 15:46:00+00:00,2020-01-14 07:37:00+00:00,0.0,0.0,0.0,0.0,0,False,False,False
2020-01-14,2020-01-14 15:48:00+00:00,2020-01-15 07:36:00+00:00,0.0,0.0,0.0,0.0,0,False,False,False
2020-01-15,2020-01-15 15:49:00+00:00,2020-01-16 07:35:00+00:00,0.0,0.0,0.0,0.0,0,False,False,False
2020-01-16,2020-01-16 15:51:00+00:00,2020-01-17 07:34:00+00:00,0.0,0.0,0.0,0.0,0,False,False,False
2020-01-17,2020-01-17 15:53:00+00:00,2020-01-18 07:33:00+00:00,0.0,0.0,0.0,0.0,0,False,False,False
2020-01-18,2020-01-18 15:54:00+00:00,2020-01-19 07:32:00+00:00,0.0,0.0,0.0,0.0,0,False,False,False
2020-01-19,2020-01-19 15:56:00+00:00,2020-01-20 07:31:00+00:00,0.0,0.0,0.0,0.0,0,False,False,False
2020-01-20,2020-01-20 15:58:00+00:00,2020-01-21 07:30:00+00:00,0.0,0.0,0.0,0.0,0,False,False,False
2020-01-21,2020-01-21 16:00:00+00:00,2020-01-22 07:29:00+00:00,0.0,0.0,0.0,0.0,0,False,False,False
2020-01-22,2020-01-22 16:01:00+00:00,2020-01-23 07:28:00+00:00,0.0,0.0,0.0,0.0,0,False,False,False
2020-01-23,2020-01-23 16:03:00+00:00,2020-01-24 07:26:00+00:00,0.0,0.0,0.0,0.0,0,False,False,False
2020-01-24,2020-01-24 16:05:00+00:00,2020-01-25 07:25:00+00:00,0.0,0.0,0.0,0.0,0,False,False,False
2020-01-25,2020-01-25 16:07:00+00:00,2020-01-26 07:24:00+00:00,0.0,0.0,0.0,0.0,0,False,False,False
2020-01-26,2020-01-26 16:09:00+00:00,2020-01-27 07:22:00+00:00,0.0,0.0,0.0,0.0,0,False,False,False
2020-01-27,2020-01-27 16:11:00+00:00,2020-01-28 07:21:00+00:00,0.0,0.0,0.0,0.0,0,False,False,False
2020-01-28,2020-01-28 16:13:00+00:00,2020-01-29 07:19:00+00:00,0.0,0.0,0.0,0.0,0,False,False,False
2020-01-29,2020-01-29 16:14:00+00:00,2020-01-30 07:18:00+00:00,0.0,0.0,0.0,0.0,0,False,False,False
2020-01-30,2020-01-30 16:16:00+00:00,2020-01-31 07:16:00+00:00,0.0,0.0,0.0,0.0,0,False,False,False
2020-01-31,2020-01-31 16:18:00+00:00,2020-02-01 07:15:00+00:00,0.0,0.0,0.0,0.0,0,False,False,False
2020-02-01,2020-02-01 16:20:00+00:00,2020-02-02 07:13:00+00:00,0.0,0.0,0.0,0.0,0,False,False,False
2020-02-02,2020-02-02 16:22:00+00:00,2020-02-03 07:11:00+00:00,0.0,0.0,0.0,0.0,0,False,False,False
2020-02-03,2020-02-03 16:24:00+00:00,2020-02-04 07:10:00+00:00,0.0,0.0,0.0,0.0,0,False,False,False
2020-02-04,2020-02-04 16:26:00+00:00,2020-02-05 07:08:00+00:00,0.0,0.0,0.0,0.0,0,False,False,False
2020-02-05,2020-02-05 16:28:00+00:00,2020-02-06 07:06:00+00:00,0.0,0.0,0.0,0.0,0,False,False,False
2020-02-06,2020-02-06 16:30:00+00:00,2020-02-07 07:05:00+00:00,0.0,0.0,0.0,0.0,0,False,False,False
2020-02-07,2020-02-07 16:32:00+00:00,2020-02-08 07:03:00+00:00,0.0,0.0,0.0,0.0,0,False,False,False
2020-02-08,2020-02-08 16:34:00+00:00,2020-02-09 07:01:00+00:00,0.0,0.0,0.0,0.0,0,False,False,False
2020-02-09,2020-02-09 16:36:00+00:00,2020-02-10 06:59:00+00:00,0.0,0.0,0.0,0.0,0,False,False,False
2020-02-10,2020-02-10 16:38:00+00:00,2020-02-11 06:57:00+00:00,0.0,0.0,0.0,0.0,0,False,False,False
2020-02-11,2020-02-11 16:40:00+00:00,2020-02-12 06:55:00+00:00,0.0,0.0,0.0,0.0,0,False,False,False
2020-02-12,2020-02-12 16:42:00+00:00,2020-02-13 06:53:00+00:00,0.0,0.0,0.0,0.0,0,False,False,False
2020-02-13,2020-02-13 16:43:00+00:00,2020-02-14 06:51:00+00:00,0.0,0.0,0.0,0.0,0,False,False,False
2020-02-14,2020-02-14 16:45:00+00:00,2020-02-15 06:49:00+00:00,0.0,0.0,0.0,0.0,0,False,False,False
2020-02-15,2020-02-15 16:47:00+00:00,2020-02-16 06:47:00+00:00,0.0,0.0,0.0,0.0,0,False,False,False
2020-02-16,2020-02-16 16:49:00+00:00,2020-02-17 06:45:00+00:00,0.0,0.0,0.0,0.0,0,False,False,False
2020-02-17,2020-02-17 16:51:00+00:00,2020-02-18 06:43:00+00:00,0.0,0.0,0.0,0.0,0,False,False,False
2020-02-18,2020-02-18 16:53:00+00:00,2020-02-19 06:41:00+00:00,0.0,0.0,0.0,0.0,0,False,False,False
2020-02-19,2020-02-19 16:55:00+00:00,2020-02-20 06:39:00+00:00,0.0,0.0,0.0,0.0,0,False,False,False
2020-02-20,2020-02-20 16:57:00+00:00,2020-02-21 06:37:00+00:00,0.0,0.0,0.0,0.0,0,False,False,False
2020-02-21,2020-02-21 16:59:00+00:00,2020-02-22 06:35:00+00:00,0.0,0.0,0.0,0.0,0,False,False,False
2020-02-22,2020-02-22 17:01:00+00:00,2020-02-23 06:33:00+00:00,0.0,0.0,0.0,0.0,0,False,False,False
2020-02-23,2020-02-23 17:03:00+00:00,2020-02-24 06:31:00+00:00,0.0,0.0,0.0,0.0,0,False,False,False
2020-02-24,2020-02-24 17:05:00+00:00,2020-02-25 06:29:00+00:00,0.0,0.0,0.0,0.0,0,False,False,False
2020-02-25,2020-02-25 17:07:00+00:00,2020-02-26 06:27:00+00:00,0.0,0.0,0.0,0.0,0,False,False,False
2020-02-26,2020-02-26 17:08:00+00:00,2020-02-27 06:24:00+00:00,0.0,0.0,0.0,0.0,0,False,False,False
2020-02-27,2020-02-27 17:10:00+00:00,2020-02-28 06:22:00+00:00,0.0,0.0,0.0,0.0,0,False,False,False
2020-02-28,2020-02-28 17:12:00+00:00,2020-02-29 06:20:00+00:00,0.0,0.0,0.0,0.0,0,False,False,False
2020-02-29,2020-02-29 17:14:00+00:00,2020-03-01 06:18:00+00:00,0.0,0.0,0.0,0.0,0,False,False,False
2020-03-01,2020-03-01 17:16:00+00:00,2020-03-02 06:16:00+00:00,0.0,0.0,0.0,0.0,0,False,False,False
2020-03-02,2020-03-02 17:18:00+00:00,2020-03-03 06:13:00+00:00,0.0,0.0,0.0,0.0,0,False,False,False
2020-03-03,2020-03-03 17:20:00+00:00,2020-03-04 06:11:00+00:00,0.0,0.0,0.0,0.0,0,False,False,False
2020-03-04,2020-03-04 17:21:00+00:00,2020-03-05 06:09:00+00:00,0.0,0.0,0.0,0.0,0,False,False,False
2020-03-05,2020-03-05 17:23:00+00:00,2020-03-06 06:07:00+00:00,0.0,0.0,0.0,0.0,0,False,False,False
2020-03-06,2020-03-06 17:25:00+00:00,2020-03-07 06:04:00+00:00,0.0,0.0,0.0,0.0,0,False,False,False
2020-03-07,2020-03-07 17:27:00+00:00,2020-03-08 06:02:00+00:00,0.0,0.0,0.0,0.0,0,False,False,False
2020-03-08,2020-03-08 17:29:00+00:00,2020-03-09 06:00:00+00:00,0.0,0.0,0.0,0.0,0,False,False,False
2020-03-09,2020-03-09 17:31:00+00:00,2020-03-10 05:57:00+00:00,0.0,0.0,0.0,0.0,0,False,False,False
2020-03-10,2020-03-10 17:32:00+00:00,2020-03-11 05:55:00+00:00,0.0,0.0,0.0,0.0,0,False,False,False
2020-03-11,2020-03-11 17:34:00+00:00,2020-03-12 05:53:00+00:00,0.0,0.0,0.0,0.0,0,False,False,False
2020-03-12,2020-03-12 17:36:00+00:00,2020-03-13 05:51:00+00:00,0.0,0.0,0.0,0.0,0,False,False,False
2020-03-13,2020-03-13 17:38:00+00:00,2020-03-14 05:48:00+00:00,0.0,0.0,0.0,0.0,0,False,False,False
2020-03-14,2020-03-14 17:40:00+00:00,2020-03-15 05:46:00+00:00,0.0,0.0,0.0,0.0,0,False,False,False
2020-03-15,2020-03-15 17:41:00+00:00,2020-03-16 05:44:00+00:00,0.0,0.0,0.0,0.0,0,False,False,False
2020-03-16,2020-03-16 17:43:00+00:00,2020-03-17 05:41:00+00:00,0.0,0.0,0.0,0.0,0,False,False,False
2020-03-17,2020-03-17 17:45:00+00:00,2020-03-18 05:39:00+00:00,0.0,0.0,0.0,0.0,0,False,False,False
2020-03-18,2020-03-18 17:47:00+00:00,2020-03-19 05:37:00+00:00,0.0,0.0,0.0,0.0,0,False,False,False
2020-03-19,2020-03-19 17:49:00+00:00,2020-03-20 05:34:00+00:00,0.0,0.0,0.0,0.0,0,False,False,False
2020-03-20,2020-03-20 17:50:00+00:00,2020-03-21 05:32:00+00:00,0.0,0.0,0.0,0.0,0,False,False,False
2020-03-21,2020-03-21 17:52:00+00:00,2020-03-22 05:30:00+00:00,0.0,0.0,0.0,0.0,0,False,False,False
2020-03-22,2020-03-22 17:54:00+00:00,2020-03-23 05:27:00+00:00,0.0,0.0,0.0,0.0,0,False,False,False
2020-03-23,2020-03-23 17:56:00+00:00,2020-03-24 05:25:00+00:00,0.0,0.0,0.0,0.0,0,False,False,False
2020-03-24,2020-03-24 17:57:00+00:00,2020-03-25 05:23:00+00:00,0.0,0.0,0.0,0.0,0,False,False,False
2020-03-25,2020-03-25 17:59:00+00:00,2020-03-26 05:20:00+00:00,0.0,0.0,0.0,0.0,0,False,False,False
2020-03-26,2020-03-26 18:01:00+00:00,2020-03-27 05:18:00+00:00,0.0,0.0,0.0,0.0,0,False,False,False
2020-03-27,2020-03-27 18:03:00+00:00,2020-03-28 05:16:00+00:00,0.0,0.0,0.0,0.0,0,False,False,False
2020-03-28,2020-03-28 18:04:00+00:00,2020-03-29 05:14:00+00:00,0.0,0.0,0.0,0.0,0,False,False,False
2020-03-29,2020-03-29 18:06:00+00:00,2020-03-30 05:11:00+00:00,0.0,0.0,0.0,0.0,0,False,False,False
2020-03-30,2020-03-30 18:08:00+00:00,2020-03-31 05:09:00+00:00,0.0,0.0,0.0,0.0,0,False,False,False
2020-03-31,2020-03-31 18:10:00+00:00,2020-04-01 05:07:00+00:00,0.0,0.0,0.0,0.0,0,False,False,False
2020-04-01,2020-04-01 18:11:00+00:00,2020-04-02 05:04:00+00:00,0.0,0.0,0.0,0.0,0,False,False,False
2020-04-02,2020-04-02 18:13:00+00:00,2020-04-03 05:02:00+00:00,0.0,0.0,0.0,0.0,0,False,False,False
2020-04-03,2020-04-03 18:15:00+00:00,2020-04-04 05:00:00+00:00,0.0,0.0,0.0,0.0,0,False,False,False
2020-04-04,2020-04-04 18:17:00+00:00,2020-04-05 04:58:00+00:00,0.0,0.0,0.0,0.0,0,False,False,False
2020-04-05,2020-04-05 18:18:00+00:00,2020-04-06 04:55:00+00:00,0.0,0.0,0.0,0.0,0,False,False,False
2020-04-06,2020-04-06 18:20:00+00:00,2020-04-07 04:53:00+00:00,0.0,0.0,0.0,0.0,0,False,False,False
2020-04-07,2020-04-07 18:22:00+00:00,2020-04-08 04:51:00+00:00,0.0,0.0,0.0,0.0,0,False,False,False
2020-04-08,2020-04-08 18:24:00+00:00,2020-04-09 04:49:00+00:00,0.0,0.0,0.0,0.0,0,False,False,False
2020-04-09,2020-04-09 18:25:00+00:00,2020-04-10 04:46:00+00:00,0.0,0.0,0.0,0.0,0,False,False,False
2020-04-10,2020-04-10 18:27:00+00:00,2020-04-11 04:44:00+00:00,0.0,0.0,0.0,0.0,0,False,False,False
2020-04-11,2020-04-11 18:29:00+00:00,2020-04-12 04:42:00+00:00,0.0,0.0,0.0,0.0,0,False,False,False
2020-04-12,2020-04-12 18:30:00+00:00,2020-04-13 04:40:00+00:00,0.0,0.0,0.0,0.0,0,False,False,False
2020-04-13,2020-04-13 18:32:00+00:00,2020-04-14 04:38:00+00:00,0.0,0.0,0.0,0.0,0,False,False,False
2020-04-14,2020-04-14 18:34:00+00:00,2020-04-15 04:35:00+00:00,0.0,0.0,0.0,0.0,0,False,False,False
2020-04-15,2020-04-15 18:36:00+00:00,2020-04-16 04:33:00+00:00,0.0,0.0,0.0,0.0,0,False,False,False
2020-04-16,2020-04-16 18:37:00+00:00,2020-04-17 04:31:00+00:00,0.0,0.0,0.0,0.0,0,False,False,False
2020-04-17,2020-04-17 18:39:00+00:00,2020-04-18 04:29:00+00:00,0.0,0.0,0.0,0.0,0,False,False,False
2020-04-18,2020-04-18 18:41:00+00:00,2020-04-19 04:27:00+00:00,0.0,0.0,0.0,0.0,0,False,False,False
2020-04-19,2020-04-19 18:42:00+00:00,2020-04-20 04:25:00+00:00,0.0,0.0,0.0,0.0,0,False,False,False
2020-04-20,2020-04-20 18:44:00+00:00,2020-04-21 04:23:00+00:00,0.0,0.0,0.0,0.0,0,False,False,False
2020-04-21,2020-04-21 18:46:00+00:00,2020-04-22 04:21:00+00:00,0.0,0.0,0.0,0.0,0,False,False,False
2020-04-22,2020-04-22 18:48:00+00:00,2020-04-23 04:19:00+00:00,0.0,0.0,0.0,0.0,0,False,False,False
2020-04-23,2020-04-23 18:49:00+00:00,2020-04-24 04:17:00+00:00,0.0,0.0,0.0,0.0,0,False,False,False
2020-04-24,2020-04-24 18:51:00+00:00,2020-04-25 04:15:00+00:00,0.0,0.0,0.0,0.0,0,False,False,False
2020-04-25,2020-04-25 18:53:00+00:00,2020-04-26 04:13:00+00:00,0.0,0.0,0.0,0.0,0,False,False,False
2020-04-26,2020-04-26 18:54:00+00:00,2020-04-27 04:11:00+00:00,0.0,0.0,0.0,0.0,0,False,False,False
2020-04-27,2020-04-27 18:56:00+00:00,2020-04-28 04:09:00+00:00,0.0,0.0,0.0,0.0,0,False,False,False
2020-04-28,2020-04-28 18:58:00+00:00,2020-04-29 04:07:00+00:00,0.0,0.0,0.0,0.0,0,False,False,False
2020-04-29,2020-04-29 18:59:00+00:00,2020-04-30 04:05:00+00:00,0.0,0.0,0.0,0.0,0,False,False,False
2020-04-30,2020-04-30 19:01:00+00:00,2020-05-01 04:03:00+00:00,0.0,0.0,0.0,0.0,0,False,False,False
2020-05-01,2020-05-01 19:03:00+00:00,2020-05-02 04:01:00+00:00,0.0,0.0,0.0,0.0,0,False,False,False
2020-05-02,2020-05-02 19:04:00+00:00,2020-05-03 03:59:00+00:00,0.0,0.0,0.0,0.0,0,False,False,False
2020-05-03,2020-05-03 19:06:00+00:00,2020-05-04 03:58:00+00:00,0.0,0.0,0.0,0.0,0,False,False,False
2020-05-04,2020-05-04 19:08:00+00:00,2020-05-05 03:56:00+00:00,0.0,0.0,0.0,0.0,0,False,False,False
2020-05-05,2020-05-05 19:09:00+00:00,2020-05-06 03:54:00+00:00,0.0,0.0,0.0,0.0,0,False,False,False
2020-05-06,2020-05-06 19:11:00+00:00,2020-05-07 03:52:00+00:00,0.0,0.0,0.0,0.0,0,False,False,False
2020-05-07,2020-05-07 19:13:00+00:00,2020-05-08 03:51:00+00:00,0.0,0.0,0.0,0.0,0,False,False,False
2020-05-08,2020-05-08 19:14:00+00:00,2020-05-09 03:49:00+00:00,0.0,0.0,0.0,0.0,0,False,False,False
2020-05-09,2020-05-09 19:16:00+00:00,2020-05-10 03:47:00+00:00,0.0,0.0,0.0,0.0,0,False,False,False
2020-05-10,2020-05-10 19:17:00+00:00,2020-05-11 03:46:00+00:00,0.0,0.0,0.0,0.0,0,False,False,False
2020-05-11,2020-05-11 19:19:00+00:00,2020-05-12 03:44:00+00:00,0.0,0.0,0.0,0.0,0,False,False,False
2020-05-12,2020-05-12 19:20:00+00:00,2020-05-13 03:42:00+00:00,0.0,0.0,0.0,0.0,0,False,False,False
2020-05-13,2020-05-13 19:22:00+00:00,2020-05-14 03:41:00+00:00,0.0,0.0,0.0,0.0,0,False,False,False
2020-05-14,2020-05-14 19:23:00+00:00,2020-05-15 03:39:00+00:00,0.0,0.0,0.0,0.0,0,False,False,False
2020-05-15,2020-05-15 19:25:00+00:00,2020-05-16 03:38:00+00:00,0.0,0.0,0.0,0.0,0,False,False,False
2020-05-16,2020-05-16 19:26:00+00:00,2020-05-17 03:37:00+00:00,0.0,0.0,0.0,0.0,0,False,False,False
2020-05-17,2020-05-17 19:28:00+00:00,2020-05-18 03:35:00+00:00,0.0,0.0,0.0,0.0,0,False,False,False
2020-05-18,2020-05-18 19:29:00+00:00,2020-05-19 03:34:00+00:00,0.0,0.0,0.0,0.0,0,False,False,False
2020-05-19,2020-05-19 19:31:00+00:00,2020-05-20 03:33:00+00:00,0.0,0.0,0.0,0.0,0,False,False,False
2020-05-20,2020-05-20 19:32:00+00:00,2020-05-21 03:31:00+00:00,0.0,0.0,0.0,0.0,2,False,False,False
2020-05-21,2020-05-21 19:34:00+00:00,2020-05-22 03:30:00+00:00,0.0,0.0,0.0,0.0,2,False,False,False
2020-05-22,2020-05-22 19:35:00+00:00,2020-05-23 03:29:00+00:00,0.0,0.0,0.0,0.0,0,False,False,False
2020-05-23,2020-05-23 19:36:00+00:00,2020-05-24 03:28:00+00:00,0.0,0.0,0.0,0.0,1,False,False,False
2020-05-24,2020-05-24 19:38:00+00:00,2020-05-25 03:27:00+00:00,4481.0,1704.0,0.0,1.0021321961620469,0,False,False,True
2020-05-25,2020-05-25 19:39:00+00:00,2020-05-26 03:26:00+00:00,5300.0,2568.0,0.25,1.006423982869379,0,False,False,True
2020-05-26,2020-05-26 19:40:00+00:00,2020-05-27 03:25:00+00:00,3607.0,1272.0,0.0,1.010752688172043,0,False,False,True
2020-05-27,2020-05-27 19:41:00+00:00,2020-05-28 03:24:00+00:00,3074.0,768.0,0.0,0.9935205183585313,0,False,False,True
2020-05-28,2020-05-28 19:43:00+00:00,2020-05-29 03:23:00+00:00,5331.0,3348.0,0.5,0.9999999999999999,0,False,False,True
2020-05-29,2020-05-29 19:44:00+00:00,2020-05-30 03:22:00+00:00,5334.0,2832.0,0.5,1.0043668122270741,0,False,False,True
2020-05-30,2020-05-30 19:45:00+00:00,2020-05-31 03:21:00+00:00,3942.0,1896.0,0.0,1.0087719298245614,0,False,False,True
2020-05-31,2020-05-31 19:46:00+00:00,2020-06-01 03:20:00+00:00,3365.0,672.0,0.0,1.0022026431718063,0,False,False,True
2020-06-01,2020-06-01 19:47:00+00:00,2020-06-02 03:19:00+00:00,4113.0,1704.0,0.0,0.9955752212389379,0,False,False,True
2020-06-02,2020-06-02 19:48:00+00:00,2020-06-03 03:19:00+00:00,2586.0,516.0,0.0,0.9977827050997783,0,False,False,True
2020-06-03,2020-06-03 19:49:00+00:00,2020-06-04 03:18:00+00:00,4444.0,2724.0,0.25,1.0022271714922049,0,False,False,True
2020-06-04,2020-06-04 19:50:00+00:00,2020-06-05 03:17:00+00:00,4686.0,1296.0,0.0,1.006711409395973,0,False,False,True
2020-06-05,2020-06-05 19:51:00+00:00,2020-06-06 03:17:00+00:00,4666.0,2880.0,0.16666666666666666,0.9977578475336323,0,False,False,True
2020-06-06,2020-06-06 19:52:00+00:00,2020-06-07 03:16:00+00:00,3481.0,1524.0,0.0,1.0022522522522521,0,False,False,True
2020-06-07,2020-06-07 19:53:00+00:00,2020-06-08 03:16:00+00:00,4988.0,1572.0,0.0,1.0045146726862302,0,False,False,True
2020-06-08,2020-06-08 19:53:00+00:00,2020-06-09 03:15:00+00:00,4269.0,2112.0,0.25,1.006787330316742,0,False,False,True
2020-06-09,2020-06-09 19:54:00+00:00,2020-06-10 03:15:00+00:00,2833.0,1776.0,0.0,1.0090702947845804,0,False,False,True
2020-06-10,2020-06-10 19:55:00+00:00,2020-06-11 03:15:00+00:00,5134.0,2340.0,0.25,1.0113636363636365,0,False,False,True
2020-06-11,2020-06-11 19:56:00+00:00,2020-06-12 03:14:00+00:00,3263.0,1716.0,0.0,0.9931506849315067,0,False,False,True
2020-06-12,2020-06-12 19:56:00+00:00,2020-06-13 03:14:00+00:00,3650.0,2040.0,0.08333333333333333,0.9931506849315067,0,False,False,True
2020-06-13,2020-06-13 19:57:00+00:00,2020-06-14 03:14:00+00:00,2800.0,708.0,0.0,0.9954233409610983,0,False,False,True
2020-06-14,2020-06-14 19:57:00+00:00,2020-06-15 03:14:00+00:00,5748.0,4452.0,0.3333333333333333,0.9954233409610983,0,False,False,True
2020-06-15,2020-06-15 19:58:00+00:00,2020-06-16 03:14:00+00:00,3249.0,1776.0,0.0,0.9977064220183486,0,False,False,True
2020-06-16,2020-06-16 19:58:00+00:00,2020-06-17 03:14:00+00:00,3189.0,1944.0,0.0,0.9977064220183486,0,False,False,True
2020-06-17,2020-06-17 19:58:00+00:00,2020-06-18 03:14:00+00:00,3119.0,1608.0,0.0,0.9977064220183486,0,False,False,True
2020-06-18,2020-06-18 19:59:00+00:00,2020-06-19 03:14:00+00:00,2643.0,1524.0,0.0,1.0,0,False,False,True
2020-06-19,2020-06-19 19:59:00+00:00,2020-06-20 03:14:00+00:00,4456.0,2268.0,0.5,1.0,0,False,False,True
2020-06-20,2020-06-20 19:59:00+00:00,2020-06-21 03:14:00+00:00,4475.0,1872.0,0.0,1.0,0,False,False,True
2020-06-21,2020-06-21 19:59:00+00:00,2020-06-22 03:14:00+00:00,2637.0,1380.0,0.0,1.0,0,False,False,True
2020-06-22,2020-06-22 19:59:00+00:00,2020-06-23 03:15:00+00:00,2836.0,1608.0,0.0,1.0091743119266054,0,False,False,True
2020-06-23,2020-06-23 20:00:00+00:00,2020-06-24 03:15:00+00:00,3576.0,1524.0,0.0,1.0114942528735633,0,False,False,True
2020-06-24,2020-06-24 20:00:00+00:00,2020-06-25 03:15:00+00:00,4417.0,2364.0,0.5,1.0114942528735633,0,False,False,True
2020-06-25,2020-06-25 19:59:00+00:00,2020-06-26 03:16:00+00:00,3778.0,1152.0,0.0,1.0068649885583523,0,False,False,True
2020-06-26,2020-06-26 19:59:00+00:00,2020-06-27 03:16:00+00:00,4637.0,2496.0,0.5,1.0068649885583523,0,False,False,True
2020-06-27,2020-06-27 19:59:00+00:00,2020-06-28 03:17:00+00:00,3119.0,1104.0,0.0,1.004566210045662,0,False,False,True
2020-06-28,2020-06-28 19:59:00+00:00,2020-06-29 03:17:00+00:00,2911.0,768.0,0.0,1.004566210045662,0,False,False,True
2020-06-29,2020-06-29 19:59:00+00:00,2020-06-30 03:18:00+00:00,2513.0,624.0,0.0,1.0022779043280183,0,False,False,True
2020-06-30,2020-06-30 19:58:00+00:00,2020-07-01 03:19:00+00:00,2459.0,1092.0,0.0,0.9977324263038548,0,False,False,True
2020-07-01,2020-07-01 19:58:00+00:00,2020-07-02 03:19:00+00:00,2396.0,696.0,0.0,0.9977324263038548,0,False,False,True
2020-07-02,2020-07-02 19:58:00+00:00,2020-07-03 03:20:00+00:00,2994.0,624.0,0.0,1.006787330316742,0,False,False,True
2020-07-03,2020-07-03 19:57:00+00:00,2020-07-04 03:21:00+00:00,5144.0,1128.0,0.0,1.0022522522522521,0,False,False,True
2020-07-04,2020-07-04 19:57:00+00:00,2020-07-05 03:22:00+00:00,3405.0,840.0,0.0,0.9999999999999999,0,False,False,True
2020-07-05,2020-07-05 19:56:00+00:00,2020-07-06 03:23:00+00:00,3770.0,1572.0,0.0,0.9955257270693512,0,False,False,True
2020-07-06,2020-07-06 19:55:00+00:00,2020-07-07 03:24:00+00:00,4404.0,2208.0,0.25,1.0022271714922049,0,False,False,True
2020-07-07,2020-07-07 19:55:00+00:00,2020-07-08 03:25:00+00:00,3151.0,684.0,0.0,1.011111111111111,0,False,False,True
2020-07-08,2020-07-08 19:54:00+00:00,2020-07-09 03:25:00+00:00,3114.0,780.0,0.0,1.0088691796008868,0,False,False,True
2020-07-09,2020-07-09 19:53:00+00:00,2020-07-10 03:26:00+00:00,4123.0,1908.0,0.0,1.0044150110375274,0,False,False,True
2020-07-10,2020-07-10 19:52:00+00:00,2020-07-11 03:28:00+00:00,4447.0,2256.0,0.5,0.9978070175438596,0,False,False,True
2020-07-11,2020-07-11 19:52:00+00:00,2020-07-12 03:29:00+00:00,1936.0,576.0,0.0,0.9956236323851203,0,False,False,True
2020-07-12,2020-07-12 19:51:00+00:00,2020-07-13 03:30:00+00:00,1855.0,384.0,0.0,1.0021786492374727,0,False,False,True
2020-07-13,2020-07-13 19:50:00+00:00,2020-07-14 03:31:00+00:00,2777.0,1548.0,0.0,1.0086767895878526,0,False,False,True
2020-07-14,2020-07-14 19:49:00+00:00,2020-07-15 03:32:00+00:00,3129.0,1716.0,0.0,1.0043196544276456,0,False,False,True
2020-07-15,2020-07-15 19:48:00+00:00,2020-07-16 03:33:00+00:00,2996.0,1356.0,0.0,1.0,0,False,False,True
2020-07-16,2020-07-16 19:47:00+00:00,2020-07-17 03:34:00+00:00,3206.0,1656.0,0.0,0.9957173447537473,0,False,False,True
2020-07-17,2020-07-17 19:45:00+00:00,2020-07-18 03:36:00+00:00,1838.0,276.0,0.0,1.0084925690021231,0,False,False,True
2020-07-18,2020-07-18 19:44:00+00:00,2020-07-19 03:37:00+00:00,5077.0,1740.0,0.0,1.004228329809725,0,False,False,True
2020-07-19,2020-07-19 19:43:00+00:00,2020-07-20 03:38:00+00:00,3789.0,1764.0,0.0,0.9999999999999999,0,False,False,True
2020-07-20,2020-07-20 19:42:00+00:00,2020-07-21 03:40:00+00:00,6252.0,3384.0,0.5,1.00418410041841,0,False,False,True
2020-07-21,2020-07-21 19:40:00+00:00,2020-07-22 03:41:00+00:00,951.0,168.0,0.0,1.008316008316008,0,False,False,True
2020-07-22,2020-07-22 19:39:00+00:00,2020-07-23 03:42:00+00:00,947.0,168.0,0.0,1.0041407867494823,0,False,False,True
2020-07-23,2020-07-23 19:38:00+00:00,2020-07-24 03:44:00+00:00,952.0,168.0,0.0,0.9979423868312757,0,False,False,True
2020-07-24,2020-07-24 19:36:00+00:00,2020-07-25 03:45:00+00:00,962.0,168.0,0.0,1.002044989775051,0,False,False,True
2020-07-25,2020-07-25 19:35:00+00:00,2020-07-26 03:46:00+00:00,991.0,144.0,0.0,1.0081466395112015,0,False,False,True
2020-07-26,2020-07-26 19:33:00+00:00,2020-07-27 03:48:00+00:00,988.0,180.0,0.0,1.0,0,False,False,True
2020-07-27,2020-07-27 19:32:00+00:00,2020-07-28 03:49:00+00:00,992.0,156.0,0.0,0.9959758551307847,0,False,False,True
2020-07-28,2020-07-28 19:30:00+00:00,2020-07-29 03:51:00+00:00,1000.0,168.0,0.0,1.0079840319361277,0,False,False,True
2020-07-29,2020-07-29 19:29:00+00:00,2020-07-30 03:52:00+00:00,993.0,168.0,0.0,1.0039761431411531,0,False,False,True
2020-07-30,2020-07-30 19:27:00+00:00,2020-07-31 03:54:00+00:00,999.0,168.0,0.0,0.9960552268244577,0,False,False,True
2020-07-31,2020-07-31 19:25:00+00:00,2020-08-01 03:55:00+00:00,1035.0,168.0,0.0,1.0098039215686274,0,False,False,True
2020-08-01,2020-08-01 19:24:00+00:00,2020-08-02 03:57:00+00:00,1047.0,156.0,0.0,1.0038986354775827,0,False,False,True
2020-08-02,2020-08-02 19:22:00+00:00,2020-08-03 03:58:00+00:00,1048.0,168.0,0.0,0.998062015503876,0,False,False,True
2020-08-03,2020-08-03 19:20:00+00:00,2020-08-04 04:00:00+00:00,1057.0,168.0,0.0,1.0096153846153846,0,False,False,True
2020-08-04,2020-08-04 19:19:00+00:00,2020-08-05 04:01:00+00:00,1039.0,168.0,0.0,1.0057471264367817,0,False,False,True
2020-08-05,2020-08-05 19:17:00+00:00,2020-08-06 04:03:00+00:00,1063.0,156.0,0.0,0.9980988593155892,0,False,False,True
2020-08-06,2020-08-06 19:15:00+00:00,2020-08-07 04:04:00+00:00,1082.0,168.0,0.0,1.001890359168242,0,False,False,True
2020-08-07,2020-08-07 19:13:00+00:00,2020-08-08 04:06:00+00:00,4475.0,1812.0,0.0,1.00375234521576,0,False,False,True
2020-08-08,2020-08-08 19:11:00+00:00,2020-08-09 04:08:00+00:00,5122.0,2772.0,0.25,0.9962756052141528,0,False,False,True
2020-08-09,2020-08-09 19:09:00+00:00,2020-08-10 04:09:00+00:00,4773.0,1584.0,0.0,1.0,0,False,False,True
2020-08-10,2020-08-10 19:07:00+00:00,2020-08-11 04:11:00+00:00,4028.0,1416.0,0.0,1.0018382352941178,0,False,False,True
2020-08-11,2020-08-11 19:05:00+00:00,2020-08-12 04:12:00+00:00,5009.0,1812.0,0.0,1.0054844606946982,0,False,False,True
2020-08-12,2020-08-12 19:04:00+00:00,2020-08-13 04:14:00+00:00,4133.0,1092.0,0.0,1.0,0,False,False,True
2020-08-13,2020-08-13 19:02:00+00:00,2020-08-14 04:15:00+00:00,4396.0,1380.0,0.0,1.0036166365280288,0,False,False,True
2020-08-14,2020-08-14 19:00:00+00:00,2020-08-15 04:17:00+00:00,4378.0,1320.0,0.0,1.0053859964093357,0,False,False,True
2020-08-15,2020-08-15 18:58:00+00:00,2020-08-16 04:19:00+00:00,4851.0,2232.0,0.25,0.9982174688057041,0,False,False,True
2020-08-16,2020-08-16 18:55:00+00:00,2020-08-17 04:20:00+00:00,4764.0,1932.0,0.0,1.008849557522124,0,False,False,True
2020-08-17,2020-08-17 18:53:00+00:00,2020-08-18 04:22:00+00:00,3733.0,1512.0,0.0,1.0017574692442883,0,False,False,True
2020-08-18,2020-08-18 18:51:00+00:00,2020-08-19 04:23:00+00:00,3627.0,1536.0,0.0,0.9965034965034965,0,False,False,True
2020-08-19,2020-08-19 18:49:00+00:00,2020-08-20 04:25:00+00:00,5134.0,1716.0,0.0,1.0069444444444444,0,False,False,True
2020-08-20,2020-08-20 18:47:00+00:00,2020-08-21 04:27:00+00:00,4932.0,1944.0,0.0,1.0,0,False,False,True
2020-08-21,2020-08-21 18:45:00+00:00,2020-08-22 04:28:00+00:00,4720.0,1908.0,0.0,1.0034305317324184,0,False,False,True
2020-08-22,2020-08-22 18:43:00+00:00,2020-08-23 04:30:00+00:00,5412.0,1956.0,0.0,1.0051107325383304,0,False,False,True
2020-08-23,2020-08-23 18:41:00+00:00,2020-08-24 04:31:00+00:00,4421.0,2028.0,0.08333333333333333,0.9999999999999999,0,False,False,True
2020-08-24,2020-08-24 18:38:00+00:00,2020-08-25 04:33:00+00:00,4740.0,2256.0,0.25,1.0,0,False,False,True
2020-08-25,2020-08-25 18:36:00+00:00,2020-08-26 04:35:00+00:00,5160.0,2208.0,0.25,1.001669449081803,0,False,False,True
2020-08-26,2020-08-26 18:34:00+00:00,2020-08-27 04:36:00+00:00,4944.0,1884.0,0.0,1.004983388704319,0,False,False,True
2020-08-27,2020-08-27 18:32:00+00:00,2020-08-28 04:38:00+00:00,5116.0,2028.0,0.25,0.9983498349834983,0,False,False,True
2020-08-28,2020-08-28 18:30:00+00:00,2020-08-29 04:40:00+00:00,6247.0,2052.0,0.25,1.0081967213114753,0,False,False,True
2020-08-29,2020-08-29 18:27:00+00:00,2020-08-30 04:41:00+00:00,3909.0,648.0,0.0,1.001628664495114,0,False,False,True
2020-08-30,2020-08-30 18:25:00+00:00,2020-08-31 04:43:00+00:00,4052.0,1728.0,0.0,1.0032362459546924,0,False,False,True
2020-08-31,2020-08-31 18:23:00+00:00,2020-09-01 04:44:00+00:00,5382.0,2196.0,0.25,0.998389694041868,0,False,False,True
2020-09-01,2020-09-01 18:21:00+00:00,2020-09-02 04:46:00+00:00,4945.0,2244.0,0.16666666666666666,1.0,0,False,False,True
2020-09-02,2020-09-02 18:18:00+00:00,2020-09-03 04:48:00+00:00,4868.0,2184.0,0.25,1.0,0,False,False,True
2020-09-03,2020-09-03 18:16:00+00:00,2020-09-04 04:49:00+00:00,5559.0,2172.0,0.25,0.995260663507109,0,False,False,True
2020-09-04,2020-09-04 18:14:00+00:00,2020-09-05 04:51:00+00:00,4726.0,948.0,0.0,1.0047095761381475,0,False,False,True
2020-09-05,2020-09-05 18:11:00+00:00,2020-09-06 04:53:00+00:00,5236.0,1944.0,0.0,0.9968847352024922,0,False,False,True
2020-09-06,2020-09-06 18:09:00+00:00,2020-09-07 04:54:00+00:00,5766.0,2340.0,0.5,1.0,0,False,False,True
2020-09-07,2020-09-07 18:07:00+00:00,2020-09-08 04:56:00+00:00,5978.0,1836.0,0.0,1.0015408320493064,0,False,False,True
2020-09-08,2020-09-08 18:04:00+00:00,2020-09-09 04:57:00+00:00,4496.0,1908.0,0.0,1.003062787136294,0,False,False,True
2020-09-09,2020-09-09 18:02:00+00:00,2020-09-10 04:59:00+00:00,6499.0,2400.0,0.5,0.9969558599695586,0,False,False,True
2020-09-10,2020-09-10 18:00:00+00:00,2020-09-11 05:01:00+00:00,5480.0,1476.0,0.0,1.0060514372163387,0,False,False,True
2020-09-11,2020-09-11 17:57:00+00:00,2020-09-12 05:02:00+00:00,7256.0,1740.0,0.0,0.9999999999999998,0,False,False,True
2020-09-12,2020-09-12 17:55:00+00:00,2020-09-13 05:04:00+00:00,5844.0,1968.0,0.0,1.0014947683109117,0,False,False,True
2020-09-13,2020-09-13 17:53:00+00:00,2020-09-14 05:06:00+00:00,5312.0,2208.0,0.25,1.00297176820208,0,False,False,True
2020-09-14,2020-09-14 17:50:00+00:00,2020-09-15 05:07:00+00:00,5283.0,2160.0,0.25,1.0044313146233381,0,False,False,True
2020-09-15,2020-09-15 17:48:00+00:00,2020-09-16 05:09:00+00:00,6555.0,2328.0,0.5,0.9985315712187958,0,False,False,True
2020-09-16,2020-09-16 17:46:00+00:00,2020-09-17 05:11:00+00:00,9410.0,4308.0,0.5,1.0,0,False,False,True
2020-09-17,2020-09-17 17:43:00+00:00,2020-09-18 05:12:00+00:00,6608.0,2184.0,0.25,1.0014513788098693,0,False,False,True
2020-09-18,2020-09-18 17:41:00+00:00,2020-09-19 05:14:00+00:00,5662.0,2028.0,0.25,0.9956709956709955,0,False,False,True
2020-09-19,2020-09-19 17:39:00+00:00,2020-09-20 05:16:00+00:00,8134.0,2580.0,0.5,1.0043041606886656,0,False,False,True
2020-09-20,2020-09-20 17:36:00+00:00,2020-09-21 05:17:00+00:00,8199.0,2412.0,0.75,0.9985734664764621,0,False,False,True
2020-09-21,2020-09-21 17:34:00+00:00,2020-09-22 05:19:00+00:00,5880.0,1644.0,0.0,1.0,0,False,False,True
2020-09-22,2020-09-22 17:32:00+00:00,2020-09-23 05:21:00+00:00,6579.0,2100.0,0.25,1.001410437235543,0,False,False,True
2020-09-23,2020-09-23 17:29:00+00:00,2020-09-24 05:22:00+00:00,5373.0,1632.0,0.0,1.002805049088359,0,False,False,True
2020-09-24,2020-09-24 17:27:00+00:00,2020-09-25 05:24:00+00:00,5861.0,2844.0,0.25,0.99721059972106,0,False,False,True
2020-09-25,2020-09-25 17:24:00+00:00,2020-09-26 05:26:00+00:00,9040.0,2316.0,0.5,1.0041551246537397,0,False,False,True
2020-09-26,2020-09-26 17:22:00+00:00,2020-09-27 05:27:00+00:00,4879.0,1044.0,0.0,0.9999999999999998,0,False,False,True
2020-09-27,2020-09-27 17:20:00+00:00,2020-09-28 05:29:00+00:00,9972.0,3372.0,1.25,1.0013717421124828,0,False,False,True
2020-09-28,2020-09-28 17:17:00+00:00,2020-09-29 05:31:00+00:00,5849.0,1800.0,0.0,1.0013623978201633,0,False,False,True
2020-09-29,2020-09-29 17:15:00+00:00,2020-09-30 05:32:00+00:00,6773.0,3432.0,0.3333333333333333,1.0040705563093621,0,False,False,True
2020-09-30,2020-09-30 17:13:00+00:00,2020-10-01 05:34:00+00:00,6949.0,2016.0,0.25,0.9986504723346827,0,False,False,True
2020-10-01,2020-10-01 17:10:00+00:00,2020-10-02 05:36:00+00:00,6895.0,1908.0,0.0,1.005361930294906,0,False,False,True
2020-10-02,2020-10-02 17:08:00+00:00,2020-10-03 05:37:00+00:00,7888.0,2508.0,0.41666666666666663,1.0013351134846462,0,False,False,True
2020-10-03,2020-10-03 17:06:00+00:00,2020-10-04 05:39:00+00:00,9278.0,5412.0,0.6666666666666666,0.99601593625498,0,False,False,True
2020-10-04,2020-10-04 17:03:00+00:00,2020-10-05 05:41:00+00:00,7224.0,1860.0,0.0,1.0026385224274408,0,False,False,True
2020-10-05,2020-10-05 17:01:00+00:00,2020-10-06 05:43:00+00:00,7238.0,2136.0,0.5,0.9973753280839894,0,False,False,True
2020-10-06,2020-10-06 16:59:00+00:00,2020-10-07 05:44:00+00:00,7150.0,1932.0,0.0,1.0,0,False,False,True
2020-10-07,2020-10-07 16:56:00+00:00,2020-10-08 05:46:00+00:00,7856.0,1992.0,0.0,0.9999999999999998,0,False,False,True
2020-10-08,2020-10-08 16:54:00+00:00,2020-10-09 05:48:00+00:00,6458.0,2700.0,0.41666666666666663,1.0012919896640826,0,False,False,True
2020-10-09,2020-10-09 16:52:00+00:00,2020-10-10 05:50:00+00:00,10767.0,3060.0,0.75,1.0025706940874035,0,False,False,True
2020-10-10,2020-10-10 16:50:00+00:00,2020-10-11 05:51:00+00:00,8242.0,4560.0,0.5,1.0051216389244557,0,False,False,True
2020-10-11,2020-10-11 16:47:00+00:00,2020-10-12 05:53:00+00:00,9458.0,4944.0,0.5,0.9987277353689566,0,False,False,True
2020-10-12,2020-10-12 16:45:00+00:00,2020-10-13 05:55:00+00:00,9471.0,3192.0,0.5833333333333333,1.0063291139240507,0,False,False,True
2020-10-13,2020-10-13 16:43:00+00:00,2020-10-14 05:57:00+00:00,8204.0,2268.0,0.08333333333333333,1.0012594458438286,0,False,False,True
2020-10-14,2020-10-14 16:41:00+00:00,2020-10-15 05:58:00+00:00,7736.0,2748.0,0.75,0.9974905897114178,0,False,False,True
2020-10-15,2020-10-15 16:38:00+00:00,2020-10-16 06:00:00+00:00,6760.0,2412.0,0.25,1.0037406483790523,0,False,False,True
2020-10-16,2020-10-16 16:36:00+00:00,2020-10-17 06:02:00+00:00,7458.0,2148.0,0.75,0.998759305210918,0,False,False,True
2020-10-17,2020-10-17 16:34:00+00:00,2020-10-18 06:04:00+00:00,7918.0,2196.0,0.25,1.0,0,False,False,True
2020-10-18,2020-10-18 16:32:00+00:00,2020-10-19 06:06:00+00:00,10868.0,2016.0,0.25,1.0012285012285012,0,False,False,True
2020-10-19,2020-10-19 16:30:00+00:00,2020-10-20 06:07:00+00:00,8462.0,2484.0,0.5,1.003671970624235,0,False,False,True
2020-10-20,2020-10-20 16:27:00+00:00,2020-10-21 06:09:00+00:00,8641.0,2244.0,0.25,0.9975669099756691,0,False,False,True
2020-10-21,2020-10-21 16:25:00+00:00,2020-10-22 06:11:00+00:00,13455.0,4308.0,1.4166666666666665,1.0048426150121064,0,False,False,True
2020-10-22,2020-10-22 16:23:00+00:00,2020-10-23 06:13:00+00:00,3090.0,300.0,0.0,0.9999999999999998,0,False,False,True
2020-10-23,2020-10-23 16:21:00+00:00,2020-10-24 06:15:00+00:00,2223.0,360.0,0.0,0.5935251798561151,0,False,False,False
2020-10-24,2020-10-24 16:19:00+00:00,2020-10-25 06:16:00+00:00,11259.0,3468.0,1.0833333333333333,0.931899641577061,0,True,False,False
2020-10-25,2020-10-25 16:17:00+00:00,2020-10-26 06:18:00+00:00,8864.0,2268.0,0.5,0.9988109393579071,0,False,False,True
2020-10-26,2020-10-26 16:15:00+00:00,2020-10-27 06:20:00+00:00,9824.0,4128.0,1.25,1.0059171597633134,0,False,False,True
2020-10-27,2020-10-27 16:13:00+00:00,2020-10-28 06:22:00+00:00,8612.0,2280.0,0.5,1.0011778563015312,0,False,False,True
2020-10-28,2020-10-28 16:11:00+00:00,2020-10-29 06:24:00+00:00,10630.0,3384.0,1.25,0.9964830011723328,0,False,False,True
2020-10-29,2020-10-29 16:09:00+00:00,2020-10-30 06:26:00+00:00,9907.0,3264.0,0.75,1.0035005834305717,0,False,False,True
2020-10-30,2020-10-30 16:07:00+00:00,2020-10-31 06:28:00+00:00,8440.0,3264.0,0.5,0.9988385598141695,0,False,False,True
2020-10-31,2020-10-31 16:05:00+00:00,2020-11-01 06:29:00+00:00,9195.0,2712.0,0.75,1.0011574074074074,0,False,False,True
2020-11-01,2020-11-01 16:03:00+00:00,2020-11-02 06:31:00+00:00,8813.0,2268.0,0.5,1.0023041474654377,0,False,False,True
2020-11-02,2020-11-02 16:01:00+00:00,2020-11-03 06:33:00+00:00,9542.0,3696.0,1.0,0.9977064220183486,0,False,False,True
2020-11-03,2020-11-03 16:00:00+00:00,2020-11-04 06:35:00+00:00,10733.0,3072.0,0.75,1.0057142857142856,0,False,False,True
2020-11-04,2020-11-04 15:58:00+00:00,2020-11-05 06:37:00+00:00,14487.0,3888.0,1.5833333333333333,1.0011376564277588,0,False,False,True
2020-11-05,2020-11-05 15:56:00+00:00,2020-11-06 06:39:00+00:00,10057.0,2124.0,0.25,0.9966024915062286,0,False,False,True
2020-11-06,2020-11-06 15:54:00+00:00,2020-11-07 06:41:00+00:00,9026.0,4032.0,0.41666666666666663,1.003382187147689,0,False,False,True
2020-11-07,2020-11-07 15:52:00+00:00,2020-11-08 06:42:00+00:00,12982.0,3624.0,1.5,0.9999999999999999,0,False,False,True
2020-11-08,2020-11-08 15:51:00+00:00,2020-11-09 06:44:00+00:00,14341.0,4584.0,1.4166666666666665,0.9966405375139978,0,False,False,True
2020-11-09,2020-11-09 15:49:00+00:00,2020-11-10 06:46:00+00:00,8794.0,2832.0,0.75,1.0033444816053512,0,False,False,True
2020-11-10,2020-11-10 15:48:00+00:00,2020-11-11 06:48:00+00:00,8665.0,2256.0,0.5,1.0,0,False,False,True
2020-11-11,2020-11-11 15:46:00+00:00,2020-11-12 06:50:00+00:00,8180.0,1320.0,0.0,1.0011061946902655,0,False,False,True
2020-11-12,2020-11-12 15:44:00+00:00,2020-11-13 06:52:00+00:00,7062.0,1956.0,0.0,1.0022026431718063,0,False,False,True
2020-11-13,2020-11-13 15:43:00+00:00,2020-11-14 06:53:00+00:00,8655.0,2472.0,0.75,1.0,0,False,False,True
2020-11-14,2020-11-14 15:41:00+00:00,2020-11-15 06:55:00+00:00,11547.0,4104.0,0.75,1.00109409190372,0,False,False,True
2020-11-15,2020-11-15 15:40:00+00:00,2020-11-16 06:57:00+00:00,16369.0,4620.0,2.0,1.0032715376226826,0,False,True,True
2020-11-16,2020-11-16 15:38:00+00:00,2020-11-17 06:59:00+00:00,11248.0,3528.0,1.0,0.9989142236699239,0,False,False,True
2020-11-17,2020-11-17 15:37:00+00:00,2020-11-18 07:00:00+00:00,9027.0,2124.0,0.25,1.0021668472372698,0,False,False,True
2020-11-18,2020-11-18 15:36:00+00:00,2020-11-19 07:02:00+00:00,11115.0,2820.0,1.0,0.9989200863930885,0,False,False,True
2020-11-19,2020-11-19 15:35:00+00:00,2020-11-20 07:04:00+00:00,10781.0,2148.0,0.75,1.0010764262648009,0,False,False,True
2020-11-20,2020-11-20 15:33:00+00:00,2020-11-21 07:06:00+00:00,15171.0,3612.0,1.5,1.0021436227224008,0,False,False,True
2020-11-21,2020-11-21 15:32:00+00:00,2020-11-22 07:07:00+00:00,6854.0,660.0,0.0,0.9999999999999999,0,False,False,True
2020-11-22,2020-11-22 15:31:00+00:00,2020-11-23 07:09:00+00:00,8235.0,2136.0,0.25,0.9968017057569296,0,False,False,True
2020-11-23,2020-11-23 15:30:00+00:00,2020-11-24 07:11:00+00:00,13940.0,3192.0,1.6666666666666665,1.004250797024442,0,False,False,True
2020-11-24,2020-11-24 15:29:00+00:00,2020-11-25 07:12:00+00:00,12263.0,2928.0,0.75,1.002120890774125,0,False,False,True
2020-11-25,2020-11-25 15:28:00+00:00,2020-11-26 07:14:00+00:00,2311.0,588.0,0.0,0.5179704016913319,0,False,False,False
2020-11-26,2020-11-26 15:27:00+00:00,2020-11-27 07:15:00+00:00,12177.0,2052.0,0.5,1.00210970464135,0,False,False,True
2020-11-27,2020-11-27 15:26:00+00:00,2020-11-28 07:17:00+00:00,11548.0,5100.0,0.75,0.9989484752891692,0,False,False,True
2020-11-28,2020-11-28 15:25:00+00:00,2020-11-29 07:18:00+00:00,15172.0,4272.0,1.4166666666666665,1.0020986358866737,0,False,False,True
2020-11-29,2020-11-29 15:24:00+00:00,2020-11-30 07:20:00+00:00,8870.0,2172.0,0.5,1.00418410041841,0,False,False,True
2020-11-30,2020-11-30 15:24:00+00:00,2020-12-01 07:21:00+00:00,10527.0,3684.0,0.75,1.0031347962382444,0,False,False,True
2020-12-01,2020-12-01 15:23:00+00:00,2020-12-02 07:23:00+00:00,10104.0,2976.0,1.25,1.0,0,False,False,True
2020-12-02,2020-12-02 15:22:00+00:00,2020-12-03 07:24:00+00:00,12480.0,3372.0,1.9166666666666665,0.9979209979209978,0,False,False,True
2020-12-03,2020-12-03 15:22:00+00:00,2020-12-04 07:26:00+00:00,7401.0,1800.0,0.0,1.0010373443983402,0,False,False,True
2020-12-04,2020-12-04 15:21:00+00:00,2020-12-05 07:27:00+00:00,9235.0,2976.0,0.25,0.9989648033126293,0,False,False,True
2020-12-05,2020-12-05 15:21:00+00:00,2020-12-06 07:28:00+00:00,8399.0,2772.0,0.41666666666666663,0.9979317476732161,0,False,False,True
2020-12-06,2020-12-06 15:20:00+00:00,2020-12-07 07:29:00+00:00,10598.0,3276.0,0.75,1.0010319917440662,0,False,False,True
2020-12-07,2020-12-07 15:20:00+00:00,2020-12-08 07:31:00+00:00,11516.0,4872.0,1.0,1.004119464469619,0,False,False,True
2020-12-08,2020-12-08 15:20:00+00:00,2020-12-09 07:32:00+00:00,7319.0,2004.0,0.16666666666666666,1.0030864197530864,0,False,False,True
2020-12-09,2020-12-09 15:19:00+00:00,2020-12-10 07:33:00+00:00,14309.0,4224.0,1.75,1.0010266940451744,0,False,False,True
2020-12-10,2020-12-10 15:19:00+00:00,2020-12-11 07:34:00+00:00,8576.0,2532.0,0.25,1.0,0,False,False,True
2020-12-11,2020-12-11 15:19:00+00:00,2020-12-12 07:35:00+00:00,11183.0,3408.0,1.25,1.0040983606557377,0,False,False,True
2020-12-12,2020-12-12 15:19:00+00:00,2020-12-13 07:36:00+00:00,11635.0,2532.0,0.75,1.0030706243602865,0,False,False,True
2020-12-13,2020-12-13 15:19:00+00:00,2020-12-14 07:37:00+00:00,14705.0,4044.0,2.0,1.002044989775051,0,False,True,True
2020-12-14,2020-12-14 15:19:00+00:00,2020-12-15 07:38:00+00:00,12263.0,2460.0,0.75,1.0010214504596526,0,False,False,True
2020-12-15,2020-12-15 15:19:00+00:00,2020-12-16 07:38:00+00:00,9534.0,2340.0,0.5,1.0010214504596526,0,False,False,True
2020-12-16,2020-12-16 15:19:00+00:00,2020-12-17 07:39:00+00:00,12368.0,4620.0,1.25,1.0,0,False,False,True
2020-12-17,2020-12-17 15:20:00+00:00,2020-12-18 07:40:00+00:00,11720.0,2520.0,0.5,1.0051020408163265,0,False,False,True
2020-12-18,2020-12-18 15:20:00+00:00,2020-12-19 07:40:00+00:00,9764.0,2352.0,0.25,1.0051020408163265,0,False,False,True
2020-12-19,2020-12-19 15:20:00+00:00,2020-12-20 07:41:00+00:00,12588.0,3492.0,1.5,1.0040774719673802,0,False,False,True
2020-12-20,2020-12-20 15:21:00+00:00,2020-12-21 07:42:00+00:00,11648.0,2124.0,0.75,0.9989806320081549,0,False,False,True
2020-12-21,2020-12-21 15:21:00+00:00,2020-12-22 07:42:00+00:00,10488.0,3300.0,0.5,0.9989806320081549,0,False,False,True
2020-12-22,2020-12-22 15:22:00+00:00,2020-12-23 07:42:00+00:00,11264.0,2844.0,0.5,1.0,0,False,False,True
2020-12-23,2020-12-23 15:22:00+00:00,2020-12-24 07:43:00+00:00,11370.0,2160.0,0.25,0.9989806320081549,0,False,False,True
2020-12-24,2020-12-24 15:23:00+00:00,2020-12-25 07:43:00+00:00,4237.0,312.0,0.0,1.0,0,False,False,True
2020-12-25,2020-12-25 15:24:00+00:00,2020-12-26 07:43:00+00:00,4117.0,312.0,0.0,1.0010214504596526,0,False,False,True
2020-12-26,2020-12-26 15:25:00+00:00,2020-12-27 07:43:00+00:00,4090.0,312.0,0.0,1.002044989775051,0,False,False,True
2020-12-27,2020-12-27 15:26:00+00:00,2020-12-28 07:44:00+00:00,10458.0,2136.0,0.25,0.9969325153374232,0,False,False,True
2020-12-28,2020-12-28 15:26:00+00:00,2020-12-29 07:44:00+00:00,11222.0,3612.0,1.0,0.9969325153374232,0,False,False,True
2020-12-29,2020-12-29 15:27:00+00:00,2020-12-30 07:44:00+00:00,12296.0,4008.0,0.5833333333333333,0.997952917093142,0,False,False,True
2020-12-30,2020-12-30 15:28:00+00:00,2020-12-31 07:44:00+00:00,10900.0,2856.0,0.5,0.9989754098360656,0,False,False,True
2020-12-31,2020-12-31 15:29:00+00:00,2021-01-01 07:43:00+00:00,10128.0,4416.0,0.5,1.0010266940451744,0,False,False,True
2021-01-01,2021-01-01 15:31:00+00:00,2021-01-02 07:43:00+00:00,10532.0,2580.0,0.5,0.9979423868312757,0,False,False,True
2021-01-02,2021-01-02 15:32:00+00:00,2021-01-03 07:43:00+00:00,13634.0,6252.0,1.5,0.9989701338825951,0,False,False,True
2021-01-03,2021-01-03 15:33:00+00:00,2021-01-04 07:43:00+00:00,13675.0,3336.0,1.5,0.9999999999999999,0,False,False,True
2021-01-04,2021-01-04 15:34:00+00:00,2021-01-05 07:42:00+00:00,8269.0,2124.0,0.5,1.0020661157024793,0,False,False,True
2021-01-05,2021-01-05 15:35:00+00:00,2021-01-06 07:42:00+00:00,10125.0,3264.0,1.0,1.0031023784901758,0,False,False,True
2021-01-06,2021-01-06 15:37:00+00:00,2021-01-07 07:41:00+00:00,9945.0,3240.0,0.5,1.0010373443983402,0,False,False,True
2021-01-07,2021-01-07 15:38:00+00:00,2021-01-08 07:41:00+00:00,15667.0,4116.0,1.5,1.0020768431983385,0,False,False,True
2021-01-08,2021-01-08 15:40:00+00:00,2021-01-09 07:40:00+00:00,11237.0,3444.0,0.5,1.0052083333333333,0,False,False,True
2021-01-09,2021-01-09 15:41:00+00:00,2021-01-10 07:40:00+00:00,11197.0,3348.0,0.5,1.0010427528675703,0,False,False,True
2021-01-10,2021-01-10 15:43:00+00:00,2021-01-11 07:39:00+00:00,9572.0,1968.0,0.0,0.9989539748953974,0,False,False,True
2021-01-11,2021-01-11 15:44:00+00:00,2021-01-12 07:38:00+00:00,10419.0,3240.0,0.75,1.00104821802935,0,False,False,True
2021-01-12,2021-01-12 15:46:00+00:00,2021-01-13 07:37:00+00:00,9815.0,3588.0,0.3333333333333333,0.9989484752891692,0,False,False,True
2021-01-13,2021-01-13 15:47:00+00:00,2021-01-14 07:37:00+00:00,14481.0,3096.0,1.5,0.9999999999999999,0,False,False,True
2021-01-14,2021-01-14 15:49:00+00:00,2021-01-15 07:36:00+00:00,10169.0,3312.0,0.75,1.0031678986272439,0,False,False,True
2021-01-15,2021-01-15 15:50:00+00:00,2021-01-16 07:35:00+00:00,9738.0,3024.0,0.5,1.0052910052910053,0,False,False,True
2021-01-16,2021-01-16 15:52:00+00:00,2021-01-17 07:34:00+00:00,9024.0,3096.0,0.75,0.9978768577494692,0,False,False,True
2021-01-17,2021-01-17 15:54:00+00:00,2021-01-18 07:33:00+00:00,9563.0,4860.0,0.75,1.0010649627263044,0,False,False,True
2021-01-18,2021-01-18 15:56:00+00:00,2021-01-19 07:32:00+00:00,10414.0,2364.0,0.5,0.9989316239316238,0,False,False,True
2021-01-19,2021-01-19 15:57:00+00:00,2021-01-20 07:30:00+00:00,9602.0,4260.0,0.5,1.0021436227224008,0,False,False,True
2021-01-20,2021-01-20 15:59:00+00:00,2021-01-21 07:29:00+00:00,10572.0,2616.0,1.0,1.0,0,False,False,True
2021-01-21,2021-01-21 16:01:00+00:00,2021-01-22 07:28:00+00:00,12889.0,3708.0,1.25,0.9978425026968716,0,False,False,True
2021-01-22,2021-01-22 16:03:00+00:00,2021-01-23 07:27:00+00:00,12098.0,6624.0,0.75,1.001082251082251,0,False,False,True
2021-01-23,2021-01-23 16:05:00+00:00,2021-01-24 07:25:00+00:00,6838.0,2028.0,0.25,1.0054347826086956,0,False,False,True
2021-01-24,2021-01-24 16:06:00+00:00,2021-01-25 07:24:00+00:00,7727.0,2244.0,0.25,0.9967320261437908,0,False,False,True
2021-01-25,2021-01-25 16:08:00+00:00,2021-01-26 07:23:00+00:00,7594.0,2640.0,0.5,1.0,0,False,False,True
2021-01-26,2021-01-26 16:10:00+00:00,2021-01-27 07:21:00+00:00,9520.0,2568.0,0.25,1.0043907793633369,0,False,False,True
2021-01-27,2021-01-27 16:12:00+00:00,2021-01-28 07:20:00+00:00,12988.0,4308.0,1.0,1.0022026431718063,0,False,False,True
2021-01-28,2021-01-28 16:14:00+00:00,2021-01-29 07:18:00+00:00,10789.0,2712.0,0.5,1.0011061946902655,0,False,False,True
2021-01-29,2021-01-29 16:16:00+00:00,2021-01-30 07:17:00+00:00,9328.0,4332.0,0.75,0.9988901220865704,0,False,False,True
2021-01-30,2021-01-30 16:18:00+00:00,2021-01-31 07:15:00+00:00,8753.0,2400.0,0.5,1.0033444816053512,0,False,False,True
2021-01-31,2021-01-31 16:20:00+00:00,2021-02-01 07:14:00+00:00,10459.0,4044.0,0.5,1.0011185682326622,0,False,False,True
2021-02-01,2021-02-01 16:22:00+00:00,2021-02-02 07:12:00+00:00,9383.0,2316.0,0.5,0.9999999999999999,0,False,False,True
2021-02-02,2021-02-02 16:23:00+00:00,2021-02-03 07:10:00+00:00,8195.0,1920.0,0.0,1.003382187147689,0,False,False,True
2021-02-03,2021-02-03 16:25:00+00:00,2021-02-04 07:09:00+00:00,7860.0,2004.0,0.25,1.001131221719457,0,False,False,True
2021-02-04,2021-02-04 16:27:00+00:00,2021-02-05 07:07:00+00:00,9013.0,3612.0,0.5,1.0,0,False,False,True
2021-02-05,2021-02-05 16:29:00+00:00,2021-02-06 07:05:00+00:00,8198.0,3024.0,0.75,1.004566210045662,0,False,False,True
2021-02-06,2021-02-06 16:31:00+00:00,2021-02-07 07:03:00+00:00,11215.0,4056.0,1.5,0.9977064220183486,0,False,False,True
2021-02-07,2021-02-07 16:33:00+00:00,2021-02-08 07:01:00+00:00,10857.0,4668.0,1.0,1.0023041474654377,0,False,False,True
2021-02-08,2021-02-08 16:35:00+00:00,2021-02-09 07:00:00+00:00,8577.0,3372.0,1.0,1.0057803468208093,0,False,False,True
2021-02-09,2021-02-09 16:37:00+00:00,2021-02-10 06:58:00+00:00,9758.0,3552.0,1.0,0.9988385598141695,0,False,False,True
2021-02-10,2021-02-10 16:39:00+00:00,2021-02-11 06:56:00+00:00,12555.0,3192.0,0.75,1.0035005834305717,0,False,False,True
2021-02-11,2021-02-11 16:41:00+00:00,2021-02-12 06:54:00+00:00,8533.0,3084.0,0.5,0.9964830011723328,0,False,False,True
2021-02-12,2021-02-12 16:43:00+00:00,2021-02-13 06:52:00+00:00,6133.0,2004.0,0.16666666666666666,1.0011778563015312,0,False,False,True
2021-02-13,2021-02-13 16:45:00+00:00,2021-02-14 06:50:00+00:00,12006.0,3108.0,0.75,1.0059171597633134,0,False,False,True
2021-02-14,2021-02-14 16:47:00+00:00,2021-02-15 06:48:00+00:00,8322.0,2688.0,0.25,0.9988109393579071,0,False,False,True
2021-02-15,2021-02-15 16:49:00+00:00,2021-02-16 06:46:00+00:00,6674.0,2748.0,0.5,1.003584229390681,0,False,False,True
2021-02-16,2021-02-16 16:51:00+00:00,2021-02-17 06:44:00+00:00,10694.0,4344.0,1.25,0.9963985594237695,0,False,False,True
2021-02-17,2021-02-17 16:53:00+00:00,2021-02-18 06:42:00+00:00,9384.0,2652.0,0.5,1.0012062726176114,0,False,False,True
2021-02-18,2021-02-18 16:55:00+00:00,2021-02-19 06:40:00+00:00,8135.0,2016.0,0.25,1.006060606060606,0,False,False,True
2021-02-19,2021-02-19 16:56:00+00:00,2021-02-20 06:38:00+00:00,7355.0,1944.0,0.0,0.9975669099756691,0,False,False,True
2021-02-20,2021-02-20 16:58:00+00:00,2021-02-21 06:36:00+00:00,8052.0,2820.0,0.75,1.0024449877750612,0,False,False,True
2021-02-21,2021-02-21 17:00:00+00:00,2021-02-22 06:34:00+00:00,11534.0,3492.0,0.75,1.0012285012285012,0,False,False,True
2021-02-22,2021-02-22 17:02:00+00:00,2021-02-23 06:31:00+00:00,10543.0,3492.0,1.25,1.0012360939431395,0,False,False,True
2021-02-23,2021-02-23 17:04:00+00:00,2021-02-24 06:29:00+00:00,7278.0,4416.0,0.25,1.0,0,False,False,True
2021-02-24,2021-02-24 17:06:00+00:00,2021-02-25 06:27:00+00:00,11292.0,2580.0,0.75,0.9987515605493132,0,False,False,True
2021-02-25,2021-02-25 17:08:00+00:00,2021-02-26 06:25:00+00:00,10096.0,2700.0,0.5,1.0037641154328731,0,False,False,True
2021-02-26,2021-02-26 17:10:00+00:00,2021-02-27 06:23:00+00:00,9543.0,3360.0,1.0,1.0025220680958384,0,False,False,True
2021-02-27,2021-02-27 17:12:00+00:00,2021-02-28 06:21:00+00:00,7717.0,2484.0,0.25,1.0012674271229403,0,False,False,True
2021-02-28,2021-02-28 17:14:00+00:00,2021-03-01 06:18:00+00:00,8791.0,2916.0,0.5833333333333333,1.0012755102040816,0,False,False,True
2021-03-01,2021-03-01 17:15:00+00:00,2021-03-02 06:16:00+00:00,5566.0,2424.0,0.5,1.0051216389244557,0,False,False,True
2021-03-02,2021-03-02 17:17:00+00:00,2021-03-03 06:14:00+00:00,10344.0,4200.0,1.25,0.9974259974259974,0,False,False,True
2021-03-03,2021-03-03 17:19:00+00:00,2021-03-04 06:12:00+00:00,10101.0,2412.0,0.5,1.0025873221216042,0,False,False,True
2021-03-04,2021-03-04 17:21:00+00:00,2021-03-05 06:09:00+00:00,7509.0,1944.0,0.0,0.9960937499999999,0,False,False,True
2021-03-05,2021-03-05 17:23:00+00:00,2021-03-06 06:07:00+00:00,7181.0,4140.0,0.41666666666666663,1.00130890052356,0,False,False,True
2021-03-06,2021-03-06 17:25:00+00:00,2021-03-07 06:05:00+00:00,12408.0,4932.0,1.1666666666666665,1.006578947368421,0,False,False,True
2021-03-07,2021-03-07 17:26:00+00:00,2021-03-08 06:03:00+00:00,8082.0,2568.0,0.3333333333333333,0.9973579920739761,0,False,False,True
2021-03-08,2021-03-08 17:28:00+00:00,2021-03-09 06:00:00+00:00,6921.0,3024.0,0.8333333333333333,1.0039893617021276,0,False,False,True
2021-03-09,2021-03-09 17:30:00+00:00,2021-03-10 05:58:00+00:00,5884.0,1956.0,0.0,1.0026737967914436,0,False,False,True
2021-03-10,2021-03-10 17:32:00+00:00,2021-03-11 05:56:00+00:00,5662.0,1872.0,0.0,1.0013440860215053,0,False,False,True
2021-03-11,2021-03-11 17:34:00+00:00,2021-03-12 05:53:00+00:00,8010.0,2676.0,0.5,1.0013531799729363,0,False,False,True
2021-03-12,2021-03-12 17:36:00+00:00,2021-03-13 05:51:00+00:00,6226.0,4392.0,0.25,1.0,0,False,False,True
2021-03-13,2021-03-13 17:37:00+00:00,2021-03-14 05:49:00+00:00,9267.0,2616.0,1.0,0.9972677595628415,0,False,False,True
2021-03-14,2021-03-14 17:39:00+00:00,2021-03-15 05:47:00+00:00,6019.0,2016.0,0.25,1.0027472527472527,0,False,False,True
2021-03-15,2021-03-15 17:41:00+00:00,2021-03-16 05:44:00+00:00,15490.0,3540.0,2.0,0.9958506224066388,0,False,True,True
2021-03-16,2021-03-16 17:43:00+00:00,2021-03-17 05:42:00+00:00,8113.0,5172.0,0.5833333333333333,1.0013908205841446,0,False,False,True
2021-03-17,2021-03-17 17:45:00+00:00,2021-03-18 05:40:00+00:00,6975.0,2064.0,0.25,1.006993006993007,0,False,False,True
2021-03-18,2021-03-18 17:46:00+00:00,2021-03-19 05:37:00+00:00,6022.0,3792.0,0.25,0.9985935302390997,0,False,False,True
2021-03-19,2021-03-19 17:48:00+00:00,2021-03-20 05:35:00+00:00,6114.0,1884.0,0.0,1.0042432814710043,0,False,False,True
2021-03-20,2021-03-20 17:50:00+00:00,2021-03-21 05:33:00+00:00,6560.0,2340.0,0.5,1.0028449502133712,0,False,False,True
2021-03-21,2021-03-21 17:52:00+00:00,2021-03-22 05:30:00+00:00,6454.0,1992.0,0.0,1.002865329512894,0,False,False,True
2021-03-22,2021-03-22 17:53:00+00:00,2021-03-23 05:28:00+00:00,8323.0,2292.0,0.5,0.9999999999999998,0,False,False,True
2021-03-23,2021-03-23 17:55:00+00:00,2021-03-24 05:26:00+00:00,8030.0,4308.0,0.6666666666666666,1.0057887120115774,0,False,False,True
2021-03-24,2021-03-24 17:57:00+00:00,2021-03-25 05:23:00+00:00,7731.0,3108.0,0.3333333333333333,0.998542274052478,0,False,False,True
2021-03-25,2021-03-25 17:59:00+00:00,2021-03-26 05:21:00+00:00,5371.0,1908.0,0.0,1.0043988269794721,0,False,False,True
2021-03-26,2021-03-26 18:00:00+00:00,2021-03-27 05:19:00+00:00,9041.0,2880.0,0.8333333333333333,1.0014727540500736,0,False,False,True
2021-03-27,2021-03-27 18:02:00+00:00,2021-03-28 05:16:00+00:00,6116.0,2280.0,0.25,1.0014836795252224,0,False,False,True
2021-03-28,2021-03-28 18:04:00+00:00,2021-03-29 05:14:00+00:00,6118.0,1968.0,0.0,1.0,0,False,False,True
2021-03-29,2021-03-29 18:06:00+00:00,2021-03-30 05:12:00+00:00,4727.0,1980.0,0.0,0.9984984984984984,0,False,False,True
2021-03-30,2021-03-30 18:07:00+00:00,2021-03-31 05:10:00+00:00,6977.0,2028.0,0.25,1.0030165912518851,0,False,False,True
2021-03-31,2021-03-31 18:09:00+00:00,2021-04-01 05:07:00+00:00,6111.0,2160.0,0.3333333333333333,1.0030395136778114,0,False,False,True
2021-04-01,2021-04-01 18:11:00+00:00,2021-04-02 05:05:00+00:00,4629.0,1908.0,0.0,1.0015290519877675,0,False,False,True
2021-04-02,2021-04-02 18:13:00+00:00,2021-04-03 05:03:00+00:00,6906.0,2400.0,0.5,0.9999999999999998,0,False,False,True
2021-04-03,2021-04-03 18:14:00+00:00,2021-04-04 05:00:00+00:00,2418.0,276.0,0.0,1.0061919504643961,0,False,False,True
2021-04-04,2021-04-04 18:16:00+00:00,2021-04-05 04:58:00+00:00,5237.0,576.0,0.0,0.9968847352024922,0,False,False,True
2021-04-05,2021-04-05 18:18:00+00:00,2021-04-06 04:56:00+00:00,7150.0,1896.0,0.0,1.0031347962382446,0,False,False,True
2021-04-06,2021-04-06 18:20:00+00:00,2021-04-07 04:54:00+00:00,5688.0,1836.0,0.0,1.001577287066246,0,False,False,True
2021-04-07,2021-04-07 18:21:00+00:00,2021-04-08 04:51:00+00:00,5575.0,2412.0,0.5,1.0,0,False,False,True
2021-04-08,2021-04-08 18:23:00+00:00,2021-04-09 04:49:00+00:00,5809.0,2688.0,0.25,0.998402555910543,0,False,False,True
2021-04-09,2021-04-09 18:25:00+00:00,2021-04-10 04:47:00+00:00,5828.0,1884.0,0.0,1.004823151125402,0,False,False,True
2021-04-10,2021-04-10 18:27:00+00:00,2021-04-11 04:45:00+00:00,5525.0,2412.0,0.25,1.0032362459546924,0,False,False,True
2021-04-11,2021-04-11 18:28:00+00:00,2021-04-12 04:43:00+00:00,3877.0,1572.0,0.0,1.0,0,False,False,True
2021-04-12,2021-04-12 18:30:00+00:00,2021-04-13 04:40:00+00:00,8440.0,3036.0,0.75,1.0081967213114753,0,False,False,True
2021-04-13,2021-04-13 18:32:00+00:00,2021-04-14 04:38:00+00:00,4741.0,2220.0,0.25,0.9983498349834983,0,False,False,True
2021-04-14,2021-04-14 18:33:00+00:00,2021-04-15 04:36:00+00:00,7673.0,2544.0,0.75,1.0033167495854063,0,False,False,True
2021-04-15,2021-04-15 18:35:00+00:00,2021-04-16 04:34:00+00:00,6270.0,2688.0,0.5,1.001669449081803,0,False,False,True
2021-04-16,2021-04-16 18:37:00+00:00,2021-04-17 04:32:00+00:00,5205.0,3000.0,0.5,1.0,0,False,False,True
2021-04-17,2021-04-17 18:39:00+00:00,2021-04-18 04:30:00+00:00,3629.0,2148.0,0.25,1.0067681895093061,0,False,False,True
2021-04-18,2021-04-18 18:40:00+00:00,2021-04-19 04:27:00+00:00,4916.0,2208.0,0.25,1.0051107325383304,0,False,False,True
2021-04-19,2021-04-19 18:42:00+00:00,2021-04-20 04:25:00+00:00,4222.0,1500.0,0.0,1.0034305317324184,0,False,False,True
2021-04-20,2021-04-20 18:44:00+00:00,2021-04-21 04:23:00+00:00,5278.0,2004.0,0.25,1.0017271157167529,0,False,False,True
2021-04-21,2021-04-21 18:45:00+00:00,2021-04-22 04:21:00+00:00,4038.0,1692.0,0.0,1.0069444444444444,0,False,False,True
2021-04-22,2021-04-22 18:47:00+00:00,2021-04-23 04:19:00+00:00,4915.0,1956.0,0.0,0.9965034965034965,0,False,False,True
2021-04-23,2021-04-23 18:49:00+00:00,2021-04-24 04:17:00+00:00,4727.0,1896.0,0.0,1.0035211267605633,0,False,False,True
2021-04-24,2021-04-24 18:51:00+00:00,2021-04-25 04:15:00+00:00,5328.0,2124.0,0.25,1.00177304964539,0,False,False,True
2021-04-25,2021-04-25 18:52:00+00:00,2021-04-26 04:13:00+00:00,5067.0,1368.0,0.0,0.9982174688057041,0,False,False,True
2021-04-26,2021-04-26 18:54:00+00:00,2021-04-27 04:11:00+00:00,4980.0,1884.0,0.0,1.0053859964093357,0,False,False,True
2021-04-27,2021-04-27 18:56:00+00:00,2021-04-28 04:09:00+00:00,4134.0,1764.0,0.0,0.9945750452079565,0,False,False,True
2021-04-28,2021-04-28 18:57:00+00:00,2021-04-29 04:07:00+00:00,7415.0,2580.0,0.75,1.0,0,False,False,True
2021-04-29,2021-04-29 18:59:00+00:00,2021-04-30 04:05:00+00:00,3878.0,576.0,0.0,1.0073260073260073,0,False,False,True
2021-04-30,2021-04-30 19:01:00+00:00,2021-05-01 04:03:00+00:00,4607.0,2028.0,0.25,0.9963099630996309,0,False,False,True
2021-05-01,2021-05-01 19:02:00+00:00,2021-05-02 04:02:00+00:00,2914.0,1788.0,0.0,1.0,0,False,False,True
2021-05-02,2021-05-02 19:04:00+00:00,2021-05-03 04:00:00+00:00,4964.0,1980.0,0.0,1.007462686567164,0,False,False,True
2021-05-03,2021-05-03 19:06:00+00:00,2021-05-04 03:58:00+00:00,3672.0,1932.0,0.0,0.9962406015037594,0,False,False,True
2021-05-04,2021-05-04 19:07:00+00:00,2021-05-05 03:56:00+00:00,4523.0,2076.0,0.25,1.001890359168242,0,False,False,True
2021-05-05,2021-05-05 19:09:00+00:00,2021-05-06 03:54:00+00:00,2293.0,372.0,0.0,1.0,0,False,False,True
2021-05-06,2021-05-06 19:11:00+00:00,2021-05-07 03:53:00+00:00,2719.0,1368.0,0.0,0.996168582375479,0,False,False,True
2021-05-07,2021-05-07 19:12:00+00:00,2021-05-08 03:51:00+00:00,5479.0,1692.0,0.0,1.0019267822736029,0,False,False,True
2021-05-08,2021-05-08 19:14:00+00:00,2021-05-09 03:49:00+00:00,4981.0,1992.0,0.0,0.9999999999999999,0,False,False,True
2021-05-09,2021-05-09 19:15:00+00:00,2021-05-10 03:48:00+00:00,2856.0,1476.0,0.0,1.0038986354775827,0,False,False,True
2021-05-10,2021-05-10 19:17:00+00:00,2021-05-11 03:46:00+00:00,3762.0,2136.0,0.25,1.0019646365422397,0,False,False,True
2021-05-11,2021-05-11 19:18:00+00:00,2021-05-12 03:44:00+00:00,2575.0,420.0,0.0,0.9980237154150198,0,False,False,True
2021-05-12,2021-05-12 19:20:00+00:00,2021-05-13 03:43:00+00:00,2921.0,456.0,0.0,1.0039761431411531,0,False,False,True
2021-05-13,2021-05-13 19:22:00+00:00,2021-05-14 03:41:00+00:00,2901.0,1512.0,0.0,1.0020040080160322,0,False,False,True
2021-05-14,2021-05-14 19:23:00+00:00,2021-05-15 03:40:00+00:00,2546.0,552.0,0.0,1.0060362173038229,0,False,False,True
2021-05-15,2021-05-15 19:25:00+00:00,2021-05-16 03:38:00+00:00,4368.0,1896.0,0.0,1.0040567951318458,0,False,False,True
2021-05-16,2021-05-16 19:26:00+00:00,2021-05-17 03:37:00+00:00,3171.0,1944.0,0.0,0.9979633401221996,0,False,False,True
2021-05-17,2021-05-17 19:28:00+00:00,2021-05-18 03:36:00+00:00,3654.0,1884.0,0.0,1.0040983606557377,0,False,False,True
2021-05-18,2021-05-18 19:29:00+00:00,2021-05-19 03:34:00+00:00,2664.0,1440.0,0.0,0.9999999999999999,0,False,False,True
2021-05-19,2021-05-19 19:31:00+00:00,2021-05-20 03:33:00+00:00,3233.0,1908.0,0.0,0.9958506224066389,0,False,False,True
2021-05-20,2021-05-20 19:32:00+00:00,2021-05-21 03:32:00+00:00,3335.0,1920.0,0.0,1.0,0,False,False,True
2021-05-21,2021-05-21 19:33:00+00:00,2021-05-22 03:30:00+00:00,3677.0,2016.0,0.25,1.0062893081761006,0,False,False,True
2021-05-22,2021-05-22 19:35:00+00:00,2021-05-23 03:29:00+00:00,3494.0,1920.0,0.0,1.00210970464135,0,False,False,True
2021-05-23,2021-05-23 19:36:00+00:00,2021-05-24 03:28:00+00:00,2456.0,1800.0,0.0,0.9957627118644067,0,False,False,True
2021-05-24,2021-05-24 19:37:00+00:00,2021-05-25 03:27:00+00:00,3006.0,1860.0,0.0,1.0,0,False,False,True
2021-05-25,2021-05-25 19:39:00+00:00,2021-05-26 03:26:00+00:00,2757.0,1776.0,0.0,1.006423982869379,0,False,False,True
2021-05-26,2021-05-26 19:40:00+00:00,2021-05-27 03:25:00+00:00,1641.0,396.0,0.0,1.010752688172043,0,False,False,True
2021-05-27,2021-05-27 19:41:00+00:00,2021-05-28 03:24:00+00:00,2751.0,1944.0,0.0,0.9935205183585313,0,False,False,True
2021-05-28,2021-05-28 19:42:00+00:00,2021-05-29 03:23:00+00:00,3358.0,1548.0,0.0,0.9978308026030368,0,False,False,True
2021-05-29,2021-05-29 19:44:00+00:00,2021-05-30 03:22:00+00:00,4567.0,1668.0,0.0,1.0043668122270741,0,False,False,True
2021-05-30,2021-05-30 19:45:00+00:00,2021-05-31 03:21:00+00:00,4952.0,1608.0,0.0,1.0087719298245614,0,False,False,True
2021-05-31,2021-05-31 19:46:00+00:00,2021-06-01 03:20:00+00:00,3324.0,2052.0,0.25,1.0022026431718063,0,False,False,True
2021-06-01,2021-06-01 19:47:00+00:00,2021-06-02 03:19:00+00:00,2554.0,1896.0,0.0,0.9955752212389379,0,False,False,True
2021-06-02,2021-06-02 19:48:00+00:00,2021-06-03 03:19:00+00:00,5783.0,2520.0,0.25,0.9977827050997783,0,False,False,True
2021-06-03,2021-06-03 19:49:00+00:00,2021-06-04 03:18:00+00:00,2820.0,912.0,0.0,1.0022271714922049,0,False,False,True
2021-06-04,2021-06-04 19:50:00+00:00,2021-06-05 03:17:00+00:00,4547.0,2052.0,0.25,1.006711409395973,0,False,False,True
2021-06-05,2021-06-05 19:51:00+00:00,2021-06-06 03:17:00+00:00,4335.0,2652.0,0.5,0.9977578475336323,0,False,False,True
2021-06-06,2021-06-06 19:52:00+00:00,2021-06-07 03:16:00+00:00,1869.0,360.0,0.0,1.0022522522522521,0,False,False,True
2021-06-07,2021-06-07 19:52:00+00:00,2021-06-08 03:16:00+00:00,3311.0,1560.0,0.0,1.0022522522522521,0,False,False,True
2021-06-08,2021-06-08 19:53:00+00:00,2021-06-09 03:15:00+00:00,2775.0,1536.0,0.0,1.006787330316742,0,False,False,True
2021-06-09,2021-06-09 19:54:00+00:00,2021-06-10 03:15:00+00:00,1648.0,312.0,0.0,1.0090702947845804,0,False,False,True
2021-06-10,2021-06-10 19:55:00+00:00,2021-06-11 03:15:00+00:00,1919.0,1380.0,0.0,1.0113636363636365,0,False,False,True
2021-06-11,2021-06-11 19:55:00+00:00,2021-06-12 03:14:00+00:00,2252.0,1344.0,0.0,1.0022779043280183,0,False,False,True
2021-06-12,2021-06-12 19:56:00+00:00,2021-06-13 03:14:00+00:00,2154.0,1392.0,0.0,0.9931506849315067,0,False,False,True
2021-06-13,2021-06-13 19:57:00+00:00,2021-06-14 03:14:00+00:00,2039.0,1212.0,0.0,0.9954233409610983,0,False,False,True
2021-06-14,2021-06-14 19:57:00+00:00,2021-06-15 03:14:00+00:00,1772.0,360.0,0.0,0.9954233409610983,0,False,False,True
2021-06-15,2021-06-15 19:58:00+00:00,2021-06-16 03:14:00+00:00,2864.0,1716.0,0.0,0.9977064220183486,0,False,False,True
2021-06-16,2021-06-16 19:58:00+00:00,2021-06-17 03:14:00+00:00,4014.0,2388.0,0.5,0.9977064220183486,0,False,False,True
2021-06-17,2021-06-17 19:58:00+00:00,2021-06-18 03:14:00+00:00,4065.0,2520.0,0.25,0.9977064220183486,0,False,False,True
2021-06-18,2021-06-18 19:59:00+00:00,2021-06-19 03:14:00+00:00,4613.0,1404.0,0.0,1.0,0,False,False,True
2021-06-19,2021-06-19 19:59:00+00:00,2021-06-20 03:14:00+00:00,3798.0,1512.0,0.0,1.0,0,False,False,True
2021-06-20,2021-06-20 19:59:00+00:00,2021-06-21 03:14:00+00:00,3617.0,1920.0,0.0,1.0,0,False,False,True
2021-06-21,2021-06-21 19:59:00+00:00,2021-06-22 03:14:00+00:00,2257.0,1308.0,0.0,1.0,0,False,False,True
2021-06-22,2021-06-22 19:59:00+00:00,2021-06-23 03:15:00+00:00,3955.0,1824.0,0.0,1.0091743119266054,0,False,False,True
2021-06-23,2021-06-23 20:00:00+00:00,2021-06-24 03:15:00+00:00,3634.0,1620.0,0.0,1.0114942528735633,0,False,False,True
2021-06-24,2021-06-24 20:00:00+00:00,2021-06-25 03:15:00+00:00,3937.0,2052.0,0.25,1.0114942528735633,0,False,False,True
2021-06-25,2021-06-25 19:59:00+00:00,2021-06-26 03:16:00+00:00,1269.0,216.0,0.0,1.0068649885583523,0,False,False,True
2021-06-26,2021-06-26 19:59:00+00:00,2021-06-27 03:16:00+00:00,1269.0,216.0,0.0,1.0068649885583523,0,False,False,True
2021-06-27,2021-06-27 19:59:00+00:00,2021-06-28 03:17:00+00:00,5438.0,3192.0,1.0,1.004566210045662,0,False,False,True
2021-06-28,2021-06-28 19:59:00+00:00,2021-06-29 03:17:00+00:00,3477.0,1032.0,0.0,1.004566210045662,0,False,False,True
2021-06-29,2021-06-29 19:59:00+00:00,2021-06-30 03:18:00+00:00,3373.0,1452.0,0.0,1.0022779043280183,0,False,False,True
2021-06-30,2021-06-30 19:58:00+00:00,2021-07-01 03:19:00+00:00,3591.0,1932.0,0.0,0.9977324263038548,0,False,False,True
2021-07-01,2021-07-01 19:58:00+00:00,2021-07-02 03:19:00+00:00,3037.0,528.0,0.0,0.9977324263038548,0,False,False,True
2021-07-02,2021-07-02 19:58:00+00:00,2021-07-03 03:20:00+00:00,3873.0,1740.0,0.0,1.006787330316742,0,False,False,True
2021-07-03,2021-07-03 19:57:00+00:00,2021-07-04 03:21:00+00:00,3249.0,1548.0,0.0,1.0022522522522521,0,False,False,True
2021-07-04,2021-07-04 19:57:00+00:00,2021-07-05 03:22:00+00:00,3818.0,1788.0,0.0,0.9999999999999999,0,False,False,True
2021-07-05,2021-07-05 19:56:00+00:00,2021-07-06 03:22:00+00:00,3844.0,1848.0,0.0,0.9977578475336323,0,False,False,True
2021-07-06,2021-07-06 19:56:00+00:00,2021-07-07 03:23:00+00:00,4035.0,2028.0,0.25,0.9955257270693512,0,False,False,True
2021-07-07,2021-07-07 19:55:00+00:00,2021-07-08 03:24:00+00:00,5834.0,1896.0,0.0,1.0022271714922049,0,False,False,True
2021-07-08,2021-07-08 19:54:00+00:00,2021-07-09 03:25:00+00:00,3507.0,1416.0,0.0,1.0088691796008868,0,False,False,True
2021-07-09,2021-07-09 19:53:00+00:00,2021-07-10 03:26:00+00:00,4653.0,1344.0,0.0,1.0044150110375274,0,False,False,True
2021-07-10,2021-07-10 19:53:00+00:00,2021-07-11 03:27:00+00:00,2480.0,1284.0,0.0,1.0022026431718063,0,False,False,True
2021-07-11,2021-07-11 19:52:00+00:00,2021-07-12 03:28:00+00:00,2831.0,1968.0,0.0,0.9978070175438596,0,False,False,True
2021-07-12,2021-07-12 19:51:00+00:00,2021-07-13 03:29:00+00:00,1995.0,840.0,0.0,0.9934497816593886,0,False,False,True
2021-07-13,2021-07-13 19:50:00+00:00,2021-07-14 03:31:00+00:00,3077.0,1380.0,0.0,1.0086767895878526,0,False,False,True
2021-07-14,2021-07-14 19:49:00+00:00,2021-07-15 03:32:00+00:00,4852.0,3036.0,0.5,1.0043196544276456,0,False,False,True
2021-07-15,2021-07-15 19:48:00+00:00,2021-07-16 03:33:00+00:00,4463.0,2616.0,0.25,1.0,0,False,False,True
2021-07-16,2021-07-16 19:47:00+00:00,2021-07-17 03:34:00+00:00,3012.0,1500.0,0.0,0.9957173447537473,0,False,False,True
2021-07-17,2021-07-17 19:46:00+00:00,2021-07-18 03:35:00+00:00,1565.0,252.0,0.0,1.0021321961620469,0,False,False,True
2021-07-18,2021-07-18 19:45:00+00:00,2021-07-19 03:37:00+00:00,1817.0,300.0,0.0,1.0063559322033897,0,False,False,True
2021-07-19,2021-07-19 19:43:00+00:00,2021-07-20 03:38:00+00:00,4186.0,2016.0,0.25,0.9999999999999999,0,False,False,True
2021-07-20,2021-07-20 19:42:00+00:00,2021-07-21 03:39:00+00:00,4120.0,1740.0,0.0,0.9958071278825995,0,False,False,True
2021-07-21,2021-07-21 19:41:00+00:00,2021-07-22 03:41:00+00:00,3411.0,1980.0,0.0,0.8125,0,False,False,False
2021-07-22,2021-07-22 19:39:00+00:00,2021-07-23 03:42:00+00:00,4460.0,1608.0,0.0,1.0041407867494823,0,False,False,True
2021-07-23,2021-07-23 19:38:00+00:00,2021-07-24 03:43:00+00:00,5121.0,1716.0,0.0,0.9999999999999999,0,False,False,True
2021-07-24,2021-07-24 19:37:00+00:00,2021-07-25 03:45:00+00:00,3805.0,984.0,0.0,1.0040983606557377,0,False,False,True
2021-07-25,2021-07-25 19:35:00+00:00,2021-07-26 03:46:00+00:00,3341.0,588.0,0.0,1.0081466395112015,0,False,False,True
2021-07-26,2021-07-26 19:34:00+00:00,2021-07-27 03:48:00+00:00,1457.0,216.0,0.0,1.0020242914979758,0,False,False,True
2021-07-27,2021-07-27 19:32:00+00:00,2021-07-28 03:49:00+00:00,1438.0,228.0,0.0,0.9959758551307847,0,False,False,True
2021-07-28,2021-07-28 19:31:00+00:00,2021-07-29 03:50:00+00:00,1433.0,240.0,0.0,1.0020040080160322,0,False,False,True
2021-07-29,2021-07-29 19:29:00+00:00,2021-07-30 03:52:00+00:00,1429.0,204.0,0.0,1.0039761431411531,0,False,False,True
2021-07-30,2021-07-30 19:28:00+00:00,2021-07-31 03:53:00+00:00,1454.0,216.0,0.0,1.0,0,False,False,True
2021-07-31,2021-07-31 19:26:00+00:00,2021-08-01 03:55:00+00:00,1439.0,216.0,0.0,1.0019646365422397,0,False,False,True
2021-08-01,2021-08-01 19:24:00+00:00,2021-08-02 03:56:00+00:00,1471.0,216.0,0.0,1.005859375,0,False,False,True
2021-08-02,2021-08-02 19:23:00+00:00,2021-08-03 03:58:00+00:00,1475.0,216.0,0.0,0.9999999999999999,0,False,False,True
2021-08-03,2021-08-03 19:21:00+00:00,2021-08-04 03:59:00+00:00,1472.0,216.0,0.0,0.9942084942084942,0,False,False,True
2021-08-04,2021-08-04 19:19:00+00:00,2021-08-05 04:01:00+00:00,1512.0,204.0,0.0,1.0057471264367817,0,False,False,True
2021-08-05,2021-08-05 19:17:00+00:00,2021-08-06 04:02:00+00:00,1512.0,228.0,0.0,1.0,0,False,False,True
2021-08-06,2021-08-06 19:15:00+00:00,2021-08-07 04:04:00+00:00,1515.0,216.0,0.0,1.001890359168242,0,False,False,True
2021-08-07,2021-08-07 19:14:00+00:00,2021-08-08 04:06:00+00:00,1537.0,228.0,0.0,1.0056390977443608,0,False,False,True
2021-08-08,2021-08-08 19:12:00+00:00,2021-08-09 04:07:00+00:00,1547.0,216.0,0.0,1.0,0,False,False,True
2021-08-09,2021-08-09 19:10:00+00:00,2021-08-10 04:09:00+00:00,1589.0,240.0,0.0,1.0018552875695732,0,False,False,True
2021-08-10,2021-08-10 19:08:00+00:00,2021-08-11 04:10:00+00:00,1573.0,216.0,0.0,1.0055350553505535,0,False,False,True
2021-08-11,2021-08-11 19:06:00+00:00,2021-08-12 04:12:00+00:00,6316.0,2400.0,0.5,0.9981684981684982,0,False,False,True
2021-08-12,2021-08-12 19:04:00+00:00,2021-08-13 04:13:00+00:00,7132.0,2400.0,0.75,1.0018214936247722,0,False,False,True
2021-08-13,2021-08-13 19:02:00+00:00,2021-08-14 04:15:00+00:00,4116.0,1224.0,0.0,1.0036166365280288,0,False,False,True
2021-08-14,2021-08-14 19:00:00+00:00,2021-08-15 04:17:00+00:00,4090.0,1800.0,0.0,1.0053859964093357,0,False,False,True
2021-08-15,2021-08-15 18:58:00+00:00,2021-08-16 04:18:00+00:00,4423.0,2160.0,0.25,0.9999999999999999,0,False,False,True
2021-08-16,2021-08-16 18:56:00+00:00,2021-08-17 04:20:00+00:00,2131.0,408.0,0.0,1.00177304964539,0,False,False,True
2021-08-17,2021-08-17 18:54:00+00:00,2021-08-18 04:21:00+00:00,2249.0,432.0,0.0,1.0052910052910053,0,False,False,True
2021-08-18,2021-08-18 18:52:00+00:00,2021-08-19 04:23:00+00:00,3928.0,1776.0,0.0,0.998248686514886,0,False,False,True
2021-08-19,2021-08-19 18:50:00+00:00,2021-08-20 04:25:00+00:00,3008.0,1836.0,0.0,1.008695652173913,0,False,False,True
2021-08-20,2021-08-20 18:48:00+00:00,2021-08-21 04:26:00+00:00,1889.0,288.0,0.0,1.0034602076124568,0,False,False,True
2021-08-21,2021-08-21 18:45:00+00:00,2021-08-22 04:28:00+00:00,2074.0,372.0,0.0,1.0034305317324184,0,False,False,True
2021-08-22,2021-08-22 18:43:00+00:00,2021-08-23 04:29:00+00:00,4598.0,2268.0,0.08333333333333333,0.9982935153583616,0,False,False,True
2021-08-23,2021-08-23 18:41:00+00:00,2021-08-24 04:31:00+00:00,5362.0,2412.0,0.25,0.9999999999999999,0,False,False,True
2021-08-24,2021-08-24 18:39:00+00:00,2021-08-25 04:33:00+00:00,6122.0,2172.0,0.5,1.0016835016835015,0,False,False,True
2021-08-25,2021-08-25 18:37:00+00:00,2021-08-26 04:34:00+00:00,3222.0,504.0,0.0,0.9966499162479062,0,False,False,True
2021-08-26,2021-08-26 18:35:00+00:00,2021-08-27 04:36:00+00:00,4051.0,828.0,0.0,1.006655574043261,0,False,False,True
2021-08-27,2021-08-27 18:32:00+00:00,2021-08-28 04:38:00+00:00,4264.0,1584.0,0.0,0.9983498349834983,0,False,False,True
2021-08-28,2021-08-28 18:30:00+00:00,2021-08-29 04:39:00+00:00,4351.0,1728.0,0.0,1.0016420361247946,0,False,False,True
2021-08-29,2021-08-29 18:28:00+00:00,2021-08-30 04:41:00+00:00,5575.0,984.0,0.0,1.00326264274062,0,False,False,True
2021-08-30,2021-08-30 18:26:00+00:00,2021-08-31 04:42:00+00:00,5713.0,1800.0,0.0,0.9983766233766233,0,False,False,True
2021-08-31,2021-08-31 18:23:00+00:00,2021-09-01 04:44:00+00:00,5136.0,1932.0,0.0,0.998389694041868,0,False,False,True
2021-09-01,2021-09-01 18:21:00+00:00,2021-09-02 04:46:00+00:00,5311.0,1992.0,0.0,1.0,0,False,False,True
2021-09-02,2021-09-02 18:19:00+00:00,2021-09-03 04:47:00+00:00,5367.0,2172.0,0.5,1.003184713375796,0,False,False,True
2021-09-03,2021-09-03 18:17:00+00:00,2021-09-04 04:49:00+00:00,7314.0,2748.0,0.25,0.9968354430379747,0,False,False,True
2021-09-04,2021-09-04 18:14:00+00:00,2021-09-05 04:51:00+00:00,4295.0,1776.0,0.0,1.0047095761381475,0,False,False,True
2021-09-05,2021-09-05 18:12:00+00:00,2021-09-06 04:52:00+00:00,4208.0,660.0,0.0,1.0,0,False,False,True
2021-09-06,2021-09-06 18:10:00+00:00,2021-09-07 04:54:00+00:00,6302.0,2448.0,0.25,1.0015527950310559,0,False,False,True
2021-09-07,2021-09-07 18:07:00+00:00,2021-09-08 04:55:00+00:00,5820.0,3984.0,0.16666666666666666,1.0030864197530862,0,False,False,True
2021-09-08,2021-09-08 18:05:00+00:00,2021-09-09 04:57:00+00:00,6707.0,1968.0,0.0,1.004601226993865,0,False,False,True
2021-09-09,2021-09-09 18:03:00+00:00,2021-09-10 04:59:00+00:00,4949.0,852.0,0.0,0.9984756097560974,0,False,False,True
2021-09-10,2021-09-10 18:00:00+00:00,2021-09-11 05:00:00+00:00,7760.0,2028.0,0.25,1.0075757575757576,0,False,False,True
2021-09-11,2021-09-11 17:58:00+00:00,2021-09-12 05:02:00+00:00,6268.0,1932.0,0.0,1.0015060240963856,0,False,False,True
2021-09-12,2021-09-12 17:56:00+00:00,2021-09-13 05:04:00+00:00,6195.0,2196.0,0.25,0.9955089820359282,0,False,False,True
2021-09-13,2021-09-13 17:53:00+00:00,2021-09-14 05:05:00+00:00,5994.0,1644.0,0.0,1.0044642857142856,0,False,False,True
2021-09-14,2021-09-14 17:51:00+00:00,2021-09-15 05:07:00+00:00,5798.0,2076.0,0.25,0.9985207100591714,0,False,False,True
2021-09-15,2021-09-15 17:49:00+00:00,2021-09-16 05:09:00+00:00,5737.0,2040.0,0.25,0.9999999999999998,0,False,False,True
2021-09-16,2021-09-16 17:46:00+00:00,2021-09-17 05:10:00+00:00,7267.0,2364.0,0.25,1.0014619883040934,0,False,False,True
2021-09-17,2021-09-17 17:44:00+00:00,2021-09-18 05:12:00+00:00,9108.0,4056.0,1.0,1.0029069767441858,0,False,False,True
2021-09-18,2021-09-18 17:42:00+00:00,2021-09-19 05:13:00+00:00,6355.0,1224.0,0.0,0.9985528219971055,0,False,False,True
2021-09-19,2021-09-19 17:39:00+00:00,2021-09-20 05:15:00+00:00,6201.0,1728.0,0.0,1.0057471264367814,0,False,False,True
2021-09-20,2021-09-20 17:37:00+00:00,2021-09-21 05:17:00+00:00,5820.0,1968.0,0.0,1.0,0,False,False,True
2021-09-21,2021-09-21 17:34:00+00:00,2021-09-22 05:18:00+00:00,6461.0,1704.0,0.0,1.0014204545454544,0,False,False,True
2021-09-22,2021-09-22 17:32:00+00:00,2021-09-23 05:20:00+00:00,5674.0,1728.0,0.0,1.002824858757062,0,False,False,True
2021-09-23,2021-09-23 17:30:00+00:00,2021-09-24 05:22:00+00:00,6982.0,3744.0,0.5,1.0042134831460674,0,False,False,True
2021-09-24,2021-09-24 17:27:00+00:00,2021-09-25 05:23:00+00:00,8514.0,2148.0,0.25,0.9986033519553071,0,False,False,True
2021-09-25,2021-09-25 17:25:00+00:00,2021-09-26 05:25:00+00:00,6251.0,3672.0,0.5,1.0069444444444444,0,False,False,True
2021-09-26,2021-09-26 17:23:00+00:00,2021-09-27 05:27:00+00:00,5449.0,2148.0,0.25,1.0013812154696131,0,False,False,True
2021-09-27,2021-09-27 17:20:00+00:00,2021-09-28 05:28:00+00:00,6086.0,2184.0,0.25,1.0027472527472527,0,False,False,True
2021-09-28,2021-09-28 17:18:00+00:00,2021-09-29 05:30:00+00:00,7021.0,1728.0,0.0,1.0040983606557377,0,False,False,True
2021-09-29,2021-09-29 17:16:00+00:00,2021-09-30 05:32:00+00:00,7987.0,2556.0,0.75,0.9986413043478259,0,False,False,True
2021-09-30,2021-09-30 17:13:00+00:00,2021-10-01 05:34:00+00:00,6898.0,2304.0,0.25,0.9986504723346827,0,False,False,True
2021-10-01,2021-10-01 17:11:00+00:00,2021-10-02 05:35:00+00:00,6214.0,2004.0,0.25,1.0013440860215053,0,False,False,True
2021-10-02,2021-10-02 17:09:00+00:00,2021-10-03 05:37:00+00:00,4756.0,600.0,0.0,1.0026737967914436,0,False,False,True
2021-10-03,2021-10-03 17:06:00+00:00,2021-10-04 05:39:00+00:00,7197.0,1632.0,0.0,0.99601593625498,0,False,False,True
2021-10-04,2021-10-04 17:04:00+00:00,2021-10-05 05:40:00+00:00,9922.0,2460.0,0.25,1.0052910052910051,0,False,False,True
2021-10-05,2021-10-05 17:02:00+00:00,2021-10-06 05:42:00+00:00,7090.0,1596.0,0.0,1.0,0,False,False,True
2021-10-06,2021-10-06 16:59:00+00:00,2021-10-07 05:44:00+00:00,5866.0,1812.0,0.0,1.0,0,False,False,True
2021-10-07,2021-10-07 16:57:00+00:00,2021-10-08 05:46:00+00:00,6603.0,1956.0,0.0,1.001300390117035,0,False,False,True
2021-10-08,2021-10-08 16:55:00+00:00,2021-10-09 05:47:00+00:00,4888.0,2532.0,0.25,1.0038860103626943,0,False,False,True
2021-10-09,2021-10-09 16:52:00+00:00,2021-10-10 05:49:00+00:00,6114.0,2196.0,0.25,0.9974259974259974,0,False,False,True
2021-10-10,2021-10-10 16:50:00+00:00,2021-10-11 05:51:00+00:00,8368.0,2472.0,0.25,1.0051216389244557,0,False,False,True
2021-10-11,2021-10-11 16:48:00+00:00,2021-10-12 05:53:00+00:00,4678.0,1704.0,0.0,0.9999999999999998,0,False,False,True
2021-10-12,2021-10-12 16:46:00+00:00,2021-10-13 05:54:00+00:00,7812.0,1920.0,0.0,0.9961928934010152,0,False,False,True
2021-10-13,2021-10-13 16:43:00+00:00,2021-10-14 05:56:00+00:00,5997.0,2460.0,0.25,1.0025220680958384,0,False,False,True
2021-10-14,2021-10-14 16:41:00+00:00,2021-10-15 05:58:00+00:00,6655.0,1440.0,0.0,0.9974905897114178,0,False,False,True
2021-10-15,2021-10-15 16:39:00+00:00,2021-10-16 06:00:00+00:00,8468.0,3228.0,0.41666666666666663,1.0049937578027464,0,False,False,True
2021-10-16,2021-10-16 16:37:00+00:00,2021-10-17 06:02:00+00:00,5525.0,720.0,0.0,1.0,0,False,False,True
2021-10-17,2021-10-17 16:34:00+00:00,2021-10-18 06:03:00+00:00,5294.0,1668.0,0.0,1.0012360939431395,0,False,False,True
2021-10-18,2021-10-18 16:32:00+00:00,2021-10-19 06:05:00+00:00,5717.0,3000.0,0.25,1.002460024600246,0,False,False,True
2021-10-19,2021-10-19 16:30:00+00:00,2021-10-20 06:07:00+00:00,5528.0,1644.0,0.0,1.003671970624235,0,False,False,True
2021-10-20,2021-10-20 16:28:00+00:00,2021-10-21 06:09:00+00:00,7870.0,2364.0,0.75,0.9987819732034103,0,False,False,True
2021-10-21,2021-10-21 16:26:00+00:00,2021-10-22 06:11:00+00:00,6002.0,2928.0,0.25,1.0,0,False,False,True
2021-10-22,2021-10-22 16:24:00+00:00,2021-10-23 06:12:00+00:00,5864.0,708.0,0.0,1.0024154589371979,0,False,False,True
2021-10-23,2021-10-23 16:22:00+00:00,2021-10-24 06:14:00+00:00,9741.0,4284.0,1.0,0.9975961538461539,0,False,False,True
2021-10-24,2021-10-24 16:20:00+00:00,2021-10-25 06:16:00+00:00,9298.0,2544.0,0.5,1.0047846889952152,0,False,False,True
2021-10-25,2021-10-25 16:18:00+00:00,2021-10-26 06:18:00+00:00,8492.0,3048.0,0.5,1.0,0,False,False,True
2021-10-26,2021-10-26 16:15:00+00:00,2021-10-27 06:20:00+00:00,13773.0,2472.0,0.75,1.0059171597633134,0,False,False,True
2021-10-27,2021-10-27 16:13:00+00:00,2021-10-28 06:22:00+00:00,7459.0,1956.0,0.0,1.0011778563015312,0,False,False,True
2021-10-28,2021-10-28 16:11:00+00:00,2021-10-29 06:23:00+00:00,8092.0,2508.0,0.5,0.9976525821596244,0,False,False,True
2021-10-29,2021-10-29 16:10:00+00:00,2021-10-30 06:25:00+00:00,5846.0,1272.0,0.0,1.0058479532163742,0,False,False,True
2021-10-30,2021-10-30 16:08:00+00:00,2021-10-31 06:27:00+00:00,7194.0,3168.0,0.25,0.9313154831199069,0,True,False,False
2021-10-31,2021-10-31 16:06:00+00:00,2021-11-01 06:29:00+00:00,7120.0,2172.0,0.25,0.9965237543453072,0,False,False,True
2021-11-01,2021-11-01 16:04:00+00:00,2021-11-02 06:31:00+00:00,8412.0,2328.0,0.75,1.0034602076124568,0,False,False,True
2021-11-02,2021-11-02 16:02:00+00:00,2021-11-03 06:33:00+00:00,8666.0,2124.0,0.25,0.9988518943742823,0,False,False,True
2021-11-03,2021-11-03 16:00:00+00:00,2021-11-04 06:35:00+00:00,7831.0,2664.0,0.25,1.0057142857142856,0,False,False,True
2021-11-04,2021-11-04 15:58:00+00:00,2021-11-05 06:36:00+00:00,8935.0,2280.0,0.25,1.0022779043280183,0,False,False,True
2021-11-05,2021-11-05 15:56:00+00:00,2021-11-06 06:38:00+00:00,8891.0,2436.0,0.5,0.9977324263038548,0,False,False,True
2021-11-06,2021-11-06 15:55:00+00:00,2021-11-07 06:40:00+00:00,7955.0,1488.0,0.0,1.0056497175141244,0,False,False,True
2021-11-07,2021-11-07 15:53:00+00:00,2021-11-08 06:42:00+00:00,9106.0,1944.0,0.0,1.001124859392576,0,False,False,True
2021-11-08,2021-11-08 15:51:00+00:00,2021-11-09 06:44:00+00:00,9188.0,3780.0,1.0,0.9966405375139978,0,False,False,True
2021-11-09,2021-11-09 15:50:00+00:00,2021-11-10 06:46:00+00:00,9067.0,2388.0,0.25,1.0044642857142856,0,False,False,True
2021-11-10,2021-11-10 15:48:00+00:00,2021-11-11 06:47:00+00:00,10349.0,3660.0,0.5,1.0011123470522802,0,False,False,True
2021-11-11,2021-11-11 15:46:00+00:00,2021-11-12 06:49:00+00:00,10054.0,2160.0,0.25,0.9966777408637872,0,False,False,True
2021-11-12,2021-11-12 15:45:00+00:00,2021-11-13 06:51:00+00:00,11978.0,2196.0,0.25,1.0044150110375274,0,False,False,True
2021-11-13,2021-11-13 15:43:00+00:00,2021-11-14 06:53:00+00:00,12224.0,4572.0,1.5833333333333333,1.0,0,False,False,True
2021-11-14,2021-11-14 15:42:00+00:00,2021-11-15 06:55:00+00:00,12783.0,3084.0,1.3333333333333333,1.0021905805038334,0,False,False,True
2021-11-15,2021-11-15 15:40:00+00:00,2021-11-16 06:56:00+00:00,10091.0,3108.0,1.0,1.0043668122270741,0,False,False,True
2021-11-16,2021-11-16 15:39:00+00:00,2021-11-17 06:58:00+00:00,8385.0,2244.0,0.25,1.001088139281828,0,False,False,True
2021-11-17,2021-11-17 15:37:00+00:00,2021-11-18 07:00:00+00:00,13903.0,2868.0,1.0,1.0021668472372698,0,False,False,True
2021-11-18,2021-11-18 15:36:00+00:00,2021-11-19 07:02:00+00:00,7650.0,2064.0,0.25,0.9989200863930885,0,False,False,True
2021-11-19,2021-11-19 15:35:00+00:00,2021-11-20 07:03:00+00:00,8151.0,2796.0,0.5,1.002155172413793,0,False,False,True
2021-11-20,2021-11-20 15:34:00+00:00,2021-11-21 07:05:00+00:00,9282.0,2544.0,0.25,1.0042964554242748,0,False,False,True
2021-11-21,2021-11-21 15:32:00+00:00,2021-11-22 07:07:00+00:00,7294.0,1728.0,0.0,0.9999999999999999,0,False,False,True
2021-11-22,2021-11-22 15:31:00+00:00,2021-11-23 07:09:00+00:00,8379.0,5112.0,0.75,0.9968017057569296,0,False,False,True
2021-11-23,2021-11-23 15:30:00+00:00,2021-11-24 07:10:00+00:00,8105.0,2472.0,0.5,1.0053191489361701,0,False,False,True
2021-11-24,2021-11-24 15:29:00+00:00,2021-11-25 07:12:00+00:00,8079.0,2304.0,0.5,1.002120890774125,0,False,False,True
2021-11-25,2021-11-25 15:28:00+00:00,2021-11-26 07:13:00+00:00,7708.0,2172.0,0.25,1.0,0,False,False,True
2021-11-26,2021-11-26 15:27:00+00:00,2021-11-27 07:15:00+00:00,9855.0,3912.0,1.0,1.00210970464135,0,False,False,True
2021-11-27,2021-11-27 15:26:00+00:00,2021-11-28 07:17:00+00:00,12915.0,4512.0,1.75,0.9989484752891692,0,False,False,True
2021-11-28,2021-11-28 15:25:00+00:00,2021-11-29 07:18:00+00:00,13807.0,3060.0,1.5,1.0020986358866737,0,False,False,True
2021-11-29,2021-11-29 15:24:00+00:00,2021-11-30 07:20:00+00:00,14942.0,4884.0,2.1666666666666665,1.00418410041841,0,False,True,True
2021-11-30,2021-11-30 15:24:00+00:00,2021-12-01 07:21:00+00:00,8533.0,2904.0,0.25,1.0031347962382444,0,False,False,True
2021-12-01,2021-12-01 15:23:00+00:00,2021-12-02 07:22:00+00:00,10266.0,2688.0,0.75,1.0010427528675703,0,False,False,True
2021-12-02,2021-12-02 15:22:00+00:00,2021-12-03 07:24:00+00:00,10066.0,2220.0,0.25,0.9979209979209978,0,False,False,True
2021-12-03,2021-12-03 15:22:00+00:00,2021-12-04 07:25:00+00:00,8723.0,2088.0,0.75,1.0020768431983385,0,False,False,True
2021-12-04,2021-12-04 15:21:00+00:00,2021-12-05 07:27:00+00:00,9275.0,2268.0,0.5,0.9989648033126293,0,False,False,True
2021-12-05,2021-12-05 15:21:00+00:00,2021-12-06 07:28:00+00:00,14891.0,3300.0,1.75,0.9979317476732161,0,False,False,True
2021-12-06,2021-12-06 15:20:00+00:00,2021-12-07 07:29:00+00:00,8175.0,2580.0,0.25,1.0010319917440662,0,False,False,True
2021-12-07,2021-12-07 15:20:00+00:00,2021-12-08 07:30:00+00:00,9778.0,2220.0,0.25,1.0051546391752575,0,False,False,True
2021-12-08,2021-12-08 15:20:00+00:00,2021-12-09 07:31:00+00:00,12592.0,2532.0,1.25,1.004119464469619,0,False,False,True
2021-12-09,2021-12-09 15:19:00+00:00,2021-12-10 07:33:00+00:00,8961.0,2616.0,1.0,1.0010266940451744,0,False,False,True
2021-12-10,2021-12-10 15:19:00+00:00,2021-12-11 07:34:00+00:00,6548.0,1908.0,0.0,1.0,0,False,False,True
2021-12-11,2021-12-11 15:19:00+00:00,2021-12-12 07:35:00+00:00,8119.0,1944.0,0.0,1.0040983606557377,0,False,False,True
2021-12-12,2021-12-12 15:19:00+00:00,2021-12-13 07:36:00+00:00,9409.0,4668.0,1.0,1.0030706243602865,0,False,False,True
2021-12-13,2021-12-13 15:19:00+00:00,2021-12-14 07:36:00+00:00,11794.0,3312.0,1.25,1.0030706243602865,0,False,False,True
2021-12-14,2021-12-14 15:19:00+00:00,2021-12-15 07:37:00+00:00,12484.0,3528.0,1.0,1.002044989775051,0,False,False,True
2021-12-15,2021-12-15 15:19:00+00:00,2021-12-16 07:38:00+00:00,10886.0,3024.0,0.75,1.0010214504596526,0,False,False,True
2021-12-16,2021-12-16 15:19:00+00:00,2021-12-17 07:39:00+00:00,12125.0,3120.0,0.6666666666666666,1.0,0,False,False,True
2021-12-17,2021-12-17 15:20:00+00:00,2021-12-18 07:40:00+00:00,9285.0,2088.0,0.25,1.0051020408163265,0,False,False,True
2021-12-18,2021-12-18 15:20:00+00:00,2021-12-19 07:40:00+00:00,9312.0,2172.0,0.5,1.0051020408163265,0,False,False,True
2021-12-19,2021-12-19 15:20:00+00:00,2021-12-20 07:41:00+00:00,16513.0,4848.0,2.5,1.0040774719673802,0,False,True,True
2021-12-20,2021-12-20 15:21:00+00:00,2021-12-21 07:41:00+00:00,10474.0,2376.0,0.75,1.0,0,False,False,True
2021-12-21,2021-12-21 15:21:00+00:00,2021-12-22 07:42:00+00:00,13116.0,4440.0,1.25,0.9989806320081549,0,False,False,True
2021-12-22,2021-12-22 15:22:00+00:00,2021-12-23 07:42:00+00:00,7923.0,2880.0,0.25,1.0,0,False,False,True
2021-12-23,2021-12-23 15:22:00+00:00,2021-12-24 07:43:00+00:00,8407.0,2376.0,0.5,0.9989806320081549,0,False,False,True
2021-12-24,2021-12-24 15:23:00+00:00,2021-12-25 07:43:00+00:00,12302.0,3276.0,1.75,1.0,0,False,False,True
2021-12-25,2021-12-25 15:24:00+00:00,2021-12-26 07:43:00+00:00,15041.0,5124.0,2.25,1.0010214504596526,0,False,True,True
2021-12-26,2021-12-26 15:24:00+00:00,2021-12-27 07:43:00+00:00,11141.0,2496.0,0.5,1.0010214504596526,0,False,False,True
2021-12-27,2021-12-27 15:25:00+00:00,2021-12-28 07:43:00+00:00,11680.0,3648.0,0.8333333333333333,1.002044989775051,0,False,False,True
2021-12-28,2021-12-28 15:26:00+00:00,2021-12-29 07:44:00+00:00,8883.0,2580.0,0.5,0.9969325153374232,0,False,False,True
2021-12-29,2021-12-29 15:27:00+00:00,2021-12-30 07:44:00+00:00,13802.0,3168.0,1.5,0.997952917093142,0,False,False,True
2021-12-30,2021-12-30 15:28:00+00:00,2021-12-31 07:44:00+00:00,3003.0,252.0,0.0,0.9989754098360656,0,False,False,True
2021-12-31,2021-12-31 15:29:00+00:00,2022-01-01 07:43:00+00:00,2947.0,252.0,0.0,1.0010266940451744,0,False,False,True
2022-01-01,2022-01-01 15:30:00+00:00,2022-01-02 07:43:00+00:00,2970.0,228.0,0.0,1.0020554984583763,0,False,False,True
2022-01-02,2022-01-02 15:31:00+00:00,2022-01-03 07:43:00+00:00,2894.0,228.0,0.0,0.9979423868312757,0,False,False,True
2022-01-03,2022-01-03 15:33:00+00:00,2022-01-04 07:43:00+00:00,2912.0,240.0,0.0,0.9999999999999999,0,False,False,True
2022-01-04,2022-01-04 15:34:00+00:00,2022-01-05 07:42:00+00:00,2877.0,240.0,0.0,1.0020661157024793,0,False,False,True
2022-01-05,2022-01-05 15:35:00+00:00,2022-01-06 07:42:00+00:00,2856.0,228.0,0.0,1.0031023784901758,0,False,False,True
2022-01-06,2022-01-06 15:36:00+00:00,2022-01-07 07:42:00+00:00,10617.0,2676.0,0.25,0.9989648033126293,0,False,False,True
2022-01-07,2022-01-07 15:38:00+00:00,2022-01-08 07:41:00+00:00,13501.0,4248.0,1.5,1.0020768431983385,0,False,False,True
2022-01-08,2022-01-08 15:39:00+00:00,2022-01-09 07:40:00+00:00,10756.0,3912.0,0.5,1.004162330905307,0,False,False,True
2022-01-09,2022-01-09 15:41:00+00:00,2022-01-10 07:40:00+00:00,9730.0,2856.0,0.5,1.0010427528675703,0,False,False,True
2022-01-10,2022-01-10 15:42:00+00:00,2022-01-11 07:39:00+00:00,11080.0,3144.0,0.75,0.9979101358411703,0,False,False,True
2022-01-11,2022-01-11 15:44:00+00:00,2022-01-12 07:38:00+00:00,10133.0,2232.0,0.5,1.00104821802935,0,False,False,True
2022-01-12,2022-01-12 15:45:00+00:00,2022-01-13 07:38:00+00:00,10789.0,2256.0,1.25,1.0020986358866737,0,False,False,True
2022-01-13,2022-01-13 15:47:00+00:00,2022-01-14 07:37:00+00:00,10361.0,3216.0,0.5,0.9999999999999999,0,False,False,True
2022-01-14,2022-01-14 15:48:00+00:00,2022-01-15 07:36:00+00:00,9082.0,2100.0,0.5,1.00210970464135,0,False,False,True
2022-01-15,2022-01-15 15:50:00+00:00,2022-01-16 07:35:00+00:00,12630.0,6168.0,1.25,1.0052910052910053,0,False,False,True
2022-01-16,2022-01-16 15:52:00+00:00,2022-01-17 07:34:00+00:00,9811.0,2568.0,0.5,0.9978768577494692,0,False,False,True
2022-01-17,2022-01-17 15:53:00+00:00,2022-01-18 07:33:00+00:00,10522.0,2160.0,0.25,1.0,0,False,False,True
2022-01-18,2022-01-18 15:55:00+00:00,2022-01-19 07:32:00+00:00,8587.0,2856.0,0.25,1.0032017075773745,0,False,False,True
2022-01-19,2022-01-19 15:57:00+00:00,2022-01-20 07:31:00+00:00,10259.0,2580.0,0.5,1.0010706638115632,0,False,False,True
2022-01-20,2022-01-20 15:59:00+00:00,2022-01-21 07:30:00+00:00,11181.0,4896.0,1.25,1.0042964554242748,0,False,False,True
2022-01-21,2022-01-21 16:00:00+00:00,2022-01-22 07:28:00+00:00,7071.0,1896.0,0.0,1.002155172413793,0,False,False,True
2022-01-22,2022-01-22 16:02:00+00:00,2022-01-23 07:27:00+00:00,8315.0,1920.0,0.0,1.0,0,False,False,True
2022-01-23,2022-01-23 16:04:00+00:00,2022-01-24 07:26:00+00:00,12153.0,3552.0,1.9166666666666665,1.0032537960954446,0,False,False,True
2022-01-24,2022-01-24 16:06:00+00:00,2022-01-25 07:24:00+00:00,13894.0,3312.0,2.25,0.9967320261437908,0,False,True,True
2022-01-25,2022-01-25 16:08:00+00:00,2022-01-26 07:23:00+00:00,12396.0,5112.0,1.75,1.0,0,False,False,True
2022-01-26,2022-01-26 16:10:00+00:00,2022-01-27 07:22:00+00:00,7165.0,2040.0,0.25,1.0032894736842104,0,False,False,True
2022-01-27,2022-01-27 16:12:00+00:00,2022-01-28 07:20:00+00:00,7670.0,2244.0,0.5,1.0022026431718063,0,False,False,True
2022-01-28,2022-01-28 16:13:00+00:00,2022-01-29 07:19:00+00:00,6452.0,1680.0,0.0,0.998896247240618,0,False,False,True
2022-01-29,2022-01-29 16:15:00+00:00,2022-01-30 07:17:00+00:00,10493.0,1968.0,0.0,1.0033259423503325,0,False,False,True
2022-01-30,2022-01-30 16:17:00+00:00,2022-01-31 07:16:00+00:00,8703.0,2760.0,0.9166666666666666,1.0011123470522802,0,False,False,True
2022-01-31,2022-01-31 16:19:00+00:00,2022-02-01 07:14:00+00:00,6086.0,1752.0,0.0,1.0,0,False,False,True
2022-02-01,2022-02-01 16:21:00+00:00,2022-02-02 07:12:00+00:00,6363.0,2256.0,0.25,0.9988776655443321,0,False,False,True
2022-02-02,2022-02-02 16:23:00+00:00,2022-02-03 07:11:00+00:00,5637.0,1872.0,0.0,1.0022522522522521,0,False,False,True
2022-02-03,2022-02-03 16:25:00+00:00,2022-02-04 07:09:00+00:00,9184.0,1896.0,0.0,1.001131221719457,0,False,False,True
2022-02-04,2022-02-04 16:27:00+00:00,2022-02-05 07:07:00+00:00,5807.0,2028.0,0.25,1.0,0,False,False,True
2022-02-05,2022-02-05 16:29:00+00:00,2022-02-06 07:05:00+00:00,4588.0,456.0,0.0,1.004566210045662,0,False,False,True
2022-02-06,2022-02-06 16:31:00+00:00,2022-02-07 07:04:00+00:00,8906.0,3012.0,0.75,0.9965635738831614,0,False,False,True
2022-02-07,2022-02-07 16:33:00+00:00,2022-02-08 07:02:00+00:00,5224.0,2124.0,0.25,1.001150747986191,0,False,False,True
2022-02-08,2022-02-08 16:35:00+00:00,2022-02-09 07:00:00+00:00,6927.0,3264.0,0.25,1.0057803468208093,0,False,False,True
2022-02-09,2022-02-09 16:37:00+00:00,2022-02-10 06:58:00+00:00,5218.0,1752.0,0.0,0.9988385598141695,0,False,False,True
2022-02-10,2022-02-10 16:39:00+00:00,2022-02-11 06:56:00+00:00,6177.0,2160.0,0.25,1.0035005834305717,0,False,False,True
2022-02-11,2022-02-11 16:41:00+00:00,2022-02-12 06:54:00+00:00,7013.0,2208.0,0.25,0.9964830011723328,0,False,False,True
2022-02-12,2022-02-12 16:42:00+00:00,2022-02-13 06:52:00+00:00,10651.0,4836.0,1.75,1.0,0,False,False,True
2022-02-13,2022-02-13 16:44:00+00:00,2022-02-14 06:50:00+00:00,6078.0,1896.0,0.0,1.0047281323877069,0,False,False,True
2022-02-14,2022-02-14 16:46:00+00:00,2022-02-15 06:48:00+00:00,6061.0,2784.0,0.25,0.997624703087886,0,False,False,True
2022-02-15,2022-02-15 16:48:00+00:00,2022-02-16 06:46:00+00:00,6293.0,2664.0,0.25,1.0023866348448687,0,False,False,True
2022-02-16,2022-02-16 16:50:00+00:00,2022-02-17 06:44:00+00:00,4876.0,1860.0,0.0,1.001199040767386,0,False,False,True
2022-02-17,2022-02-17 16:52:00+00:00,2022-02-18 06:42:00+00:00,8968.0,2256.0,0.9166666666666666,0.9999999999999998,0,False,False,True
2022-02-18,2022-02-18 16:54:00+00:00,2022-02-19 06:40:00+00:00,12151.0,3036.0,1.0,1.0048426150121064,0,False,False,True
2022-02-19,2022-02-19 16:56:00+00:00,2022-02-20 06:38:00+00:00,9628.0,4668.0,1.0,0.9975669099756691,0,False,False,True
2022-02-20,2022-02-20 16:58:00+00:00,2022-02-21 06:36:00+00:00,12474.0,4332.0,2.0,1.0024449877750612,0,False,True,True
2022-02-21,2022-02-21 17:00:00+00:00,2022-02-22 06:34:00+00:00,5791.0,2784.0,0.41666666666666663,1.0012285012285012,0,False,False,True
2022-02-22,2022-02-22 17:02:00+00:00,2022-02-23 06:32:00+00:00,7928.0,4056.0,1.0,1.0,0,False,False,True
2022-02-23,2022-02-23 17:04:00+00:00,2022-02-24 06:30:00+00:00,5752.0,2964.0,0.25,1.0049627791563274,0,False,False,True
2022-02-24,2022-02-24 17:06:00+00:00,2022-02-25 06:28:00+00:00,5874.0,1716.0,0.0,0.997506234413965,0,False,False,True
2022-02-25,2022-02-25 17:07:00+00:00,2022-02-26 06:25:00+00:00,9630.0,2520.0,0.75,1.0025062656641603,0,False,False,True
2022-02-26,2022-02-26 17:09:00+00:00,2022-02-27 06:23:00+00:00,9456.0,5568.0,0.6666666666666666,1.0012594458438286,0,False,False,True
2022-02-27,2022-02-27 17:11:00+00:00,2022-02-28 06:21:00+00:00,7606.0,2916.0,0.25,1.0,0,False,False,True
2022-02-28,2022-02-28 17:13:00+00:00,2022-03-01 06:19:00+00:00,4417.0,2124.0,0.25,0.9987277353689566,0,False,False,True
2022-03-01,2022-03-01 17:15:00+00:00,2022-03-02 06:17:00+00:00,4139.0,1548.0,0.0,1.0038363171355498,0,False,False,True
2022-03-02,2022-03-02 17:17:00+00:00,2022-03-03 06:14:00+00:00,5724.0,2232.0,0.25,0.9974259974259974,0,False,False,True
2022-03-03,2022-03-03 17:19:00+00:00,2022-03-04 06:12:00+00:00,4842.0,3396.0,0.5,1.0025873221216042,0,False,False,True
2022-03-04,2022-03-04 17:21:00+00:00,2022-03-05 06:10:00+00:00,6027.0,1884.0,0.0,1.001300390117035,0,False,False,True
2022-03-05,2022-03-05 17:22:00+00:00,2022-03-06 06:08:00+00:00,7352.0,3480.0,0.5,0.9986945169712793,0,False,False,True
2022-03-06,2022-03-06 17:24:00+00:00,2022-03-07 06:05:00+00:00,5945.0,2016.0,0.25,1.005256241787122,0,False,False,True
2022-03-07,2022-03-07 17:26:00+00:00,2022-03-08 06:03:00+00:00,7641.0,4200.0,0.75,0.9973579920739761,0,False,False,True
2022-03-08,2022-03-08 17:28:00+00:00,2022-03-09 06:01:00+00:00,5617.0,2712.0,0.25,1.0026560424966797,0,False,False,True
2022-03-09,2022-03-09 17:30:00+00:00,2022-03-10 05:59:00+00:00,7571.0,2460.0,0.25,1.0013351134846462,0,False,False,True
2022-03-10,2022-03-10 17:32:00+00:00,2022-03-11 05:56:00+00:00,5626.0,1728.0,0.0,1.0013440860215053,0,False,False,True
2022-03-11,2022-03-11 17:33:00+00:00,2022-03-12 05:54:00+00:00,7246.0,2712.0,0.5,0.9986504723346827,0,False,False,True
2022-03-12,2022-03-12 17:35:00+00:00,2022-03-13 05:52:00+00:00,5107.0,1272.0,0.0,1.0040705563093621,0,False,False,True
2022-03-13,2022-03-13 17:37:00+00:00,2022-03-14 05:49:00+00:00,5823.0,1800.0,0.0,0.9972677595628415,0,False,False,True
2022-03-14,2022-03-14 17:39:00+00:00,2022-03-15 05:47:00+00:00,4464.0,1824.0,0.0,1.0027472527472527,0,False,False,True
2022-03-15,2022-03-15 17:41:00+00:00,2022-03-16 05:45:00+00:00,6475.0,3696.0,0.3333333333333333,1.0013812154696131,0,False,False,True
2022-03-16,2022-03-16 17:42:00+00:00,2022-03-17 05:42:00+00:00,4755.0,1980.0,0.0,1.0,0,False,False,True
2022-03-17,2022-03-17 17:44:00+00:00,2022-03-18 05:40:00+00:00,5951.0,2868.0,0.08333333333333333,1.0055865921787708,0,False,False,True
2022-03-18,2022-03-18 17:46:00+00:00,2022-03-19 05:38:00+00:00,5969.0,2172.0,0.25,0.997191011235955,0,False,False,True
2022-03-19,2022-03-19 17:48:00+00:00,2022-03-20 05:35:00+00:00,4416.0,1860.0,0.0,1.0042432814710043,0,False,False,True
2022-03-20,2022-03-20 17:49:00+00:00,2022-03-21 05:33:00+00:00,5555.0,1788.0,0.0,1.0014204545454544,0,False,False,True
2022-03-21,2022-03-21 17:51:00+00:00,2022-03-22 05:31:00+00:00,11423.0,3240.0,1.9166666666666665,1.0,0,False,False,True
2022-03-22,2022-03-22 17:53:00+00:00,2022-03-23 05:29:00+00:00,7240.0,3372.0,0.75,0.9985632183908045,0,False,False,True
2022-03-23,2022-03-23 17:55:00+00:00,2022-03-24 05:26:00+00:00,4556.0,1932.0,0.0,1.0057887120115774,0,False,False,True
2022-03-24,2022-03-24 17:57:00+00:00,2022-03-25 05:24:00+00:00,4157.0,1716.0,0.0,0.9970887918486171,0,False,False,True
2022-03-25,2022-03-25 17:58:00+00:00,2022-03-26 05:22:00+00:00,7259.0,2520.0,0.5833333333333333,1.0014619883040934,0,False,False,True
2022-03-26,2022-03-26 18:00:00+00:00,2022-03-27 05:19:00+00:00,5493.0,2136.0,0.25,1.0014727540500736,0,False,False,True
2022-03-27,2022-03-27 18:02:00+00:00,2022-03-28 05:17:00+00:00,4149.0,1176.0,0.0,1.0,0,False,False,True
2022-03-28,2022-03-28 18:04:00+00:00,2022-03-29 05:15:00+00:00,6809.0,2232.0,0.5,1.005961251862891,0,False,False,True
2022-03-29,2022-03-29 18:05:00+00:00,2022-03-30 05:12:00+00:00,5898.0,2580.0,0.25,1.0044977511244377,0,False,False,True
2022-03-30,2022-03-30 18:07:00+00:00,2022-03-31 05:10:00+00:00,4385.0,1812.0,0.0,1.0030165912518851,0,False,False,True
2022-03-31,2022-03-31 18:09:00+00:00,2022-04-01 05:08:00+00:00,3871.0,1800.0,0.0,1.0015174506828528,0,False,False,True
2022-04-01,2022-04-01 18:11:00+00:00,2022-04-02 05:05:00+00:00,3741.0,1608.0,0.0,1.0015290519877675,0,False,False,True
2022-04-02,2022-04-02 18:12:00+00:00,2022-04-03 05:03:00+00:00,4420.0,1944.0,0.0,0.998463901689708,0,False,False,True
2022-04-03,2022-04-03 18:14:00+00:00,2022-04-04 05:01:00+00:00,8988.0,4560.0,1.5,1.0046367851622875,0,False,False,True
2022-04-04,2022-04-04 18:16:00+00:00,2022-04-05 04:59:00+00:00,8577.0,4512.0,1.0,0.9953343701399687,0,False,False,True
2022-04-05,2022-04-05 18:17:00+00:00,2022-04-06 04:56:00+00:00,3831.0,1884.0,0.0,1.0015649452269169,0,False,False,True
2022-04-06,2022-04-06 18:19:00+00:00,2022-04-07 04:54:00+00:00,4827.0,1884.0,0.0,0.9999999999999999,0,False,False,True
2022-04-07,2022-04-07 18:21:00+00:00,2022-04-08 04:52:00+00:00,3164.0,1212.0,0.0,0.9984152139461171,0,False,False,True
2022-04-08,2022-04-08 18:23:00+00:00,2022-04-09 04:50:00+00:00,3850.0,1464.0,0.0,1.0047846889952154,0,False,False,True
2022-04-09,2022-04-09 18:24:00+00:00,2022-04-10 04:47:00+00:00,3450.0,1632.0,0.0,1.0032102728731942,0,False,False,True
2022-04-10,2022-04-10 18:26:00+00:00,2022-04-11 04:45:00+00:00,6614.0,3000.0,0.75,1.001615508885299,0,False,False,True
2022-04-11,2022-04-11 18:28:00+00:00,2022-04-12 04:43:00+00:00,5030.0,2232.0,0.5,1.0,0,False,False,True
2022-04-12,2022-04-12 18:30:00+00:00,2022-04-13 04:41:00+00:00,3322.0,1404.0,0.0,1.006546644844517,0,False,False,True
2022-04-13,2022-04-13 18:31:00+00:00,2022-04-14 04:39:00+00:00,3655.0,1392.0,0.0,0.9950657894736843,0,False,False,True
2022-04-14,2022-04-14 18:33:00+00:00,2022-04-15 04:36:00+00:00,3257.0,1836.0,0.0,1.0033167495854063,0,False,False,True
2022-04-15,2022-04-15 18:35:00+00:00,2022-04-16 04:34:00+00:00,4949.0,1752.0,0.0,1.001669449081803,0,False,False,True
2022-04-16,2022-04-16 18:36:00+00:00,2022-04-17 04:32:00+00:00,2590.0,2076.0,0.25,0.9983221476510067,0,False,False,True
2022-04-17,2022-04-17 18:38:00+00:00,2022-04-18 04:30:00+00:00,3889.0,2508.0,0.5,1.0050675675675675,0,False,False,True
2022-04-18,2022-04-18 18:40:00+00:00,2022-04-19 04:28:00+00:00,5301.0,2892.0,0.25,1.0034013605442176,0,False,False,True
2022-04-19,2022-04-19 18:42:00+00:00,2022-04-20 04:26:00+00:00,4836.0,2052.0,0.25,1.0017123287671232,0,False,False,True
2022-04-20,2022-04-20 18:43:00+00:00,2022-04-21 04:24:00+00:00,7735.0,2268.0,0.75,0.9982788296041308,0,False,False,True
2022-04-21,2022-04-21 18:45:00+00:00,2022-04-22 04:22:00+00:00,3067.0,1476.0,0.0,1.0051993067590987,0,False,False,True
2022-04-22,2022-04-22 18:47:00+00:00,2022-04-23 04:20:00+00:00,3271.0,1704.0,0.0,1.0034904013961605,0,False,False,True
2022-04-23,2022-04-23 18:48:00+00:00,2022-04-24 04:18:00+00:00,2882.0,2304.0,0.25,1.0,0,False,False,True
2022-04-24,2022-04-24 18:50:00+00:00,2022-04-25 04:16:00+00:00,1701.0,240.0,0.0,1.0070671378091873,0,False,False,True
2022-04-25,2022-04-25 18:52:00+00:00,2022-04-26 04:14:00+00:00,2098.0,684.0,0.0,0.9964412811387899,0,False,False,True
2022-04-26,2022-04-26 18:53:00+00:00,2022-04-27 04:12:00+00:00,3743.0,1176.0,0.0,1.001788908765653,0,False,False,True
2022-04-27,2022-04-27 18:55:00+00:00,2022-04-28 04:10:00+00:00,2797.0,1560.0,0.0,1.009009009009009,0,False,False,True
2022-04-28,2022-04-28 18:57:00+00:00,2022-04-29 04:08:00+00:00,3618.0,2580.0,0.25,0.9981851179673321,0,False,False,True
2022-04-29,2022-04-29 18:59:00+00:00,2022-04-30 04:06:00+00:00,1973.0,720.0,0.0,1.0054844606946982,0,False,False,True
2022-04-30,2022-04-30 19:00:00+00:00,2022-05-01 04:04:00+00:00,4344.0,2244.0,0.5,1.0018382352941178,0,False,False,True
2022-05-01,2022-05-01 19:02:00+00:00,2022-05-02 04:02:00+00:00,3691.0,1404.0,0.0,1.0,0,False,False,True
2022-05-02,2022-05-02 19:04:00+00:00,2022-05-03 04:00:00+00:00,3132.0,2064.0,0.25,1.007462686567164,0,False,False,True
2022-05-03,2022-05-03 19:05:00+00:00,2022-05-04 03:58:00+00:00,2012.0,360.0,0.0,1.00375234521576,0,False,False,True
2022-05-04,2022-05-04 19:07:00+00:00,2022-05-05 03:57:00+00:00,7149.0,2988.0,0.75,0.9999999999999999,0,False,False,True
2022-05-05,2022-05-05 19:09:00+00:00,2022-05-06 03:55:00+00:00,2784.0,1920.0,0.0,1.0076045627376424,0,False,False,True
2022-05-06,2022-05-06 19:10:00+00:00,2022-05-07 03:53:00+00:00,2134.0,852.0,0.0,1.0038240917782026,0,False,False,True
2022-05-07,2022-05-07 19:12:00+00:00,2022-05-08 03:51:00+00:00,1786.0,396.0,0.0,1.0019267822736029,0,False,False,True
2022-05-08,2022-05-08 19:13:00+00:00,2022-05-09 03:50:00+00:00,3203.0,1500.0,0.0,1.0058027079303675,0,False,False,True
2022-05-09,2022-05-09 19:15:00+00:00,2022-05-10 03:48:00+00:00,2960.0,1644.0,0.0,1.0038986354775827,0,False,False,True
2022-05-10,2022-05-10 19:17:00+00:00,2022-05-11 03:46:00+00:00,2540.0,1356.0,0.0,1.0019646365422397,0,False,False,True
2022-05-11,2022-05-11 19:18:00+00:00,2022-05-12 03:45:00+00:00,1629.0,264.0,0.0,1.0059171597633136,0,False,False,True
2022-05-12,2022-05-12 19:20:00+00:00,2022-05-13 03:43:00+00:00,3380.0,1596.0,0.0,1.0039761431411531,0,False,False,True
2022-05-13,2022-05-13 19:21:00+00:00,2022-05-14 03:42:00+00:00,1883.0,408.0,0.0,0.998003992015968,0,False,False,True
2022-05-14,2022-05-14 19:23:00+00:00,2022-05-15 03:40:00+00:00,2915.0,600.0,0.0,1.0060362173038229,0,False,False,True
2022-05-15,2022-05-15 19:24:00+00:00,2022-05-16 03:39:00+00:00,3091.0,576.0,0.0,1.0,0,False,False,True
2022-05-16,2022-05-16 19:26:00+00:00,2022-05-17 03:37:00+00:00,3644.0,2964.0,0.25,0.9979633401221996,0,False,False,True
2022-05-17,2022-05-17 19:27:00+00:00,2022-05-18 03:36:00+00:00,3095.0,1536.0,0.0,1.002044989775051,0,False,False,True
2022-05-18,2022-05-18 19:29:00+00:00,2022-05-19 03:35:00+00:00,1793.0,288.0,0.0,1.008230452674897,0,False,False,True
2022-05-19,2022-05-19 19:30:00+00:00,2022-05-20 03:33:00+00:00,1697.0,336.0,0.0,1.0041407867494823,0,False,False,True
2022-05-20,2022-05-20 19:32:00+00:00,2022-05-21 03:32:00+00:00,2550.0,1704.0,0.0,1.0,0,False,False,True
2022-05-21,2022-05-21 19:33:00+00:00,2022-05-22 03:31:00+00:00,4018.0,1500.0,0.0,1.00418410041841,0,False,False,True
2022-05-22,2022-05-22 19:34:00+00:00,2022-05-23 03:29:00+00:00,2023.0,360.0,0.0,0.9999999999999999,0,False,False,True
2022-05-23,2022-05-23 19:36:00+00:00,2022-05-24 03:28:00+00:00,1770.0,492.0,0.0,0.9957627118644067,0,False,False,True
2022-05-24,2022-05-24 19:37:00+00:00,2022-05-25 03:27:00+00:00,2234.0,1212.0,0.0,1.0,0,False,False,True
2022-05-25,2022-05-25 19:38:00+00:00,2022-05-26 03:26:00+00:00,5276.0,3168.0,1.0,1.0042735042735043,0,False,False,True
2022-05-26,2022-05-26 19:40:00+00:00,2022-05-27 03:25:00+00:00,2811.0,1272.0,0.0,1.010752688172043,0,False,False,True
2022-05-27,2022-05-27 19:41:00+00:00,2022-05-28 03:24:00+00:00,1573.0,312.0,0.0,0.9935205183585313,0,False,False,True
2022-05-28,2022-05-28 19:42:00+00:00,2022-05-29 03:23:00+00:00,1959.0,804.0,0.0,0.9978308026030368,0,False,False,True
2022-05-29,2022-05-29 19:43:00+00:00,2022-05-30 03:22:00+00:00,3183.0,1848.0,0.0,1.0021786492374727,0,False,False,True
2022-05-30,2022-05-30 19:44:00+00:00,2022-05-31 03:21:00+00:00,3923.0,1608.0,0.0,1.0065645514223194,0,False,False,True
2022-05-31,2022-05-31 19:46:00+00:00,2022-06-01 03:20:00+00:00,4357.0,1884.0,0.0,1.0022026431718063,0,False,False,True
2022-06-01,2022-06-01 19:47:00+00:00,2022-06-02 03:20:00+00:00,4242.0,1776.0,0.0,1.0044150110375274,0,False,False,True
2022-06-02,2022-06-02 19:48:00+00:00,2022-06-03 03:19:00+00:00,1676.0,384.0,0.0,0.9977827050997783,0,False,False,True
2022-06-03,2022-06-03 19:49:00+00:00,2022-06-04 03:18:00+00:00,3188.0,1452.0,0.0,1.0022271714922049,0,False,False,True
2022-06-04,2022-06-04 19:50:00+00:00,2022-06-05 03:18:00+00:00,3838.0,2136.0,0.5,1.0044642857142856,0,False,False,True
2022-06-05,2022-06-05 19:51:00+00:00,2022-06-06 03:17:00+00:00,3314.0,756.0,0.0,0.9977578475336323,0,False,False,True
2022-06-06,2022-06-06 19:51:00+00:00,2022-06-07 03:16:00+00:00,3206.0,1440.0,0.0,0.9999999999999999,0,False,False,True
2022-06-07,2022-06-07 19:52:00+00:00,2022-06-08 03:16:00+00:00,2333.0,1440.0,0.0,1.0022522522522521,0,False,False,True
2022-06-08,2022-06-08 19:53:00+00:00,2022-06-09 03:16:00+00:00,2963.0,1584.0,0.0,1.0045146726862302,0,False,False,True
2022-06-09,2022-06-09 19:54:00+00:00,2022-06-10 03:15:00+00:00,3319.0,1560.0,0.0,1.0090702947845804,0,False,False,True
2022-06-10,2022-06-10 19:55:00+00:00,2022-06-11 03:15:00+00:00,1714.0,348.0,0.0,1.0113636363636365,0,False,False,True
2022-06-11,2022-06-11 19:55:00+00:00,2022-06-12 03:14:00+00:00,2749.0,1536.0,0.0,1.0022779043280183,0,False,False,True
2022-06-12,2022-06-12 19:56:00+00:00,2022-06-13 03:14:00+00:00,3644.0,2052.0,0.25,0.9931506849315067,0,False,False,True
2022-06-13,2022-06-13 19:56:00+00:00,2022-06-14 03:14:00+00:00,3076.0,756.0,0.0,0.9931506849315067,0,False,False,True
2022-06-14,2022-06-14 19:57:00+00:00,2022-06-15 03:14:00+00:00,3918.0,1776.0,0.0,0.9954233409610983,0,False,False,True
2022-06-15,2022-06-15 19:57:00+00:00,2022-06-16 03:14:00+00:00,2404.0,1488.0,0.0,0.9954233409610983,0,False,False,True
2022-06-16,2022-06-16 19:58:00+00:00,2022-06-17 03:14:00+00:00,2552.0,1668.0,0.0,0.9977064220183486,0,False,False,True
2022-06-17,2022-06-17 19:58:00+00:00,2022-06-18 03:14:00+00:00,2770.0,1044.0,0.0,0.9977064220183486,0,False,False,True
2022-06-18,2022-06-18 19:59:00+00:00,2022-06-19 03:14:00+00:00,2975.0,2184.0,0.25,1.0,0,False,False,True
2022-06-19,2022-06-19 19:59:00+00:00,2022-06-20 03:14:00+00:00,2707.0,1776.0,0.0,1.0,0,False,False,True
2022-06-20,2022-06-20 19:59:00+00:00,2022-06-21 03:14:00+00:00,3773.0,1728.0,0.0,1.0,0,False,False,True
2022-06-21,2022-06-21 19:59:00+00:00,2022-06-22 03:14:00+00:00,3216.0,1692.0,0.0,1.0,0,False,False,True
2022-06-22,2022-06-22 19:59:00+00:00,2022-06-23 03:15:00+00:00,3595.0,2244.0,0.08333333333333333,1.0091743119266054,0,False,False,True
2022-06-23,2022-06-23 20:00:00+00:00,2022-06-24 03:15:00+00:00,2950.0,660.0,0.0,1.0114942528735633,0,False,False,True
2022-06-24,2022-06-24 20:00:00+00:00,2022-06-25 03:15:00+00:00,1633.0,300.0,0.0,1.0114942528735633,0,False,False,True
2022-06-25,2022-06-25 20:00:00+00:00,2022-06-26 03:16:00+00:00,1900.0,1236.0,0.0,1.0091743119266054,0,False,False,True
2022-06-26,2022-06-26 19:59:00+00:00,2022-06-27 03:16:00+00:00,1553.0,300.0,0.0,1.0068649885583523,0,False,False,True
2022-06-27,2022-06-27 19:59:00+00:00,2022-06-28 03:17:00+00:00,4360.0,1836.0,0.0,1.004566210045662,0,False,False,True
2022-06-28,2022-06-28 19:59:00+00:00,2022-06-29 03:17:00+00:00,2869.0,1548.0,0.0,1.004566210045662,0,False,False,True
2022-06-29,2022-06-29 19:59:00+00:00,2022-06-30 03:18:00+00:00,3379.0,1656.0,0.0,1.0022779043280183,0,False,False,True
2022-06-30,2022-06-30 19:59:00+00:00,2022-07-01 03:18:00+00:00,3063.0,1716.0,0.0,1.0022779043280183,0,False,False,True
2022-07-01,2022-07-01 19:58:00+00:00,2022-07-02 03:19:00+00:00,2748.0,1704.0,0.0,0.9977324263038548,0,False,False,True
2022-07-02,2022-07-02 19:58:00+00:00,2022-07-03 03:20:00+00:00,3846.0,2220.0,0.25,1.006787330316742,0,False,False,True
2022-07-03,2022-07-03 19:57:00+00:00,2022-07-04 03:21:00+00:00,2799.0,1416.0,0.0,1.0022522522522521,0,False,False,True
2022-07-04,2022-07-04 19:57:00+00:00,2022-07-05 03:21:00+00:00,1838.0,348.0,0.0,1.0022522522522521,0,False,False,True
2022-07-05,2022-07-05 19:56:00+00:00,2022-07-06 03:22:00+00:00,2243.0,1548.0,0.0,0.9977578475336323,0,False,False,True
2022-07-06,2022-07-06 19:56:00+00:00,2022-07-07 03:23:00+00:00,1673.0,336.0,0.0,0.9955257270693512,0,False,False,True
2022-07-07,2022-07-07 19:55:00+00:00,2022-07-08 03:24:00+00:00,2636.0,1512.0,0.0,1.0022271714922049,0,False,False,True
2022-07-08,2022-07-08 19:54:00+00:00,2022-07-09 03:25:00+00:00,2275.0,444.0,0.0,1.0088691796008868,0,False,False,True
2022-07-09,2022-07-09 19:54:00+00:00,2022-07-10 03:26:00+00:00,4676.0,2184.0,0.16666666666666666,1.0066371681415929,0,False,False,True
2022-07-10,2022-07-10 19:53:00+00:00,2022-07-11 03:27:00+00:00,3821.0,1584.0,0.0,1.0022026431718063,0,False,False,True
2022-07-11,2022-07-11 19:52:00+00:00,2022-07-12 03:28:00+00:00,1988.0,1320.0,0.0,0.9978070175438596,0,False,False,True
2022-07-12,2022-07-12 19:51:00+00:00,2022-07-13 03:29:00+00:00,2791.0,1512.0,0.0,0.9934497816593886,0,False,False,True
2022-07-13,2022-07-13 19:50:00+00:00,2022-07-14 03:30:00+00:00,4071.0,2844.0,0.25,1.0108695652173911,0,False,False,True
2022-07-14,2022-07-14 19:49:00+00:00,2022-07-15 03:31:00+00:00,2708.0,1776.0,0.0,1.0064935064935063,0,False,False,True
2022-07-15,2022-07-15 19:48:00+00:00,2022-07-16 03:33:00+00:00,2195.0,1008.0,0.0,1.0,0,False,False,True
2022-07-16,2022-07-16 19:47:00+00:00,2022-07-17 03:34:00+00:00,2904.0,1968.0,0.0,0.9957173447537473,0,False,False,True
2022-07-17,2022-07-17 19:46:00+00:00,2022-07-18 03:35:00+00:00,3056.0,1896.0,0.0,1.0021321961620469,0,False,False,True
2022-07-18,2022-07-18 19:45:00+00:00,2022-07-19 03:36:00+00:00,2012.0,1344.0,0.0,1.0084925690021231,0,False,False,True
2022-07-19,2022-07-19 19:44:00+00:00,2022-07-20 03:38:00+00:00,3173.0,1824.0,0.0,1.00210970464135,0,False,False,True
2022-07-20,2022-07-20 19:42:00+00:00,2022-07-21 03:39:00+00:00,2085.0,1224.0,0.0,0.9958071278825995,0,False,False,True
2022-07-21,2022-07-21 19:41:00+00:00,2022-07-22 03:40:00+00:00,4333.0,2160.0,0.25,1.0020876826722338,0,False,False,True
2022-07-22,2022-07-22 19:40:00+00:00,2022-07-23 03:42:00+00:00,6506.0,3444.0,0.75,1.0062240663900415,0,False,False,True
2022-07-23,2022-07-23 19:38:00+00:00,2022-07-24 03:43:00+00:00,1655.0,300.0,0.0,0.9999999999999999,0,False,False,True
2022-07-24,2022-07-24 19:37:00+00:00,2022-07-25 03:44:00+00:00,1675.0,384.0,0.0,0.9958932238193018,0,False,False,True
2022-07-25,2022-07-25 19:36:00+00:00,2022-07-26 03:46:00+00:00,1583.0,276.0,0.0,1.0,0,False,False,True
2022-07-26,2022-07-26 19:34:00+00:00,2022-07-27 03:47:00+00:00,1574.0,312.0,0.0,1.0040567951318458,0,False,False,True
2022-07-27,2022-07-27 19:33:00+00:00,2022-07-28 03:49:00+00:00,4924.0,3300.0,1.0,0.9979838709677418,0,False,False,True
2022-07-28,2022-07-28 19:31:00+00:00,2022-07-29 03:50:00+00:00,2959.0,1800.0,0.0,1.0020040080160322,0,False,False,True
2022-07-29,2022-07-29 19:30:00+00:00,2022-07-30 03:52:00+00:00,3432.0,1992.0,0.0,1.0059760956175299,0,False,False,True
2022-07-30,2022-07-30 19:28:00+00:00,2022-07-31 03:53:00+00:00,1723.0,336.0,0.0,1.0,0,False,False,True
2022-07-31,2022-07-31 19:26:00+00:00,2022-08-01 03:55:00+00:00,2954.0,1680.0,0.0,1.0019646365422397,0,False,False,True
2022-08-01,2022-08-01 19:25:00+00:00,2022-08-02 03:56:00+00:00,1206.0,192.0,0.0,1.0078277886497062,0,False,False,True
2022-08-02,2022-08-02 19:23:00+00:00,2022-08-03 03:58:00+00:00,1197.0,192.0,0.0,0.9999999999999999,0,False,False,True
2022-08-03,2022-08-03 19:21:00+00:00,2022-08-04 03:59:00+00:00,1200.0,180.0,0.0,0.9942084942084942,0,False,False,True
2022-08-04,2022-08-04 19:19:00+00:00,2022-08-05 04:01:00+00:00,1234.0,192.0,0.0,1.0057471264367817,0,False,False,True
2022-08-05,2022-08-05 19:18:00+00:00,2022-08-06 04:02:00+00:00,1222.0,192.0,0.0,1.001908396946565,0,False,False,True
2022-08-06,2022-08-06 19:16:00+00:00,2022-08-07 04:04:00+00:00,1203.0,204.0,0.0,0.9943181818181818,0,False,False,True
2022-08-07,2022-08-07 19:14:00+00:00,2022-08-08 04:05:00+00:00,1246.0,192.0,0.0,1.0075329566854991,0,False,False,True
2022-08-08,2022-08-08 19:12:00+00:00,2022-08-09 04:07:00+00:00,2138.0,432.0,0.0,1.0,0,False,False,True
2022-08-09,2022-08-09 19:10:00+00:00,2022-08-10 04:08:00+00:00,3243.0,420.0,0.0,1.003717472118959,0,False,False,True
2022-08-10,2022-08-10 19:08:00+00:00,2022-08-11 04:10:00+00:00,2859.0,396.0,0.0,1.0055350553505535,0,False,False,True
2022-08-11,2022-08-11 19:06:00+00:00,2022-08-12 04:12:00+00:00,1300.0,192.0,0.0,0.9981684981684982,0,False,False,True
2022-08-12,2022-08-12 19:05:00+00:00,2022-08-13 04:13:00+00:00,1324.0,192.0,0.0,1.0036496350364965,0,False,False,True
2022-08-13,2022-08-13 19:03:00+00:00,2022-08-14 04:15:00+00:00,1349.0,204.0,0.0,1.0054347826086958,0,False,False,True
2022-08-14,2022-08-14 19:01:00+00:00,2022-08-15 04:16:00+00:00,1362.0,204.0,0.0,1.0,0,False,False,True
2022-08-15,2022-08-15 18:59:00+00:00,2022-08-16 04:18:00+00:00,1386.0,204.0,0.0,1.001788908765653,0,False,False,True
2022-08-16,2022-08-16 18:56:00+00:00,2022-08-17 04:19:00+00:00,1402.0,192.0,0.0,0.9946714031971581,0,False,False,True
2022-08-17,2022-08-17 18:54:00+00:00,2022-08-18 04:21:00+00:00,1399.0,204.0,0.0,1.0052910052910053,0,False,False,True
2022-08-18,2022-08-18 18:52:00+00:00,2022-08-19 04:23:00+00:00,1391.0,192.0,0.0,0.998248686514886,0,False,False,True
2022-08-19,2022-08-19 18:50:00+00:00,2022-08-20 04:24:00+00:00,2883.0,444.0,0.0,1.0017421602787457,0,False,False,True
2022-08-20,2022-08-20 18:48:00+00:00,2022-08-21 04:26:00+00:00,3019.0,420.0,0.0,1.0034602076124568,0,False,False,True
2022-08-21,2022-08-21 18:46:00+00:00,2022-08-22 04:27:00+00:00,1513.0,204.0,0.0,0.9982788296041308,0,False,False,True
2022-08-22,2022-08-22 18:44:00+00:00,2022-08-23 04:29:00+00:00,1542.0,216.0,0.0,1.0,0,False,False,True
2022-08-23,2022-08-23 18:42:00+00:00,2022-08-24 04:31:00+00:00,5883.0,3048.0,0.8333333333333333,1.00169779286927,0,False,False,True
2022-08-24,2022-08-24 18:40:00+00:00,2022-08-25 04:32:00+00:00,4002.0,1932.0,0.0,1.0050675675675675,0,False,False,True
2022-08-25,2022-08-25 18:37:00+00:00,2022-08-26 04:34:00+00:00,3206.0,1476.0,0.0,0.9966499162479062,0,False,False,True
2022-08-26,2022-08-26 18:35:00+00:00,2022-08-27 04:36:00+00:00,4303.0,1248.0,0.0,1.006655574043261,0,False,False,True
2022-08-27,2022-08-27 18:33:00+00:00,2022-08-28 04:37:00+00:00,4150.0,552.0,0.0,1.0016556291390728,0,False,False,True
2022-08-28,2022-08-28 18:31:00+00:00,2022-08-29 04:39:00+00:00,5169.0,1632.0,0.0,0.9950657894736843,0,False,False,True
2022-08-29,2022-08-29 18:29:00+00:00,2022-08-30 04:40:00+00:00,6349.0,2172.0,0.25,1.006546644844517,0,False,False,True
2022-08-30,2022-08-30 18:26:00+00:00,2022-08-31 04:42:00+00:00,5437.0,2040.0,0.25,0.9983766233766233,0,False,False,True
2022-08-31,2022-08-31 18:24:00+00:00,2022-09-01 04:44:00+00:00,6700.0,2352.0,0.25,0.9999999999999999,0,False,False,True
2022-09-01,2022-09-01 18:22:00+00:00,2022-09-02 04:45:00+00:00,3767.0,1548.0,0.0,1.0032102728731942,0,False,False,True
2022-09-02,2022-09-02 18:19:00+00:00,2022-09-03 04:47:00+00:00,6032.0,1596.0,0.0,1.003184713375796,0,False,False,True
2022-09-03,2022-09-03 18:17:00+00:00,2022-09-04 04:49:00+00:00,2297.0,276.0,0.0,0.9968354430379747,0,False,False,True
2022-09-04,2022-09-04 18:15:00+00:00,2022-09-05 04:50:00+00:00,5802.0,2532.0,0.25,1.0078740157480315,0,False,False,True
2022-09-05,2022-09-05 18:13:00+00:00,2022-09-06 04:52:00+00:00,5170.0,2112.0,0.25,1.0015649452269169,0,False,False,True
2022-09-06,2022-09-06 18:10:00+00:00,2022-09-07 04:53:00+00:00,3110.0,480.0,0.0,1.0031104199066871,0,False,False,True
2022-09-07,2022-09-07 18:08:00+00:00,2022-09-08 04:55:00+00:00,5368.0,1452.0,0.0,1.0046367851622875,0,False,False,True
2022-09-08,2022-09-08 18:06:00+00:00,2022-09-09 04:57:00+00:00,6856.0,2328.0,0.25,0.998463901689708,0,False,False,True
2022-09-09,2022-09-09 18:03:00+00:00,2022-09-10 04:58:00+00:00,5939.0,1236.0,0.0,1.0,0,False,False,True
2022-09-10,2022-09-10 18:01:00+00:00,2022-09-11 05:00:00+00:00,5801.0,1716.0,0.0,1.0015174506828528,0,False,False,True
2022-09-11,2022-09-11 17:59:00+00:00,2022-09-12 05:02:00+00:00,5831.0,1680.0,0.0,1.0030165912518851,0,False,False,True
2022-09-12,2022-09-12 17:56:00+00:00,2022-09-13 05:03:00+00:00,4815.0,1764.0,0.0,0.9970014992503747,0,False,False,True
2022-09-13,2022-09-13 17:54:00+00:00,2022-09-14 05:05:00+00:00,9826.0,2724.0,0.9166666666666666,1.005961251862891,0,False,False,True
2022-09-14,2022-09-14 17:52:00+00:00,2022-09-15 05:06:00+00:00,5422.0,1668.0,0.0,1.0014836795252224,0,False,False,True
2022-09-15,2022-09-15 17:49:00+00:00,2022-09-16 05:08:00+00:00,4188.0,1524.0,0.0,1.0014727540500736,0,False,False,True
2022-09-16,2022-09-16 17:47:00+00:00,2022-09-17 05:10:00+00:00,4857.0,2316.0,0.25,1.0029282576866765,0,False,False,True
2022-09-17,2022-09-17 17:44:00+00:00,2022-09-18 05:11:00+00:00,4352.0,1884.0,0.0,1.0043668122270741,0,False,False,True
2022-09-18,2022-09-18 17:42:00+00:00,2022-09-19 05:13:00+00:00,8500.0,3876.0,1.25,0.9985528219971055,0,False,False,True
2022-09-19,2022-09-19 17:40:00+00:00,2022-09-20 05:15:00+00:00,3897.0,1812.0,0.0,1.0071942446043163,0,False,False,True
2022-09-20,2022-09-20 17:37:00+00:00,2022-09-21 05:16:00+00:00,4360.0,1920.0,0.0,1.0014306151645207,0,False,False,True
2022-09-21,2022-09-21 17:35:00+00:00,2022-09-22 05:18:00+00:00,7409.0,2172.0,0.25,1.0028449502133712,0,False,False,True
2022-09-22,2022-09-22 17:33:00+00:00,2022-09-23 05:20:00+00:00,5147.0,1524.0,0.0,1.0042432814710043,0,False,False,True
2022-09-23,2022-09-23 17:30:00+00:00,2022-09-24 05:21:00+00:00,4170.0,1260.0,0.0,1.0056258790436003,0,False,False,True
2022-09-24,2022-09-24 17:28:00+00:00,2022-09-25 05:23:00+00:00,2388.0,444.0,0.0,1.0,0,False,False,True
2022-09-25,2022-09-25 17:26:00+00:00,2022-09-26 05:25:00+00:00,3840.0,1788.0,0.0,1.0013908205841446,0,False,False,True
2022-09-26,2022-09-26 17:23:00+00:00,2022-09-27 05:26:00+00:00,2836.0,660.0,0.0,1.002766251728907,0,False,False,True
2022-09-27,2022-09-27 17:21:00+00:00,2022-09-28 05:28:00+00:00,3294.0,1380.0,0.0,0.9972489683631361,0,False,False,True
2022-09-28,2022-09-28 17:18:00+00:00,2022-09-29 05:30:00+00:00,6749.0,2472.0,0.75,1.0040983606557377,0,False,False,True
2022-09-29,2022-09-29 17:16:00+00:00,2022-09-30 05:31:00+00:00,4548.0,2280.0,0.25,1.0,0,False,False,True
2022-09-30,2022-09-30 17:14:00+00:00,2022-10-01 05:33:00+00:00,4986.0,1764.0,0.0,1.0013531799729363,0,False,False,True
2022-10-01,2022-10-01 17:11:00+00:00,2022-10-02 05:35:00+00:00,8748.0,3144.0,0.75,1.0013440860215053,0,False,False,True
2022-10-02,2022-10-02 17:09:00+00:00,2022-10-03 05:37:00+00:00,5245.0,2220.0,0.5,1.0026737967914436,0,False,False,True
2022-10-03,2022-10-03 17:07:00+00:00,2022-10-04 05:38:00+00:00,6175.0,1956.0,0.0,0.9986684420772303,0,False,False,True
2022-10-04,2022-10-04 17:04:00+00:00,2022-10-05 05:40:00+00:00,4605.0,1488.0,0.0,1.0052910052910051,0,False,False,True
2022-10-05,2022-10-05 17:02:00+00:00,2022-10-06 05:42:00+00:00,4367.0,1620.0,0.0,1.0,0,False,False,True
2022-10-06,2022-10-06 17:00:00+00:00,2022-10-07 05:43:00+00:00,4163.0,1308.0,0.0,1.00262123197903,0,False,False,True
2022-10-07,2022-10-07 16:58:00+00:00,2022-10-08 05:45:00+00:00,4105.0,1560.0,0.0,1.0039113428943938,0,False,False,True
2022-10-08,2022-10-08 16:55:00+00:00,2022-10-09 05:47:00+00:00,5502.0,2112.0,0.41666666666666663,1.0038860103626943,0,False,False,True
2022-10-09,2022-10-09 16:53:00+00:00,2022-10-10 05:49:00+00:00,7478.0,2844.0,1.0,0.9987113402061855,0,False,False,True
2022-10-10,2022-10-10 16:51:00+00:00,2022-10-11 05:50:00+00:00,7652.0,1968.0,0.0,1.0012836970474968,0,False,False,True
2022-10-11,2022-10-11 16:48:00+00:00,2022-10-12 05:52:00+00:00,7831.0,2316.0,0.25,1.0012755102040816,0,False,False,True
2022-10-12,2022-10-12 16:46:00+00:00,2022-10-13 05:54:00+00:00,8589.0,2520.0,0.75,0.9961928934010152,0,False,False,True
2022-10-13,2022-10-13 16:44:00+00:00,2022-10-14 05:56:00+00:00,6356.0,2340.0,0.25,1.0037878787878787,0,False,False,True
2022-10-14,2022-10-14 16:42:00+00:00,2022-10-15 05:58:00+00:00,10677.0,2952.0,0.5,0.9987437185929647,0,False,False,True
2022-10-15,2022-10-15 16:39:00+00:00,2022-10-16 05:59:00+00:00,8139.0,4584.0,0.6666666666666666,0.9999999999999998,0,False,False,True
2022-10-16,2022-10-16 16:37:00+00:00,2022-10-17 06:01:00+00:00,6568.0,1968.0,0.0,1.0012437810945274,0,False,False,True
2022-10-17,2022-10-17 16:35:00+00:00,2022-10-18 06:03:00+00:00,4836.0,1716.0,0.0,1.0024752475247523,0,False,False,True
2022-10-18,2022-10-18 16:33:00+00:00,2022-10-19 06:05:00+00:00,8112.0,2616.0,1.0,1.003694581280788,0,False,False,True
2022-10-19,2022-10-19 16:31:00+00:00,2022-10-20 06:07:00+00:00,4557.0,1032.0,0.0,0.9374999999999999,0,False,False,False
2022-10-20,2022-10-20 16:29:00+00:00,2022-10-21 06:08:00+00:00,0.0,0.0,0.0,0.0,0,False,False,False
2022-10-21,2022-10-21 16:26:00+00:00,2022-10-22 06:10:00+00:00,0.0,0.0,0.0,0.0,0,False,False,False
2022-10-22,2022-10-22 16:24:00+00:00,2022-10-23 06:12:00+00:00,0.0,0.0,0.0,0.0,1,False,False,False
2022-10-23,2022-10-23 16:22:00+00:00,2022-10-24 06:14:00+00:00,0.0,0.0,0.0,0.0,0,False,False,False
2022-10-24,2022-10-24 16:20:00+00:00,2022-10-25 06:16:00+00:00,4430.0,2436.0,1.0,0.5921052631578947,0,False,False,False
2022-10-25,2022-10-25 16:18:00+00:00,2022-10-26 06:17:00+00:00,8812.0,2232.0,0.25,1.00119189511323,0,False,False,True
2022-10-26,2022-10-26 16:16:00+00:00,2022-10-27 06:19:00+00:00,9221.0,1860.0,0.0,0.9964412811387899,0,False,False,True
2022-10-27,2022-10-27 16:14:00+00:00,2022-10-28 06:21:00+00:00,5526.0,2148.0,0.25,1.0035419126328218,0,False,False,True
2022-10-28,2022-10-28 16:12:00+00:00,2022-10-29 06:23:00+00:00,5899.0,4656.0,0.5,0.9988249118683901,0,False,False,True
2022-10-29,2022-10-29 16:10:00+00:00,2022-10-30 06:25:00+00:00,7635.0,2004.0,0.25,0.935672514619883,0,True,False,False
2022-10-30,2022-10-30 16:08:00+00:00,2022-10-31 06:27:00+00:00,10378.0,4128.0,1.0,1.0011641443538999,0,False,False,True
2022-10-31,2022-10-31 16:06:00+00:00,2022-11-01 06:29:00+00:00,4453.0,1620.0,0.0,0.9965237543453072,0,False,False,True
2022-11-01,2022-11-01 16:04:00+00:00,2022-11-02 06:30:00+00:00,5868.0,2028.0,0.25,1.0046189376443417,0,False,False,True
2022-11-02,2022-11-02 16:02:00+00:00,2022-11-03 06:32:00+00:00,5804.0,1680.0,0.0,1.0,0,False,False,True
2022-11-03,2022-11-03 16:00:00+00:00,2022-11-04 06:34:00+00:00,5368.0,1608.0,0.0,1.0011441647597252,0,False,False,True
2022-11-04,2022-11-04 15:59:00+00:00,2022-11-05 06:36:00+00:00,34772.0,3672.0,14.666666666666666,1.0034207525655643,0,False,True,True
2022-11-05,2022-11-05 15:57:00+00:00,2022-11-06 06:38:00+00:00,6379.0,2172.0,0.5,0.9988649262202042,0,False,False,True
2022-11-06,2022-11-06 15:55:00+00:00,2022-11-07 06:40:00+00:00,30198.0,4428.0,11.0,1.0056497175141244,0,False,True,True
2022-11-07,2022-11-07 15:53:00+00:00,2022-11-08 06:42:00+00:00,30606.0,3804.0,11.416666666666666,1.001124859392576,0,False,True,True
2022-11-08,2022-11-08 15:52:00+00:00,2022-11-09 06:43:00+00:00,6509.0,3336.0,1.0,0.9988776655443321,0,False,False,True
2022-11-09,2022-11-09 15:50:00+00:00,2022-11-10 06:45:00+00:00,35443.0,3684.0,11.0,1.005586592178771,0,False,True,True
2022-11-10,2022-11-10 15:48:00+00:00,2022-11-11 06:47:00+00:00,6250.0,2328.0,0.5,1.0011123470522802,0,False,False,True
2022-11-11,2022-11-11 15:47:00+00:00,2022-11-12 06:49:00+00:00,5449.0,1452.0,0.0,0.9977827050997783,0,False,False,True
2022-11-12,2022-11-12 15:45:00+00:00,2022-11-13 06:51:00+00:00,3336.0,336.0,0.0,1.0044150110375274,0,False,False,True
2022-11-13,2022-11-13 15:44:00+00:00,2022-11-14 06:52:00+00:00,42870.0,3732.0,13.25,1.0022026431718063,0,False,True,True
2022-11-14,2022-11-14 15:42:00+00:00,2022-11-15 06:54:00+00:00,10178.0,2976.0,1.3333333333333333,0.9978070175438596,0,False,False,True
2022-11-15,2022-11-15 15:41:00+00:00,2022-11-16 06:56:00+00:00,9398.0,3456.0,1.25,1.0,0,False,False,True
2022-11-16,2022-11-16 15:39:00+00:00,2022-11-17 06:58:00+00:00,6447.0,2316.0,0.25,1.001088139281828,0,False,False,True
2022-11-17,2022-11-17 15:38:00+00:00,2022-11-18 07:00:00+00:00,6810.0,2280.0,0.25,1.0032537960954446,0,False,False,True
2022-11-18,2022-11-18 15:36:00+00:00,2022-11-19 07:01:00+00:00,36250.0,5436.0,12.0,1.0,0,False,True,True
2022-11-19,2022-11-19 15:35:00+00:00,2022-11-20 07:03:00+00:00,37527.0,5448.0,11.75,1.002155172413793,0,False,True,True
2022-11-20,2022-11-20 15:34:00+00:00,2022-11-21 07:05:00+00:00,20622.0,1968.0,0.0,1.0042964554242748,0,False,False,True
2022-11-21,2022-11-21 15:33:00+00:00,2022-11-22 07:07:00+00:00,24754.0,4932.0,2.75,1.0010706638115632,0,False,True,True
2022-11-22,2022-11-22 15:31:00+00:00,2022-11-23 07:08:00+00:00,24373.0,4644.0,7.0,0.9978655282817502,0,False,True,True
2022-11-23,2022-11-23 15:30:00+00:00,2022-11-24 07:10:00+00:00,8308.0,1728.0,0.0,1.0053191489361701,0,False,False,True
2022-11-24,2022-11-24 15:29:00+00:00,2022-11-25 07:11:00+00:00,27862.0,4116.0,9.5,1.003184713375796,0,False,True,True
2022-11-25,2022-11-25 15:28:00+00:00,2022-11-26 07:13:00+00:00,34747.0,6564.0,11.5,1.0,0,False,True,True
2022-11-26,2022-11-26 15:27:00+00:00,2022-11-27 07:15:00+00:00,13208.0,3396.0,1.5,1.00210970464135,0,False,False,True
2022-11-27,2022-11-27 15:26:00+00:00,2022-11-28 07:16:00+00:00,11085.0,2580.0,0.5,0.9999999999999999,0,False,False,True
2022-11-28,2022-11-28 15:25:00+00:00,2022-11-29 07:18:00+00:00,28115.0,7116.0,3.75,1.0020986358866737,0,False,True,True
2022-11-29,2022-11-29 15:25:00+00:00,2022-11-30 07:19:00+00:00,7307.0,3060.0,0.25,1.00104821802935,0,False,False,True
2022-11-30,2022-11-30 15:24:00+00:00,2022-12-01 07:21:00+00:00,5590.0,1752.0,0.0,1.0031347962382444,0,False,False,True
2022-12-01,2022-12-01 15:23:00+00:00,2022-12-02 07:22:00+00:00,8007.0,2604.0,0.25,1.0010427528675703,0,False,False,True
2022-12-02,2022-12-02 15:22:00+00:00,2022-12-03 07:24:00+00:00,7790.0,2160.0,0.25,0.9979209979209978,0,False,False,True
2022-12-03,2022-12-03 15:22:00+00:00,2022-12-04 07:25:00+00:00,21776.0,7572.0,3.4166666666666665,1.0020768431983385,0,False,True,True
2022-12-04,2022-12-04 15:21:00+00:00,2022-12-05 07:26:00+00:00,9665.0,2196.0,0.5,1.0,0,False,False,True
2022-12-05,2022-12-05 15:21:00+00:00,2022-12-06 07:28:00+00:00,6658.0,2076.0,0.25,0.9979317476732161,0,False,False,True
2022-12-06,2022-12-06 15:20:00+00:00,2022-12-07 07:29:00+00:00,6362.0,2064.0,0.5,1.0010319917440662,0,False,False,True
2022-12-07,2022-12-07 15:20:00+00:00,2022-12-08 07:30:00+00:00,16571.0,5388.0,1.75,1.0051546391752575,0,False,False,True
2022-12-08,2022-12-08 15:20:00+00:00,2022-12-09 07:31:00+00:00,20207.0,6108.0,3.25,1.004119464469619,0,False,True,True
2022-12-09,2022-12-09 15:19:00+00:00,2022-12-10 07:32:00+00:00,28054.0,6552.0,5.0,1.0020554984583763,0,False,True,True
2022-12-10,2022-12-10 15:19:00+00:00,2022-12-11 07:33:00+00:00,9873.0,2136.0,0.5,1.0010266940451744,0,False,False,True
2022-12-11,2022-12-11 15:19:00+00:00,2022-12-12 07:34:00+00:00,11091.0,3132.0,0.5,1.0,0,False,False,True
2022-12-12,2022-12-12 15:19:00+00:00,2022-12-13 07:35:00+00:00,17886.0,6480.0,2.0,1.0040983606557377,0,False,True,True
2022-12-13,2022-12-13 15:19:00+00:00,2022-12-14 07:36:00+00:00,10115.0,2820.0,0.5833333333333333,1.0030706243602865,0,False,False,True
2022-12-14,2022-12-14 15:19:00+00:00,2022-12-15 07:37:00+00:00,34466.0,6804.0,5.75,1.002044989775051,0,False,True,True
2022-12-15,2022-12-15 15:19:00+00:00,2022-12-16 07:38:00+00:00,6986.0,828.0,0.0,1.0010214504596526,0,False,False,True
2022-12-16,2022-12-16 15:19:00+00:00,2022-12-17 07:39:00+00:00,7393.0,3252.0,0.5,1.0,0,False,False,True
2022-12-17,2022-12-17 15:20:00+00:00,2022-12-18 07:39:00+00:00,6646.0,1392.0,0.0,1.0010214504596526,0,False,False,True
2022-12-18,2022-12-18 15:20:00+00:00,2022-12-19 07:40:00+00:00,10473.0,2724.0,1.0,1.0051020408163265,0,False,False,True
2022-12-19,2022-12-19 15:20:00+00:00,2022-12-20 07:41:00+00:00,9367.0,3840.0,0.25,1.0040774719673802,0,False,False,True
2022-12-20,2022-12-20 15:21:00+00:00,2022-12-21 07:41:00+00:00,18130.0,5064.0,2.75,1.0,0,False,True,True
2022-12-21,2022-12-21 15:21:00+00:00,2022-12-22 07:42:00+00:00,24561.0,4788.0,4.0,0.9989806320081549,0,False,True,True
2022-12-22,2022-12-22 15:22:00+00:00,2022-12-23 07:42:00+00:00,19336.0,4716.0,2.75,1.0,0,False,True,True
2022-12-23,2022-12-23 15:22:00+00:00,2022-12-24 07:43:00+00:00,18814.0,5244.0,2.0,0.9989806320081549,0,False,True,True
2022-12-24,2022-12-24 15:23:00+00:00,2022-12-25 07:43:00+00:00,3101.0,1272.0,0.0,1.0,0,False,False,True
2022-12-25,2022-12-25 15:24:00+00:00,2022-12-26 07:43:00+00:00,2606.0,180.0,0.0,1.0010214504596526,0,False,False,True
2022-12-26,2022-12-26 15:24:00+00:00,2022-12-27 07:43:00+00:00,7127.0,2220.0,0.25,1.0010214504596526,0,False,False,True
2022-12-27,2022-12-27 15:25:00+00:00,2022-12-28 07:43:00+00:00,25108.0,5688.0,4.0,1.002044989775051,0,False,True,True
2022-12-28,2022-12-28 15:26:00+00:00,2022-12-29 07:44:00+00:00,10303.0,2184.0,0.25,0.9969325153374232,0,False,False,True
2022-12-29,2022-12-29 15:27:00+00:00,2022-12-30 07:44:00+00:00,7203.0,1608.0,0.0,0.997952917093142,0,False,False,True
2022-12-30,2022-12-30 15:28:00+00:00,2022-12-31 07:44:00+00:00,4843.0,612.0,0.0,0.9989754098360656,0,False,False,True
2022-12-31,2022-12-31 15:29:00+00:00,2023-01-01 07:43:00+00:00,2898.0,216.0,0.0,1.0010266940451744,0,False,False,True
2023-01-01,2023-01-01 15:30:00+00:00,2023-01-02 07:43:00+00:00,5203.0,444.0,0.0,1.0020554984583763,0,False,False,True
2023-01-02,2023-01-02 15:31:00+00:00,2023-01-03 07:43:00+00:00,3715.0,432.0,0.0,0.9979423868312757,0,False,False,True
2023-01-03,2023-01-03 15:32:00+00:00,2023-01-04 07:43:00+00:00,4362.0,420.0,0.0,0.9989701338825951,0,False,False,True
2023-01-04,2023-01-04 15:34:00+00:00,2023-01-05 07:42:00+00:00,5680.0,1452.0,0.0,1.0020661157024793,0,False,False,True
2023-01-05,2023-01-05 15:35:00+00:00,2023-01-06 07:42:00+00:00,31924.0,7884.0,3.5,1.0031023784901758,0,False,True,True
2023-01-06,2023-01-06 15:36:00+00:00,2023-01-07 07:42:00+00:00,12473.0,5232.0,1.25,0.9989648033126293,0,False,False,True
2023-01-07,2023-01-07 15:37:00+00:00,2023-01-08 07:41:00+00:00,7681.0,2532.0,0.25,1.0010373443983402,0,False,False,True
2023-01-08,2023-01-08 15:39:00+00:00,2023-01-09 07:41:00+00:00,8303.0,2844.0,0.75,1.003118503118503,0,False,False,True
2023-01-09,2023-01-09 15:40:00+00:00,2023-01-10 07:40:00+00:00,7774.0,2640.0,0.5,1.0052083333333333,0,False,False,True
2023-01-10,2023-01-10 15:42:00+00:00,2023-01-11 07:39:00+00:00,8283.0,4500.0,0.75,0.9979101358411703,0,False,False,True
2023-01-11,2023-01-11 15:43:00+00:00,2023-01-12 07:39:00+00:00,16850.0,7488.0,1.8333333333333333,0.9989539748953974,0,False,False,True
2023-01-12,2023-01-12 15:45:00+00:00,2023-01-13 07:38:00+00:00,22243.0,7956.0,2.75,1.0020986358866737,0,False,True,True
2023-01-13,2023-01-13 15:46:00+00:00,2023-01-14 07:37:00+00:00,8797.0,2088.0,0.25,0.9989484752891692,0,False,False,True
2023-01-14,2023-01-14 15:48:00+00:00,2023-01-15 07:36:00+00:00,9008.0,2388.0,0.25,1.00210970464135,0,False,False,True
2023-01-15,2023-01-15 15:50:00+00:00,2023-01-16 07:35:00+00:00,8318.0,2148.0,0.25,1.0052910052910053,0,False,False,True
2023-01-16,2023-01-16 15:51:00+00:00,2023-01-17 07:34:00+00:00,9454.0,2532.0,0.75,0.9968186638388122,0,False,False,True
2023-01-17,2023-01-17 15:53:00+00:00,2023-01-18 07:33:00+00:00,26689.0,9108.0,3.0,1.0,0,False,True,True
2023-01-18,2023-01-18 15:55:00+00:00,2023-01-19 07:32:00+00:00,15265.0,7812.0,1.5,1.0032017075773745,0,False,False,True
2023-01-19,2023-01-19 15:56:00+00:00,2023-01-20 07:31:00+00:00,13100.0,7572.0,2.0,0.9999999999999999,0,False,True,True
2023-01-20,2023-01-20 15:58:00+00:00,2023-01-21 07:30:00+00:00,7242.0,2388.0,0.5,1.0032188841201717,0,False,False,True
2023-01-21,2023-01-21 16:00:00+00:00,2023-01-22 07:29:00+00:00,11371.0,9192.0,0.8333333333333333,1.0010764262648009,0,False,False,True
2023-01-22,2023-01-22 16:02:00+00:00,2023-01-23 07:27:00+00:00,9517.0,3180.0,0.5,1.0,0,False,False,True
2023-01-23,2023-01-23 16:04:00+00:00,2023-01-24 07:26:00+00:00,10181.0,2808.0,0.75,1.0032537960954446,0,False,False,True
2023-01-24,2023-01-24 16:05:00+00:00,2023-01-25 07:25:00+00:00,7872.0,2316.0,0.75,1.0054347826086956,0,False,False,True
2023-01-25,2023-01-25 16:07:00+00:00,2023-01-26 07:23:00+00:00,24979.0,9348.0,3.0,0.9989082969432314,0,False,True,True
2023-01-26,2023-01-26 16:09:00+00:00,2023-01-27 07:22:00+00:00,6705.0,1872.0,0.0,1.0021905805038334,0,False,False,True
2023-01-27,2023-01-27 16:11:00+00:00,2023-01-28 07:20:00+00:00,7446.0,2136.0,0.5,1.001100110011001,0,False,False,True
2023-01-28,2023-01-28 16:13:00+00:00,2023-01-29 07:19:00+00:00,9283.0,2592.0,0.5,0.998896247240618,0,False,False,True
2023-01-29,2023-01-29 16:15:00+00:00,2023-01-30 07:17:00+00:00,32225.0,8928.0,3.75,1.0033259423503325,0,False,True,True
2023-01-30,2023-01-30 16:17:00+00:00,2023-01-31 07:16:00+00:00,9325.0,3900.0,0.5,1.0011123470522802,0,False,False,True
2023-01-31,2023-01-31 16:19:00+00:00,2023-02-01 07:14:00+00:00,7685.0,2760.0,0.25,1.0,0,False,False,True
2023-02-01,2023-02-01 16:21:00+00:00,2023-02-02 07:13:00+00:00,12320.0,2508.0,0.75,0.9977578475336323,0,False,False,True
2023-02-02,2023-02-02 16:23:00+00:00,2023-02-03 07:11:00+00:00,7600.0,7704.0,0.41666666666666663,1.0022522522522521,0,False,False,True
2023-02-03,2023-02-03 16:24:00+00:00,2023-02-04 07:09:00+00:00,7744.0,2076.0,0.25,1.0,0,False,False,True
2023-02-04,2023-02-04 16:26:00+00:00,2023-02-05 07:08:00+00:00,6735.0,1452.0,0.0,0.9977324263038548,0,False,False,True
2023-02-05,2023-02-05 16:28:00+00:00,2023-02-06 07:06:00+00:00,31265.0,9864.0,3.25,1.0022779043280183,0,False,True,True
2023-02-06,2023-02-06 16:30:00+00:00,2023-02-07 07:04:00+00:00,4526.0,1644.0,0.0,1.0011441647597252,0,False,False,True
2023-02-07,2023-02-07 16:32:00+00:00,2023-02-08 07:02:00+00:00,8231.0,2112.0,0.75,1.0,0,False,False,True
2023-02-08,2023-02-08 16:34:00+00:00,2023-02-09 07:00:00+00:00,4690.0,1428.0,0.0,1.0046189376443417,0,False,False,True
2023-02-09,2023-02-09 16:36:00+00:00,2023-02-10 06:59:00+00:00,27134.0,7668.0,3.1666666666666665,0.9965237543453072,0,False,True,True
2023-02-10,2023-02-10 16:38:00+00:00,2023-02-11 06:57:00+00:00,7491.0,2868.0,0.5,1.0011641443538999,0,False,False,True
2023-02-11,2023-02-11 16:40:00+00:00,2023-02-12 06:55:00+00:00,7825.0,2040.0,0.25,1.0058479532163742,0,False,False,True
2023-02-12,2023-02-12 16:42:00+00:00,2023-02-13 06:53:00+00:00,5661.0,960.0,0.0,0.9988249118683901,0,False,False,True
2023-02-13,2023-02-13 16:44:00+00:00,2023-02-14 06:51:00+00:00,4280.0,1572.0,0.0,1.0035419126328218,0,False,False,True
2023-02-14,2023-02-14 16:46:00+00:00,2023-02-15 06:49:00+00:00,4601.0,2724.0,0.25,0.9964412811387899,0,False,False,True
2023-02-15,2023-02-15 16:48:00+00:00,2023-02-16 06:47:00+00:00,6461.0,2088.0,0.25,1.00119189511323,0,False,False,True
2023-02-16,2023-02-16 16:50:00+00:00,2023-02-17 06:45:00+00:00,2631.0,444.0,0.0,1.0059880239520957,0,False,False,True
2023-02-17,2023-02-17 16:52:00+00:00,2023-02-18 06:43:00+00:00,6031.0,1824.0,0.0,0.9987966305655835,0,False,False,True
2023-02-18,2023-02-18 16:54:00+00:00,2023-02-19 06:41:00+00:00,17922.0,8448.0,1.6666666666666665,1.003627569528416,0,False,False,True
2023-02-19,2023-02-19 16:56:00+00:00,2023-02-20 06:39:00+00:00,7882.0,5856.0,0.25,0.9963547995139731,0,False,False,True
2023-02-20,2023-02-20 16:57:00+00:00,2023-02-21 06:37:00+00:00,2605.0,468.0,0.0,1.0,0,False,False,True
2023-02-21,2023-02-21 16:59:00+00:00,2023-02-22 06:34:00+00:00,5922.0,1752.0,0.0,0.9999999999999998,0,False,False,True
2023-02-22,2023-02-22 17:01:00+00:00,2023-02-23 06:32:00+00:00,5693.0,2412.0,0.5,0.9987669543773119,0,False,False,True
2023-02-23,2023-02-23 17:03:00+00:00,2023-02-24 06:30:00+00:00,2943.0,948.0,0.0,1.003717472118959,0,False,False,True
2023-02-24,2023-02-24 17:05:00+00:00,2023-02-25 06:28:00+00:00,5650.0,1932.0,0.0,1.0024906600249066,0,False,False,True
2023-02-25,2023-02-25 17:07:00+00:00,2023-02-26 06:26:00+00:00,6272.0,2064.0,0.25,1.0012515644555693,0,False,False,True
2023-02-26,2023-02-26 17:09:00+00:00,2023-02-27 06:24:00+00:00,8978.0,3840.0,0.25,1.0,0,False,False,True
2023-02-27,2023-02-27 17:11:00+00:00,2023-02-28 06:22:00+00:00,5123.0,2916.0,0.3333333333333333,0.9987357774968393,0,False,False,True
2023-02-28,2023-02-28 17:13:00+00:00,2023-03-01 06:19:00+00:00,4595.0,1728.0,0.0,0.9987277353689566,0,False,False,True
2023-03-01,2023-03-01 17:15:00+00:00,2023-03-02 06:17:00+00:00,6478.0,1920.0,0.0,1.0038363171355498,0,False,False,True
2023-03-02,2023-03-02 17:16:00+00:00,2023-03-03 06:15:00+00:00,3380.0,1824.0,0.0,1.0012836970474968,0,False,False,True
2023-03-03,2023-03-03 17:18:00+00:00,2023-03-04 06:13:00+00:00,5693.0,1872.0,0.0,1.0,0,False,False,True
2023-03-04,2023-03-04 17:20:00+00:00,2023-03-05 06:10:00+00:00,6642.0,2748.0,0.25,1.0064935064935063,0,False,False,True
2023-03-05,2023-03-05 17:22:00+00:00,2023-03-06 06:08:00+00:00,8103.0,2556.0,0.25,0.9986945169712793,0,False,False,True
2023-03-06,2023-03-06 17:24:00+00:00,2023-03-07 06:06:00+00:00,4187.0,1944.0,0.0,1.0039370078740157,0,False,False,True
2023-03-07,2023-03-07 17:26:00+00:00,2023-03-08 06:04:00+00:00,3576.0,1296.0,0.0,0.996042216358839,0,False,False,True
2023-03-08,2023-03-08 17:27:00+00:00,2023-03-09 06:01:00+00:00,14297.0,8268.0,1.5833333333333333,1.0013262599469495,0,False,False,True
2023-03-09,2023-03-09 17:29:00+00:00,2023-03-10 05:59:00+00:00,4415.0,2520.0,0.25,1.0,0,False,False,True
2023-03-10,2023-03-10 17:31:00+00:00,2023-03-11 05:57:00+00:00,6558.0,1908.0,0.0,0.9986595174262733,0,False,False,True
2023-03-11,2023-03-11 17:33:00+00:00,2023-03-12 05:55:00+00:00,8589.0,2496.0,0.75,1.0040431266846361,0,False,False,True
2023-03-12,2023-03-12 17:35:00+00:00,2023-03-13 05:52:00+00:00,5936.0,1776.0,0.0,1.0040705563093621,0,False,False,True
2023-03-13,2023-03-13 17:36:00+00:00,2023-03-14 05:50:00+00:00,3507.0,1608.0,0.0,1.0013623978201633,0,False,False,True
2023-03-14,2023-03-14 17:38:00+00:00,2023-03-15 05:48:00+00:00,3687.0,1332.0,0.0,1.0,0,False,False,True
2023-03-15,2023-03-15 17:40:00+00:00,2023-03-16 05:45:00+00:00,3636.0,1308.0,0.0,1.0068965517241377,0,False,False,True
2023-03-16,2023-03-16 17:42:00+00:00,2023-03-17 05:43:00+00:00,2692.0,2184.0,0.08333333333333333,0.9986130374479888,0,False,False,True
2023-03-17,2023-03-17 17:44:00+00:00,2023-03-18 05:41:00+00:00,3561.0,2628.0,0.08333333333333333,1.00418410041841,0,False,False,True
2023-03-18,2023-03-18 17:45:00+00:00,2023-03-19 05:38:00+00:00,6252.0,1956.0,0.0,1.002805049088359,0,False,False,True
2023-03-19,2023-03-19 17:47:00+00:00,2023-03-20 05:36:00+00:00,7529.0,2112.0,0.25,1.001410437235543,0,False,False,True
2023-03-20,2023-03-20 17:49:00+00:00,2023-03-21 05:34:00+00:00,3491.0,1608.0,0.0,1.0,0,False,False,True
2023-03-21,2023-03-21 17:51:00+00:00,2023-03-22 05:31:00+00:00,3545.0,1644.0,0.0,1.0,0,False,False,True
2023-03-22,2023-03-22 17:53:00+00:00,2023-03-23 05:29:00+00:00,3443.0,1584.0,0.0,0.9985632183908045,0,False,False,True
2023-03-23,2023-03-23 17:54:00+00:00,2023-03-24 05:27:00+00:00,3789.0,2244.0,0.16666666666666666,1.0028860028860027,0,False,False,True
2023-03-24,2023-03-24 17:56:00+00:00,2023-03-25 05:24:00+00:00,5139.0,1476.0,0.0,0.9956395348837208,0,False,False,True
2023-03-25,2023-03-25 17:58:00+00:00,2023-03-26 05:22:00+00:00,6037.0,2076.0,0.25,1.0014619883040934,0,False,False,True
2023-03-26,2023-03-26 18:00:00+00:00,2023-03-27 05:20:00+00:00,4702.0,1920.0,0.0,1.0073529411764703,0,False,False,True
2023-03-27,2023-03-27 18:01:00+00:00,2023-03-28 05:18:00+00:00,3935.0,1776.0,0.0,0.9970457902511077,0,False,False,True
2023-03-28,2023-03-28 18:03:00+00:00,2023-03-29 05:15:00+00:00,3260.0,1548.0,0.0,1.0044642857142856,0,False,False,True
2023-03-29,2023-03-29 18:05:00+00:00,2023-03-30 05:13:00+00:00,3277.0,1476.0,0.0,1.0029940119760479,0,False,False,True
2023-03-30,2023-03-30 18:07:00+00:00,2023-03-31 05:11:00+00:00,1873.0,264.0,0.0,1.0015060240963856,0,False,False,True
2023-03-31,2023-03-31 18:08:00+00:00,2023-04-01 05:08:00+00:00,4328.0,1548.0,0.0,1.0,0,False,False,True
2023-04-01,2023-04-01 18:10:00+00:00,2023-04-02 05:06:00+00:00,1959.0,228.0,0.0,1.0060975609756095,0,False,False,True
2023-04-02,2023-04-02 18:12:00+00:00,2023-04-03 05:04:00+00:00,1889.0,264.0,0.0,0.9969325153374232,0,False,False,True
2023-04-03,2023-04-03 18:14:00+00:00,2023-04-04 05:01:00+00:00,3162.0,1608.0,0.0,1.0046367851622875,0,False,False,True
2023-04-04,2023-04-04 18:15:00+00:00,2023-04-05 04:59:00+00:00,4051.0,1656.0,0.0,1.0015527950310559,0,False,False,True
2023-04-05,2023-04-05 18:17:00+00:00,2023-04-06 04:57:00+00:00,2867.0,1392.0,0.0,1.0,0,False,False,True
2023-04-06,2023-04-06 18:19:00+00:00,2023-04-07 04:55:00+00:00,1816.0,372.0,0.0,1.0062893081761006,0,False,False,True
2023-04-07,2023-04-07 18:20:00+00:00,2023-04-08 04:52:00+00:00,2061.0,468.0,0.0,1.004746835443038,0,False,False,True
2023-04-08,2023-04-08 18:22:00+00:00,2023-04-09 04:50:00+00:00,4130.0,2208.0,0.25,1.003184713375796,0,False,False,True
2023-04-09,2023-04-09 18:24:00+00:00,2023-04-10 04:48:00+00:00,2838.0,1392.0,0.0,1.001602564102564,0,False,False,True
2023-04-10,2023-04-10 18:26:00+00:00,2023-04-11 04:46:00+00:00,1881.0,576.0,0.0,0.9999999999999999,0,False,False,True
2023-04-11,2023-04-11 18:27:00+00:00,2023-04-12 04:44:00+00:00,5764.0,2160.0,0.25,0.9967585089141004,0,False,False,True
2023-04-12,2023-04-12 18:29:00+00:00,2023-04-13 04:41:00+00:00,4696.0,1800.0,0.0,1.0049019607843137,0,False,False,True
2023-04-13,2023-04-13 18:31:00+00:00,2023-04-14 04:39:00+00:00,4966.0,1824.0,0.0,0.9950657894736843,0,False,False,True
2023-04-14,2023-04-14 18:33:00+00:00,2023-04-15 04:37:00+00:00,4016.0,1884.0,0.0,1.0016556291390728,0,False,False,True
2023-04-15,2023-04-15 18:34:00+00:00,2023-04-16 04:35:00+00:00,5330.0,1644.0,0.0,1.006655574043261,0,False,False,True
2023-04-16,2023-04-16 18:36:00+00:00,2023-04-17 04:33:00+00:00,8420.0,4332.0,2.1666666666666665,0.9966499162479062,0,False,True,True
2023-04-17,2023-04-17 18:38:00+00:00,2023-04-18 04:31:00+00:00,5899.0,1692.0,0.0,1.0033726812816188,0,False,False,True
2023-04-18,2023-04-18 18:39:00+00:00,2023-04-19 04:28:00+00:00,2547.0,1332.0,0.0,1.00169779286927,0,False,False,True
2023-04-19,2023-04-19 18:41:00+00:00,2023-04-20 04:26:00+00:00,1788.0,1488.0,0.0,1.0,0,False,False,True
2023-04-20,2023-04-20 18:43:00+00:00,2023-04-21 04:24:00+00:00,1605.0,1272.0,0.0,0.9982788296041308,0,False,False,True
2023-04-21,2023-04-21 18:45:00+00:00,2023-04-22 04:22:00+00:00,2908.0,1524.0,0.0,1.0051993067590987,0,False,False,True
2023-04-22,2023-04-22 18:46:00+00:00,2023-04-23 04:20:00+00:00,3520.0,2028.0,0.25,1.0017421602787457,0,False,False,True
2023-04-23,2023-04-23 18:48:00+00:00,2023-04-24 04:18:00+00:00,1562.0,252.0,0.0,1.0,0,False,False,True
2023-04-24,2023-04-24 18:50:00+00:00,2023-04-25 04:16:00+00:00,3059.0,1788.0,0.0,1.0070671378091873,0,False,False,True
2023-04-25,2023-04-25 18:51:00+00:00,2023-04-26 04:14:00+00:00,2694.0,1368.0,0.0,0.9946714031971581,0,False,False,True
2023-04-26,2023-04-26 18:53:00+00:00,2023-04-27 04:12:00+00:00,3840.0,540.0,0.0,1.001788908765653,0,False,False,True
2023-04-27,2023-04-27 18:55:00+00:00,2023-04-28 04:10:00+00:00,3496.0,468.0,0.0,1.009009009009009,0,False,False,True
2023-04-28,2023-04-28 18:56:00+00:00,2023-04-29 04:08:00+00:00,1155.0,156.0,0.0,0.996376811594203,0,False,False,True
2023-04-29,2023-04-29 18:58:00+00:00,2023-04-30 04:06:00+00:00,3030.0,444.0,0.0,1.0036496350364965,0,False,False,True
2023-04-30,2023-04-30 19:00:00+00:00,2023-05-01 04:04:00+00:00,4729.0,936.0,0.0,1.0018382352941178,0,False,False,True
2023-05-01,2023-05-01 19:01:00+00:00,2023-05-02 04:03:00+00:00,5406.0,1932.0,0.0,0.9963099630996309,0,False,False,True
2023-05-02,2023-05-02 19:03:00+00:00,2023-05-03 04:01:00+00:00,5211.0,1752.0,0.0,1.003717472118959,0,False,False,True
2023-05-03,2023-05-03 19:05:00+00:00,2023-05-04 03:59:00+00:00,7883.0,7368.0,1.0,1.0018726591760299,0,False,False,True
2023-05-04,2023-05-04 19:06:00+00:00,2023-05-05 03:57:00+00:00,2372.0,1392.0,0.0,0.9981167608286252,0,False,False,True
2023-05-05,2023-05-05 19:08:00+00:00,2023-05-06 03:55:00+00:00,7223.0,7740.0,0.75,1.0056925996204933,0,False,False,True
2023-05-06,2023-05-06 19:10:00+00:00,2023-05-07 03:54:00+00:00,5116.0,1812.0,0.0,1.001908396946565,0,False,False,True
2023-05-07,2023-05-07 19:11:00+00:00,2023-05-08 03:52:00+00:00,2640.0,2220.0,0.25,0.9980806142034548,0,False,False,True
2023-05-08,2023-05-08 19:13:00+00:00,2023-05-09 03:50:00+00:00,2571.0,1788.0,0.0,1.0058027079303675,0,False,False,True
2023-05-09,2023-05-09 19:15:00+00:00,2023-05-10 03:48:00+00:00,2342.0,1440.0,0.0,1.0038986354775827,0,False,False,True
2023-05-10,2023-05-10 19:16:00+00:00,2023-05-11 03:47:00+00:00,1371.0,336.0,0.0,0.9980430528375732,0,False,False,True
2023-05-11,2023-05-11 19:18:00+00:00,2023-05-12 03:45:00+00:00,1252.0,336.0,0.0,1.0059171597633136,0,False,False,True
2023-05-12,2023-05-12 19:19:00+00:00,2023-05-13 03:44:00+00:00,8456.0,7440.0,0.75,1.0,0,False,False,True
2023-05-13,2023-05-13 19:21:00+00:00,2023-05-14 03:42:00+00:00,2383.0,432.0,0.0,0.998003992015968,0,False,False,True
2023-05-14,2023-05-14 19:22:00+00:00,2023-05-15 03:41:00+00:00,2566.0,1644.0,0.0,1.0020040080160322,0,False,False,True
2023-05-15,2023-05-15 19:24:00+00:00,2023-05-16 03:39:00+00:00,1161.0,240.0,0.0,1.0,0,False,False,True
2023-05-16,2023-05-16 19:25:00+00:00,2023-05-17 03:38:00+00:00,2513.0,1332.0,0.0,1.0040567951318458,0,False,False,True
2023-05-17,2023-05-17 19:27:00+00:00,2023-05-18 03:36:00+00:00,1005.0,144.0,0.0,1.002044989775051,0,False,False,True
2023-05-18,2023-05-18 19:28:00+00:00,2023-05-19 03:35:00+00:00,1002.0,144.0,0.0,1.0061601642710472,0,False,False,True
2023-05-19,2023-05-19 19:30:00+00:00,2023-05-20 03:34:00+00:00,994.0,144.0,0.0,1.0020661157024793,0,False,False,True
2023-05-20,2023-05-20 19:31:00+00:00,2023-05-21 03:32:00+00:00,974.0,144.0,0.0,0.9979209979209978,0,False,False,True
2023-05-21,2023-05-21 19:33:00+00:00,2023-05-22 03:31:00+00:00,2740.0,1380.0,0.0,1.00418410041841,0,False,False,True
2023-05-22,2023-05-22 19:34:00+00:00,2023-05-23 03:30:00+00:00,1840.0,1584.0,0.0,1.0084033613445378,0,False,False,True
2023-05-23,2023-05-23 19:35:00+00:00,2023-05-24 03:29:00+00:00,2555.0,1752.0,0.0,1.00210970464135,0,False,False,True
2023-05-24,2023-05-24 19:37:00+00:00,2023-05-25 03:27:00+00:00,2406.0,1020.0,0.0,1.0,0,False,False,True
2023-05-25,2023-05-25 19:38:00+00:00,2023-05-26 03:26:00+00:00,2455.0,1548.0,0.0,1.0042735042735043,0,False,False,True
2023-05-26,2023-05-26 19:39:00+00:00,2023-05-27 03:25:00+00:00,956.0,144.0,0.0,1.0085836909871244,0,False,False,True
2023-05-27,2023-05-27 19:41:00+00:00,2023-05-28 03:24:00+00:00,931.0,144.0,0.0,0.9935205183585313,0,False,False,True
2023-05-28,2023-05-28 19:42:00+00:00,2023-05-29 03:23:00+00:00,937.0,156.0,0.0,0.9978308026030368,0,False,False,True
2023-05-29,2023-05-29 19:43:00+00:00,2023-05-30 03:22:00+00:00,1556.0,744.0,0.0,1.0021786492374727,0,False,False,True
2023-05-30,2023-05-30 19:44:00+00:00,2023-05-31 03:21:00+00:00,1229.0,372.0,0.0,1.0065645514223194,0,False,False,True
2023-05-31,2023-05-31 19:45:00+00:00,2023-06-01 03:21:00+00:00,22709.0,8508.0,3.0,1.0087719298245614,0,False,True,True
2023-06-01,2023-06-01 19:46:00+00:00,2023-06-02 03:20:00+00:00,2015.0,1728.0,0.0,1.0022026431718063,0,False,False,True
2023-06-02,2023-06-02 19:47:00+00:00,2023-06-03 03:19:00+00:00,3143.0,3264.0,0.25,0.9955752212389379,0,False,False,True
2023-06-03,2023-06-03 19:48:00+00:00,2023-06-04 03:18:00+00:00,2297.0,1644.0,0.0,1.0,0,False,False,True
2023-06-04,2023-06-04 19:49:00+00:00,2023-06-05 03:18:00+00:00,2288.0,1344.0,0.0,1.0022271714922049,0,False,False,True
2023-06-05,2023-06-05 19:50:00+00:00,2023-06-06 03:17:00+00:00,1504.0,1392.0,0.0,1.006711409395973,0,False,False,True
2023-06-06,2023-06-06 19:51:00+00:00,2023-06-07 03:17:00+00:00,2321.0,1716.0,0.0,0.9977578475336323,0,False,False,True
2023-06-07,2023-06-07 19:52:00+00:00,2023-06-08 03:16:00+00:00,1532.0,1392.0,0.0,1.0022522522522521,0,False,False,True
2023-06-08,2023-06-08 19:53:00+00:00,2023-06-09 03:16:00+00:00,28499.0,7464.0,4.0,1.0045146726862302,0,False,True,True
2023-06-09,2023-06-09 19:54:00+00:00,2023-06-10 03:15:00+00:00,3050.0,1812.0,0.0,1.0090702947845804,0,False,False,True
2023-06-10,2023-06-10 19:54:00+00:00,2023-06-11 03:15:00+00:00,2891.0,528.0,0.0,1.0090702947845804,0,False,False,True
2023-06-11,2023-06-11 19:55:00+00:00,2023-06-12 03:15:00+00:00,4230.0,2052.0,0.25,1.0113636363636365,0,False,False,True
2023-06-12,2023-06-12 19:56:00+00:00,2023-06-13 03:14:00+00:00,5954.0,1824.0,0.0,0.9931506849315067,0,False,False,True
2023-06-13,2023-06-13 19:56:00+00:00,2023-06-14 03:14:00+00:00,5797.0,1824.0,0.0,0.9931506849315067,0,False,False,True
2023-06-14,2023-06-14 19:57:00+00:00,2023-06-15 03:14:00+00:00,4967.0,1908.0,0.0,0.9954233409610983,0,False,False,True
2023-06-15,2023-06-15 19:57:00+00:00,2023-06-16 03:14:00+00:00,1356.0,408.0,0.0,0.9954233409610983,0,False,False,True
2023-06-16,2023-06-16 19:58:00+00:00,2023-06-17 03:14:00+00:00,2627.0,1296.0,0.0,0.9977064220183486,0,False,False,True
2023-06-17,2023-06-17 19:58:00+00:00,2023-06-18 03:14:00+00:00,3931.0,1572.0,0.0,0.9977064220183486,0,False,False,True
2023-06-18,2023-06-18 19:59:00+00:00,2023-06-19 03:14:00+00:00,3581.0,660.0,0.0,1.0,0,False,False,True
2023-06-19,2023-06-19 19:59:00+00:00,2023-06-20 03:14:00+00:00,3498.0,1692.0,0.0,1.0,0,False,False,True
2023-06-20,2023-06-20 19:59:00+00:00,2023-06-21 03:14:00+00:00,4375.0,1728.0,0.0,1.0,0,False,False,True
2023-06-21,2023-06-21 19:59:00+00:00,2023-06-22 03:14:00+00:00,1142.0,240.0,0.0,1.0,0,False,False,True
2023-06-22,2023-06-22 19:59:00+00:00,2023-06-23 03:15:00+00:00,1412.0,804.0,0.0,1.0091743119266054,0,False,False,True
2023-06-23,2023-06-23 20:00:00+00:00,2023-06-24 03:15:00+00:00,2048.0,1488.0,0.0,1.0114942528735633,0,False,False,True
2023-06-24,2023-06-24 20:00:00+00:00,2023-06-25 03:15:00+00:00,6907.0,2040.0,0.25,1.0114942528735633,0,False,False,True
2023-06-25,2023-06-25 20:00:00+00:00,2023-06-26 03:16:00+00:00,5204.0,2196.0,0.5,1.0091743119266054,0,False,False,True
2023-06-26,2023-06-26 19:59:00+00:00,2023-06-27 03:16:00+00:00,2157.0,1296.0,0.0,1.0068649885583523,0,False,False,True
2023-06-27,2023-06-27 19:59:00+00:00,2023-06-28 03:17:00+00:00,2136.0,1560.0,0.0,1.004566210045662,0,False,False,True
2023-06-28,2023-06-28 19:59:00+00:00,2023-06-29 03:17:00+00:00,1168.0,228.0,0.0,1.004566210045662,0,False,False,True
2023-06-29,2023-06-29 19:59:00+00:00,2023-06-30 03:18:00+00:00,2441.0,1356.0,0.0,1.0022779043280183,0,False,False,True
2023-06-30,2023-06-30 19:59:00+00:00,2023-07-01 03:18:00+00:00,1419.0,432.0,0.0,1.0022779043280183,0,False,False,True
2023-07-01,2023-07-01 19:58:00+00:00,2023-07-02 03:19:00+00:00,1602.0,348.0,0.0,0.9977324263038548,0,False,False,True
2023-07-02,2023-07-02 19:58:00+00:00,2023-07-03 03:20:00+00:00,1676.0,804.0,0.0,1.006787330316742,0,False,False,True
2023-07-03,2023-07-03 19:58:00+00:00,2023-07-04 03:20:00+00:00,1471.0,1320.0,0.0,1.006787330316742,0,False,False,True
2023-07-04,2023-07-04 19:57:00+00:00,2023-07-05 03:21:00+00:00,4601.0,1584.0,0.0,1.0022522522522521,0,False,False,True
2023-07-05,2023-07-05 19:56:00+00:00,2023-07-06 03:22:00+00:00,3387.0,1500.0,0.0,0.9977578475336323,0,False,False,True
2023-07-06,2023-07-06 19:56:00+00:00,2023-07-07 03:23:00+00:00,3240.0,1668.0,0.0,0.9955257270693512,0,False,False,True
2023-07-07,2023-07-07 19:55:00+00:00,2023-07-08 03:24:00+00:00,3609.0,1680.0,0.0,1.0022271714922049,0,False,False,True
2023-07-08,2023-07-08 19:55:00+00:00,2023-07-09 03:25:00+00:00,4325.0,1392.0,0.0,1.011111111111111,0,False,False,True
2023-07-09,2023-07-09 19:54:00+00:00,2023-07-10 03:26:00+00:00,5573.0,1956.0,0.0,1.0066371681415929,0,False,False,True
2023-07-10,2023-07-10 19:53:00+00:00,2023-07-11 03:27:00+00:00,6569.0,2232.0,0.25,1.0022026431718063,0,False,False,True
2023-07-11,2023-07-11 19:52:00+00:00,2023-07-12 03:28:00+00:00,6533.0,1776.0,0.0,0.9978070175438596,0,False,False,True
2023-07-12,2023-07-12 19:51:00+00:00,2023-07-13 03:29:00+00:00,3202.0,1476.0,0.0,0.9934497816593886,0,False,False,True
2023-07-13,2023-07-13 19:50:00+00:00,2023-07-14 03:30:00+00:00,1896.0,756.0,0.0,1.0108695652173911,0,False,False,True
2023-07-14,2023-07-14 19:49:00+00:00,2023-07-15 03:31:00+00:00,2846.0,1068.0,0.0,1.0064935064935063,0,False,False,True
2023-07-15,2023-07-15 19:48:00+00:00,2023-07-16 03:32:00+00:00,1018.0,168.0,0.0,1.002155172413793,0,False,False,True
2023-07-16,2023-07-16 19:47:00+00:00,2023-07-17 03:34:00+00:00,1245.0,264.0,0.0,0.9957173447537473,0,False,False,True
2023-07-17,2023-07-17 19:46:00+00:00,2023-07-18 03:35:00+00:00,1846.0,792.0,0.0,1.0021321961620469,0,False,False,True
2023-07-18,2023-07-18 19:45:00+00:00,2023-07-19 03:36:00+00:00,1359.0,324.0,0.0,1.0084925690021231,0,False,False,True
2023-07-19,2023-07-19 19:44:00+00:00,2023-07-20 03:37:00+00:00,1663.0,744.0,0.0,1.004228329809725,0,False,False,True
2023-07-20,2023-07-20 19:43:00+00:00,2023-07-21 03:39:00+00:00,2730.0,1260.0,0.0,0.9978991596638656,0,False,False,True
2023-07-21,2023-07-21 19:41:00+00:00,2023-07-22 03:40:00+00:00,1544.0,240.0,0.0,1.0020876826722338,0,False,False,True
2023-07-22,2023-07-22 19:40:00+00:00,2023-07-23 03:41:00+00:00,1751.0,1236.0,0.0,1.008316008316008,0,False,False,True
2023-07-23,2023-07-23 19:39:00+00:00,2023-07-24 03:43:00+00:00,2448.0,1548.0,0.0,1.0020661157024793,0,False,False,True
2023-07-24,2023-07-24 19:37:00+00:00,2023-07-25 03:44:00+00:00,2498.0,1668.0,0.0,0.9958932238193018,0,False,False,True
2023-07-25,2023-07-25 19:36:00+00:00,2023-07-26 03:45:00+00:00,1710.0,1236.0,0.0,1.002044989775051,0,False,False,True
2023-07-26,2023-07-26 19:35:00+00:00,2023-07-27 03:47:00+00:00,3777.0,1044.0,0.0,1.0060975609756098,0,False,False,True
2023-07-27,2023-07-27 19:33:00+00:00,2023-07-28 03:48:00+00:00,5098.0,2472.0,0.25,1.0,0,False,False,True
2023-07-28,2023-07-28 19:31:00+00:00,2023-07-29 03:50:00+00:00,1064.0,156.0,0.0,1.0020040080160322,0,False,False,True
2023-07-29,2023-07-29 19:30:00+00:00,2023-07-30 03:51:00+00:00,1075.0,156.0,0.0,1.0079840319361277,0,False,False,True
2023-07-30,2023-07-30 19:28:00+00:00,2023-07-31 03:53:00+00:00,1076.0,156.0,0.0,1.0,0,False,False,True
2023-07-31,2023-07-31 19:27:00+00:00,2023-08-01 03:54:00+00:00,1077.0,156.0,0.0,0.9960552268244577,0,False,False,True
2023-08-01,2023-08-01 19:25:00+00:00,2023-08-02 03:56:00+00:00,1101.0,156.0,0.0,1.0078277886497062,0,False,False,True
2023-08-02,2023-08-02 19:23:00+00:00,2023-08-03 03:57:00+00:00,1098.0,144.0,0.0,1.0019455252918288,0,False,False,True
2023-08-03,2023-08-03 19:22:00+00:00,2023-08-04 03:59:00+00:00,1030.0,144.0,0.0,0.9961315280464216,0,False,False,True
2023-08-04,2023-08-04 19:20:00+00:00,2023-08-05 04:00:00+00:00,1051.0,144.0,0.0,1.0096153846153846,0,False,False,True
2023-08-05,2023-08-05 19:18:00+00:00,2023-08-06 04:02:00+00:00,2694.0,456.0,0.0,1.001908396946565,0,False,False,True
2023-08-06,2023-08-06 19:16:00+00:00,2023-08-07 04:03:00+00:00,2762.0,420.0,0.0,0.9962049335863377,0,False,False,True
2023-08-07,2023-08-07 19:14:00+00:00,2023-08-08 04:05:00+00:00,3329.0,636.0,0.0,1.0075329566854991,0,False,False,True
2023-08-08,2023-08-08 19:13:00+00:00,2023-08-09 04:06:00+00:00,3757.0,600.0,0.0,1.00375234521576,0,False,False,True
2023-08-09,2023-08-09 19:11:00+00:00,2023-08-10 04:08:00+00:00,3084.0,408.0,0.0,0.9962756052141528,0,False,False,True
2023-08-10,2023-08-10 19:09:00+00:00,2023-08-11 04:10:00+00:00,3285.0,504.0,0.0,1.0073937153419592,0,False,False,True
2023-08-11,2023-08-11 19:07:00+00:00,2023-08-12 04:11:00+00:00,3246.0,564.0,0.0,1.0018382352941178,0,False,False,True
2023-08-12,2023-08-12 19:05:00+00:00,2023-08-13 04:13:00+00:00,3230.0,468.0,0.0,1.0036496350364965,0,False,False,True
2023-08-13,2023-08-13 19:03:00+00:00,2023-08-14 04:14:00+00:00,3920.0,624.0,0.0,0.9981851179673321,0,False,False,True
2023-08-14,2023-08-14 19:01:00+00:00,2023-08-15 04:16:00+00:00,6406.0,1728.0,0.0,1.0,0,False,False,True
2023-08-15,2023-08-15 18:59:00+00:00,2023-08-16 04:17:00+00:00,4475.0,1992.0,0.0,1.003584229390681,0,False,False,True
2023-08-16,2023-08-16 18:57:00+00:00,2023-08-17 04:19:00+00:00,5554.0,2016.0,0.25,0.9964412811387899,0,False,False,True
2023-08-17,2023-08-17 18:55:00+00:00,2023-08-18 04:21:00+00:00,4284.0,1632.0,0.0,1.0070671378091873,0,False,False,True
2023-08-18,2023-08-18 18:53:00+00:00,2023-08-19 04:22:00+00:00,1242.0,156.0,0.0,1.0017574692442883,0,False,False,True
2023-08-19,2023-08-19 18:51:00+00:00,2023-08-20 04:24:00+00:00,1240.0,156.0,0.0,0.9947643979057591,0,False,False,True
2023-08-20,2023-08-20 18:49:00+00:00,2023-08-21 04:25:00+00:00,4209.0,1152.0,0.0,1.0069444444444444,0,False,False,True
2023-08-21,2023-08-21 18:47:00+00:00,2023-08-22 04:27:00+00:00,4351.0,1488.0,0.0,1.0,0,False,False,True
2023-08-22,2023-08-22 18:44:00+00:00,2023-08-23 04:29:00+00:00,4166.0,1740.0,0.0,1.0,0,False,False,True
2023-08-23,2023-08-23 18:42:00+00:00,2023-08-24 04:30:00+00:00,4537.0,2172.0,0.25,1.0034013605442176,0,False,False,True
2023-08-24,2023-08-24 18:40:00+00:00,2023-08-25 04:32:00+00:00,4376.0,1764.0,0.0,1.0050675675675675,0,False,False,True
2023-08-25,2023-08-25 18:38:00+00:00,2023-08-26 04:34:00+00:00,6809.0,2028.0,0.25,0.9983221476510067,0,False,False,True
2023-08-26,2023-08-26 18:36:00+00:00,2023-08-27 04:35:00+00:00,4987.0,1572.0,0.0,1.001669449081803,0,False,False,True
2023-08-27,2023-08-27 18:33:00+00:00,2023-08-28 04:37:00+00:00,4365.0,1560.0,0.0,1.0016556291390728,0,False,False,True
2023-08-28,2023-08-28 18:31:00+00:00,2023-08-29 04:38:00+00:00,3956.0,1560.0,0.0,0.9967051070840197,0,False,False,True
2023-08-29,2023-08-29 18:29:00+00:00,2023-08-30 04:40:00+00:00,5593.0,2868.0,0.5,1.006546644844517,0,False,False,True
2023-08-30,2023-08-30 18:27:00+00:00,2023-08-31 04:42:00+00:00,4866.0,1524.0,0.0,1.0,0,False,False,True
2023-08-31,2023-08-31 18:25:00+00:00,2023-09-01 04:43:00+00:00,5599.0,1596.0,0.0,1.0032362459546924,0,False,False,True
2023-09-01,2023-09-01 18:22:00+00:00,2023-09-02 04:45:00+00:00,5011.0,1608.0,0.0,1.0032102728731942,0,False,False,True
2023-09-02,2023-09-02 18:20:00+00:00,2023-09-03 04:46:00+00:00,10357.0,7836.0,1.0,1.0063897763578276,0,False,False,True
2023-09-03,2023-09-03 18:18:00+00:00,2023-09-04 04:48:00+00:00,3125.0,1356.0,0.0,1.0,0,False,False,True
2023-09-04,2023-09-04 18:15:00+00:00,2023-09-05 04:50:00+00:00,2925.0,1548.0,0.0,1.0078740157480315,0,False,False,True
2023-09-05,2023-09-05 18:13:00+00:00,2023-09-06 04:51:00+00:00,4303.0,2124.0,0.25,1.0031347962382446,0,False,False,True
2023-09-06,2023-09-06 18:11:00+00:00,2023-09-07 04:53:00+00:00,4333.0,1740.0,0.0,0.9968847352024922,0,False,False,True
2023-09-07,2023-09-07 18:08:00+00:00,2023-09-08 04:55:00+00:00,4369.0,828.0,0.0,1.0046367851622875,0,False,False,True
2023-09-08,2023-09-08 18:06:00+00:00,2023-09-09 04:56:00+00:00,6146.0,1188.0,0.0,0.9999999999999998,0,False,False,True
2023-09-09,2023-09-09 18:04:00+00:00,2023-09-10 04:58:00+00:00,6856.0,2484.0,0.25,1.0015290519877675,0,False,False,True
2023-09-10,2023-09-10 18:01:00+00:00,2023-09-11 05:00:00+00:00,6070.0,1836.0,0.0,1.0015174506828528,0,False,False,True
2023-09-11,2023-09-11 17:59:00+00:00,2023-09-12 05:01:00+00:00,5918.0,1812.0,0.0,1.0045317220543806,0,False,False,True
2023-09-12,2023-09-12 17:57:00+00:00,2023-09-13 05:03:00+00:00,5077.0,1728.0,0.0,0.9984984984984984,0,False,False,True
2023-09-13,2023-09-13 17:54:00+00:00,2023-09-14 05:04:00+00:00,2067.0,960.0,0.0,1.0,0,False,False,True
2023-09-14,2023-09-14 17:52:00+00:00,2023-09-15 05:06:00+00:00,2353.0,900.0,0.0,1.0014836795252224,0,False,False,True
2023-09-15,2023-09-15 17:50:00+00:00,2023-09-16 05:08:00+00:00,3588.0,1356.0,0.0,1.0029498525073746,0,False,False,True
2023-09-16,2023-09-16 17:47:00+00:00,2023-09-17 05:09:00+00:00,4540.0,1560.0,0.0,0.9970674486803519,0,False,False,True
2023-09-17,2023-09-17 17:45:00+00:00,2023-09-18 05:11:00+00:00,5986.0,2028.0,0.25,1.0058309037900874,0,False,False,True
2023-09-18,2023-09-18 17:43:00+00:00,2023-09-19 05:13:00+00:00,4195.0,2292.0,0.25,1.0,0,False,False,True
2023-09-19,2023-09-19 17:40:00+00:00,2023-09-20 05:14:00+00:00,6272.0,2652.0,0.5,1.0014409221902016,0,False,False,True
2023-09-20,2023-09-20 17:38:00+00:00,2023-09-21 05:16:00+00:00,23617.0,7908.0,2.833333333333333,1.002865329512894,0,False,True,True
2023-09-21,2023-09-21 17:36:00+00:00,2023-09-22 05:18:00+00:00,4519.0,1704.0,0.0,0.9971509971509971,0,False,False,True
2023-09-22,2023-09-22 17:33:00+00:00,2023-09-23 05:19:00+00:00,5100.0,1788.0,0.0,0.9985835694050991,0,False,False,True
2023-09-23,2023-09-23 17:31:00+00:00,2023-09-24 05:21:00+00:00,5238.0,1044.0,0.0,0.9999999999999998,0,False,False,True
2023-09-24,2023-09-24 17:28:00+00:00,2023-09-25 05:23:00+00:00,5647.0,1680.0,0.0,1.0,0,False,False,True
2023-09-25,2023-09-25 17:26:00+00:00,2023-09-26 05:24:00+00:00,6244.0,1884.0,0.0,0.9958217270194984,0,False,False,True
2023-09-26,2023-09-26 17:24:00+00:00,2023-09-27 05:26:00+00:00,5802.0,1620.0,0.0,1.0041551246537397,0,False,False,True
2023-09-27,2023-09-27 17:21:00+00:00,2023-09-28 05:28:00+00:00,5682.0,1968.0,0.0,0.9972489683631361,0,False,False,True
2023-09-28,2023-09-28 17:19:00+00:00,2023-09-29 05:29:00+00:00,6718.0,1776.0,0.0,1.0,0,False,False,True
2023-09-29,2023-09-29 17:17:00+00:00,2023-09-30 05:31:00+00:00,7002.0,2220.0,0.5,1.0013623978201633,0,False,False,True
2023-09-30,2023-09-30 17:14:00+00:00,2023-10-01 05:33:00+00:00,3162.0,1476.0,0.0,1.0013531799729363,0,False,False,True
2023-10-01,2023-10-01 17:12:00+00:00,2023-10-02 05:34:00+00:00,6615.0,2088.0,0.25,0.9973045822102425,0,False,False,True
2023-10-02,2023-10-02 17:10:00+00:00,2023-10-03 05:36:00+00:00,5738.0,1980.0,0.0,1.005361930294906,0,False,False,True
2023-10-03,2023-10-03 17:07:00+00:00,2023-10-04 05:38:00+00:00,5521.0,2028.0,0.25,0.9986684420772303,0,False,False,True
2023-10-04,2023-10-04 17:05:00+00:00,2023-10-05 05:40:00+00:00,6709.0,1656.0,0.0,1.0066225165562912,0,False,False,True
2023-10-05,2023-10-05 17:03:00+00:00,2023-10-06 05:41:00+00:00,5965.0,1836.0,0.0,1.0026385224274408,0,False,False,True
2023-10-06,2023-10-06 17:00:00+00:00,2023-10-07 05:43:00+00:00,6414.0,1752.0,0.0,1.00262123197903,0,False,False,True
2023-10-07,2023-10-07 16:58:00+00:00,2023-10-08 05:45:00+00:00,1748.0,156.0,0.0,1.0039113428943938,0,False,False,True
2023-10-08,2023-10-08 16:56:00+00:00,2023-10-09 05:47:00+00:00,4487.0,504.0,0.0,0.9987029831387807,0,False,False,True
2023-10-09,2023-10-09 16:53:00+00:00,2023-10-10 05:48:00+00:00,6968.0,2916.0,0.25,1.0,0,False,False,True
2023-10-10,2023-10-10 16:51:00+00:00,2023-10-11 05:50:00+00:00,6227.0,1704.0,0.0,1.0012836970474968,0,False,False,True
2023-10-11,2023-10-11 16:49:00+00:00,2023-10-12 05:52:00+00:00,8192.0,2268.0,0.5,1.0025542784163473,0,False,False,True
2023-10-12,2023-10-12 16:47:00+00:00,2023-10-13 05:54:00+00:00,4771.0,648.0,0.0,0.9974587039390088,0,False,False,True
2023-10-13,2023-10-13 16:44:00+00:00,2023-10-14 05:55:00+00:00,2757.0,1512.0,0.0,1.0050568900126422,0,False,False,True
2023-10-14,2023-10-14 16:42:00+00:00,2023-10-15 05:57:00+00:00,4092.0,1440.0,0.0,1.0,0,False,False,True
2023-10-15,2023-10-15 16:40:00+00:00,2023-10-16 05:59:00+00:00,6456.0,2304.0,1.0,1.0012515644555693,0,False,False,True
2023-10-16,2023-10-16 16:38:00+00:00,2023-10-17 06:01:00+00:00,7030.0,1956.0,0.0,1.0024906600249066,0,False,False,True
2023-10-17,2023-10-17 16:36:00+00:00,2023-10-18 06:02:00+00:00,21335.0,7884.0,2.25,0.998759305210918,0,False,True,True
2023-10-18,2023-10-18 16:33:00+00:00,2023-10-19 06:04:00+00:00,7701.0,1716.0,0.0,0.9987669543773119,0,False,False,True
2023-10-19,2023-10-19 16:31:00+00:00,2023-10-20 06:06:00+00:00,18621.0,9756.0,1.75,0.9999999999999998,0,False,False,True
2023-10-20,2023-10-20 16:29:00+00:00,2023-10-21 06:08:00+00:00,3213.0,1380.0,0.0,1.0012210012210012,0,False,False,True
2023-10-21,2023-10-21 16:27:00+00:00,2023-10-22 06:10:00+00:00,2364.0,456.0,0.0,1.0024301336573511,0,False,False,True
2023-10-22,2023-10-22 16:25:00+00:00,2023-10-23 06:12:00+00:00,5459.0,3036.0,0.25,1.003627569528416,0,False,False,True
2023-10-23,2023-10-23 16:23:00+00:00,2023-10-24 06:13:00+00:00,4759.0,1716.0,0.0,0.9999999999999998,0,False,False,True
2023-10-24,2023-10-24 16:21:00+00:00,2023-10-25 06:15:00+00:00,4758.0,2424.0,0.25,1.001199040767386,0,False,False,True
2023-10-25,2023-10-25 16:19:00+00:00,2023-10-26 06:17:00+00:00,4389.0,1392.0,0.0,1.0023866348448687,0,False,False,True
2023-10-26,2023-10-26 16:16:00+00:00,2023-10-27 06:19:00+00:00,4384.0,2076.0,0.25,0.9964412811387899,0,False,False,True
2023-10-27,2023-10-27 16:14:00+00:00,2023-10-28 06:21:00+00:00,2313.0,408.0,0.0,1.0035419126328218,0,False,False,True
2023-10-28,2023-10-28 16:12:00+00:00,2023-10-29 06:23:00+00:00,2221.0,972.0,0.0,0.9283196239717978,0,True,False,False
2023-10-29,2023-10-29 16:10:00+00:00,2023-10-30 06:24:00+00:00,5587.0,1812.0,0.0,1.0011709601873535,0,False,False,True
2023-10-30,2023-10-30 16:08:00+00:00,2023-10-31 06:26:00+00:00,4998.0,2748.0,0.25,1.0023310023310021,0,False,False,True
2023-10-31,2023-10-31 16:07:00+00:00,2023-11-01 06:28:00+00:00,4910.0,1800.0,0.0,0.9988385598141695,0,False,False,True
2023-11-01,2023-11-01 16:05:00+00:00,2023-11-02 06:30:00+00:00,6203.0,1620.0,0.0,1.0057803468208093,0,False,False,True
2023-11-02,2023-11-02 16:03:00+00:00,2023-11-03 06:32:00+00:00,4132.0,2892.0,0.25,1.001150747986191,0,False,False,True
2023-11-03,2023-11-03 16:01:00+00:00,2023-11-04 06:34:00+00:00,3279.0,1356.0,0.0,0.9965635738831614,0,False,False,True
2023-11-04,2023-11-04 15:59:00+00:00,2023-11-05 06:36:00+00:00,9056.0,7596.0,0.8333333333333333,1.0034207525655643,0,False,False,True
2023-11-05,2023-11-05 15:57:00+00:00,2023-11-06 06:37:00+00:00,5383.0,2712.0,0.25,1.0,0,False,False,True
2023-11-06,2023-11-06 15:55:00+00:00,2023-11-07 06:39:00+00:00,4148.0,1860.0,0.0,1.001131221719457,0,False,False,True
2023-11-07,2023-11-07 15:54:00+00:00,2023-11-08 06:41:00+00:00,17972.0,8172.0,2.0,1.003382187147689,0,False,True,True
2023-11-08,2023-11-08 15:52:00+00:00,2023-11-09 06:43:00+00:00,6941.0,2280.0,0.5,0.9988776655443321,0,False,False,True
2023-11-09,2023-11-09 15:50:00+00:00,2023-11-10 06:45:00+00:00,8242.0,2004.0,0.25,1.005586592178771,0,False,False,True
2023-11-10,2023-11-10 15:49:00+00:00,2023-11-11 06:47:00+00:00,7634.0,1968.0,0.0,1.0022271714922049,0,False,False,True
2023-11-11,2023-11-11 15:47:00+00:00,2023-11-12 06:48:00+00:00,6832.0,1728.0,0.0,0.9988901220865704,0,False,False,True
2023-11-12,2023-11-12 15:45:00+00:00,2023-11-13 06:50:00+00:00,9662.0,2388.0,0.5,1.005524861878453,0,False,False,True
2023-11-13,2023-11-13 15:44:00+00:00,2023-11-14 06:52:00+00:00,8037.0,3048.0,0.25,1.0022026431718063,0,False,False,True
2023-11-14,2023-11-14 15:42:00+00:00,2023-11-15 06:54:00+00:00,4896.0,1512.0,0.0,0.9978070175438596,0,False,False,True
2023-11-15,2023-11-15 15:41:00+00:00,2023-11-16 06:56:00+00:00,11967.0,2436.0,0.25,1.0,0,False,False,True
2023-11-16,2023-11-16 15:39:00+00:00,2023-11-17 06:57:00+00:00,7270.0,1812.0,0.0,1.0021786492374727,0,False,False,True
2023-11-17,2023-11-17 15:38:00+00:00,2023-11-18 06:59:00+00:00,7731.0,1896.0,0.0,0.9989142236699239,0,False,False,True
2023-11-18,2023-11-18 15:37:00+00:00,2023-11-19 07:01:00+00:00,7325.0,1752.0,0.0,1.001082251082251,0,False,False,True
2023-11-19,2023-11-19 15:35:00+00:00,2023-11-20 07:03:00+00:00,9051.0,2724.0,0.75,1.002155172413793,0,False,False,True
2023-11-20,2023-11-20 15:34:00+00:00,2023-11-21 07:04:00+00:00,8253.0,3000.0,0.5,1.0,0,False,False,True
2023-11-21,2023-11-21 15:33:00+00:00,2023-11-22 07:06:00+00:00,8012.0,2220.0,0.5,1.0021436227224008,0,False,False,True
2023-11-22,2023-11-22 15:32:00+00:00,2023-11-23 07:08:00+00:00,9729.0,2424.0,0.5,0.9989316239316238,0,False,False,True
2023-11-23,2023-11-23 15:31:00+00:00,2023-11-24 07:09:00+00:00,29288.0,8988.0,3.25,0.9968017057569296,0,False,True,True
2023-11-24,2023-11-24 15:30:00+00:00,2023-11-25 07:11:00+00:00,8370.0,4680.0,0.5,1.004250797024442,0,False,False,True
2023-11-25,2023-11-25 15:28:00+00:00,2023-11-26 07:13:00+00:00,2197.0,192.0,0.0,1.0,0,False,False,True
2023-11-26,2023-11-26 15:27:00+00:00,2023-11-27 07:14:00+00:00,4538.0,804.0,0.0,0.9978880675818373,0,False,False,True
2023-11-27,2023-11-27 15:27:00+00:00,2023-11-28 07:16:00+00:00,8508.0,2004.0,0.08333333333333333,1.0010537407797682,0,False,False,True
2023-11-28,2023-11-28 15:26:00+00:00,2023-11-29 07:17:00+00:00,8020.0,1812.0,0.0,0.9989484752891692,0,False,False,True
2023-11-29,2023-11-29 15:25:00+00:00,2023-11-30 07:19:00+00:00,9297.0,2400.0,0.25,1.00104821802935,0,False,False,True
2023-11-30,2023-11-30 15:24:00+00:00,2023-12-01 07:20:00+00:00,5850.0,1104.0,0.0,1.00418410041841,0,False,False,True
2023-12-01,2023-12-01 15:23:00+00:00,2023-12-02 07:22:00+00:00,9830.0,3072.0,0.6666666666666666,1.0010427528675703,0,False,False,True
2023-12-02,2023-12-02 15:23:00+00:00,2023-12-03 07:23:00+00:00,2542.0,216.0,0.0,1.0,0,False,False,True
2023-12-03,2023-12-03 15:22:00+00:00,2023-12-04 07:25:00+00:00,6414.0,2700.0,0.25,1.0020768431983385,0,False,False,True
2023-12-04,2023-12-04 15:21:00+00:00,2023-12-05 07:26:00+00:00,10008.0,2412.0,0.5,1.0,0,False,False,True
2023-12-05,2023-12-05 15:21:00+00:00,2023-12-06 07:27:00+00:00,9735.0,2760.0,1.0,0.9989648033126293,0,False,False,True
2023-12-06,2023-12-06 15:20:00+00:00,2023-12-07 07:29:00+00:00,9653.0,2580.0,0.5,1.0010319917440662,0,False,False,True
2023-12-07,2023-12-07 15:20:00+00:00,2023-12-08 07:30:00+00:00,4041.0,1260.0,0.0,1.0051546391752575,0,False,False,True
2023-12-08,2023-12-08 15:20:00+00:00,2023-12-09 07:31:00+00:00,4013.0,1044.0,0.0,1.004119464469619,0,False,False,True
2023-12-09,2023-12-09 15:19:00+00:00,2023-12-10 07:32:00+00:00,4660.0,3468.0,0.25,1.0020554984583763,0,False,False,True
2023-12-10,2023-12-10 15:19:00+00:00,2023-12-11 07:33:00+00:00,11747.0,2964.0,1.0,1.0010266940451744,0,False,False,True
2023-12-11,2023-12-11 15:19:00+00:00,2023-12-12 07:34:00+00:00,5090.0,1932.0,0.0,1.0,0,False,False,True
2023-12-12,2023-12-12 15:19:00+00:00,2023-12-13 07:35:00+00:00,5090.0,2112.0,0.5,1.0040983606557377,0,False,False,True
2023-12-13,2023-12-13 15:19:00+00:00,2023-12-14 07:36:00+00:00,8099.0,2364.0,0.25,1.0030706243602865,0,False,False,True
2023-12-14,2023-12-14 15:19:00+00:00,2023-12-15 07:37:00+00:00,8177.0,1956.0,0.0,1.002044989775051,0,False,False,True
2023-12-15,2023-12-15 15:19:00+00:00,2023-12-16 07:38:00+00:00,8614.0,2556.0,0.25,1.0010214504596526,0,False,False,True
2023-12-16,2023-12-16 15:19:00+00:00,2023-12-17 07:39:00+00:00,12350.0,2208.0,0.25,1.0,0,False,False,True
2023-12-17,2023-12-17 15:19:00+00:00,2023-12-18 07:39:00+00:00,13016.0,2124.0,0.25,1.0,0,False,False,True
2023-12-18,2023-12-18 15:20:00+00:00,2023-12-19 07:40:00+00:00,15074.0,4812.0,2.5,1.0051020408163265,0,False,True,True
2023-12-19,2023-12-19 15:20:00+00:00,2023-12-20 07:41:00+00:00,8650.0,1944.0,0.0,1.0040774719673802,0,False,False,True
2023-12-20,2023-12-20 15:20:00+00:00,2023-12-21 07:41:00+00:00,11435.0,1872.0,0.0,1.0040774719673802,0,False,False,True
2023-12-21,2023-12-21 15:21:00+00:00,2023-12-22 07:42:00+00:00,10928.0,2412.0,0.5,0.9989806320081549,0,False,False,True
2023-12-22,2023-12-22 15:21:00+00:00,2023-12-23 07:42:00+00:00,8579.0,1884.0,0.0,0.9989806320081549,0,False,False,True
2023-12-23,2023-12-23 15:22:00+00:00,2023-12-24 07:42:00+00:00,11122.0,3396.0,0.75,1.0,0,False,False,True
2023-12-24,2023-12-24 15:23:00+00:00,2023-12-25 07:43:00+00:00,9616.0,2328.0,1.0,1.0,0,False,False,True
2023-12-25,2023-12-25 15:23:00+00:00,2023-12-26 07:43:00+00:00,13206.0,2736.0,2.25,1.0,0,False,True,True
2023-12-26,2023-12-26 15:24:00+00:00,2023-12-27 07:43:00+00:00,17046.0,4992.0,3.4166666666666665,1.0010214504596526,0,False,True,True
2023-12-27,2023-12-27 15:25:00+00:00,2023-12-28 07:43:00+00:00,9316.0,2388.0,0.75,1.002044989775051,0,False,False,True
2023-12-28,2023-12-28 15:26:00+00:00,2023-12-29 07:44:00+00:00,44531.0,9684.0,4.666666666666666,0.9969325153374232,0,False,True,True
2023-12-29,2023-12-29 15:27:00+00:00,2023-12-30 07:44:00+00:00,2234.0,552.0,0.0,0.997952917093142,0,False,False,True
2023-12-30,2023-12-30 15:28:00+00:00,2023-12-31 07:44:00+00:00,2194.0,168.0,0.0,0.9989754098360656,0,False,False,True
2023-12-31,2023-12-31 15:29:00+00:00,2024-01-01 07:43:00+00:00,2188.0,168.0,0.0,1.0010266940451744,0,False,False,True
2024-01-01,2024-01-01 15:30:00+00:00,2024-01-02 07:43:00+00:00,2189.0,168.0,0.0,1.0020554984583763,0,False,False,True
2024-01-02,2024-01-02 15:31:00+00:00,2024-01-03 07:43:00+00:00,12237.0,1128.0,0.0,0.9979423868312757,0,False,False,True
2024-01-03,2024-01-03 15:32:00+00:00,2024-01-04 07:43:00+00:00,8878.0,924.0,0.0,0.9989701338825951,0,False,False,True
2024-01-04,2024-01-04 15:33:00+00:00,2024-01-05 07:43:00+00:00,9706.0,2304.0,1.0,0.9999999999999999,0,False,False,True
2024-01-05,2024-01-05 15:35:00+00:00,2024-01-06 07:42:00+00:00,9989.0,3168.0,0.5,1.0031023784901758,0,False,False,True
2024-01-06,2024-01-06 15:36:00+00:00,2024-01-07 07:42:00+00:00,8606.0,2400.0,0.5,0.9989648033126293,0,False,False,True
2024-01-07,2024-01-07 15:37:00+00:00,2024-01-08 07:41:00+00:00,8863.0,2448.0,0.25,1.0010373443983402,0,False,False,True
2024-01-08,2024-01-08 15:39:00+00:00,2024-01-09 07:41:00+00:00,9717.0,1944.0,0.0,1.003118503118503,0,False,False,True
2024-01-09,2024-01-09 15:40:00+00:00,2024-01-10 07:40:00+00:00,8282.0,1692.0,0.0,1.0052083333333333,0,False,False,True
2024-01-10,2024-01-10 15:41:00+00:00,2024-01-11 07:39:00+00:00,15226.0,3588.0,2.25,0.9968684759916492,0,False,True,True
2024-01-11,2024-01-11 15:43:00+00:00,2024-01-12 07:39:00+00:00,10870.0,3432.0,1.0,0.9989539748953974,0,False,False,True
2024-01-12,2024-01-12 15:44:00+00:00,2024-01-13 07:38:00+00:00,6781.0,2364.0,0.25,1.00104821802935,0,False,False,True
2024-01-13,2024-01-13 15:46:00+00:00,2024-01-14 07:37:00+00:00,18161.0,7920.0,1.75,0.9989484752891692,0,False,False,True
2024-01-14,2024-01-14 15:48:00+00:00,2024-01-15 07:36:00+00:00,14140.0,4512.0,1.5,1.00210970464135,0,False,False,True
2024-01-15,2024-01-15 15:49:00+00:00,2024-01-16 07:35:00+00:00,8145.0,3216.0,0.25,1.004228329809725,0,False,False,True
2024-01-16,2024-01-16 15:51:00+00:00,2024-01-17 07:34:00+00:00,9063.0,1536.0,0.0,0.9968186638388122,0,False,False,True
2024-01-17,2024-01-17 15:53:00+00:00,2024-01-18 07:33:00+00:00,10271.0,3168.0,1.1666666666666665,1.0,0,False,False,True
2024-01-18,2024-01-18 15:54:00+00:00,2024-01-19 07:32:00+00:00,10330.0,2064.0,0.25,1.0021321961620469,0,False,False,True
2024-01-19,2024-01-19 15:56:00+00:00,2024-01-20 07:31:00+00:00,8683.0,1860.0,0.0,0.9999999999999999,0,False,False,True
2024-01-20,2024-01-20 15:58:00+00:00,2024-01-21 07:30:00+00:00,5867.0,2028.0,0.25,1.0032188841201717,0,False,False,True
2024-01-21,2024-01-21 16:00:00+00:00,2024-01-22 07:29:00+00:00,14306.0,3084.0,2.0,1.0010764262648009,0,False,True,True
2024-01-22,2024-01-22 16:01:00+00:00,2024-01-23 07:28:00+00:00,5730.0,1992.0,0.0,0.9978425026968716,0,False,False,True
2024-01-23,2024-01-23 16:03:00+00:00,2024-01-24 07:26:00+00:00,7499.0,3744.0,1.0,1.0021668472372698,0,False,False,True
2024-01-24,2024-01-24 16:05:00+00:00,2024-01-25 07:25:00+00:00,5990.0,1584.0,0.0,1.0054347826086956,0,False,False,True
2024-01-25,2024-01-25 16:07:00+00:00,2024-01-26 07:24:00+00:00,4814.0,1764.0,0.0,0.9978189749182115,0,False,False,True
2024-01-26,2024-01-26 16:09:00+00:00,2024-01-27 07:22:00+00:00,5929.0,2256.0,0.25,1.0021905805038334,0,False,False,True
2024-01-27,2024-01-27 16:11:00+00:00,2024-01-28 07:21:00+00:00,5405.0,2724.0,0.25,1.0,0,False,False,True
2024-01-28,2024-01-28 16:13:00+00:00,2024-01-29 07:19:00+00:00,5587.0,1944.0,0.0,0.998896247240618,0,False,False,True
2024-01-29,2024-01-29 16:14:00+00:00,2024-01-30 07:18:00+00:00,3860.0,1860.0,0.0,1.0011061946902655,0,False,False,True
2024-01-30,2024-01-30 16:16:00+00:00,2024-01-31 07:16:00+00:00,5228.0,2112.0,0.25,1.0,0,False,False,True
2024-01-31,2024-01-31 16:18:00+00:00,2024-02-01 07:15:00+00:00,4971.0,2472.0,0.25,1.0033444816053512,0,False,False,True
2024-02-01,2024-02-01 16:20:00+00:00,2024-02-02 07:13:00+00:00,4848.0,1776.0,0.0,1.002239641657335,0,False,False,True
2024-02-02,2024-02-02 16:22:00+00:00,2024-02-03 07:11:00+00:00,4110.0,936.0,0.0,1.001124859392576,0,False,False,True
2024-02-03,2024-02-03 16:24:00+00:00,2024-02-04 07:10:00+00:00,5598.0,1872.0,0.0,1.0045146726862302,0,False,False,True
2024-02-04,2024-02-04 16:26:00+00:00,2024-02-05 07:08:00+00:00,3649.0,1200.0,0.0,0.9977324263038548,0,False,False,True
2024-02-05,2024-02-05 16:28:00+00:00,2024-02-06 07:06:00+00:00,5136.0,2640.0,0.25,1.0022779043280183,0,False,False,True
2024-02-06,2024-02-06 16:30:00+00:00,2024-02-07 07:04:00+00:00,5861.0,2100.0,0.5,1.0011441647597252,0,False,False,True
2024-02-07,2024-02-07 16:32:00+00:00,2024-02-08 07:03:00+00:00,4346.0,1584.0,0.0,0.9988518943742823,0,False,False,True
2024-02-08,2024-02-08 16:34:00+00:00,2024-02-09 07:01:00+00:00,3888.0,1740.0,0.0,1.0034602076124568,0,False,False,True
2024-02-09,2024-02-09 16:36:00+00:00,2024-02-10 06:59:00+00:00,4269.0,804.0,0.0,0.9965237543453072,0,False,False,True
2024-02-10,2024-02-10 16:38:00+00:00,2024-02-11 06:57:00+00:00,8457.0,1740.0,0.0,1.0011641443538999,0,False,False,True
2024-02-11,2024-02-11 16:40:00+00:00,2024-02-12 06:55:00+00:00,8856.0,3024.0,1.0,1.0058479532163742,0,False,False,True
2024-02-12,2024-02-12 16:42:00+00:00,2024-02-13 06:53:00+00:00,4676.0,1860.0,0.0,0.9988249118683901,0,False,False,True
2024-02-13,2024-02-13 16:44:00+00:00,2024-02-14 06:51:00+00:00,5586.0,2388.0,0.25,1.0035419126328218,0,False,False,True
2024-02-14,2024-02-14 16:45:00+00:00,2024-02-15 06:49:00+00:00,6288.0,1908.0,0.0,1.0011848341232228,0,False,False,True
2024-02-15,2024-02-15 16:47:00+00:00,2024-02-16 06:47:00+00:00,5618.0,2040.0,0.25,1.0,0,False,False,True
2024-02-16,2024-02-16 16:49:00+00:00,2024-02-17 06:45:00+00:00,2379.0,396.0,0.0,1.0047846889952152,0,False,False,True
2024-02-17,2024-02-17 16:51:00+00:00,2024-02-18 06:43:00+00:00,2357.0,288.0,0.0,0.9975961538461539,0,False,False,True
2024-02-18,2024-02-18 16:53:00+00:00,2024-02-19 06:41:00+00:00,4010.0,1836.0,0.0,1.0024154589371979,0,False,False,True
2024-02-19,2024-02-19 16:55:00+00:00,2024-02-20 06:39:00+00:00,4895.0,2028.0,0.25,1.0012135922330097,0,False,False,True
2024-02-20,2024-02-20 16:57:00+00:00,2024-02-21 06:37:00+00:00,5003.0,1668.0,0.0,1.0,0,False,False,True
2024-02-21,2024-02-21 16:59:00+00:00,2024-02-22 06:35:00+00:00,5373.0,1572.0,0.0,1.0049019607843137,0,False,False,True
2024-02-22,2024-02-22 17:01:00+00:00,2024-02-23 06:33:00+00:00,4616.0,2136.0,0.5,0.9975369458128078,0,False,False,True
2024-02-23,2024-02-23 17:03:00+00:00,2024-02-24 06:31:00+00:00,4521.0,1452.0,0.0,1.0024752475247523,0,False,False,True
2024-02-24,2024-02-24 17:05:00+00:00,2024-02-25 06:29:00+00:00,6882.0,2568.0,0.75,1.0012437810945274,0,False,False,True
2024-02-25,2024-02-25 17:07:00+00:00,2024-02-26 06:26:00+00:00,6026.0,2076.0,0.25,1.0012515644555693,0,False,False,True
2024-02-26,2024-02-26 17:08:00+00:00,2024-02-27 06:24:00+00:00,5581.0,2172.0,0.5,0.9987437185929647,0,False,False,True
2024-02-27,2024-02-27 17:10:00+00:00,2024-02-28 06:22:00+00:00,3788.0,1428.0,0.0,1.0037878787878787,0,False,False,True
2024-02-28,2024-02-28 17:12:00+00:00,2024-02-29 06:20:00+00:00,5172.0,1584.0,0.0,1.00253807106599,0,False,False,True
2024-02-29,2024-02-29 17:14:00+00:00,2024-03-01 06:18:00+00:00,4002.0,1452.0,0.0,1.0012755102040816,0,False,False,True
2024-03-01,2024-03-01 17:16:00+00:00,2024-03-02 06:15:00+00:00,6928.0,2304.0,0.25,1.0012836970474968,0,False,False,True
2024-03-02,2024-03-02 17:18:00+00:00,2024-03-03 06:13:00+00:00,19214.0,8856.0,2.0,1.0,0,False,True,True
2024-03-03,2024-03-03 17:20:00+00:00,2024-03-04 06:11:00+00:00,3132.0,660.0,0.0,1.0051880674448768,0,False,False,True
2024-03-04,2024-03-04 17:21:00+00:00,2024-03-05 06:09:00+00:00,3658.0,2088.0,0.25,0.9960937499999999,0,False,False,True
2024-03-05,2024-03-05 17:23:00+00:00,2024-03-06 06:06:00+00:00,7816.0,2976.0,0.6666666666666666,1.00262123197903,0,False,False,True
2024-03-06,2024-03-06 17:25:00+00:00,2024-03-07 06:04:00+00:00,5111.0,2016.0,0.25,1.0013175230566533,0,False,False,True
2024-03-07,2024-03-07 17:27:00+00:00,2024-03-08 06:02:00+00:00,3189.0,1080.0,0.0,0.9999999999999998,0,False,False,True
2024-03-08,2024-03-08 17:29:00+00:00,2024-03-09 06:00:00+00:00,8309.0,1632.0,0.0,1.0053262316910785,0,False,False,True
2024-03-09,2024-03-09 17:31:00+00:00,2024-03-10 05:57:00+00:00,5591.0,2268.0,0.25,0.9986595174262733,0,False,False,True
2024-03-10,2024-03-10 17:32:00+00:00,2024-03-11 05:55:00+00:00,5458.0,2508.0,0.5,1.002691790040377,0,False,False,True
2024-03-11,2024-03-11 17:34:00+00:00,2024-03-12 05:53:00+00:00,5605.0,6636.0,0.25,1.0013531799729363,0,False,False,True
2024-03-12,2024-03-12 17:36:00+00:00,2024-03-13 05:50:00+00:00,6344.0,1956.0,0.0,1.0013623978201633,0,False,False,True
2024-03-13,2024-03-13 17:38:00+00:00,2024-03-14 05:48:00+00:00,2120.0,396.0,0.0,1.0,0,False,False,True
2024-03-14,2024-03-14 17:40:00+00:00,2024-03-15 05:46:00+00:00,3921.0,1428.0,0.0,1.005509641873278,0,False,False,True
2024-03-15,2024-03-15 17:41:00+00:00,2024-03-16 05:44:00+00:00,4234.0,3924.0,0.08333333333333333,0.9958506224066388,0,False,False,True
2024-03-16,2024-03-16 17:43:00+00:00,2024-03-17 05:41:00+00:00,4880.0,1524.0,0.0,1.002785515320334,0,False,False,True
2024-03-17,2024-03-17 17:45:00+00:00,2024-03-18 05:39:00+00:00,3355.0,2196.0,0.25,1.0014005602240896,0,False,False,True
2024-03-18,2024-03-18 17:47:00+00:00,2024-03-19 05:37:00+00:00,3573.0,1500.0,0.0,0.9999999999999998,0,False,False,True
2024-03-19,2024-03-19 17:49:00+00:00,2024-03-20 05:34:00+00:00,3594.0,1800.0,0.0,1.0,0,False,False,True
2024-03-20,2024-03-20 17:50:00+00:00,2024-03-21 05:32:00+00:00,5313.0,1548.0,0.0,1.0042735042735043,0,False,False,True
2024-03-21,2024-03-21 17:52:00+00:00,2024-03-22 05:30:00+00:00,7469.0,8184.0,1.0,1.002865329512894,0,False,False,True
2024-03-22,2024-03-22 17:54:00+00:00,2024-03-23 05:27:00+00:00,13525.0,7836.0,1.25,1.0028860028860027,0,False,False,True
2024-03-23,2024-03-23 17:56:00+00:00,2024-03-24 05:25:00+00:00,5979.0,912.0,0.0,1.0014513788098693,0,False,False,True
2024-03-24,2024-03-24 17:57:00+00:00,2024-03-25 05:23:00+00:00,6220.0,1620.0,0.0,0.998542274052478,0,False,False,True
2024-03-25,2024-03-25 17:59:00+00:00,2024-03-26 05:20:00+00:00,3581.0,1740.0,0.0,1.0058737151248163,0,False,False,True
2024-03-26,2024-03-26 18:01:00+00:00,2024-03-27 05:18:00+00:00,5027.0,1884.0,0.0,0.9970457902511077,0,False,False,True
2024-03-27,2024-03-27 18:03:00+00:00,2024-03-28 05:16:00+00:00,3738.0,1464.0,0.0,1.00297176820208,0,False,False,True
2024-03-28,2024-03-28 18:04:00+00:00,2024-03-29 05:13:00+00:00,15396.0,8496.0,2.0,1.0014947683109117,0,False,True,True
2024-03-29,2024-03-29 18:06:00+00:00,2024-03-30 05:11:00+00:00,5493.0,1656.0,0.0,0.9999999999999998,0,False,False,True
2024-03-30,2024-03-30 18:08:00+00:00,2024-03-31 05:09:00+00:00,6715.0,1848.0,0.0,0.9984871406959152,0,False,False,True
2024-03-31,2024-03-31 18:10:00+00:00,2024-04-01 05:07:00+00:00,4442.0,1320.0,0.0,1.004566210045662,0,False,False,True
2024-04-01,2024-04-01 18:11:00+00:00,2024-04-02 05:04:00+00:00,8996.0,2688.0,0.5,0.995405819295559,0,False,False,True
2024-04-02,2024-04-02 18:13:00+00:00,2024-04-03 05:02:00+00:00,3213.0,1812.0,0.0,1.0015408320493064,0,False,False,True
2024-04-03,2024-04-03 18:15:00+00:00,2024-04-04 05:00:00+00:00,3594.0,1572.0,0.0,1.0077519379844961,0,False,False,True
2024-04-04,2024-04-04 18:17:00+00:00,2024-04-05 04:57:00+00:00,5360.0,2676.0,0.16666666666666666,1.0,0,False,False,True
2024-04-05,2024-04-05 18:18:00+00:00,2024-04-06 04:55:00+00:00,5399.0,4452.0,0.5,1.0047095761381475,0,False,False,True
2024-04-06,2024-04-06 18:20:00+00:00,2024-04-07 04:53:00+00:00,5867.0,3840.0,0.75,1.0031595576619272,0,False,False,True
2024-04-07,2024-04-07 18:22:00+00:00,2024-04-08 04:51:00+00:00,6346.0,2388.0,0.25,1.001589825119237,0,False,False,True
2024-04-08,2024-04-08 18:24:00+00:00,2024-04-09 04:49:00+00:00,5151.0,3672.0,0.5,1.0,0,False,False,True
2024-04-09,2024-04-09 18:25:00+00:00,2024-04-10 04:46:00+00:00,5369.0,3900.0,1.0,1.0064412238325282,0,False,False,True
2024-04-10,2024-04-10 18:27:00+00:00,2024-04-11 04:44:00+00:00,4147.0,2220.0,0.25,0.9967585089141004,0,False,False,True
2024-04-11,2024-04-11 18:29:00+00:00,2024-04-12 04:42:00+00:00,3779.0,1572.0,0.0,1.00326264274062,0,False,False,True
2024-04-12,2024-04-12 18:30:00+00:00,2024-04-13 04:40:00+00:00,4564.0,1548.0,0.0,1.0081967213114753,0,False,False,True
2024-04-13,2024-04-13 18:32:00+00:00,2024-04-14 04:38:00+00:00,8942.0,3576.0,0.75,0.9983498349834983,0,False,False,True
2024-04-14,2024-04-14 18:34:00+00:00,2024-04-15 04:35:00+00:00,5070.0,1896.0,0.0,1.006655574043261,0,False,False,True
2024-04-15,2024-04-15 18:36:00+00:00,2024-04-16 04:33:00+00:00,3707.0,1728.0,0.0,0.9966499162479062,0,False,False,True
2024-04-16,2024-04-16 18:37:00+00:00,2024-04-17 04:31:00+00:00,6230.0,2868.0,0.75,1.0016835016835015,0,False,False,True
2024-04-17,2024-04-17 18:39:00+00:00,2024-04-18 04:29:00+00:00,4685.0,3624.0,0.5,0.9999999999999999,0,False,False,True
2024-04-18,2024-04-18 18:41:00+00:00,2024-04-19 04:27:00+00:00,2913.0,1704.0,0.0,0.9982935153583616,0,False,False,True
2024-04-19,2024-04-19 18:42:00+00:00,2024-04-20 04:25:00+00:00,22822.0,3720.0,7.75,1.0034305317324184,0,False,True,True
2024-04-20,2024-04-20 18:44:00+00:00,2024-04-21 04:23:00+00:00,4941.0,1608.0,0.0,1.0017271157167529,0,False,False,True
2024-04-21,2024-04-21 18:46:00+00:00,2024-04-22 04:21:00+00:00,3746.0,2064.0,0.5,0.9999999999999999,0,False,False,True
2024-04-22,2024-04-22 18:48:00+00:00,2024-04-23 04:19:00+00:00,5324.0,3072.0,1.0,0.998248686514886,0,False,False,True
2024-04-23,2024-04-23 18:49:00+00:00,2024-04-24 04:17:00+00:00,5379.0,2916.0,0.75,1.0035211267605633,0,False,False,True
2024-04-24,2024-04-24 18:51:00+00:00,2024-04-25 04:15:00+00:00,7401.0,4116.0,1.75,1.00177304964539,0,False,False,True
2024-04-25,2024-04-25 18:53:00+00:00,2024-04-26 04:13:00+00:00,3244.0,1272.0,0.0,0.9999999999999999,0,False,False,True
2024-04-26,2024-04-26 18:54:00+00:00,2024-04-27 04:11:00+00:00,7623.0,3636.0,1.0,1.0053859964093357,0,False,False,True
2024-04-27,2024-04-27 18:56:00+00:00,2024-04-28 04:09:00+00:00,5102.0,2064.0,0.25,0.9945750452079565,0,False,False,True
2024-04-28,2024-04-28 18:58:00+00:00,2024-04-29 04:07:00+00:00,27342.0,4920.0,9.166666666666666,1.0018214936247722,0,False,True,True
2024-04-29,2024-04-29 18:59:00+00:00,2024-04-30 04:05:00+00:00,4224.0,1824.0,0.0,1.0073260073260073,0,False,False,True
2024-04-30,2024-04-30 19:01:00+00:00,2024-05-01 04:03:00+00:00,4911.0,1632.0,0.0,0.9963099630996309,0,False,False,True
2024-05-01,2024-05-01 19:03:00+00:00,2024-05-02 04:01:00+00:00,5404.0,1872.0,0.0,1.003717472118959,0,False,False,True
2024-05-02,2024-05-02 19:04:00+00:00,2024-05-03 03:59:00+00:00,4608.0,1464.0,0.0,1.0,0,False,False,True
2024-05-03,2024-05-03 19:06:00+00:00,2024-05-04 03:57:00+00:00,1881.0,1176.0,0.0,0.9981167608286252,0,False,False,True
2024-05-04,2024-05-04 19:08:00+00:00,2024-05-05 03:56:00+00:00,1883.0,1176.0,0.0,1.0037878787878787,0,False,False,True
2024-05-05,2024-05-05 19:09:00+00:00,2024-05-06 03:54:00+00:00,3025.0,1056.0,0.0,1.0,0,False,False,True
2024-05-06,2024-05-06 19:11:00+00:00,2024-05-07 03:52:00+00:00,1779.0,1116.0,0.0,0.9980806142034548,0,False,False,True
2024-05-07,2024-05-07 19:13:00+00:00,2024-05-08 03:50:00+00:00,1906.0,1152.0,0.0,1.0058027079303675,0,False,False,True
2024-05-08,2024-05-08 19:14:00+00:00,2024-05-09 03:49:00+00:00,6157.0,4368.0,0.25,0.9999999999999999,0,False,False,True
2024-05-09,2024-05-09 19:16:00+00:00,2024-05-10 03:47:00+00:00,4813.0,2424.0,0.25,0.9980430528375732,0,False,False,True
2024-05-10,2024-05-10 19:17:00+00:00,2024-05-11 03:46:00+00:00,4774.0,2076.0,0.25,1.0019646365422397,0,False,False,True
2024-05-11,2024-05-11 19:19:00+00:00,2024-05-12 03:44:00+00:00,4043.0,1644.0,0.0,1.0,0,False,False,True
2024-05-12,2024-05-12 19:20:00+00:00,2024-05-13 03:42:00+00:00,4578.0,2988.0,0.25,1.0059760956175299,0,False,False,True
2024-05-13,2024-05-13 19:22:00+00:00,2024-05-14 03:41:00+00:00,5911.0,2028.0,0.25,1.0020040080160322,0,False,False,True
2024-05-14,2024-05-14 19:24:00+00:00,2024-05-15 03:39:00+00:00,2152.0,900.0,0.0,1.0,0,False,False,True
2024-05-15,2024-05-15 19:25:00+00:00,2024-05-16 03:38:00+00:00,2930.0,1932.0,0.0,1.0040567951318458,0,False,False,True
2024-05-16,2024-05-16 19:27:00+00:00,2024-05-17 03:37:00+00:00,1408.0,252.0,0.0,1.0,0,False,False,True
2024-05-17,2024-05-17 19:28:00+00:00,2024-05-18 03:35:00+00:00,5241.0,2040.0,0.25,1.0061601642710472,0,False,False,True
2024-05-18,2024-05-18 19:29:00+00:00,2024-05-19 03:34:00+00:00,1528.0,372.0,0.0,0.9999999999999999,0,False,False,True
2024-05-19,2024-05-19 19:31:00+00:00,2024-05-20 03:33:00+00:00,1784.0,720.0,0.0,0.9958506224066389,0,False,False,True
2024-05-20,2024-05-20 19:32:00+00:00,2024-05-21 03:31:00+00:00,3249.0,828.0,0.0,1.0020876826722338,0,False,False,True
2024-05-21,2024-05-21 19:34:00+00:00,2024-05-22 03:30:00+00:00,1486.0,300.0,0.0,1.0084033613445378,0,False,False,True
2024-05-22,2024-05-22 19:35:00+00:00,2024-05-23 03:29:00+00:00,1464.0,324.0,0.0,1.00210970464135,0,False,False,True
2024-05-23,2024-05-23 19:36:00+00:00,2024-05-24 03:28:00+00:00,1394.0,264.0,0.0,0.9957627118644067,0,False,False,True
2024-05-24,2024-05-24 19:38:00+00:00,2024-05-25 03:27:00+00:00,3757.0,1104.0,0.0,1.0021321961620469,0,False,False,True
2024-05-25,2024-05-25 19:39:00+00:00,2024-05-26 03:25:00+00:00,2315.0,564.0,0.0,1.0085836909871244,0,False,False,True
2024-05-26,2024-05-26 19:40:00+00:00,2024-05-27 03:24:00+00:00,3063.0,612.0,0.0,1.002155172413793,0,False,False,True
2024-05-27,2024-05-27 19:41:00+00:00,2024-05-28 03:23:00+00:00,1532.0,384.0,0.0,0.9956709956709956,0,False,False,True
2024-05-28,2024-05-28 19:43:00+00:00,2024-05-29 03:23:00+00:00,2477.0,1752.0,0.0,0.9999999999999999,0,False,False,True
2024-05-29,2024-05-29 19:44:00+00:00,2024-05-30 03:22:00+00:00,2576.0,1884.0,0.0,1.0043668122270741,0,False,False,True
2024-05-30,2024-05-30 19:45:00+00:00,2024-05-31 03:21:00+00:00,1856.0,1152.0,0.0,1.0087719298245614,0,False,False,True
2024-05-31,2024-05-31 19:46:00+00:00,2024-06-01 03:20:00+00:00,1532.0,372.0,0.0,1.0022026431718063,0,False,False,True
2024-06-01,2024-06-01 19:47:00+00:00,2024-06-02 03:19:00+00:00,2657.0,1608.0,0.0,0.9955752212389379,0,False,False,True
2024-06-02,2024-06-02 19:48:00+00:00,2024-06-03 03:19:00+00:00,2073.0,1128.0,0.0,0.9977827050997783,0,False,False,True
2024-06-03,2024-06-03 19:49:00+00:00,2024-06-04 03:18:00+00:00,1228.0,216.0,0.0,1.0022271714922049,0,False,False,True
2024-06-04,2024-06-04 19:50:00+00:00,2024-06-05 03:17:00+00:00,2422.0,1656.0,0.0,1.006711409395973,0,False,False,True
2024-06-05,2024-06-05 19:51:00+00:00,2024-06-06 03:17:00+00:00,1462.0,792.0,0.0,0.9977578475336323,0,False,False,True
2024-06-06,2024-06-06 19:52:00+00:00,2024-06-07 03:16:00+00:00,1202.0,276.0,0.0,1.0022522522522521,0,False,False,True
2024-06-07,2024-06-07 19:53:00+00:00,2024-06-08 03:16:00+00:00,2387.0,1752.0,0.0,1.0045146726862302,0,False,False,True
2024-06-08,2024-06-08 19:53:00+00:00,2024-06-09 03:15:00+00:00,2282.0,1236.0,0.0,1.006787330316742,0,False,False,True
2024-06-09,2024-06-09 19:54:00+00:00,2024-06-10 03:15:00+00:00,1517.0,852.0,0.0,1.0090702947845804,0,False,False,True
2024-06-10,2024-06-10 19:55:00+00:00,2024-06-11 03:15:00+00:00,1496.0,864.0,0.0,1.0113636363636365,0,False,False,True
2024-06-11,2024-06-11 19:56:00+00:00,2024-06-12 03:14:00+00:00,2391.0,1572.0,0.0,0.9931506849315067,0,False,False,True
2024-06-12,2024-06-12 19:56:00+00:00,2024-06-13 03:14:00+00:00,3240.0,2544.0,0.25,0.9931506849315067,0,False,False,True
2024-06-13,2024-06-13 19:57:00+00:00,2024-06-14 03:14:00+00:00,1420.0,420.0,0.0,0.9954233409610983,0,False,False,True
2024-06-14,2024-06-14 19:57:00+00:00,2024-06-15 03:14:00+00:00,21970.0,8256.0,3.083333333333333,0.9954233409610983,0,False,True,True
2024-06-15,2024-06-15 19:58:00+00:00,2024-06-16 03:14:00+00:00,1084.0,180.0,0.0,0.9977064220183486,0,False,False,True
2024-06-16,2024-06-16 19:58:00+00:00,2024-06-17 03:14:00+00:00,1268.0,312.0,0.0,0.9977064220183486,0,False,False,True
2024-06-17,2024-06-17 19:58:00+00:00,2024-06-18 03:14:00+00:00,1469.0,288.0,0.0,0.9977064220183486,0,False,False,True
2024-06-18,2024-06-18 19:59:00+00:00,2024-06-19 03:14:00+00:00,1285.0,288.0,0.0,1.0,0,False,False,True
2024-06-19,2024-06-19 19:59:00+00:00,2024-06-20 03:14:00+00:00,2047.0,756.0,0.0,1.0,0,False,False,True
2024-06-20,2024-06-20 19:59:00+00:00,2024-06-21 03:14:00+00:00,1462.0,708.0,0.0,1.0,0,False,False,True
2024-06-21,2024-06-21 19:59:00+00:00,2024-06-22 03:14:00+00:00,2457.0,1608.0,0.0,1.0,0,False,False,True
2024-06-22,2024-06-22 19:59:00+00:00,2024-06-23 03:15:00+00:00,2551.0,1500.0,0.0,1.0091743119266054,0,False,False,True
2024-06-23,2024-06-23 20:00:00+00:00,2024-06-24 03:15:00+00:00,1270.0,264.0,0.0,1.0114942528735633,0,False,False,True
2024-06-24,2024-06-24 20:00:00+00:00,2024-06-25 03:15:00+00:00,2514.0,1200.0,0.0,1.0114942528735633,0,False,False,True
2024-06-25,2024-06-25 19:59:00+00:00,2024-06-26 03:16:00+00:00,1368.0,300.0,0.0,1.0068649885583523,0,False,False,True
2024-06-26,2024-06-26 19:59:00+00:00,2024-06-27 03:16:00+00:00,3138.0,1560.0,0.0,1.0068649885583523,0,False,False,True
2024-06-27,2024-06-27 19:59:00+00:00,2024-06-28 03:17:00+00:00,1612.0,624.0,0.0,1.004566210045662,0,False,False,True
2024-06-28,2024-06-28 19:59:00+00:00,2024-06-29 03:17:00+00:00,1182.0,312.0,0.0,1.004566210045662,0,False,False,True
2024-06-29,2024-06-29 19:59:00+00:00,2024-06-30 03:18:00+00:00,2623.0,876.0,0.0,1.0022779043280183,0,False,False,True
2024-06-30,2024-06-30 19:58:00+00:00,2024-07-01 03:19:00+00:00,2467.0,1608.0,0.0,0.9977324263038548,0,False,False,True
2024-07-01,2024-07-01 19:58:00+00:00,2024-07-02 03:19:00+00:00,2105.0,420.0,0.0,0.9977324263038548,0,False,False,True
2024-07-02,2024-07-02 19:58:00+00:00,2024-07-03 03:20:00+00:00,1224.0,288.0,0.0,1.006787330316742,0,False,False,True
2024-07-03,2024-07-03 19:57:00+00:00,2024-07-04 03:21:00+00:00,999.0,228.0,0.0,1.0022522522522521,0,False,False,True
2024-07-04,2024-07-04 19:57:00+00:00,2024-07-05 03:22:00+00:00,3006.0,6960.0,0.3333333333333333,0.9999999999999999,0,False,False,True
2024-07-05,2024-07-05 19:56:00+00:00,2024-07-06 03:23:00+00:00,2232.0,840.0,0.0,0.9955257270693512,0,False,False,True
2024-07-06,2024-07-06 19:55:00+00:00,2024-07-07 03:24:00+00:00,3629.0,1788.0,0.0,1.0022271714922049,0,False,False,True
2024-07-07,2024-07-07 19:55:00+00:00,2024-07-08 03:25:00+00:00,2709.0,1284.0,0.0,1.011111111111111,0,False,False,True
2024-07-08,2024-07-08 19:54:00+00:00,2024-07-09 03:26:00+00:00,1487.0,744.0,0.0,1.0066371681415929,0,False,False,True
2024-07-09,2024-07-09 19:53:00+00:00,2024-07-10 03:27:00+00:00,3039.0,1596.0,0.0,1.0022026431718063,0,False,False,True
2024-07-10,2024-07-10 19:52:00+00:00,2024-07-11 03:28:00+00:00,1806.0,1020.0,0.0,0.9978070175438596,0,False,False,True
2024-07-11,2024-07-11 19:52:00+00:00,2024-07-12 03:29:00+00:00,1409.0,744.0,0.0,0.9956236323851203,0,False,False,True
2024-07-12,2024-07-12 19:51:00+00:00,2024-07-13 03:30:00+00:00,12441.0,7152.0,1.6666666666666665,1.0021786492374727,0,False,False,True
2024-07-13,2024-07-13 19:50:00+00:00,2024-07-14 03:31:00+00:00,2328.0,1704.0,0.0,1.0086767895878526,0,False,False,True
2024-07-14,2024-07-14 19:49:00+00:00,2024-07-15 03:32:00+00:00,3080.0,1668.0,0.0,1.0043196544276456,0,False,False,True
2024-07-15,2024-07-15 19:48:00+00:00,2024-07-16 03:33:00+00:00,3442.0,1428.0,0.0,1.0,0,False,False,True
2024-07-16,2024-07-16 19:47:00+00:00,2024-07-17 03:34:00+00:00,1383.0,228.0,0.0,0.9957173447537473,0,False,False,True
2024-07-17,2024-07-17 19:45:00+00:00,2024-07-18 03:36:00+00:00,3798.0,1992.0,0.0,1.0084925690021231,0,False,False,True
2024-07-18,2024-07-18 19:44:00+00:00,2024-07-19 03:37:00+00:00,4058.0,1044.0,0.0,1.004228329809725,0,False,False,True
2024-07-19,2024-07-19 19:43:00+00:00,2024-07-20 03:38:00+00:00,5399.0,1788.0,0.0,0.9999999999999999,0,False,False,True
2024-07-20,2024-07-20 19:42:00+00:00,2024-07-21 03:40:00+00:00,5235.0,1932.0,0.0,1.00418410041841,0,False,False,True
2024-07-21,2024-07-21 19:40:00+00:00,2024-07-22 03:41:00+00:00,5243.0,2424.0,0.25,1.008316008316008,0,False,False,True
2024-07-22,2024-07-22 19:39:00+00:00,2024-07-23 03:42:00+00:00,14027.0,8748.0,1.4166666666666665,1.0041407867494823,0,False,False,True
2024-07-23,2024-07-23 19:38:00+00:00,2024-07-24 03:44:00+00:00,3791.0,1596.0,0.0,0.9979423868312757,0,False,False,True
2024-07-24,2024-07-24 19:36:00+00:00,2024-07-25 03:45:00+00:00,29205.0,7704.0,3.9166666666666665,1.002044989775051,0,False,True,True
2024-07-25,2024-07-25 19:35:00+00:00,2024-07-26 03:46:00+00:00,3037.0,636.0,0.0,1.0081466395112015,0,False,False,True
2024-07-26,2024-07-26 19:33:00+00:00,2024-07-27 03:48:00+00:00,3886.0,1848.0,0.0,1.0,0,False,False,True
2024-07-27,2024-07-27 19:32:00+00:00,2024-07-28 03:49:00+00:00,2911.0,708.0,0.0,0.9959758551307847,0,False,False,True
2024-07-28,2024-07-28 19:30:00+00:00,2024-07-29 03:51:00+00:00,1448.0,264.0,0.0,1.0079840319361277,0,False,False,True
2024-07-29,2024-07-29 19:29:00+00:00,2024-07-30 03:52:00+00:00,1163.0,204.0,0.0,1.0039761431411531,0,False,False,True
2024-07-30,2024-07-30 19:27:00+00:00,2024-07-31 03:54:00+00:00,4867.0,1116.0,0.0,0.9960552268244577,0,False,False,True
2024-07-31,2024-07-31 19:25:00+00:00,2024-08-01 03:55:00+00:00,2650.0,600.0,0.0,1.0098039215686274,0,False,False,True
2024-08-01,2024-08-01 19:24:00+00:00,2024-08-02 03:57:00+00:00,1351.0,204.0,0.0,1.0038986354775827,0,False,False,True
2024-08-02,2024-08-02 19:22:00+00:00,2024-08-03 03:58:00+00:00,4612.0,612.0,0.0,0.998062015503876,0,False,False,True
2024-08-03,2024-08-03 19:20:00+00:00,2024-08-04 04:00:00+00:00,4050.0,504.0,0.0,1.0096153846153846,0,False,False,True
2024-08-04,2024-08-04 19:19:00+00:00,2024-08-05 04:01:00+00:00,3372.0,516.0,0.0,1.0057471264367817,0,False,False,True
2024-08-05,2024-08-05 19:17:00+00:00,2024-08-06 04:03:00+00:00,3527.0,1068.0,0.0,0.9980988593155892,0,False,False,True
2024-08-06,2024-08-06 19:15:00+00:00,2024-08-07 04:04:00+00:00,3409.0,540.0,0.0,1.001890359168242,0,False,False,True
2024-08-07,2024-08-07 19:13:00+00:00,2024-08-08 04:06:00+00:00,4376.0,588.0,0.0,1.00375234521576,0,False,False,True
2024-08-08,2024-08-08 19:11:00+00:00,2024-08-09 04:08:00+00:00,4101.0,1068.0,0.0,0.9962756052141528,0,False,False,True
2024-08-09,2024-08-09 19:09:00+00:00,2024-08-10 04:09:00+00:00,2692.0,516.0,0.0,1.0,0,False,False,True
2024-08-10,2024-08-10 19:07:00+00:00,2024-08-11 04:11:00+00:00,7701.0,1872.0,0.0,1.0018382352941178,0,False,False,True
2024-08-11,2024-08-11 19:05:00+00:00,2024-08-12 04:12:00+00:00,4570.0,900.0,0.0,1.0054844606946982,0,False,False,True
2024-08-12,2024-08-12 19:03:00+00:00,2024-08-13 04:14:00+00:00,5145.0,1176.0,0.0,0.9981851179673321,0,False,False,True
2024-08-13,2024-08-13 19:01:00+00:00,2024-08-14 04:15:00+00:00,5651.0,900.0,0.0,1.0018050541516246,0,False,False,True
2024-08-14,2024-08-14 18:59:00+00:00,2024-08-15 04:17:00+00:00,5561.0,900.0,0.0,1.003584229390681,0,False,False,True
2024-08-15,2024-08-15 18:57:00+00:00,2024-08-16 04:19:00+00:00,3220.0,780.0,0.0,0.9964412811387899,0,False,False,True
2024-08-16,2024-08-16 18:55:00+00:00,2024-08-17 04:20:00+00:00,4452.0,1344.0,0.0,1.008849557522124,0,False,False,True
2024-08-17,2024-08-17 18:53:00+00:00,2024-08-18 04:22:00+00:00,4152.0,1776.0,0.0,1.0017574692442883,0,False,False,True
2024-08-18,2024-08-18 18:51:00+00:00,2024-08-19 04:23:00+00:00,3908.0,1908.0,0.0,0.9965034965034965,0,False,False,True
2024-08-19,2024-08-19 18:49:00+00:00,2024-08-20 04:25:00+00:00,4779.0,1824.0,0.0,1.0069444444444444,0,False,False,True
2024-08-20,2024-08-20 18:47:00+00:00,2024-08-21 04:27:00+00:00,3605.0,1416.0,0.0,1.0,0,False,False,True
2024-08-21,2024-08-21 18:45:00+00:00,2024-08-22 04:28:00+00:00,4510.0,1752.0,0.0,1.0034305317324184,0,False,False,True
2024-08-22,2024-08-22 18:43:00+00:00,2024-08-23 04:30:00+00:00,3366.0,576.0,0.0,1.0051107325383304,0,False,False,True
2024-08-23,2024-08-23 18:41:00+00:00,2024-08-24 04:32:00+00:00,4984.0,1776.0,0.0,0.9983079526226734,0,False,False,True
2024-08-24,2024-08-24 18:38:00+00:00,2024-08-25 04:33:00+00:00,2111.0,336.0,0.0,1.0,0,False,False,True
2024-08-25,2024-08-25 18:36:00+00:00,2024-08-26 04:35:00+00:00,5409.0,1596.0,0.0,1.001669449081803,0,False,False,True
2024-08-26,2024-08-26 18:34:00+00:00,2024-08-27 04:36:00+00:00,3108.0,1764.0,0.0,1.004983388704319,0,False,False,True
2024-08-27,2024-08-27 18:32:00+00:00,2024-08-28 04:38:00+00:00,2608.0,1056.0,0.0,0.9983498349834983,0,False,False,True
2024-08-28,2024-08-28 18:30:00+00:00,2024-08-29 04:40:00+00:00,5107.0,1764.0,0.0,1.0081967213114753,0,False,False,True
2024-08-29,2024-08-29 18:27:00+00:00,2024-08-30 04:41:00+00:00,5912.0,2028.0,0.25,1.001628664495114,0,False,False,True
2024-08-30,2024-08-30 18:25:00+00:00,2024-08-31 04:43:00+00:00,5508.0,5688.0,0.41666666666666663,1.0032362459546924,0,False,False,True
2024-08-31,2024-08-31 18:23:00+00:00,2024-09-01 04:44:00+00:00,5427.0,612.0,0.0,0.998389694041868,0,False,False,True
2024-09-01,2024-09-01 18:21:00+00:00,2024-09-02 04:46:00+00:00,6462.0,1812.0,0.0,1.0,0,False,False,True
2024-09-02,2024-09-02 18:18:00+00:00,2024-09-03 04:48:00+00:00,6430.0,2256.0,0.5,1.0,0,False,False,True
2024-09-03,2024-09-03 18:16:00+00:00,2024-09-04 04:49:00+00:00,2479.0,1728.0,0.0,0.995260663507109,0,False,False,True
2024-09-04,2024-09-04 18:14:00+00:00,2024-09-05 04:51:00+00:00,3306.0,1380.0,0.0,1.0047095761381475,0,False,False,True
2024-09-05,2024-09-05 18:11:00+00:00,2024-09-06 04:53:00+00:00,3731.0,624.0,0.0,0.9968847352024922,0,False,False,True
2024-09-06,2024-09-06 18:09:00+00:00,2024-09-07 04:54:00+00:00,3136.0,1692.0,0.0,1.0,0,False,False,True
2024-09-07,2024-09-07 18:07:00+00:00,2024-09-08 04:56:00+00:00,6355.0,2556.0,0.25,1.0015408320493064,0,False,False,True
2024-09-08,2024-09-08 18:04:00+00:00,2024-09-09 04:58:00+00:00,1913.0,768.0,0.0,1.0015290519877675,0,False,False,True
2024-09-09,2024-09-09 18:02:00+00:00,2024-09-10 04:59:00+00:00,3206.0,1776.0,0.0,0.9969558599695586,0,False,False,True
2024-09-10,2024-09-10 18:00:00+00:00,2024-09-11 05:01:00+00:00,3434.0,1572.0,0.0,1.0060514372163387,0,False,False,True
2024-09-11,2024-09-11 17:57:00+00:00,2024-09-12 05:02:00+00:00,3528.0,1728.0,0.0,0.9999999999999998,0,False,False,True
2024-09-12,2024-09-12 17:55:00+00:00,2024-09-13 05:04:00+00:00,3630.0,1896.0,0.0,1.0014947683109117,0,False,False,True
2024-09-13,2024-09-13 17:53:00+00:00,2024-09-14 05:06:00+00:00,3342.0,1512.0,0.0,1.00297176820208,0,False,False,True
2024-09-14,2024-09-14 17:50:00+00:00,2024-09-15 05:07:00+00:00,3681.0,1788.0,0.0,1.0044313146233381,0,False,False,True
2024-09-15,2024-09-15 17:48:00+00:00,2024-09-16 05:09:00+00:00,3583.0,1524.0,0.0,0.9985315712187958,0,False,False,True
2024-09-16,2024-09-16 17:46:00+00:00,2024-09-17 05:11:00+00:00,3136.0,1596.0,0.0,1.0,0,False,False,True
2024-09-17,2024-09-17 17:43:00+00:00,2024-09-18 05:12:00+00:00,2840.0,1896.0,0.0,1.0014513788098693,0,False,False,True
2024-09-18,2024-09-18 17:41:00+00:00,2024-09-19 05:14:00+00:00,4215.0,2160.0,0.25,0.9956709956709955,0,False,False,True
2024-09-19,2024-09-19 17:39:00+00:00,2024-09-20 05:16:00+00:00,2447.0,792.0,0.0,1.0043041606886656,0,False,False,True
2024-09-20,2024-09-20 17:36:00+00:00,2024-09-21 05:17:00+00:00,3686.0,1632.0,0.0,0.9985734664764621,0,False,False,True
2024-09-21,2024-09-21 17:34:00+00:00,2024-09-22 05:19:00+00:00,1811.0,240.0,0.0,1.0,0,False,False,True
2024-09-22,2024-09-22 17:31:00+00:00,2024-09-23 05:21:00+00:00,2242.0,516.0,0.0,0.9999999999999998,0,False,False,True
2024-09-23,2024-09-23 17:29:00+00:00,2024-09-24 05:22:00+00:00,3470.0,1944.0,0.0,1.002805049088359,0,False,False,True
2024-09-24,2024-09-24 17:27:00+00:00,2024-09-25 05:24:00+00:00,3051.0,960.0,0.0,0.99721059972106,0,False,False,True
2024-09-25,2024-09-25 17:24:00+00:00,2024-09-26 05:26:00+00:00,4718.0,1932.0,0.0,1.0041551246537397,0,False,False,True
2024-09-26,2024-09-26 17:22:00+00:00,2024-09-27 05:27:00+00:00,3111.0,888.0,0.0,0.9999999999999998,0,False,False,True
2024-09-27,2024-09-27 17:20:00+00:00,2024-09-28 05:29:00+00:00,4376.0,1776.0,0.0,1.0013717421124828,0,False,False,True
2024-09-28,2024-09-28 17:17:00+00:00,2024-09-29 05:31:00+00:00,2035.0,288.0,0.0,1.0013623978201633,0,False,False,True
2024-09-29,2024-09-29 17:15:00+00:00,2024-09-30 05:32:00+00:00,4822.0,1476.0,0.0,1.0040705563093621,0,False,False,True
2024-09-30,2024-09-30 17:13:00+00:00,2024-10-01 05:34:00+00:00,2509.0,492.0,0.0,0.9986504723346827,0,False,False,True
2024-10-01,2024-10-01 17:10:00+00:00,2024-10-02 05:36:00+00:00,3214.0,1440.0,0.0,1.005361930294906,0,False,False,True
2024-10-02,2024-10-02 17:08:00+00:00,2024-10-03 05:37:00+00:00,3006.0,1872.0,0.0,1.0013351134846462,0,False,False,True
2024-10-03,2024-10-03 17:06:00+00:00,2024-10-04 05:39:00+00:00,2188.0,312.0,0.0,0.99601593625498,0,False,False,True
2024-10-04,2024-10-04 17:03:00+00:00,2024-10-05 05:41:00+00:00,2894.0,1524.0,0.0,1.0026385224274408,0,False,False,True
2024-10-05,2024-10-05 17:01:00+00:00,2024-10-06 05:43:00+00:00,5270.0,2016.0,0.25,0.9973753280839894,0,False,False,True
2024-10-06,2024-10-06 16:59:00+00:00,2024-10-07 05:44:00+00:00,6413.0,1920.0,0.0,1.0,0,False,False,True
2024-10-07,2024-10-07 16:56:00+00:00,2024-10-08 05:46:00+00:00,3863.0,1284.0,0.0,0.9999999999999998,0,False,False,True
2024-10-08,2024-10-08 16:54:00+00:00,2024-10-09 05:48:00+00:00,3486.0,1500.0,0.0,1.0012919896640826,0,False,False,True
2024-10-09,2024-10-09 16:52:00+00:00,2024-10-10 05:50:00+00:00,4254.0,1188.0,0.0,1.0025706940874035,0,False,False,True
2024-10-10,2024-10-10 16:49:00+00:00,2024-10-11 05:51:00+00:00,5605.0,6924.0,0.3333333333333333,1.0038363171355498,0,False,False,True
2024-10-11,2024-10-11 16:47:00+00:00,2024-10-12 05:53:00+00:00,2732.0,420.0,0.0,0.9987277353689566,0,False,False,True
2024-10-12,2024-10-12 16:45:00+00:00,2024-10-13 05:55:00+00:00,9621.0,7008.0,1.0833333333333333,1.0063291139240507,0,False,False,True
2024-10-13,2024-10-13 16:43:00+00:00,2024-10-14 05:57:00+00:00,4300.0,1836.0,0.0,1.0012594458438286,0,False,False,True
2024-10-14,2024-10-14 16:40:00+00:00,2024-10-15 05:58:00+00:00,5797.0,1884.0,0.0,1.0025062656641603,0,False,False,True
2024-10-15,2024-10-15 16:38:00+00:00,2024-10-16 06:00:00+00:00,5401.0,2424.0,0.25,1.0037406483790523,0,False,False,True
2024-10-16,2024-10-16 16:36:00+00:00,2024-10-17 06:02:00+00:00,7154.0,2916.0,0.25,0.998759305210918,0,False,False,True
2024-10-17,2024-10-17 16:34:00+00:00,2024-10-18 06:04:00+00:00,4646.0,2028.0,0.25,1.0,0,False,False,True
2024-10-18,2024-10-18 16:32:00+00:00,2024-10-19 06:06:00+00:00,4354.0,1824.0,0.0,1.0012285012285012,0,False,False,True
2024-10-19,2024-10-19 16:30:00+00:00,2024-10-20 06:07:00+00:00,4030.0,1752.0,0.0,1.003671970624235,0,False,False,True
2024-10-20,2024-10-20 16:27:00+00:00,2024-10-21 06:09:00+00:00,2589.0,792.0,0.0,0.9975669099756691,0,False,False,True
2024-10-21,2024-10-21 16:25:00+00:00,2024-10-22 06:11:00+00:00,4505.0,3300.0,0.16666666666666666,1.0048426150121064,0,False,False,True
2024-10-22,2024-10-22 16:23:00+00:00,2024-10-23 06:13:00+00:00,2915.0,372.0,0.0,0.9999999999999998,0,False,False,True
2024-10-23,2024-10-23 16:21:00+00:00,2024-10-24 06:15:00+00:00,4694.0,996.0,0.0,1.001199040767386,0,False,False,True
2024-10-24,2024-10-24 16:19:00+00:00,2024-10-25 06:17:00+00:00,4636.0,1068.0,0.0,1.0023866348448687,0,False,False,True
2024-10-25,2024-10-25 16:17:00+00:00,2024-10-26 06:18:00+00:00,4752.0,1968.0,0.0,0.9988109393579071,0,False,False,True
2024-10-26,2024-10-26 16:15:00+00:00,2024-10-27 06:20:00+00:00,4893.0,1908.0,0.0,0.9349112426035502,0,True,False,False
2024-10-27,2024-10-27 16:13:00+00:00,2024-10-28 06:22:00+00:00,6434.0,2004.0,0.16666666666666666,1.0011778563015312,0,False,False,True
2024-10-28,2024-10-28 16:11:00+00:00,2024-10-29 06:24:00+00:00,6771.0,3360.0,0.25,0.9964830011723328,0,False,False,True
2024-10-29,2024-10-29 16:09:00+00:00,2024-10-30 06:26:00+00:00,3821.0,1176.0,0.0,1.0035005834305717,0,False,False,True
2024-10-30,2024-10-30 16:07:00+00:00,2024-10-31 06:28:00+00:00,6544.0,2352.0,0.5,0.9988385598141695,0,False,False,True
2024-10-31,2024-10-31 16:05:00+00:00,2024-11-01 06:29:00+00:00,5327.0,2520.0,0.25,1.0011574074074074,0,False,False,True
2024-11-01,2024-11-01 16:03:00+00:00,2024-11-02 06:31:00+00:00,4659.0,2484.0,0.25,1.0023041474654377,0,False,False,True
2024-11-02,2024-11-02 16:01:00+00:00,2024-11-03 06:33:00+00:00,4885.0,1608.0,0.0,0.9977064220183486,0,False,False,True
2024-11-03,2024-11-03 15:59:00+00:00,2024-11-04 06:35:00+00:00,7789.0,2112.0,0.25,1.004566210045662,0,False,False,True
2024-11-04,2024-11-04 15:58:00+00:00,2024-11-05 06:37:00+00:00,4621.0,1800.0,0.0,1.0011376564277588,0,False,False,True
2024-11-05,2024-11-05 15:56:00+00:00,2024-11-06 06:39:00+00:00,3967.0,1896.0,0.0,0.9966024915062286,0,False,False,True
2024-11-06,2024-11-06 15:54:00+00:00,2024-11-07 06:41:00+00:00,4571.0,2328.0,0.16666666666666666,1.003382187147689,0,False,False,True
2024-11-07,2024-11-07 15:52:00+00:00,2024-11-08 06:42:00+00:00,5414.0,1800.0,0.0,0.9999999999999999,0,False,False,True
2024-11-08,2024-11-08 15:51:00+00:00,2024-11-09 06:44:00+00:00,10751.0,6936.0,0.75,0.9966405375139978,0,False,False,True
2024-11-09,2024-11-09 15:49:00+00:00,2024-11-10 06:46:00+00:00,6706.0,1812.0,0.0,1.0033444816053512,0,False,False,True
2024-11-10,2024-11-10 15:47:00+00:00,2024-11-11 06:48:00+00:00,6927.0,2076.0,0.25,0.9988901220865704,0,False,False,True
2024-11-11,2024-11-11 15:46:00+00:00,2024-11-12 06:50:00+00:00,6898.0,2496.0,0.5,1.0011061946902655,0,False,False,True
2024-11-12,2024-11-12 15:44:00+00:00,2024-11-13 06:52:00+00:00,5957.0,2112.0,0.25,1.0022026431718063,0,False,False,True
2024-11-13,2024-11-13 15:43:00+00:00,2024-11-14 06:53:00+00:00,9277.0,2652.0,0.25,1.0,0,False,False,True
2024-11-14,2024-11-14 15:41:00+00:00,2024-11-15 06:55:00+00:00,3709.0,612.0,0.0,1.00109409190372,0,False,False,True
2024-11-15,2024-11-15 15:40:00+00:00,2024-11-16 06:57:00+00:00,5779.0,1836.0,0.0,1.0032715376226826,0,False,False,True
2024-11-16,2024-11-16 15:38:00+00:00,2024-11-17 06:59:00+00:00,5502.0,1956.0,0.0,0.9989142236699239,0,False,False,True
2024-11-17,2024-11-17 15:37:00+00:00,2024-11-18 07:00:00+00:00,5626.0,2052.0,0.25,1.0021668472372698,0,False,False,True
2024-11-18,2024-11-18 15:36:00+00:00,2024-11-19 07:02:00+00:00,6225.0,2184.0,0.25,0.9989200863930885,0,False,False,True
2024-11-19,2024-11-19 15:34:00+00:00,2024-11-20 07:04:00+00:00,4394.0,2052.0,0.25,1.0,0,False,False,True
2024-11-20,2024-11-20 15:33:00+00:00,2024-11-21 07:06:00+00:00,16334.0,7272.0,2.0,1.0021436227224008,0,False,True,True
2024-11-21,2024-11-21 15:32:00+00:00,2024-11-22 07:07:00+00:00,17018.0,8400.0,1.75,0.9999999999999999,0,False,False,True
2024-11-22,2024-11-22 15:31:00+00:00,2024-11-23 07:09:00+00:00,10251.0,2496.0,1.0,0.9968017057569296,0,False,False,True
2024-11-23,2024-11-23 15:30:00+00:00,2024-11-24 07:11:00+00:00,7596.0,1992.0,0.0,1.004250797024442,0,False,False,True
2024-11-24,2024-11-24 15:29:00+00:00,2024-11-25 07:12:00+00:00,8874.0,2964.0,0.75,1.002120890774125,0,False,False,True
2024-11-25,2024-11-25 15:28:00+00:00,2024-11-26 07:14:00+00:00,5415.0,2016.0,0.25,0.9989429175475686,0,False,False,True
2024-11-26,2024-11-26 15:27:00+00:00,2024-11-27 07:15:00+00:00,6514.0,2412.0,0.5,1.00210970464135,0,False,False,True
2024-11-27,2024-11-27 15:26:00+00:00,2024-11-28 07:17:00+00:00,9391.0,1980.0,0.0,0.9989484752891692,0,False,False,True
2024-11-28,2024-11-28 15:25:00+00:00,2024-11-29 07:19:00+00:00,20297.0,6936.0,2.75,1.00104821802935,0,False,True,True
2024-11-29,2024-11-29 15:24:00+00:00,2024-11-30 07:20:00+00:00,2912.0,312.0,0.0,1.00418410041841,0,False,False,True
2024-11-30,2024-11-30 15:23:00+00:00,2024-12-01 07:21:00+00:00,3187.0,324.0,0.0,1.0020876826722338,0,False,False,True
2024-12-01,2024-12-01 15:23:00+00:00,2024-12-02 07:23:00+00:00,6954.0,2508.0,0.41666666666666663,1.0,0,False,False,True
2024-12-02,2024-12-02 15:22:00+00:00,2024-12-03 07:24:00+00:00,5366.0,1944.0,0.0,0.9979209979209978,0,False,False,True
2024-12-03,2024-12-03 15:22:00+00:00,2024-12-04 07:26:00+00:00,9861.0,3936.0,1.25,1.0010373443983402,0,False,False,True
2024-12-04,2024-12-04 15:21:00+00:00,2024-12-05 07:27:00+00:00,6057.0,1788.0,0.0,0.9989648033126293,0,False,False,True
2024-12-05,2024-12-05 15:21:00+00:00,2024-12-06 07:28:00+00:00,4501.0,2136.0,0.25,0.9979317476732161,0,False,False,True
2024-12-06,2024-12-06 15:20:00+00:00,2024-12-07 07:29:00+00:00,9156.0,1812.0,0.0,1.0010319917440662,0,False,False,True
2024-12-07,2024-12-07 15:20:00+00:00,2024-12-08 07:31:00+00:00,5602.0,1692.0,0.0,1.004119464469619,0,False,False,True
2024-12-08,2024-12-08 15:20:00+00:00,2024-12-09 07:32:00+00:00,9566.0,3252.0,0.5,1.0030864197530864,0,False,False,True
2024-12-09,2024-12-09 15:19:00+00:00,2024-12-10 07:33:00+00:00,8378.0,2460.0,0.5,1.0010266940451744,0,False,False,True
2024-12-10,2024-12-10 15:19:00+00:00,2024-12-11 07:34:00+00:00,30096.0,8976.0,4.0,1.0,0,False,True,True
2024-12-11,2024-12-11 15:19:00+00:00,2024-12-12 07:35:00+00:00,6448.0,2928.0,0.5,1.0040983606557377,0,False,False,True
2024-12-12,2024-12-12 15:19:00+00:00,2024-12-13 07:36:00+00:00,5942.0,2436.0,0.3333333333333333,1.0030706243602865,0,False,False,True
2024-12-13,2024-12-13 15:19:00+00:00,2024-12-14 07:37:00+00:00,11704.0,2952.0,1.0,1.002044989775051,0,False,False,True
2024-12-14,2024-12-14 15:19:00+00:00,2024-12-15 07:38:00+00:00,7571.0,2076.0,0.25,1.0010214504596526,0,False,False,True
2024-12-15,2024-12-15 15:19:00+00:00,2024-12-16 07:38:00+00:00,9509.0,2736.0,0.25,1.0010214504596526,0,False,False,True
2024-12-16,2024-12-16 15:19:00+00:00,2024-12-17 07:39:00+00:00,10026.0,2316.0,0.5,1.0,0,False,False,True
2024-12-17,2024-12-17 15:20:00+00:00,2024-12-18 07:40:00+00:00,9288.0,1860.0,0.0,1.0051020408163265,0,False,False,True
2024-12-18,2024-12-18 15:20:00+00:00,2024-12-19 07:40:00+00:00,9368.0,2472.0,0.25,1.0051020408163265,0,False,False,True
2024-12-19,2024-12-19 15:20:00+00:00,2024-12-20 07:41:00+00:00,8937.0,1812.0,0.0,1.0040774719673802,0,False,False,True
2024-12-20,2024-12-20 15:21:00+00:00,2024-12-21 07:42:00+00:00,11025.0,2700.0,0.5,0.9989806320081549,0,False,False,True
2024-12-21,2024-12-21 15:21:00+00:00,2024-12-22 07:42:00+00:00,8408.0,1872.0,0.0,0.9989806320081549,0,False,False,True
2024-12-22,2024-12-22 15:22:00+00:00,2024-12-23 07:42:00+00:00,8568.0,2820.0,0.25,1.0,0,False,False,True
2024-12-23,2024-12-23 15:22:00+00:00,2024-12-24 07:43:00+00:00,8699.0,2652.0,0.25,0.9989806320081549,0,False,False,True
2024-12-24,2024-12-24 15:23:00+00:00,2024-12-25 07:43:00+00:00,9667.0,1716.0,0.0,1.0,0,False,False,True
2024-12-25,2024-12-25 15:24:00+00:00,2024-12-26 07:43:00+00:00,4862.0,336.0,0.0,1.0010214504596526,0,False,False,True
2024-12-26,2024-12-26 15:25:00+00:00,2024-12-27 07:43:00+00:00,12110.0,7164.0,1.1666666666666665,1.002044989775051,0,False,False,True
2024-12-27,2024-12-27 15:26:00+00:00,2024-12-28 07:44:00+00:00,3007.0,216.0,0.0,0.9969325153374232,0,False,False,True
2024-12-28,2024-12-28 15:26:00+00:00,2024-12-29 07:44:00+00:00,2687.0,192.0,0.0,0.9969325153374232,0,False,False,True
2024-12-29,2024-12-29 15:27:00+00:00,2024-12-30 07:44:00+00:00,2582.0,192.0,0.0,0.997952917093142,0,False,False,True
2024-12-30,2024-12-30 15:28:00+00:00,2024-12-31 07:44:00+00:00,2676.0,192.0,0.0,0.9989754098360656,0,False,False,True
2024-12-31,2024-12-31 15:29:00+00:00,2025-01-01 07:43:00+00:00,2690.0,192.0,0.0,1.0010266940451744,0,False,False,True
2025-01-01,2025-01-01 15:31:00+00:00,2025-01-02 07:43:00+00:00,2752.0,480.0,0.0,0.9979423868312757,0,False,False,True
2025-01-02,2025-01-02 15:32:00+00:00,2025-01-03 07:43:00+00:00,14168.0,4860.0,1.4166666666666665,0.9989701338825951,0,False,False,True
2025-01-03,2025-01-03 15:33:00+00:00,2025-01-04 07:43:00+00:00,5660.0,1776.0,0.0,0.9999999999999999,0,False,False,True
2025-01-04,2025-01-04 15:34:00+00:00,2025-01-05 07:42:00+00:00,12294.0,7248.0,1.25,1.0020661157024793,0,False,False,True
2025-01-05,2025-01-05 15:35:00+00:00,2025-01-06 07:42:00+00:00,9260.0,2808.0,0.75,1.0031023784901758,0,False,False,True
2025-01-06,2025-01-06 15:37:00+00:00,2025-01-07 07:41:00+00:00,6407.0,3204.0,0.6666666666666666,1.0010373443983402,0,False,False,True
2025-01-07,2025-01-07 15:38:00+00:00,2025-01-08 07:41:00+00:00,5570.0,1896.0,0.0,1.0020768431983385,0,False,False,True
2025-01-08,2025-01-08 15:40:00+00:00,2025-01-09 07:40:00+00:00,6357.0,2568.0,0.25,1.0052083333333333,0,False,False,True
2025-01-09,2025-01-09 15:41:00+00:00,2025-01-10 07:40:00+00:00,15415.0,2712.0,1.0,1.0010427528675703,0,False,False,True
2025-01-10,2025-01-10 15:43:00+00:00,2025-01-11 07:39:00+00:00,14534.0,2844.0,0.5,0.9989539748953974,0,False,False,True
2025-01-11,2025-01-11 15:44:00+00:00,2025-01-12 07:38:00+00:00,11730.0,3024.0,1.25,1.00104821802935,0,False,False,True
2025-01-12,2025-01-12 15:46:00+00:00,2025-01-13 07:37:00+00:00,13047.0,3072.0,1.0,0.9989484752891692,0,False,False,True
2025-01-13,2025-01-13 15:47:00+00:00,2025-01-14 07:37:00+00:00,8086.0,2292.0,0.5,0.9999999999999999,0,False,False,True
2025-01-14,2025-01-14 15:49:00+00:00,2025-01-15 07:36:00+00:00,9025.0,2316.0,0.5,1.0031678986272439,0,False,False,True
2025-01-15,2025-01-15 15:51:00+00:00,2025-01-16 07:35:00+00:00,9691.0,2640.0,0.08333333333333333,1.0010593220338981,0,False,False,True
2025-01-16,2025-01-16 15:52:00+00:00,2025-01-17 07:34:00+00:00,7811.0,2112.0,0.25,0.9978768577494692,0,False,False,True
2025-01-17,2025-01-17 15:54:00+00:00,2025-01-18 07:33:00+00:00,5084.0,1824.0,0.0,1.0010649627263044,0,False,False,True
2025-01-18,2025-01-18 15:56:00+00:00,2025-01-19 07:32:00+00:00,5593.0,3084.0,0.08333333333333333,0.9989316239316238,0,False,False,True
2025-01-19,2025-01-19 15:57:00+00:00,2025-01-20 07:30:00+00:00,8614.0,2724.0,0.3333333333333333,1.0021436227224008,0,False,False,True
2025-01-20,2025-01-20 15:59:00+00:00,2025-01-21 07:29:00+00:00,6477.0,2388.0,0.75,1.0,0,False,False,True
2025-01-21,2025-01-21 16:01:00+00:00,2025-01-22 07:28:00+00:00,9090.0,2004.0,0.08333333333333333,0.9978425026968716,0,False,False,True
2025-01-22,2025-01-22 16:03:00+00:00,2025-01-23 07:27:00+00:00,11707.0,2784.0,0.8333333333333333,1.001082251082251,0,False,False,True
2025-01-23,2025-01-23 16:05:00+00:00,2025-01-24 07:25:00+00:00,6837.0,2352.0,0.5,1.0054347826086956,0,False,False,True
2025-01-24,2025-01-24 16:06:00+00:00,2025-01-25 07:24:00+00:00,4676.0,1764.0,0.0,0.9967320261437908,0,False,False,True
2025-01-25,2025-01-25 16:08:00+00:00,2025-01-26 07:23:00+00:00,6429.0,2208.0,0.25,1.0,0,False,False,True
2025-01-26,2025-01-26 16:10:00+00:00,2025-01-27 07:21:00+00:00,8597.0,2004.0,0.25,1.0043907793633369,0,False,False,True
2025-01-27,2025-01-27 16:12:00+00:00,2025-01-28 07:20:00+00:00,5391.0,2004.0,0.16666666666666666,1.0022026431718063,0,False,False,True
2025-01-28,2025-01-28 16:14:00+00:00,2025-01-29 07:18:00+00:00,5008.0,1488.0,0.0,1.0011061946902655,0,False,False,True
2025-01-29,2025-01-29 16:16:00+00:00,2025-01-30 07:17:00+00:00,7595.0,2268.0,0.75,0.9988901220865704,0,False,False,True
2025-01-30,2025-01-30 16:18:00+00:00,2025-01-31 07:15:00+00:00,7017.0,6264.0,0.5,1.0033444816053512,0,False,False,True
2025-01-31,2025-01-31 16:20:00+00:00,2025-02-01 07:13:00+00:00,7813.0,2040.0,0.25,1.002239641657335,0,False,False,True
2025-02-01,2025-02-01 16:22:00+00:00,2025-02-02 07:12:00+00:00,10502.0,3600.0,0.75,0.9999999999999999,0,False,False,True
2025-02-02,2025-02-02 16:24:00+00:00,2025-02-03 07:10:00+00:00,9089.0,3492.0,0.75,1.0045146726862302,0,False,False,True
2025-02-03,2025-02-03 16:25:00+00:00,2025-02-04 07:08:00+00:00,7460.0,2748.0,0.25,1.002265005662514,0,False,False,True
2025-02-04,2025-02-04 16:27:00+00:00,2025-02-05 07:07:00+00:00,4741.0,1680.0,0.0,1.0,0,False,False,True
2025-02-05,2025-02-05 16:29:00+00:00,2025-02-06 07:05:00+00:00,7280.0,1752.0,0.0,1.004566210045662,0,False,False,True
2025-02-06,2025-02-06 16:31:00+00:00,2025-02-07 07:03:00+00:00,7301.0,2424.0,0.25,0.9977064220183486,0,False,False,True
2025-02-07,2025-02-07 16:33:00+00:00,2025-02-08 07:01:00+00:00,6906.0,3216.0,0.25,1.0023041474654377,0,False,False,True
2025-02-08,2025-02-08 16:35:00+00:00,2025-02-09 06:59:00+00:00,6175.0,1764.0,0.0,1.0011574074074074,0,False,False,True
2025-02-09,2025-02-09 16:37:00+00:00,2025-02-10 06:58:00+00:00,7858.0,2448.0,0.6666666666666666,0.9988385598141695,0,False,False,True
2025-02-10,2025-02-10 16:39:00+00:00,2025-02-11 06:56:00+00:00,4536.0,1452.0,0.0,1.0035005834305717,0,False,False,True
2025-02-11,2025-02-11 16:41:00+00:00,2025-02-12 06:54:00+00:00,6467.0,3108.0,0.75,0.9964830011723328,0,False,False,True
2025-02-12,2025-02-12 16:43:00+00:00,2025-02-13 06:52:00+00:00,5549.0,2184.0,0.25,1.0011778563015312,0,False,False,True
2025-02-13,2025-02-13 16:45:00+00:00,2025-02-14 06:50:00+00:00,4321.0,2028.0,0.25,1.0059171597633134,0,False,False,True
2025-02-14,2025-02-14 16:47:00+00:00,2025-02-15 06:48:00+00:00,26607.0,8772.0,3.5,0.9988109393579071,0,False,True,True
2025-02-15,2025-02-15 16:49:00+00:00,2025-02-16 06:46:00+00:00,2982.0,336.0,0.0,1.003584229390681,0,False,False,True
2025-02-16,2025-02-16 16:51:00+00:00,2025-02-17 06:44:00+00:00,7956.0,3012.0,0.75,0.9963985594237695,0,False,False,True
2025-02-17,2025-02-17 16:53:00+00:00,2025-02-18 06:42:00+00:00,7780.0,2796.0,0.75,1.0012062726176114,0,False,False,True
2025-02-18,2025-02-18 16:55:00+00:00,2025-02-19 06:40:00+00:00,4859.0,1980.0,0.0,1.006060606060606,0,False,False,True
2025-02-19,2025-02-19 16:56:00+00:00,2025-02-20 06:38:00+00:00,5162.0,816.0,0.0,0.9975669099756691,0,False,False,True
2025-02-20,2025-02-20 16:58:00+00:00,2025-02-21 06:36:00+00:00,3556.0,996.0,0.0,1.0024449877750612,0,False,False,True
2025-02-21,2025-02-21 17:00:00+00:00,2025-02-22 06:33:00+00:00,3320.0,864.0,0.0,1.002460024600246,0,False,False,True
2025-02-22,2025-02-22 17:02:00+00:00,2025-02-23 06:31:00+00:00,2910.0,336.0,0.0,1.0012360939431395,0,False,False,True
2025-02-23,2025-02-23 17:04:00+00:00,2025-02-24 06:29:00+00:00,7263.0,2832.0,0.75,1.0,0,False,False,True
2025-02-24,2025-02-24 17:06:00+00:00,2025-02-25 06:27:00+00:00,3967.0,1836.0,0.0,0.9987515605493132,0,False,False,True
2025-02-25,2025-02-25 17:08:00+00:00,2025-02-26 06:25:00+00:00,6496.0,1944.0,0.0,1.0037641154328731,0,False,False,True
2025-02-26,2025-02-26 17:10:00+00:00,2025-02-27 06:23:00+00:00,3962.0,828.0,0.0,1.0025220680958384,0,False,False,True
2025-02-27,2025-02-27 17:12:00+00:00,2025-02-28 06:20:00+00:00,4372.0,1320.0,0.0,1.00253807106599,0,False,False,True
2025-02-28,2025-02-28 17:14:00+00:00,2025-03-01 06:18:00+00:00,5803.0,1908.0,0.0,1.0012755102040816,0,False,False,True
2025-03-01,2025-03-01 17:15:00+00:00,2025-03-02 06:16:00+00:00,4505.0,1896.0,0.0,1.0051216389244557,0,False,False,True
2025-03-02,2025-03-02 17:17:00+00:00,2025-03-03 06:14:00+00:00,4552.0,1524.0,0.0,0.9974259974259974,0,False,False,True
2025-03-03,2025-03-03 17:19:00+00:00,2025-03-04 06:12:00+00:00,5039.0,3048.0,0.25,1.0025873221216042,0,False,False,True
2025-03-04,2025-03-04 17:21:00+00:00,2025-03-05 06:09:00+00:00,5250.0,2724.0,0.25,0.9960937499999999,0,False,False,True
2025-03-05,2025-03-05 17:23:00+00:00,2025-03-06 06:07:00+00:00,3858.0,1032.0,0.0,1.00130890052356,0,False,False,True
2025-03-06,2025-03-06 17:25:00+00:00,2025-03-07 06:05:00+00:00,6440.0,2448.0,0.5,1.006578947368421,0,False,False,True
2025-03-07,2025-03-07 17:27:00+00:00,2025-03-08 06:02:00+00:00,1961.0,180.0,0.0,0.9999999999999998,0,False,False,True
2025-03-08,2025-03-08 17:28:00+00:00,2025-03-09 06:00:00+00:00,1964.0,180.0,0.0,1.0039893617021276,0,False,False,True
2025-03-09,2025-03-09 17:30:00+00:00,2025-03-10 05:58:00+00:00,3916.0,2604.0,0.08333333333333333,1.0026737967914436,0,False,False,True
2025-03-10,2025-03-10 17:32:00+00:00,2025-03-11 05:56:00+00:00,6693.0,2340.0,0.25,1.0013440860215053,0,False,False,True
2025-03-11,2025-03-11 17:34:00+00:00,2025-03-12 05:53:00+00:00,4639.0,2076.0,0.25,1.0013531799729363,0,False,False,True
2025-03-12,2025-03-12 17:36:00+00:00,2025-03-13 05:51:00+00:00,4800.0,2100.0,0.25,1.0,0,False,False,True
2025-03-13,2025-03-13 17:37:00+00:00,2025-03-14 05:49:00+00:00,4790.0,2028.0,0.5,0.9972677595628415,0,False,False,True
2025-03-14,2025-03-14 17:39:00+00:00,2025-03-15 05:46:00+00:00,4520.0,2208.0,0.25,1.0041265474552956,0,False,False,True
2025-03-15,2025-03-15 17:41:00+00:00,2025-03-16 05:44:00+00:00,3143.0,2844.0,0.08333333333333333,0.9958506224066388,0,False,False,True
2025-03-16,2025-03-16 17:43:00+00:00,2025-03-17 05:42:00+00:00,3586.0,1608.0,0.0,1.0013908205841446,0,False,False,True
2025-03-17,2025-03-17 17:45:00+00:00,2025-03-18 05:39:00+00:00,4166.0,1764.0,0.0,1.0014005602240896,0,False,False,True
2025-03-18,2025-03-18 17:46:00+00:00,2025-03-19 05:37:00+00:00,4351.0,1620.0,0.0,0.9985935302390997,0,False,False,True
2025-03-19,2025-03-19 17:48:00+00:00,2025-03-20 05:35:00+00:00,3461.0,912.0,0.0,1.0042432814710043,0,False,False,True
2025-03-20,2025-03-20 17:50:00+00:00,2025-03-21 05:33:00+00:00,2306.0,456.0,0.0,1.0028449502133712,0,False,False,True
2025-03-21,2025-03-21 17:52:00+00:00,2025-03-22 05:30:00+00:00,3275.0,1920.0,0.0,1.002865329512894,0,False,False,True
2025-03-22,2025-03-22 17:53:00+00:00,2025-03-23 05:28:00+00:00,5047.0,2760.0,0.25,0.9999999999999998,0,False,False,True
2025-03-23,2025-03-23 17:55:00+00:00,2025-03-24 05:26:00+00:00,4631.0,1920.0,0.0,1.0057887120115774,0,False,False,True
2025-03-24,2025-03-24 17:57:00+00:00,2025-03-25 05:23:00+00:00,3349.0,1692.0,0.0,0.998542274052478,0,False,False,True
2025-03-25,2025-03-25 17:59:00+00:00,2025-03-26 05:21:00+00:00,3287.0,888.0,0.0,1.0043988269794721,0,False,False,True
2025-03-26,2025-03-26 18:00:00+00:00,2025-03-27 05:19:00+00:00,4096.0,1680.0,0.0,1.0014727540500736,0,False,False,True
2025-03-27,2025-03-27 18:02:00+00:00,2025-03-28 05:16:00+00:00,3369.0,1920.0,0.0,1.0014836795252224,0,False,False,True
2025-03-28,2025-03-28 18:04:00+00:00,2025-03-29 05:14:00+00:00,3510.0,2232.0,0.25,1.0,0,False,False,True
2025-03-29,2025-03-29 18:06:00+00:00,2025-03-30 05:12:00+00:00,25125.0,8640.0,3.1666666666666665,0.9984984984984984,0,False,True,True
2025-03-30,2025-03-30 18:07:00+00:00,2025-03-31 05:09:00+00:00,3699.0,1956.0,0.0,0.9969788519637461,0,False,False,True
2025-03-31,2025-03-31 18:09:00+00:00,2025-04-01 05:07:00+00:00,3629.0,1632.0,0.0,1.0030395136778114,0,False,False,True
2025-04-01,2025-04-01 18:11:00+00:00,2025-04-02 05:05:00+00:00,3742.0,1692.0,0.0,1.0015290519877675,0,False,False,True
2025-04-02,2025-04-02 18:13:00+00:00,2025-04-03 05:03:00+00:00,4032.0,1452.0,0.0,0.9999999999999998,0,False,False,True
2025-04-03,2025-04-03 18:14:00+00:00,2025-04-04 05:00:00+00:00,2912.0,780.0,0.0,1.0061919504643961,0,False,False,True
2025-04-04,2025-04-04 18:16:00+00:00,2025-04-05 04:58:00+00:00,4558.0,1608.0,0.0,0.9968847352024922,0,False,False,True
2025-04-05,2025-04-05 18:18:00+00:00,2025-04-06 04:56:00+00:00,2244.0,336.0,0.0,1.0031347962382446,0,False,False,True
2025-04-06,2025-04-06 18:20:00+00:00,2025-04-07 04:54:00+00:00,5205.0,2712.0,0.5,1.001577287066246,0,False,False,True
2025-04-07,2025-04-07 18:21:00+00:00,2025-04-08 04:51:00+00:00,3679.0,1608.0,0.0,1.0,0,False,False,True
2025-04-08,2025-04-08 18:23:00+00:00,2025-04-09 04:49:00+00:00,2118.0,408.0,0.0,0.998402555910543,0,False,False,True
2025-04-09,2025-04-09 18:25:00+00:00,2025-04-10 04:47:00+00:00,3994.0,2280.0,0.5,1.004823151125402,0,False,False,True
2025-04-10,2025-04-10 18:27:00+00:00,2025-04-11 04:45:00+00:00,2106.0,372.0,0.0,1.0032362459546924,0,False,False,True
2025-04-11,2025-04-11 18:28:00+00:00,2025-04-12 04:42:00+00:00,2023.0,444.0,0.0,1.001628664495114,0,False,False,True
2025-04-12,2025-04-12 18:30:00+00:00,2025-04-13 04:40:00+00:00,2521.0,1404.0,0.0,1.0081967213114753,0,False,False,True
2025-04-13,2025-04-13 18:32:00+00:00,2025-04-14 04:38:00+00:00,4295.0,1968.0,0.0,0.9983498349834983,0,False,False,True
2025-04-14,2025-04-14 18:33:00+00:00,2025-04-15 04:36:00+00:00,3558.0,1116.0,0.0,1.0033167495854063,0,False,False,True
2025-04-15,2025-04-15 18:35:00+00:00,2025-04-16 04:34:00+00:00,3766.0,1824.0,0.0,1.001669449081803,0,False,False,True
2025-04-16,2025-04-16 18:37:00+00:00,2025-04-17 04:32:00+00:00,2513.0,1620.0,0.0,1.0,0,False,False,True
2025-04-17,2025-04-17 18:39:00+00:00,2025-04-18 04:29:00+00:00,1845.0,372.0,0.0,0.9999999999999999,0,False,False,True
2025-04-18,2025-04-18 18:40:00+00:00,2025-04-19 04:27:00+00:00,2408.0,900.0,0.0,1.0051107325383304,0,False,False,True
2025-04-19,2025-04-19 18:42:00+00:00,2025-04-20 04:25:00+00:00,2733.0,1272.0,0.0,1.0034305317324184,0,False,False,True
2025-04-20,2025-04-20 18:44:00+00:00,2025-04-21 04:23:00+00:00,1568.0,180.0,0.0,1.0017271157167529,0,False,False,True
2025-04-21,2025-04-21 18:45:00+00:00,2025-04-22 04:21:00+00:00,1599.0,192.0,0.0,1.0069444444444444,0,False,False,True
2025-04-22,2025-04-22 18:47:00+00:00,2025-04-23 04:19:00+00:00,1532.0,180.0,0.0,0.9965034965034965,0,False,False,True
2025-04-23,2025-04-23 18:49:00+00:00,2025-04-24 04:17:00+00:00,1536.0,192.0,0.0,1.0035211267605633,0,False,False,True
2025-04-24,2025-04-24 18:51:00+00:00,2025-04-25 04:15:00+00:00,1535.0,192.0,0.0,1.00177304964539,0,False,False,True
2025-04-25,2025-04-25 18:52:00+00:00,2025-04-26 04:13:00+00:00,3221.0,528.0,0.0,0.9982174688057041,0,False,False,True
2025-04-26,2025-04-26 18:54:00+00:00,2025-04-27 04:11:00+00:00,2673.0,732.0,0.0,1.0053859964093357,0,False,False,True
2025-04-27,2025-04-27 18:56:00+00:00,2025-04-28 04:09:00+00:00,3666.0,1716.0,0.0,0.9945750452079565,0,False,False,True
2025-04-28,2025-04-28 18:57:00+00:00,2025-04-29 04:07:00+00:00,2966.0,1596.0,0.0,1.0,0,False,False,True
2025-04-29,2025-04-29 18:59:00+00:00,2025-04-30 04:05:00+00:00,2360.0,1800.0,0.0,1.0073260073260073,0,False,False,True
2025-04-30,2025-04-30 19:01:00+00:00,2025-05-01 04:03:00+00:00,2646.0,1500.0,0.0,0.9963099630996309,0,False,False,True
2025-05-01,2025-05-01 19:02:00+00:00,2025-05-02 04:02:00+00:00,2554.0,1644.0,0.0,1.0,0,False,False,True
2025-05-02,2025-05-02 19:04:00+00:00,2025-05-03 04:00:00+00:00,3094.0,1140.0,0.0,1.007462686567164,0,False,False,True
2025-05-03,2025-05-03 19:06:00+00:00,2025-05-04 03:58:00+00:00,2731.0,996.0,0.0,0.9962406015037594,0,False,False,True
2025-05-04,2025-05-04 19:07:00+00:00,2025-05-05 03:56:00+00:00,4259.0,2040.0,0.25,1.001890359168242,0,False,False,True
2025-05-05,2025-05-05 19:09:00+00:00,2025-05-06 03:54:00+00:00,2822.0,1272.0,0.0,1.0,0,False,False,True
2025-05-06,2025-05-06 19:11:00+00:00,2025-05-07 03:53:00+00:00,1883.0,372.0,0.0,0.996168582375479,0,False,False,True
2025-05-07,2025-05-07 19:12:00+00:00,2025-05-08 03:51:00+00:00,3237.0,1476.0,0.0,1.0019267822736029,0,False,False,True
2025-05-08,2025-05-08 19:14:00+00:00,2025-05-09 03:49:00+00:00,2707.0,1440.0,0.0,0.9999999999999999,0,False,False,True
2025-05-09,2025-05-09 19:15:00+00:00,2025-05-10 03:48:00+00:00,2855.0,600.0,0.0,1.0038986354775827,0,False,False,True
2025-05-10,2025-05-10 19:17:00+00:00,2025-05-11 03:46:00+00:00,3631.0,1920.0,0.0,1.0019646365422397,0,False,False,True
2025-05-11,2025-05-11 19:19:00+00:00,2025-05-12 03:44:00+00:00,2706.0,1668.0,0.0,1.0,0,False,False,True
2025-05-12,2025-05-12 19:20:00+00:00,2025-05-13 03:43:00+00:00,2859.0,1692.0,0.0,1.0039761431411531,0,False,False,True
2025-05-13,2025-05-13 19:22:00+00:00,2025-05-14 03:41:00+00:00,2416.0,1356.0,0.0,1.0020040080160322,0,False,False,True
2025-05-14,2025-05-14 19:23:00+00:00,2025-05-15 03:40:00+00:00,3234.0,960.0,0.0,1.0060362173038229,0,False,False,True
2025-05-15,2025-05-15 19:25:00+00:00,2025-05-16 03:38:00+00:00,2069.0,372.0,0.0,1.0040567951318458,0,False,False,True
2025-05-16,2025-05-16 19:26:00+00:00,2025-05-17 03:37:00+00:00,4163.0,2256.0,0.25,0.9979633401221996,0,False,False,True
2025-05-17,2025-05-17 19:28:00+00:00,2025-05-18 03:35:00+00:00,4892.0,1944.0,0.0,1.0061601642710472,0,False,False,True
2025-05-18,2025-05-18 19:29:00+00:00,2025-05-19 03:34:00+00:00,2524.0,1764.0,0.0,0.9999999999999999,0,False,False,True
2025-05-19,2025-05-19 19:31:00+00:00,2025-05-20 03:33:00+00:00,2792.0,1440.0,0.0,0.9958506224066389,0,False,False,True
2025-05-20,2025-05-20 19:32:00+00:00,2025-05-21 03:32:00+00:00,2410.0,1392.0,0.0,1.0,0,False,False,True
2025-05-21,2025-05-21 19:33:00+00:00,2025-05-22 03:30:00+00:00,1758.0,756.0,0.0,1.0062893081761006,0,False,False,True
2025-05-22,2025-05-22 19:35:00+00:00,2025-05-23 03:29:00+00:00,1478.0,348.0,0.0,1.00210970464135,0,False,False,True
2025-05-23,2025-05-23 19:36:00+00:00,2025-05-24 03:28:00+00:00,2298.0,804.0,0.0,0.9957627118644067,0,False,False,True
2025-05-24,2025-05-24 19:37:00+00:00,2025-05-25 03:27:00+00:00,1490.0,300.0,0.0,1.0,0,False,False,True
2025-05-25,2025-05-25 19:39:00+00:00,2025-05-26 03:26:00+00:00,1655.0,1020.0,0.0,1.006423982869379,0,False,False,True
2025-05-26,2025-05-26 19:40:00+00:00,2025-05-27 03:25:00+00:00,2774.0,1776.0,0.0,1.010752688172043,0,False,False,True
2025-05-27,2025-05-27 19:41:00+00:00,2025-05-28 03:24:00+00:00,3283.0,2160.0,0.25,0.9935205183585313,0,False,False,True
2025-05-28,2025-05-28 19:42:00+00:00,2025-05-29 03:23:00+00:00,1537.0,780.0,0.0,0.9978308026030368,0,False,False,True
2025-05-29,2025-05-29 19:44:00+00:00,2025-05-30 03:22:00+00:00,1337.0,228.0,0.0,1.0043668122270741,0,False,False,True
2025-05-30,2025-05-30 19:45:00+00:00,2025-05-31 03:21:00+00:00,1248.0,192.0,0.0,1.0087719298245614,0,False,False,True
2025-05-31,2025-05-31 19:46:00+00:00,2025-06-01 03:20:00+00:00,1955.0,552.0,0.0,1.0022026431718063,0,False,False,True
2025-06-01,2025-06-01 19:47:00+00:00,2025-06-02 03:19:00+00:00,1819.0,1092.0,0.0,0.9955752212389379,0,False,False,True
2025-06-02,2025-06-02 19:48:00+00:00,2025-06-03 03:19:00+00:00,1518.0,348.0,0.0,0.9977827050997783,0,False,False,True
2025-06-03,2025-06-03 19:49:00+00:00,2025-06-04 03:18:00+00:00,2412.0,1464.0,0.0,1.0022271714922049,0,False,False,True
2025-06-04,2025-06-04 19:50:00+00:00,2025-06-05 03:17:00+00:00,2919.0,876.0,0.0,1.006711409395973,0,False,False,True
2025-06-05,2025-06-05 19:51:00+00:00,2025-06-06 03:17:00+00:00,1280.0,228.0,0.0,0.9977578475336323,0,False,False,True
2025-06-06,2025-06-06 19:52:00+00:00,2025-06-07 03:16:00+00:00,2146.0,1560.0,0.0,1.0022522522522521,0,False,False,True
2025-06-07,2025-06-07 19:53:00+00:00,2025-06-08 03:16:00+00:00,3323.0,2196.0,0.25,1.0045146726862302,0,False,False,True
2025-06-08,2025-06-08 19:53:00+00:00,2025-06-09 03:15:00+00:00,5381.0,2508.0,0.25,1.006787330316742,0,False,False,True
2025-06-09,2025-06-09 19:54:00+00:00,2025-06-10 03:15:00+00:00,1617.0,948.0,0.0,1.0090702947845804,0,False,False,True
2025-06-10,2025-06-10 19:55:00+00:00,2025-06-11 03:15:00+00:00,1737.0,840.0,0.0,1.0113636363636365,0,False,False,True
2025-06-11,2025-06-11 19:55:00+00:00,2025-06-12 03:14:00+00:00,2392.0,1548.0,0.0,1.0022779043280183,0,False,False,True
2025-06-12,2025-06-12 19:56:00+00:00,2025-06-13 03:14:00+00:00,1682.0,396.0,0.0,0.9931506849315067,0,False,False,True
2025-06-13,2025-06-13 19:57:00+00:00,2025-06-14 03:14:00+00:00,5059.0,936.0,0.0,0.9954233409610983,0,False,False,True
2025-06-14,2025-06-14 19:57:00+00:00,2025-06-15 03:14:00+00:00,4547.0,1416.0,0.0,0.9954233409610983,0,False,False,True
2025-06-15,2025-06-15 19:58:00+00:00,2025-06-16 03:14:00+00:00,2576.0,1632.0,0.0,0.9977064220183486,0,False,False,True
2025-06-16,2025-06-16 19:58:00+00:00,2025-06-17 03:14:00+00:00,2052.0,1500.0,0.0,0.9977064220183486,0,False,False,True
2025-06-17,2025-06-17 19:58:00+00:00,2025-06-18 03:14:00+00:00,2564.0,2016.0,0.25,0.9977064220183486,0,False,False,True
2025-06-18,2025-06-18 19:59:00+00:00,2025-06-19 03:14:00+00:00,1587.0,804.0,0.0,1.0,0,False,False,True
2025-06-19,2025-06-19 19:59:00+00:00,2025-06-20 03:14:00+00:00,2033.0,1008.0,0.0,1.0,0,False,False,True
2025-06-20,2025-06-20 19:59:00+00:00,2025-06-21 03:14:00+00:00,1436.0,312.0,0.0,1.0,0,False,False,True
2025-06-21,2025-06-21 19:59:00+00:00,2025-06-22 03:14:00+00:00,3282.0,636.0,0.0,1.0,0,False,False,True
2025-06-22,2025-06-22 19:59:00+00:00,2025-06-23 03:15:00+00:00,3803.0,1836.0,0.0,1.0091743119266054,0,False,False,True
2025-06-23,2025-06-23 20:00:00+00:00,2025-06-24 03:15:00+00:00,3370.0,1764.0,0.0,1.0114942528735633,0,False,False,True
2025-06-24,2025-06-24 20:00:00+00:00,2025-06-25 03:15:00+00:00,1559.0,372.0,0.0,1.0114942528735633,0,False,False,True
2025-06-25,2025-06-25 20:00:00+00:00,2025-06-26 03:16:00+00:00,3145.0,1752.0,0.0,1.0091743119266054,0,False,False,True
2025-06-26,2025-06-26 19:59:00+00:00,2025-06-27 03:16:00+00:00,1310.0,312.0,0.0,1.0068649885583523,0,False,False,True
2025-06-27,2025-06-27 19:59:00+00:00,2025-06-28 03:17:00+00:00,1925.0,624.0,0.0,1.004566210045662,0,False,False,True
2025-06-28,2025-06-28 19:59:00+00:00,2025-06-29 03:17:00+00:00,2794.0,816.0,0.0,1.004566210045662,0,False,False,True
2025-06-29,2025-06-29 19:59:00+00:00,2025-06-30 03:18:00+00:00,4115.0,1068.0,0.0,1.0022779043280183,0,False,False,True
2025-06-30,2025-06-30 19:59:00+00:00,2025-07-01 03:19:00+00:00,4649.0,1908.0,0.0,1.0,0,False,False,True
2025-07-01,2025-07-01 19:58:00+00:00,2025-07-02 03:19:00+00:00,6390.0,1464.0,0.0,0.9977324263038548,0,False,False,True
2025-07-02,2025-07-02 19:58:00+00:00,2025-07-03 03:20:00+00:00,2520.0,1644.0,0.0,1.006787330316742,0,False,False,True
2025-07-03,2025-07-03 19:57:00+00:00,2025-07-04 03:21:00+00:00,1534.0,444.0,0.0,1.0022522522522521,0,False,False,True
2025-07-04,2025-07-04 19:57:00+00:00,2025-07-05 03:22:00+00:00,3993.0,2004.0,0.08333333333333333,0.9999999999999999,0,False,False,True
2025-07-05,2025-07-05 19:56:00+00:00,2025-07-06 03:23:00+00:00,2256.0,492.0,0.0,0.9955257270693512,0,False,False,True
2025-07-06,2025-07-06 19:56:00+00:00,2025-07-07 03:23:00+00:00,2233.0,1920.0,0.0,0.9955257270693512,0,False,False,True
2025-07-07,2025-07-07 19:55:00+00:00,2025-07-08 03:24:00+00:00,2076.0,1668.0,0.0,1.0022271714922049,0,False,False,True
2025-07-08,2025-07-08 19:54:00+00:00,2025-07-09 03:25:00+00:00,2314.0,1140.0,0.0,1.0088691796008868,0,False,False,True
2025-07-09,2025-07-09 19:53:00+00:00,2025-07-10 03:26:00+00:00,1674.0,360.0,0.0,1.0044150110375274,0,False,False,True
2025-07-10,2025-07-10 19:53:00+00:00,2025-07-11 03:27:00+00:00,1703.0,756.0,0.0,1.0022026431718063,0,False,False,True
2025-07-11,2025-07-11 19:52:00+00:00,2025-07-12 03:28:00+00:00,2763.0,996.0,0.0,0.9978070175438596,0,False,False,True
2025-07-12,2025-07-12 19:51:00+00:00,2025-07-13 03:29:00+00:00,1928.0,432.0,0.0,0.9934497816593886,0,False,False,True
2025-07-13,2025-07-13 19:50:00+00:00,2025-07-14 03:31:00+00:00,2194.0,1584.0,0.0,1.0086767895878526,0,False,False,True
2025-07-14,2025-07-14 19:49:00+00:00,2025-07-15 03:32:00+00:00,2420.0,1272.0,0.0,1.0043196544276456,0,False,False,True
2025-07-15,2025-07-15 19:48:00+00:00,2025-07-16 03:33:00+00:00,1417.0,264.0,0.0,1.0,0,False,False,True
2025-07-16,2025-07-16 19:47:00+00:00,2025-07-17 03:34:00+00:00,3569.0,2004.0,0.08333333333333333,0.9957173447537473,0,False,False,True
2025-07-17,2025-07-17 19:46:00+00:00,2025-07-18 03:35:00+00:00,1551.0,348.0,0.0,1.0021321961620469,0,False,False,True
2025-07-18,2025-07-18 19:45:00+00:00,2025-07-19 03:37:00+00:00,14285.0,6936.0,1.8333333333333333,1.0063559322033897,0,False,False,True
2025-07-19,2025-07-19 19:43:00+00:00,2025-07-20 03:38:00+00:00,8058.0,7620.0,0.8333333333333333,0.9999999999999999,0,False,False,True
2025-07-20,2025-07-20 19:42:00+00:00,2025-07-21 03:39:00+00:00,3578.0,1764.0,0.0,0.9958071278825995,0,False,False,True
2025-07-21,2025-07-21 19:41:00+00:00,2025-07-22 03:41:00+00:00,1531.0,372.0,0.0,1.0,0,False,False,True
2025-07-22,2025-07-22 19:39:00+00:00,2025-07-23 03:42:00+00:00,2116.0,624.0,0.0,1.0041407867494823,0,False,False,True
2025-07-23,2025-07-23 19:38:00+00:00,2025-07-24 03:43:00+00:00,2697.0,960.0,0.0,0.9999999999999999,0,False,False,True
2025-07-24,2025-07-24 19:37:00+00:00,2025-07-25 03:45:00+00:00,3968.0,1740.0,0.0,1.0040983606557377,0,False,False,True
2025-07-25,2025-07-25 19:35:00+00:00,2025-07-26 03:46:00+00:00,4406.0,1188.0,0.0,1.0081466395112015,0,False,False,True
2025-07-26,2025-07-26 19:34:00+00:00,2025-07-27 03:48:00+00:00,2083.0,696.0,0.0,1.0020242914979758,0,False,False,True
2025-07-27,2025-07-27 19:32:00+00:00,2025-07-28 03:49:00+00:00,1327.0,192.0,0.0,0.9959758551307847,0,False,False,True
2025-07-28,2025-07-28 19:31:00+00:00,2025-07-29 03:50:00+00:00,3120.0,1476.0,0.0,1.0020040080160322,0,False,False,True
2025-07-29,2025-07-29 19:29:00+00:00,2025-07-30 03:52:00+00:00,3815.0,840.0,0.0,1.0039761431411531,0,False,False,True
2025-07-30,2025-07-30 19:27:00+00:00,2025-07-31 03:53:00+00:00,1650.0,336.0,0.0,0.9980237154150198,0,False,False,True
2025-07-31,2025-07-31 19:26:00+00:00,2025-08-01 03:55:00+00:00,1664.0,756.0,0.0,1.0019646365422397,0,False,False,True
2025-08-01,2025-08-01 19:24:00+00:00,2025-08-02 03:56:00+00:00,3244.0,840.0,0.0,1.005859375,0,False,False,True
2025-08-02,2025-08-02 19:22:00+00:00,2025-08-03 03:58:00+00:00,1456.0,192.0,0.0,0.998062015503876,0,False,False,True
2025-08-03,2025-08-03 19:21:00+00:00,2025-08-04 03:59:00+00:00,1668.0,360.0,0.0,0.9942084942084942,0,False,False,True
2025-08-04,2025-08-04 19:19:00+00:00,2025-08-05 04:01:00+00:00,1636.0,372.0,0.0,1.0057471264367817,0,False,False,True
2025-08-05,2025-08-05 19:17:00+00:00,2025-08-06 04:03:00+00:00,1426.0,192.0,0.0,0.9980988593155892,0,False,False,True
2025-08-06,2025-08-06 19:15:00+00:00,2025-08-07 04:04:00+00:00,2620.0,324.0,0.0,1.001890359168242,0,False,False,True
2025-08-07,2025-08-07 19:14:00+00:00,2025-08-08 04:06:00+00:00,2790.0,1536.0,0.0,1.0056390977443608,0,False,False,True
2025-08-08,2025-08-08 19:12:00+00:00,2025-08-09 04:07:00+00:00,1671.0,264.0,0.0,1.0,0,False,False,True
2025-08-09,2025-08-09 19:10:00+00:00,2025-08-10 04:09:00+00:00,3529.0,1452.0,0.0,1.0018552875695732,0,False,False,True
2025-08-10,2025-08-10 19:08:00+00:00,2025-08-11 04:10:00+00:00,3046.0,1416.0,0.0,1.0055350553505535,0,False,False,True
2025-08-11,2025-08-11 19:06:00+00:00,2025-08-12 04:12:00+00:00,3584.0,1608.0,0.0,0.9981684981684982,0,False,False,True
2025-08-12,2025-08-12 19:04:00+00:00,2025-08-13 04:14:00+00:00,3383.0,2496.0,0.25,1.0,0,False,False,True
2025-08-13,2025-08-13 19:02:00+00:00,2025-08-14 04:15:00+00:00,7783.0,1884.0,0.0,1.0036166365280288,0,False,False,True
2025-08-14,2025-08-14 19:00:00+00:00,2025-08-15 04:17:00+00:00,4914.0,2052.0,0.25,1.0053859964093357,0,False,False,True
2025-08-15,2025-08-15 18:58:00+00:00,2025-08-16 04:18:00+00:00,3934.0,1932.0,0.0,0.9999999999999999,0,False,False,True
2025-08-16,2025-08-16 18:56:00+00:00,2025-08-17 04:20:00+00:00,3294.0,1884.0,0.0,1.00177304964539,0,False,False,True
2025-08-17,2025-08-17 18:54:00+00:00,2025-08-18 04:22:00+00:00,3488.0,2004.0,0.16666666666666666,1.0035211267605633,0,False,False,True
2025-08-18,2025-08-18 18:52:00+00:00,2025-08-19 04:23:00+00:00,1773.0,312.0,0.0,0.998248686514886,0,False,False,True
2025-08-19,2025-08-19 18:50:00+00:00,2025-08-20 04:25:00+00:00,2930.0,1596.0,0.0,1.008695652173913,0,False,False,True
2025-08-20,2025-08-20 18:48:00+00:00,2025-08-21 04:26:00+00:00,8897.0,7020.0,1.0,1.0034602076124568,0,False,False,True
2025-08-21,2025-08-21 18:45:00+00:00,2025-08-22 04:28:00+00:00,2330.0,1260.0,0.0,1.0034305317324184,0,False,False,True
2025-08-22,2025-08-22 18:43:00+00:00,2025-08-23 04:30:00+00:00,3811.0,1992.0,0.0,1.0051107325383304,0,False,False,True
2025-08-23,2025-08-23 18:41:00+00:00,2025-08-24 04:31:00+00:00,4450.0,852.0,0.0,0.9999999999999999,0,False,False,True
2025-08-24,2025-08-24 18:39:00+00:00,2025-08-25 04:33:00+00:00,4215.0,2052.0,0.25,1.0016835016835015,0,False,False,True
2025-08-25,2025-08-25 18:37:00+00:00,2025-08-26 04:34:00+00:00,4020.0,1332.0,0.0,0.9966499162479062,0,False,False,True
2025-08-26,2025-08-26 18:35:00+00:00,2025-08-27 04:36:00+00:00,3957.0,936.0,0.0,1.006655574043261,0,False,False,True
2025-08-27,2025-08-27 18:32:00+00:00,2025-08-28 04:38:00+00:00,6516.0,2376.0,0.25,0.9983498349834983,0,False,False,True
2025-08-28,2025-08-28 18:30:00+00:00,2025-08-29 04:39:00+00:00,4157.0,1404.0,0.0,1.0016420361247946,0,False,False,True
2025-08-29,2025-08-29 18:28:00+00:00,2025-08-30 04:41:00+00:00,6773.0,7164.0,0.75,1.00326264274062,0,False,False,True
2025-08-30,2025-08-30 18:26:00+00:00,2025-08-31 04:43:00+00:00,2223.0,1440.0,0.0,0.9967585089141004,0,False,False,True
2025-08-31,2025-08-31 18:23:00+00:00,2025-09-01 04:44:00+00:00,18460.0,7308.0,2.5,0.998389694041868,0,False,True,True
2025-09-01,2025-09-01 18:21:00+00:00,2025-09-02 04:46:00+00:00,4158.0,2172.0,0.25,1.0,0,False,False,True
2025-09-02,2025-09-02 18:19:00+00:00,2025-09-03 04:47:00+00:00,2904.0,1800.0,0.0,1.003184713375796,0,False,False,True
2025-09-03,2025-09-03 18:17:00+00:00,2025-09-04 04:49:00+00:00,4257.0,1692.0,0.0,0.9968354430379747,0,False,False,True
2025-09-04,2025-09-04 18:14:00+00:00,2025-09-05 04:51:00+00:00,2225.0,552.0,0.0,1.0047095761381475,0,False,False,True
2025-09-05,2025-09-05 18:12:00+00:00,2025-09-06 04:52:00+00:00,3598.0,1764.0,0.0,1.0,0,False,False,True
2025-09-06,2025-09-06 18:10:00+00:00,2025-09-07 04:54:00+00:00,4711.0,1704.0,0.0,1.0015527950310559,0,False,False,True
2025-09-07,2025-09-07 18:07:00+00:00,2025-09-08 04:56:00+00:00,3647.0,1800.0,0.0,1.0015408320493064,0,False,False,True
2025-09-08,2025-09-08 18:05:00+00:00,2025-09-09 04:57:00+00:00,3980.0,1620.0,0.0,1.004601226993865,0,False,False,True
2025-09-09,2025-09-09 18:03:00+00:00,2025-09-10 04:59:00+00:00,3021.0,1644.0,0.0,0.9984756097560974,0,False,False,True
2025-09-10,2025-09-10 18:00:00+00:00,2025-09-11 05:00:00+00:00,4173.0,2016.0,0.25,1.0075757575757576,0,False,False,True
2025-09-11,2025-09-11 17:58:00+00:00,2025-09-12 05:02:00+00:00,2289.0,384.0,0.0,1.0015060240963856,0,False,False,True
2025-09-12,2025-09-12 17:56:00+00:00,2025-09-13 05:04:00+00:00,3022.0,564.0,0.0,0.9955089820359282,0,False,False,True
2025-09-13,2025-09-13 17:53:00+00:00,2025-09-14 05:05:00+00:00,5415.0,1236.0,0.0,1.0044642857142856,0,False,False,True
2025-09-14,2025-09-14 17:51:00+00:00,2025-09-15 05:07:00+00:00,4489.0,1884.0,0.0,0.9985207100591714,0,False,False,True
2025-09-15,2025-09-15 17:49:00+00:00,2025-09-16 05:09:00+00:00,4327.0,1740.0,0.0,0.9999999999999998,0,False,False,True
2025-09-16,2025-09-16 17:46:00+00:00,2025-09-17 05:10:00+00:00,3842.0,1584.0,0.0,1.0014619883040934,0,False,False,True
2025-09-17,2025-09-17 17:44:00+00:00,2025-09-18 05:12:00+00:00,8737.0,7272.0,0.5833333333333333,1.0029069767441858,0,False,False,True
2025-09-18,2025-09-18 17:41:00+00:00,2025-09-19 05:14:00+00:00,4136.0,1644.0,0.0,0.9956709956709955,0,False,False,True
2025-09-19,2025-09-19 17:39:00+00:00,2025-09-20 05:15:00+00:00,4891.0,1656.0,0.0,1.0057471264367814,0,False,False,True
2025-09-20,2025-09-20 17:37:00+00:00,2025-09-21 05:17:00+00:00,4485.0,1296.0,0.0,1.0,0,False,False,True
2025-09-21,2025-09-21 17:34:00+00:00,2025-09-22 05:19:00+00:00,5305.0,2364.0,0.25,1.0,0,False,False,True
2025-09-22,2025-09-22 17:32:00+00:00,2025-09-23 05:20:00+00:00,4328.0,2016.0,0.25,1.002824858757062,0,False,False,True
2025-09-23,2025-09-23 17:30:00+00:00,2025-09-24 05:22:00+00:00,3783.0,1728.0,0.0,1.0042134831460674,0,False,False,True
2025-09-24,2025-09-24 17:27:00+00:00,2025-09-25 05:24:00+00:00,3399.0,852.0,0.0,0.99721059972106,0,False,False,True
2025-09-25,2025-09-25 17:25:00+00:00,2025-09-26 05:25:00+00:00,2909.0,1296.0,0.0,1.0069444444444444,0,False,False,True
2025-09-26,2025-09-26 17:23:00+00:00,2025-09-27 05:27:00+00:00,2800.0,348.0,0.0,1.0013812154696131,0,False,False,True
2025-09-27,2025-09-27 17:20:00+00:00,2025-09-28 05:29:00+00:00,2411.0,336.0,0.0,1.0013717421124828,0,False,False,True
2025-09-28,2025-09-28 17:18:00+00:00,2025-09-29 05:30:00+00:00,5990.0,2388.0,0.75,1.0040983606557377,0,False,False,True
2025-09-29,2025-09-29 17:15:00+00:00,2025-09-30 05:32:00+00:00,4038.0,2040.0,0.25,1.0040705563093621,0,False,False,True
2025-09-30,2025-09-30 17:13:00+00:00,2025-10-01 05:34:00+00:00,3734.0,864.0,0.0,0.9986504723346827,0,False,False,True
2025-10-01,2025-10-01 17:11:00+00:00,2025-10-02 05:35:00+00:00,3551.0,840.0,0.0,1.0013440860215053,0,False,False,True
2025-10-02,2025-10-02 17:08:00+00:00,2025-10-03 05:37:00+00:00,2836.0,564.0,0.0,1.0013351134846462,0,False,False,True
2025-10-03,2025-10-03 17:06:00+00:00,2025-10-04 05:39:00+00:00,2838.0,468.0,0.0,0.99601593625498,0,False,False,True
2025-10-04,2025-10-04 17:04:00+00:00,2025-10-05 05:41:00+00:00,5059.0,2400.0,0.25,1.0039630118890357,0,False,False,True
2025-10-05,2025-10-05 17:01:00+00:00,2025-10-06 05:42:00+00:00,4858.0,2268.0,0.25,0.9986859395532194,0,False,False,True
2025-10-06,2025-10-06 16:59:00+00:00,2025-10-07 05:44:00+00:00,3963.0,1428.0,0.0,1.0,0,False,False,True
2025-10-07,2025-10-07 16:57:00+00:00,2025-10-08 05:46:00+00:00,3634.0,1908.0,0.0,1.001300390117035,0,False,False,True
2025-10-08,2025-10-08 16:55:00+00:00,2025-10-09 05:47:00+00:00,4720.0,1284.0,0.0,1.0038860103626943,0,False,False,True
2025-10-09,2025-10-09 16:52:00+00:00,2025-10-10 05:49:00+00:00,3778.0,1752.0,0.0,0.9974259974259974,0,False,False,True
2025-10-10,2025-10-10 16:50:00+00:00,2025-10-11 05:51:00+00:00,41537.0,9084.0,5.5,1.0051216389244557,0,False,True,True
2025-10-11,2025-10-11 16:48:00+00:00,2025-10-12 05:53:00+00:00,4601.0,1776.0,0.0,0.9999999999999998,0,False,False,True
2025-10-12,2025-10-12 16:46:00+00:00,2025-10-13 05:54:00+00:00,4047.0,1932.0,0.0,0.9961928934010152,0,False,False,True
2025-10-13,2025-10-13 16:43:00+00:00,2025-10-14 05:56:00+00:00,3905.0,1932.0,0.0,1.0025220680958384,0,False,False,True
2025-10-14,2025-10-14 16:41:00+00:00,2025-10-15 05:58:00+00:00,4124.0,2520.0,0.08333333333333333,0.9974905897114178,0,False,False,True
2025-10-15,2025-10-15 16:39:00+00:00,2025-10-16 06:00:00+00:00,5637.0,2916.0,0.25,1.0049937578027464,0,False,False,True
2025-10-16,2025-10-16 16:37:00+00:00,2025-10-17 06:02:00+00:00,3868.0,852.0,0.0,1.0,0,False,False,True
2025-10-17,2025-10-17 16:34:00+00:00,2025-10-18 06:03:00+00:00,5223.0,1692.0,0.0,1.0012360939431395,0,False,False,True
2025-10-18,2025-10-18 16:32:00+00:00,2025-10-19 06:05:00+00:00,6938.0,2832.0,0.5,1.002460024600246,0,False,False,True
2025-10-19,2025-10-19 16:30:00+00:00,2025-10-20 06:07:00+00:00,4100.0,1428.0,0.0,1.003671970624235,0,False,False,True
2025-10-20,2025-10-20 16:28:00+00:00,2025-10-21 06:09:00+00:00,4660.0,1776.0,0.0,0.9987819732034103,0,False,False,True
2025-10-21,2025-10-21 16:26:00+00:00,2025-10-22 06:11:00+00:00,4759.0,1704.0,0.0,1.0,0,False,False,True
2025-10-22,2025-10-22 16:24:00+00:00,2025-10-23 06:12:00+00:00,5855.0,2364.0,0.16666666666666666,1.0024154589371979,0,False,False,True
2025-10-23,2025-10-23 16:22:00+00:00,2025-10-24 06:14:00+00:00,8840.0,7332.0,0.6666666666666666,0.9975961538461539,0,False,False,True
2025-10-24,2025-10-24 16:20:00+00:00,2025-10-25 06:16:00+00:00,3970.0,1908.0,0.0,1.0047846889952152,0,False,False,True
2025-10-25,2025-10-25 16:17:00+00:00,2025-10-26 06:18:00+00:00,2327.0,360.0,0.0,0.9274673008323423,0,True,False,False
2025-10-26,2025-10-26 16:15:00+00:00,2025-10-27 06:20:00+00:00,3736.0,1380.0,0.0,1.0059171597633134,0,False,False,True
2025-10-27,2025-10-27 16:13:00+00:00,2025-10-28 06:22:00+00:00,5012.0,1752.0,0.0,1.0011778563015312,0,False,False,True
2025-10-28,2025-10-28 16:11:00+00:00,2025-10-29 06:24:00+00:00,4718.0,2004.0,0.08333333333333333,0.9964830011723328,0,False,False,True
2025-10-29,2025-10-29 16:09:00+00:00,2025-10-30 06:25:00+00:00,21870.0,7692.0,2.75,1.0046728971962615,0,False,True,True
2025-10-30,2025-10-30 16:07:00+00:00,2025-10-31 06:27:00+00:00,3481.0,624.0,0.0,0.9999999999999999,0,False,False,True
2025-10-31,2025-10-31 16:06:00+00:00,2025-11-01 06:29:00+00:00,7470.0,2340.0,0.25,0.9965237543453072,0,False,False,True
2025-11-01,2025-11-01 16:04:00+00:00,2025-11-02 06:31:00+00:00,6785.0,2880.0,0.5,1.0034602076124568,0,False,False,True
2025-11-02,2025-11-02 16:02:00+00:00,2025-11-03 06:33:00+00:00,1922.0,1884.0,0.0,0.5166475315729047,0,False,False,False
2025-11-03,2025-11-03 16:00:00+00:00,2025-11-04 06:35:00+00:00,3644.0,1956.0,0.0,1.0057142857142856,0,False,False,True
2025-11-04,2025-11-04 15:58:00+00:00,2025-11-05 06:36:00+00:00,7696.0,2256.0,0.25,1.0022779043280183,0,False,False,True
2025-11-05,2025-11-05 15:56:00+00:00,2025-11-06 06:38:00+00:00,5803.0,1920.0,0.0,0.9977324263038548,0,False,False,True
2025-11-06,2025-11-06 15:55:00+00:00,2025-11-07 06:40:00+00:00,3278.0,576.0,0.0,1.0056497175141244,0,False,False,True
2025-11-07,2025-11-07 15:53:00+00:00,2025-11-08 06:42:00+00:00,3589.0,1008.0,0.0,1.001124859392576,0,False,False,True
2025-11-08,2025-11-08 15:51:00+00:00,2025-11-09 06:44:00+00:00,2740.0,360.0,0.0,0.9966405375139978,0,False,False,True
2025-11-09,2025-11-09 15:49:00+00:00,2025-11-10 06:46:00+00:00,3690.0,1884.0,0.0,1.0033444816053512,0,False,False,True
2025-11-10,2025-11-10 15:48:00+00:00,2025-11-11 06:48:00+00:00,5490.0,1800.0,0.0,1.0,0,False,False,True
2025-11-11,2025-11-11 15:46:00+00:00,2025-11-12 06:49:00+00:00,6329.0,3420.0,0.25,0.9966777408637872,0,False,False,True
2025-11-12,2025-11-12 15:45:00+00:00,2025-11-13 06:51:00+00:00,6885.0,1764.0,0.0,1.0044150110375274,0,False,False,True
2025-11-13,2025-11-13 15:43:00+00:00,2025-11-14 06:53:00+00:00,4239.0,948.0,0.0,1.0,0,False,False,True
2025-11-14,2025-11-14 15:42:00+00:00,2025-11-15 06:55:00+00:00,30025.0,8556.0,4.0,1.0021905805038334,0,False,True,True
2025-11-15,2025-11-15 15:40:00+00:00,2025-11-16 06:57:00+00:00,11544.0,3948.0,0.75,1.0032715376226826,0,False,False,True
2025-11-16,2025-11-16 15:39:00+00:00,2025-11-17 06:58:00+00:00,6742.0,2568.0,0.75,1.001088139281828,0,False,False,True
2025-11-17,2025-11-17 15:37:00+00:00,2025-11-18 07:00:00+00:00,7118.0,2388.0,0.75,1.0021668472372698,0,False,False,True
2025-11-18,2025-11-18 15:36:00+00:00,2025-11-19 07:02:00+00:00,7438.0,1404.0,0.0,0.9989200863930885,0,False,False,True
2025-11-19,2025-11-19 15:35:00+00:00,2025-11-20 07:04:00+00:00,29826.0,10272.0,4.0,1.0010764262648009,0,False,True,True
2025-11-20,2025-11-20 15:34:00+00:00,2025-11-21 07:05:00+00:00,5053.0,1932.0,0.0,1.0042964554242748,0,False,False,True
2025-11-21,2025-11-21 15:32:00+00:00,2025-11-22 07:07:00+00:00,8499.0,2064.0,0.25,0.9999999999999999,0,False,False,True
2025-11-22,2025-11-22 15:31:00+00:00,2025-11-23 07:09:00+00:00,18084.0,6960.0,2.25,0.9968017057569296,0,False,True,True
2025-11-23,2025-11-23 15:30:00+00:00,2025-11-24 07:10:00+00:00,3684.0,960.0,0.0,1.0053191489361701,0,False,False,True
2025-11-24,2025-11-24 15:29:00+00:00,2025-11-25 07:12:00+00:00,41442.0,8616.0,5.583333333333333,1.002120890774125,0,False,True,True
2025-11-25,2025-11-25 15:28:00+00:00,2025-11-26 07:14:00+00:00,6137.0,2220.0,0.25,0.9989429175475686,0,False,False,True
2025-11-26,2025-11-26 15:27:00+00:00,2025-11-27 07:15:00+00:00,7521.0,2088.0,0.25,1.00210970464135,0,False,False,True
2025-11-27,2025-11-27 15:26:00+00:00,2025-11-28 07:17:00+00:00,3600.0,456.0,0.0,0.9989484752891692,0,False,False,True
2025-11-28,2025-11-28 15:25:00+00:00,2025-11-29 07:18:00+00:00,4237.0,1440.0,0.0,1.0020986358866737,0,False,False,True
2025-11-29,2025-11-29 15:24:00+00:00,2025-11-30 07:20:00+00:00,6580.0,2148.0,0.25,1.00418410041841,0,False,False,True
2025-11-30,2025-11-30 15:24:00+00:00,2025-12-01 07:21:00+00:00,5206.0,2400.0,0.25,1.0031347962382444,0,False,False,True
2025-12-01,2025-12-01 15:23:00+00:00,2025-12-02 07:23:00+00:00,5237.0,1524.0,0.0,1.0,0,False,False,True
2025-12-02,2025-12-02 15:22:00+00:00,2025-12-03 07:24:00+00:00,36539.0,7308.0,4.583333333333333,0.9979209979209978,0,False,True,True
2025-12-03,2025-12-03 15:22:00+00:00,2025-12-04 07:25:00+00:00,12758.0,3192.0,0.5,1.0020768431983385,0,False,False,True
2025-12-04,2025-12-04 15:21:00+00:00,2025-12-05 07:27:00+00:00,9109.0,2412.0,0.5,0.9989648033126293,0,False,False,True
2025-12-05,2025-12-05 15:21:00+00:00,2025-12-06 07:28:00+00:00,7930.0,2904.0,0.5,0.9979317476732161,0,False,False,True
2025-12-06,2025-12-06 15:20:00+00:00,2025-12-07 07:29:00+00:00,9144.0,2052.0,0.25,1.0010319917440662,0,False,False,True
2025-12-07,2025-12-07 15:20:00+00:00,2025-12-08 07:30:00+00:00,4854.0,792.0,0.0,1.0051546391752575,0,False,False,True
2025-12-08,2025-12-08 15:20:00+00:00,2025-12-09 07:31:00+00:00,5462.0,1968.0,0.0,1.004119464469619,0,False,False,True
2025-12-09,2025-12-09 15:19:00+00:00,2025-12-10 07:33:00+00:00,3980.0,1728.0,0.0,1.0010266940451744,0,False,False,True
2025-12-10,2025-12-10 15:19:00+00:00,2025-12-11 07:34:00+00:00,4797.0,1740.0,0.0,1.0,0,False,False,True
2025-12-11,2025-12-11 15:19:00+00:00,2025-12-12 07:35:00+00:00,3890.0,600.0,0.0,1.0040983606557377,0,False,False,True
2025-12-12,2025-12-12 15:19:00+00:00,2025-12-13 07:36:00+00:00,6776.0,2628.0,0.75,1.0030706243602865,0,False,False,True
2025-12-13,2025-12-13 15:19:00+00:00,2025-12-14 07:37:00+00:00,7478.0,1668.0,0.0,1.002044989775051,0,False,False,True
2025-12-14,2025-12-14 15:19:00+00:00,2025-12-15 07:37:00+00:00,6012.0,2544.0,0.25,1.002044989775051,0,False,False,True
2025-12-15,2025-12-15 15:19:00+00:00,2025-12-16 07:38:00+00:00,5975.0,1896.0,0.0,1.0010214504596526,0,False,False,True
2025-12-16,2025-12-16 15:19:00+00:00,2025-12-17 07:39:00+00:00,38461.0,8052.0,5.5,1.0,0,False,True,True
2025-12-17,2025-12-17 15:20:00+00:00,2025-12-18 07:40:00+00:00,5427.0,2040.0,0.25,1.0051020408163265,0,False,False,True
2025-12-18,2025-12-18 15:20:00+00:00,2025-12-19 07:40:00+00:00,5271.0,876.0,0.0,1.0051020408163265,0,False,False,True
2025-12-19,2025-12-19 15:20:00+00:00,2025-12-20 07:41:00+00:00,5579.0,1716.0,0.0,1.0040774719673802,0,False,False,True
2025-12-20,2025-12-20 15:21:00+00:00,2025-12-21 07:41:00+00:00,3976.0,804.0,0.0,1.0,0,False,False,True
2025-12-21,2025-12-21 15:21:00+00:00,2025-12-22 07:42:00+00:00,7723.0,3924.0,0.5,0.9989806320081549,0,False,False,True
2025-12-22,2025-12-22 15:22:00+00:00,2025-12-23 07:42:00+00:00,11849.0,5820.0,1.0,1.0,0,False,False,True
2025-12-23,2025-12-23 15:22:00+00:00,2025-12-24 07:43:00+00:00,9013.0,2364.0,1.0,0.9989806320081549,0,False,False,True
2025-12-24,2025-12-24 15:23:00+00:00,2025-12-25 07:43:00+00:00,42884.0,9492.0,5.0,1.0,0,False,True,True
2025-12-25,2025-12-25 15:24:00+00:00,2025-12-26 07:43:00+00:00,12674.0,3120.0,1.75,1.0010214504596526,0,False,False,True
2025-12-26,2025-12-26 15:25:00+00:00,2025-12-27 07:43:00+00:00,12564.0,6996.0,1.1666666666666665,1.002044989775051,0,False,False,True
2025-12-27,2025-12-27 15:25:00+00:00,2025-12-28 07:44:00+00:00,6308.0,1200.0,0.0,1.0010214504596526,0,False,False,True
2025-12-28,2025-12-28 15:26:00+00:00,2025-12-29 07:44:00+00:00,8250.0,2004.0,0.16666666666666666,0.9969325153374232,0,False,False,True
2025-12-29,2025-12-29 15:27:00+00:00,2025-12-30 07:44:00+00:00,2866.0,228.0,0.0,0.997952917093142,0,False,False,True
2025-12-30,2025-12-30 15:28:00+00:00,2025-12-31 07:44:00+00:00,3156.0,228.0,0.0,0.9989754098360656,0,False,False,True
2025-12-31,2025-12-31 15:29:00+00:00,2026-01-01 07:43:00+00:00,1289.0,204.0,0.0,0.46201232032854206,0,False,False,False
2026-01-01,2026-01-01 15:30:00+00:00,2026-01-02 07:43:00+00:00,0.0,0.0,0.0,0.0,0,False,False,False
2026-01-02,2026-01-02 15:31:00+00:00,2026-01-03 07:43:00+00:00,0.0,0.0,0.0,0.0,0,False,False,False
2026-01-03,2026-01-03 15:33:00+00:00,2026-01-04 07:43:00+00:00,0.0,0.0,0.0,0.0,0,False,False,False
2026-01-04,2026-01-04 15:34:00+00:00,2026-01-05 07:42:00+00:00,0.0,0.0,0.0,0.0,0,False,False,False
2026-01-05,2026-01-05 15:35:00+00:00,2026-01-06 07:42:00+00:00,0.0,0.0,0.0,0.0,0,False,False,False
2026-01-06,2026-01-06 15:36:00+00:00,2026-01-07 07:42:00+00:00,0.0,0.0,0.0,0.0,0,False,False,False
2026-01-07,2026-01-07 15:38:00+00:00,2026-01-08 07:41:00+00:00,0.0,0.0,0.0,0.0,0,False,False,False
2026-01-08,2026-01-08 15:39:00+00:00,2026-01-09 07:40:00+00:00,0.0,0.0,0.0,0.0,0,False,False,False
2026-01-09,2026-01-09 15:41:00+00:00,2026-01-10 07:40:00+00:00,0.0,0.0,0.0,0.0,0,False,False,False
2026-01-10,2026-01-10 15:42:00+00:00,2026-01-11 07:39:00+00:00,0.0,0.0,0.0,0.0,0,False,False,False
2026-01-11,2026-01-11 15:44:00+00:00,2026-01-12 07:38:00+00:00,0.0,0.0,0.0,0.0,0,False,False,False
2026-01-12,2026-01-12 15:45:00+00:00,2026-01-13 07:38:00+00:00,0.0,0.0,0.0,0.0,0,False,False,False
2026-01-13,2026-01-13 15:47:00+00:00,2026-01-14 07:37:00+00:00,0.0,0.0,0.0,0.0,0,False,False,False
2026-01-14,2026-01-14 15:48:00+00:00,2026-01-15 07:36:00+00:00,0.0,0.0,0.0,0.0,0,False,False,False
2026-01-15,2026-01-15 15:50:00+00:00,2026-01-16 07:35:00+00:00,0.0,0.0,0.0,0.0,0,False,False,False
2026-01-16,2026-01-16 15:52:00+00:00,2026-01-17 07:34:00+00:00,0.0,0.0,0.0,0.0,0,False,False,False
2026-01-17,2026-01-17 15:53:00+00:00,2026-01-18 07:33:00+00:00,0.0,0.0,0.0,0.0,0,False,False,False
2026-01-18,2026-01-18 15:55:00+00:00,2026-01-19 07:32:00+00:00,0.0,0.0,0.0,0.0,0,False,False,False
2026-01-19,2026-01-19 15:57:00+00:00,2026-01-20 07:31:00+00:00,0.0,0.0,0.0,0.0,0,False,False,False
2026-01-20,2026-01-20 15:59:00+00:00,2026-01-21 07:29:00+00:00,0.0,0.0,0.0,0.0,0,False,False,False
2026-01-21,2026-01-21 16:01:00+00:00,2026-01-22 07:28:00+00:00,0.0,0.0,0.0,0.0,0,False,False,False
2026-01-22,2026-01-22 16:02:00+00:00,2026-01-23 07:27:00+00:00,0.0,0.0,0.0,0.0,0,False,False,False
2026-01-23,2026-01-23 16:04:00+00:00,2026-01-24 07:26:00+00:00,0.0,0.0,0.0,0.0,0,False,False,False
2026-01-24,2026-01-24 16:06:00+00:00,2026-01-25 07:24:00+00:00,0.0,0.0,0.0,0.0,0,False,False,False
2026-01-25,2026-01-25 16:08:00+00:00,2026-01-26 07:23:00+00:00,0.0,0.0,0.0,0.0,0,False,False,False
2026-01-26,2026-01-26 16:10:00+00:00,2026-01-27 07:22:00+00:00,0.0,0.0,0.0,0.0,0,False,False,False
2026-01-27,2026-01-27 16:12:00+00:00,2026-01-28 07:20:00+00:00,0.0,0.0,0.0,0.0,0,False,False,False
2026-01-28,2026-01-28 16:13:00+00:00,2026-01-29 07:19:00+00:00,0.0,0.0,0.0,0.0,0,False,False,False
2026-01-29,2026-01-29 16:15:00+00:00,2026-01-30 07:17:00+00:00,0.0,0.0,0.0,0.0,0,False,False,False
2026-01-30,2026-01-30 16:17:00+00:00,2026-01-31 07:15:00+00:00,0.0,0.0,0.0,0.0,0,False,False,False
2026-01-31,2026-01-31 16:19:00+00:00,2026-02-01 07:14:00+00:00,0.0,0.0,0.0,0.0,0,False,False,False
2026-02-01,2026-02-01 16:21:00+00:00,2026-02-02 07:12:00+00:00,0.0,0.0,0.0,0.0,0,False,False,False
2026-02-02,2026-02-02 16:23:00+00:00,2026-02-03 07:11:00+00:00,0.0,0.0,0.0,0.0,0,False,False,False
2026-02-03,2026-02-03 16:25:00+00:00,2026-02-04 07:09:00+00:00,0.0,0.0,0.0,0.0,0,False,False,False
2026-02-04,2026-02-04 16:27:00+00:00,2026-02-05 07:07:00+00:00,0.0,0.0,0.0,0.0,0,False,False,False
2026-02-05,2026-02-05 16:29:00+00:00,2026-02-06 07:05:00+00:00,0.0,0.0,0.0,0.0,0,False,False,False
2026-02-06,2026-02-06 16:31:00+00:00,2026-02-07 07:04:00+00:00,0.0,0.0,0.0,0.0,0,False,False,False
2026-02-07,2026-02-07 16:33:00+00:00,2026-02-08 07:02:00+00:00,0.0,0.0,0.0,0.0,0,False,False,False
2026-02-08,2026-02-08 16:35:00+00:00,2026-02-09 07:00:00+00:00,0.0,0.0,0.0,0.0,0,False,False,False
2026-02-09,2026-02-09 16:37:00+00:00,2026-02-10 06:58:00+00:00,0.0,0.0,0.0,0.0,0,False,False,False
2026-02-10,2026-02-10 16:39:00+00:00,2026-02-11 06:56:00+00:00,0.0,0.0,0.0,0.0,0,False,False,False
2026-02-11,2026-02-11 16:41:00+00:00,2026-02-12 06:54:00+00:00,0.0,0.0,0.0,0.0,0,False,False,False
2026-02-12,2026-02-12 16:43:00+00:00,2026-02-13 06:52:00+00:00,0.0,0.0,0.0,0.0,0,False,False,False
2026-02-13,2026-02-13 16:44:00+00:00,2026-02-14 06:50:00+00:00,0.0,0.0,0.0,0.0,0,False,False,False
2026-02-14,2026-02-14 16:46:00+00:00,2026-02-15 06:48:00+00:00,0.0,0.0,0.0,0.0,0,False,False,False
2026-02-15,2026-02-15 16:48:00+00:00,2026-02-16 06:46:00+00:00,0.0,0.0,0.0,0.0,0,False,False,False
2026-02-16,2026-02-16 16:50:00+00:00,2026-02-17 06:44:00+00:00,0.0,0.0,0.0,0.0,0,False,False,False
2026-02-17,2026-02-17 16:52:00+00:00,2026-02-18 06:42:00+00:00,0.0,0.0,0.0,0.0,0,False,False,False
2026-02-18,2026-02-18 16:54:00+00:00,2026-02-19 06:40:00+00:00,0.0,0.0,0.0,0.0,0,False,False,False
2026-02-19,2026-02-19 16:56:00+00:00,2026-02-20 06:38:00+00:00,0.0,0.0,0.0,0.0,0,False,False,False
2026-02-20,2026-02-20 16:58:00+00:00,2026-02-21 06:36:00+00:00,0.0,0.0,0.0,0.0,0,False,False,False
2026-02-21,2026-02-21 17:00:00+00:00,2026-02-22 06:34:00+00:00,0.0,0.0,0.0,0.0,0,False,False,False
2026-02-22,2026-02-22 17:02:00+00:00,2026-02-23 06:32:00+00:00,0.0,0.0,0.0,0.0,0,False,False,False
2026-02-23,2026-02-23 17:04:00+00:00,2026-02-24 06:30:00+00:00,0.0,0.0,0.0,0.0,0,False,False,False
2026-02-24,2026-02-24 17:06:00+00:00,2026-02-25 06:27:00+00:00,0.0,0.0,0.0,0.0,0,False,False,False
2026-02-25,2026-02-25 17:07:00+00:00,2026-02-26 06:25:00+00:00,0.0,0.0,0.0,0.0,0,False,False,False
2026-02-26,2026-02-26 17:09:00+00:00,2026-02-27 06:23:00+00:00,0.0,0.0,0.0,0.0,0,False,False,False
2026-02-27,2026-02-27 17:11:00+00:00,2026-02-28 06:21:00+00:00,0.0,0.0,0.0,0.0,0,False,False,False
2026-02-28,2026-02-28 17:13:00+00:00,2026-03-01 06:19:00+00:00,0.0,0.0,0.0,0.0,0,False,False,False
2026-03-01,2026-03-01 17:15:00+00:00,2026-03-02 06:17:00+00:00,0.0,0.0,0.0,0.0,0,False,False,False
2026-03-02,2026-03-02 17:17:00+00:00,2026-03-03 06:14:00+00:00,0.0,0.0,0.0,0.0,0,False,False,False
2026-03-03,2026-03-03 17:19:00+00:00,2026-03-04 06:12:00+00:00,0.0,0.0,0.0,0.0,0,False,False,False
2026-03-04,2026-03-04 17:21:00+00:00,2026-03-05 06:10:00+00:00,0.0,0.0,0.0,0.0,0,False,False,False
2026-03-05,2026-03-05 17:22:00+00:00,2026-03-06 06:08:00+00:00,0.0,0.0,0.0,0.0,0,False,False,False
2026-03-06,2026-03-06 17:24:00+00:00,2026-03-07 06:05:00+00:00,0.0,0.0,0.0,0.0,0,False,False,False
2026-03-07,2026-03-07 17:26:00+00:00,2026-03-08 06:03:00+00:00,0.0,0.0,0.0,0.0,0,False,False,False
2026-03-08,2026-03-08 17:28:00+00:00,2026-03-09 06:01:00+00:00,0.0,0.0,0.0,0.0,0,False,False,False
2026-03-09,2026-03-09 17:30:00+00:00,2026-03-10 05:58:00+00:00,0.0,0.0,0.0,0.0,0,False,False,False
2026-03-10,2026-03-10 17:32:00+00:00,2026-03-11 05:56:00+00:00,0.0,0.0,0.0,0.0,0,False,False,False
2026-03-11,2026-03-11 17:33:00+00:00,2026-03-12 05:54:00+00:00,0.0,0.0,0.0,0.0,0,False,False,False
2026-03-12,2026-03-12 17:35:00+00:00,2026-03-13 05:52:00+00:00,0.0,0.0,0.0,0.0,0,False,False,False
2026-03-13,2026-03-13 17:37:00+00:00,2026-03-14 05:49:00+00:00,0.0,0.0,0.0,0.0,0,False,False,False
2026-03-14,2026-03-14 17:39:00+00:00,2026-03-15 05:47:00+00:00,0.0,0.0,0.0,0.0,0,False,False,False
2026-03-15,2026-03-15 17:41:00+00:00,2026-03-16 05:45:00+00:00,0.0,0.0,0.0,0.0,0,False,False,False
2026-03-16,2026-03-16 17:42:00+00:00,2026-03-17 05:42:00+00:00,0.0,0.0,0.0,0.0,0,False,False,False
2026-03-17,2026-03-17 17:44:00+00:00,2026-03-18 05:40:00+00:00,0.0,0.0,0.0,0.0,0,False,False,False
2026-03-18,2026-03-18 17:46:00+00:00,2026-03-19 05:38:00+00:00,0.0,0.0,0.0,0.0,0,False,False,False
2026-03-19,2026-03-19 17:48:00+00:00,2026-03-20 05:35:00+00:00,0.0,0.0,0.0,0.0,0,False,False,False
2026-03-20,2026-03-20 17:49:00+00:00,2026-03-21 05:33:00+00:00,0.0,0.0,0.0,0.0,0,False,False,False
2026-03-21,2026-03-21 17:51:00+00:00,2026-03-22 05:31:00+00:00,0.0,0.0,0.0,0.0,0,False,False,False
2026-03-22,2026-03-22 17:53:00+00:00,2026-03-23 05:28:00+00:00,0.0,0.0,0.0,0.0,0,False,False,False
2026-03-23,2026-03-23 17:55:00+00:00,2026-03-24 05:26:00+00:00,0.0,0.0,0.0,0.0,0,False,False,False
2026-03-24,2026-03-24 17:57:00+00:00,2026-03-25 05:24:00+00:00,0.0,0.0,0.0,0.0,0,False,False,False
2026-03-25,2026-03-25 17:58:00+00:00,2026-03-26 05:21:00+00:00,0.0,0.0,0.0,0.0,0,False,False,False
2026-03-26,2026-03-26 18:00:00+00:00,2026-03-27 05:19:00+00:00,0.0,0.0,0.0,0.0,0,False,False,False
2026-03-27,2026-03-27 18:02:00+00:00,2026-03-28 05:17:00+00:00,0.0,0.0,0.0,0.0,0,False,False,False
2026-03-28,2026-03-28 18:04:00+00:00,2026-03-29 05:15:00+00:00,0.0,0.0,0.0,0.0,0,False,False,False
2026-03-29,2026-03-29 18:05:00+00:00,2026-03-30 05:12:00+00:00,0.0,0.0,0.0,0.0,0,False,False,False
2026-03-30,2026-03-30 18:07:00+00:00,2026-03-31 05:10:00+00:00,0.0,0.0,0.0,0.0,0,False,False,False
2026-03-31,2026-03-31 18:09:00+00:00,2026-04-01 05:08:00+00:00,0.0,0.0,0.0,0.0,0,False,False,False
2026-04-01,2026-04-01 18:11:00+00:00,2026-04-02 05:05:00+00:00,0.0,0.0,0.0,0.0,0,False,False,False
2026-04-02,2026-04-02 18:12:00+00:00,2026-04-03 05:03:00+00:00,0.0,0.0,0.0,0.0,0,False,False,False
2026-04-03,2026-04-03 18:14:00+00:00,2026-04-04 05:01:00+00:00,0.0,0.0,0.0,0.0,0,False,False,False
2026-04-04,2026-04-04 18:16:00+00:00,2026-04-05 04:59:00+00:00,0.0,0.0,0.0,0.0,0,False,False,False
2026-04-05,2026-04-05 18:17:00+00:00,2026-04-06 04:56:00+00:00,0.0,0.0,0.0,0.0,0,False,False,False
2026-04-06,2026-04-06 18:19:00+00:00,2026-04-07 04:54:00+00:00,0.0,0.0,0.0,0.0,0,False,False,False
2026-04-07,2026-04-07 18:21:00+00:00,2026-04-08 04:52:00+00:00,0.0,0.0,0.0,0.0,0,False,False,False
2026-04-08,2026-04-08 18:23:00+00:00,2026-04-09 04:50:00+00:00,0.0,0.0,0.0,0.0,0,False,False,False
2026-04-09,2026-04-09 18:24:00+00:00,2026-04-10 04:47:00+00:00,0.0,0.0,0.0,0.0,0,False,False,False
2026-04-10,2026-04-10 18:26:00+00:00,2026-04-11 04:45:00+00:00,0.0,0.0,0.0,0.0,0,False,False,False
2026-04-11,2026-04-11 18:28:00+00:00,2026-04-12 04:43:00+00:00,0.0,0.0,0.0,0.0,0,False,False,False
2026-04-12,2026-04-12 18:30:00+00:00,2026-04-13 04:41:00+00:00,0.0,0.0,0.0,0.0,0,False,False,False
2026-04-13,2026-04-13 18:31:00+00:00,2026-04-14 04:39:00+00:00,0.0,0.0,0.0,0.0,0,False,False,False
2026-04-14,2026-04-14 18:33:00+00:00,2026-04-15 04:36:00+00:00,0.0,0.0,0.0,0.0,0,False,False,False
2026-04-15,2026-04-15 18:35:00+00:00,2026-04-16 04:34:00+00:00,0.0,0.0,0.0,0.0,0,False,False,False
2026-04-16,2026-04-16 18:36:00+00:00,2026-04-17 04:32:00+00:00,0.0,0.0,0.0,0.0,0,False,False,False
2026-04-17,2026-04-17 18:38:00+00:00,2026-04-18 04:30:00+00:00,0.0,0.0,0.0,0.0,0,False,False,False
2026-04-18,2026-04-18 18:40:00+00:00,2026-04-19 04:28:00+00:00,0.0,0.0,0.0,0.0,0,False,False,False
2026-04-19,2026-04-19 18:42:00+00:00,2026-04-20 04:26:00+00:00,0.0,0.0,0.0,0.0,0,False,False,False
2026-04-20,2026-04-20 18:43:00+00:00,2026-04-21 04:24:00+00:00,0.0,0.0,0.0,0.0,0,False,False,False
2026-04-21,2026-04-21 18:45:00+00:00,2026-04-22 04:22:00+00:00,0.0,0.0,0.0,0.0,0,False,False,False
2026-04-22,2026-04-22 18:47:00+00:00,2026-04-23 04:20:00+00:00,0.0,0.0,0.0,0.0,0,False,False,False
2026-04-23,2026-04-23 18:48:00+00:00,2026-04-24 04:18:00+00:00,0.0,0.0,0.0,0.0,0,False,False,False
2026-04-24,2026-04-24 18:50:00+00:00,2026-04-25 04:16:00+00:00,0.0,0.0,0.0,0.0,0,False,False,False
2026-04-25,2026-04-25 18:52:00+00:00,2026-04-26 04:14:00+00:00,0.0,0.0,0.0,0.0,0,False,False,False
2026-04-26,2026-04-26 18:54:00+00:00,2026-04-27 04:12:00+00:00,0.0,0.0,0.0,0.0,0,False,False,False
2026-04-27,2026-04-27 18:55:00+00:00,2026-04-28 04:10:00+00:00,0.0,0.0,0.0,0.0,0,False,False,False
2026-04-28,2026-04-28 18:57:00+00:00,2026-04-29 04:08:00+00:00,0.0,0.0,0.0,0.0,0,False,False,False
2026-04-29,2026-04-29 18:59:00+00:00,2026-04-30 04:06:00+00:00,0.0,0.0,0.0,0.0,0,False,False,False
2026-04-30,2026-04-30 19:00:00+00:00,2026-05-01 04:04:00+00:00,0.0,0.0,0.0,0.0,0,False,False,False
2026-05-01,2026-05-01 19:02:00+00:00,2026-05-02 04:02:00+00:00,0.0,0.0,0.0,0.0,0,False,False,False
2026-05-02,2026-05-02 19:04:00+00:00,2026-05-03 04:00:00+00:00,0.0,0.0,0.0,0.0,0,False,False,False
2026-05-03,2026-05-03 19:05:00+00:00,2026-05-04 03:58:00+00:00,0.0,0.0,0.0,0.0,0,False,False,False
2026-05-04,2026-05-04 19:07:00+00:00,2026-05-05 03:57:00+00:00,0.0,0.0,0.0,0.0,0,False,False,False
2026-05-05,2026-05-05 19:09:00+00:00,2026-05-06 03:55:00+00:00,0.0,0.0,0.0,0.0,0,False,False,False
2026-05-06,2026-05-06 19:10:00+00:00,2026-05-07 03:53:00+00:00,0.0,0.0,0.0,0.0,0,False,False,False
2026-05-07,2026-05-07 19:12:00+00:00,2026-05-08 03:51:00+00:00,0.0,0.0,0.0,0.0,0,False,False,False
2026-05-08,2026-05-08 19:13:00+00:00,2026-05-09 03:50:00+00:00,0.0,0.0,0.0,0.0,0,False,False,False
2026-05-09,2026-05-09 19:15:00+00:00,2026-05-10 03:48:00+00:00,0.0,0.0,0.0,0.0,0,False,False,False
2026-05-10,2026-05-10 19:17:00+00:00,2026-05-11 03:46:00+00:00,0.0,0.0,0.0,0.0,0,False,False,False
2026-05-11,2026-05-11 19:18:00+00:00,2026-05-12 03:45:00+00:00,0.0,0.0,0.0,0.0,0,False,False,False
2026-05-12,2026-05-12 19:20:00+00:00,2026-05-13 03:43:00+00:00,0.0,0.0,0.0,0.0,0,False,False,False
2026-05-13,2026-05-13 19:21:00+00:00,2026-05-14 03:42:00+00:00,0.0,0.0,0.0,0.0,0,False,False,False
2026-05-14,2026-05-14 19:23:00+00:00,2026-05-15 03:40:00+00:00,0.0,0.0,0.0,0.0,0,False,False,False
2026-05-15,2026-05-15 19:24:00+00:00,2026-05-16 03:39:00+00:00,0.0,0.0,0.0,0.0,0,False,False,False
2026-05-16,2026-05-16 19:26:00+00:00,2026-05-17 03:37:00+00:00,0.0,0.0,0.0,0.0,0,False,False,False
2026-05-17,2026-05-17 19:27:00+00:00,2026-05-18 03:36:00+00:00,0.0,0.0,0.0,0.0,0,False,False,False
2026-05-18,2026-05-18 19:29:00+00:00,2026-05-19 03:34:00+00:00,0.0,0.0,0.0,0.0,0,False,False,False
2026-05-19,2026-05-19 19:30:00+00:00,2026-05-20 03:33:00+00:00,0.0,0.0,0.0,0.0,0,False,False,False
2026-05-20,2026-05-20 19:32:00+00:00,2026-05-21 03:32:00+00:00,0.0,0.0,0.0,0.0,0,False,False,False
2026-05-21,2026-05-21 19:33:00+00:00,2026-05-22 03:31:00+00:00,0.0,0.0,0.0,0.0,0,False,False,False
2026-05-22,2026-05-22 19:34:00+00:00,2026-05-23 03:29:00+00:00,0.0,0.0,0.0,0.0,0,False,False,False
2026-05-23,2026-05-23 19:36:00+00:00,2026-05-24 03:28:00+00:00,0.0,0.0,0.0,0.0,0,False,False,False
2026-05-24,2026-05-24 19:37:00+00:00,2026-05-25 03:27:00+00:00,0.0,0.0,0.0,0.0,0,False,False,False
2026-05-25,2026-05-25 19:38:00+00:00,2026-05-26 03:26:00+00:00,0.0,0.0,0.0,0.0,0,False,False,False
2026-05-26,2026-05-26 19:40:00+00:00,2026-05-27 03:25:00+00:00,0.0,0.0,0.0,0.0,0,False,False,False
2026-05-27,2026-05-27 19:41:00+00:00,2026-05-28 03:24:00+00:00,0.0,0.0,0.0,0.0,0,False,False,False
2026-05-28,2026-05-28 19:42:00+00:00,2026-05-29 03:23:00+00:00,0.0,0.0,0.0,0.0,0,False,False,False
2026-05-29,2026-05-29 19:43:00+00:00,2026-05-30 03:22:00+00:00,0.0,0.0,0.0,0.0,0,False,False,False
2026-05-30,2026-05-30 19:44:00+00:00,2026-05-31 03:21:00+00:00,0.0,0.0,0.0,0.0,0,False,False,False
2026-05-31,2026-05-31 19:46:00+00:00,2026-06-01 03:20:00+00:00,0.0,0.0,0.0,0.0,0,False,False,False
2026-06-01,2026-06-01 19:47:00+00:00,2026-06-02 03:20:00+00:00,0.0,0.0,0.0,0.0,0,False,False,False
2026-06-02,2026-06-02 19:48:00+00:00,2026-06-03 03:19:00+00:00,0.0,0.0,0.0,0.0,0,False,False,False
2026-06-03,2026-06-03 19:49:00+00:00,2026-06-04 03:18:00+00:00,0.0,0.0,0.0,0.0,0,False,False,False
2026-06-04,2026-06-04 19:50:00+00:00,2026-06-05 03:18:00+00:00,0.0,0.0,0.0,0.0,0,False,False,False
2026-06-05,2026-06-05 19:51:00+00:00,2026-06-06 03:17:00+00:00,0.0,0.0,0.0,0.0,0,False,False,False
2026-06-06,2026-06-06 19:51:00+00:00,2026-06-07 03:16:00+00:00,0.0,0.0,0.0,0.0,0,False,False,False
2026-06-07,2026-06-07 19:52:00+00:00,2026-06-08 03:16:00+00:00,0.0,0.0,0.0,0.0,0,False,False,False
2026-06-08,2026-06-08 19:53:00+00:00,2026-06-09 03:15:00+00:00,0.0,0.0,0.0,0.0,0,False,False,False
2026-06-09,2026-06-09 19:54:00+00:00,2026-06-10 03:15:00+00:00,0.0,0.0,0.0,0.0,0,False,False,False
2026-06-10,2026-06-10 19:55:00+00:00,2026-06-11 03:15:00+00:00,0.0,0.0,0.0,0.0,0,False,False,False
2026-06-11,2026-06-11 19:55:00+00:00,2026-06-12 03:14:00+00:00,0.0,0.0,0.0,0.0,0,False,False,False
2026-06-12,2026-06-12 19:56:00+00:00,2026-06-13 03:14:00+00:00,0.0,0.0,0.0,0.0,0,False,False,False
2026-06-13,2026-06-13 19:56:00+00:00,2026-06-14 03:14:00+00:00,0.0,0.0,0.0,0.0,0,False,False,False
2026-06-14,2026-06-14 19:57:00+00:00,2026-06-15 03:14:00+00:00,0.0,0.0,0.0,0.0,0,False,False,False
2026-06-15,2026-06-15 19:57:00+00:00,2026-06-16 03:14:00+00:00,0.0,0.0,0.0,0.0,0,False,False,False
2026-06-16,2026-06-16 19:58:00+00:00,2026-06-17 03:14:00+00:00,0.0,0.0,0.0,0.0,0,False,False,False
2026-06-17,2026-06-17 19:58:00+00:00,2026-06-18 03:14:00+00:00,0.0,0.0,0.0,0.0,0,False,False,False
2026-06-18,2026-06-18 19:59:00+00:00,2026-06-19 03:14:00+00:00,0.0,0.0,0.0,0.0,0,False,False,False
2026-06-19,2026-06-19 19:59:00+00:00,2026-06-20 03:14:00+00:00,0.0,0.0,0.0,0.0,0,False,False,False
2026-06-20,2026-06-20 19:59:00+00:00,2026-06-21 03:14:00+00:00,0.0,0.0,0.0,0.0,0,False,False,False
2026-06-21,2026-06-21 19:59:00+00:00,2026-06-22 03:14:00+00:00,0.0,0.0,0.0,0.0,0,False,False,False
2026-06-22,2026-06-22 19:59:00+00:00,2026-06-23 03:15:00+00:00,0.0,0.0,0.0,0.0,0,False,False,False
2026-06-23,2026-06-23 20:00:00+00:00,2026-06-24 03:15:00+00:00,0.0,0.0,0.0,0.0,0,False,False,False
2026-06-24,2026-06-24 20:00:00+00:00,2026-06-25 03:15:00+00:00,0.0,0.0,0.0,0.0,0,False,False,False
2026-06-25,2026-06-25 20:00:00+00:00,2026-06-26 03:16:00+00:00,0.0,0.0,0.0,0.0,0,False,False,False
2026-06-26,2026-06-26 19:59:00+00:00,2026-06-27 03:16:00+00:00,0.0,0.0,0.0,0.0,0,False,False,False
2026-06-27,2026-06-27 19:59:00+00:00,2026-06-28 03:17:00+00:00,0.0,0.0,0.0,0.0,0,False,False,False
2026-06-28,2026-06-28 19:59:00+00:00,2026-06-29 03:17:00+00:00,0.0,0.0,0.0,0.0,0,False,False,False
2026-06-29,2026-06-29 19:59:00+00:00,2026-06-30 03:18:00+00:00,0.0,0.0,0.0,0.0,0,False,False,False
2026-06-30,2026-06-30 19:59:00+00:00,2026-07-01 03:18:00+00:00,0.0,0.0,0.0,0.0,0,False,False,False
2026-07-01,2026-07-01 19:58:00+00:00,2026-07-02 03:19:00+00:00,0.0,0.0,0.0,0.0,0,False,False,False
2026-07-02,2026-07-02 19:58:00+00:00,2026-07-03 03:20:00+00:00,0.0,0.0,0.0,0.0,0,False,False,False
2026-07-03,2026-07-03 19:57:00+00:00,2026-07-04 03:21:00+00:00,0.0,0.0,0.0,0.0,0,False,False,False
2026-07-04,2026-07-04 19:57:00+00:00,2026-07-05 03:21:00+00:00,0.0,0.0,0.0,0.0,0,False,False,False
2026-07-05,2026-07-05 19:56:00+00:00,2026-07-06 03:22:00+00:00,0.0,0.0,0.0,0.0,0,False,False,False
2026-07-06,2026-07-06 19:56:00+00:00,2026-07-07 03:23:00+00:00,0.0,0.0,0.0,0.0,0,False,False,False
2026-07-07,2026-07-07 19:55:00+00:00,2026-07-08 03:24:00+00:00,0.0,0.0,0.0,0.0,0,False,False,False
2026-07-08,2026-07-08 19:54:00+00:00,2026-07-09 03:25:00+00:00,0.0,0.0,0.0,0.0,0,False,False,False
2026-07-09,2026-07-09 19:54:00+00:00,2026-07-10 03:26:00+00:00,0.0,0.0,0.0,0.0,0,False,False,False
2026-07-10,2026-07-10 19:53:00+00:00,2026-07-11 03:27:00+00:00,0.0,0.0,0.0,0.0,0,False,False,False
2026-07-11,2026-07-11 19:52:00+00:00,2026-07-12 03:28:00+00:00,0.0,0.0,0.0,0.0,0,False,False,False
2026-07-12,2026-07-12 19:51:00+00:00,2026-07-13 03:29:00+00:00,0.0,0.0,0.0,0.0,0,False,False,False
2026-07-13,2026-07-13 19:50:00+00:00,2026-07-14 03:30:00+00:00,0.0,0.0,0.0,0.0,0,False,False,False
2026-07-14,2026-07-14 19:49:00+00:00,2026-07-15 03:31:00+00:00,0.0,0.0,0.0,0.0,0,False,False,False
2026-07-15,2026-07-15 19:48:00+00:00,2026-07-16 03:33:00+00:00,0.0,0.0,0.0,0.0,0,False,False,False
2026-07-16,2026-07-16 19:47:00+00:00,2026-07-17 03:34:00+00:00,0.0,0.0,0.0,0.0,0,False,False,False
2026-07-17,2026-07-17 19:46:00+00:00,2026-07-18 03:35:00+00:00,0.0,0.0,0.0,0.0,0,False,False,False
2026-07-18,2026-07-18 19:45:00+00:00,2026-07-19 03:36:00+00:00,0.0,0.0,0.0,0.0,0,False,False,False
2026-07-19,2026-07-19 19:44:00+00:00,2026-07-20 03:38:00+00:00,0.0,0.0,0.0,0.0,0,False,False,False
2026-07-20,2026-07-20 19:42:00+00:00,2026-07-21 03:39:00+00:00,0.0,0.0,0.0,0.0,0,False,False,False
2026-07-21,2026-07-21 19:41:00+00:00,2026-07-22 03:40:00+00:00,0.0,0.0,0.0,0.0,0,False,False,False
2026-07-22,2026-07-22 19:40:00+00:00,2026-07-23 03:42:00+00:00,0.0,0.0,0.0,0.0,0,False,False,False
2026-07-23,2026-07-23 19:38:00+00:00,2026-07-24 03:43:00+00:00,0.0,0.0,0.0,0.0,0,False,False,False
2026-07-24,2026-07-24 19:37:00+00:00,2026-07-25 03:44:00+00:00,0.0,0.0,0.0,0.0,0,False,False,False
2026-07-25,2026-07-25 19:36:00+00:00,2026-07-26 03:46:00+00:00,0.0,0.0,0.0,0.0,0,False,False,False
2026-07-26,2026-07-26 19:34:00+00:00,2026-07-27 03:47:00+00:00,0.0,0.0,0.0,0.0,0,False,False,False
2026-07-27,2026-07-27 19:33:00+00:00,2026-07-28 03:49:00+00:00,0.0,0.0,0.0,0.0,0,False,False,False
2026-07-28,2026-07-28 19:31:00+00:00,2026-07-29 03:50:00+00:00,0.0,0.0,0.0,0.0,0,False,False,False
2026-07-29,2026-07-29 19:29:00+00:00,2026-07-30 03:52:00+00:00,0.0,0.0,0.0,0.0,0,False,False,False
2026-07-30,2026-07-30 19:28:00+00:00,2026-07-31 03:53:00+00:00,0.0,0.0,0.0,0.0,0,False,False,False
2026-07-31,2026-07-31 19:26:00+00:00,2026-08-01 03:55:00+00:00,0.0,0.0,0.0,0.0,0,False,False,False
2026-08-01,2026-08-01 19:25:00+00:00,2026-08-02 03:56:00+00:00,0.0,0.0,0.0,0.0,0,False,False,False
2026-08-02,2026-08-02 19:23:00+00:00,2026-08-03 03:58:00+00:00,0.0,0.0,0.0,0.0,0,False,False,False
2026-08-03,2026-08-03 19:21:00+00:00,2026-08-04 03:59:00+00:00,0.0,0.0,0.0,0.0,0,False,False,False
2026-08-04,2026-08-04 19:19:00+00:00,2026-08-05 04:01:00+00:00,0.0,0.0,0.0,0.0,0,False,False,False
2026-08-05,2026-08-05 19:18:00+00:00,2026-08-06 04:02:00+00:00,0.0,0.0,0.0,0.0,0,False,False,False
2026-08-06,2026-08-06 19:16:00+00:00,2026-08-07 04:04:00+00:00,0.0,0.0,0.0,0.0,0,False,False,False
2026-08-07,2026-08-07 19:14:00+00:00,2026-08-08 04:05:00+00:00,0.0,0.0,0.0,0.0,0,False,False,False
2026-08-08,2026-08-08 19:12:00+00:00,2026-08-09 04:07:00+00:00,0.0,0.0,0.0,0.0,0,False,False,False
2026-08-09,2026-08-09 19:10:00+00:00,2026-08-10 04:08:00+00:00,0.0,0.0,0.0,0.0,0,False,False,False
2026-08-10,2026-08-10 19:08:00+00:00,2026-08-11 04:10:00+00:00,0.0,0.0,0.0,0.0,0,False,False,False
2026-08-11,2026-08-11 19:06:00+00:00,2026-08-12 04:12:00+00:00,0.0,0.0,0.0,0.0,0,False,False,False
2026-08-12,2026-08-12 19:04:00+00:00,2026-08-13 04:13:00+00:00,0.0,0.0,0.0,0.0,0,False,False,False
2026-08-13,2026-08-13 19:02:00+00:00,2026-08-14 04:15:00+00:00,0.0,0.0,0.0,0.0,0,False,False,False
2026-08-14,2026-08-14 19:00:00+00:00,2026-08-15 04:16:00+00:00,0.0,0.0,0.0,0.0,0,False,False,False
2026-08-15,2026-08-15 18:58:00+00:00,2026-08-16 04:18:00+00:00,0.0,0.0,0.0,0.0,0,False,False,False
2026-08-16,2026-08-16 18:56:00+00:00,2026-08-17 04:20:00+00:00,0.0,0.0,0.0,0.0,0,False,False,False
2026-08-17,2026-08-17 18:54:00+00:00,2026-08-18 04:21:00+00:00,0.0,0.0,0.0,0.0,0,False,False,False
2026-08-18,2026-08-18 18:52:00+00:00,2026-08-19 04:23:00+00:00,0.0,0.0,0.0,0.0,0,False,False,False
2026-08-19,2026-08-19 18:50:00+00:00,2026-08-20 04:24:00+00:00,0.0,0.0,0.0,0.0,0,False,False,False
2026-08-20,2026-08-20 18:48:00+00:00,2026-08-21 04:26:00+00:00,0.0,0.0,0.0,0.0,0,False,False,False
2026-08-21,2026-08-21 18:46:00+00:00,2026-08-22 04:28:00+00:00,0.0,0.0,0.0,0.0,0,False,False,False
2026-08-22,2026-08-22 18:44:00+00:00,2026-08-23 04:29:00+00:00,0.0,0.0,0.0,0.0,0,False,False,False
2026-08-23,2026-08-23 18:42:00+00:00,2026-08-24 04:31:00+00:00,0.0,0.0,0.0,0.0,0,False,False,False
2026-08-24,2026-08-24 18:39:00+00:00,2026-08-25 04:32:00+00:00,0.0,0.0,0.0,0.0,0,False,False,False
2026-08-25,2026-08-25 18:37:00+00:00,2026-08-26 04:34:00+00:00,0.0,0.0,0.0,0.0,0,False,False,False
2026-08-26,2026-08-26 18:35:00+00:00,2026-08-27 04:36:00+00:00,0.0,0.0,0.0,0.0,0,False,False,False
2026-08-27,2026-08-27 18:33:00+00:00,2026-08-28 04:37:00+00:00,0.0,0.0,0.0,0.0,0,False,False,False
2026-08-28,2026-08-28 18:31:00+00:00,2026-08-29 04:39:00+00:00,0.0,0.0,0.0,0.0,0,False,False,False
2026-08-29,2026-08-29 18:28:00+00:00,2026-08-30 04:40:00+00:00,0.0,0.0,0.0,0.0,0,False,False,False
2026-08-30,2026-08-30 18:26:00+00:00,2026-08-31 04:42:00+00:00,0.0,0.0,0.0,0.0,0,False,False,False
2026-08-31,2026-08-31 18:24:00+00:00,2026-09-01 04:44:00+00:00,0.0,0.0,0.0,0.0,0,False,False,False
2026-09-01,2026-09-01 18:22:00+00:00,2026-09-02 04:45:00+00:00,0.0,0.0,0.0,0.0,0,False,False,False
2026-09-02,2026-09-02 18:19:00+00:00,2026-09-03 04:47:00+00:00,0.0,0.0,0.0,0.0,0,False,False,False
2026-09-03,2026-09-03 18:17:00+00:00,2026-09-04 04:49:00+00:00,0.0,0.0,0.0,0.0,0,False,False,False
2026-09-04,2026-09-04 18:15:00+00:00,2026-09-05 04:50:00+00:00,0.0,0.0,0.0,0.0,0,False,False,False
2026-09-05,2026-09-05 18:12:00+00:00,2026-09-06 04:52:00+00:00,0.0,0.0,0.0,0.0,0,False,False,False
2026-09-06,2026-09-06 18:10:00+00:00,2026-09-07 04:53:00+00:00,0.0,0.0,0.0,0.0,0,False,False,False
2026-09-07,2026-09-07 18:08:00+00:00,2026-09-08 04:55:00+00:00,0.0,0.0,0.0,0.0,0,False,False,False
2026-09-08,2026-09-08 18:06:00+00:00,2026-09-09 04:57:00+00:00,0.0,0.0,0.0,0.0,0,False,False,False
2026-09-09,2026-09-09 18:03:00+00:00,2026-09-10 04:58:00+00:00,0.0,0.0,0.0,0.0,0,False,False,False
2026-09-10,2026-09-10 18:01:00+00:00,2026-09-11 05:00:00+00:00,0.0,0.0,0.0,0.0,0,False,False,False
2026-09-11,2026-09-11 17:59:00+00:00,2026-09-12 05:02:00+00:00,0.0,0.0,0.0,0.0,0,False,False,False
2026-09-12,2026-09-12 17:56:00+00:00,2026-09-13 05:03:00+00:00,0.0,0.0,0.0,0.0,0,False,False,False
2026-09-13,2026-09-13 17:54:00+00:00,2026-09-14 05:05:00+00:00,0.0,0.0,0.0,0.0,0,False,False,False
2026-09-14,2026-09-14 17:51:00+00:00,2026-09-15 05:07:00+00:00,0.0,0.0,0.0,0.0,0,False,False,False
2026-09-15,2026-09-15 17:49:00+00:00,2026-09-16 05:08:00+00:00,0.0,0.0,0.0,0.0,0,False,False,False
2026-09-16,2026-09-16 17:47:00+00:00,2026-09-17 05:10:00+00:00,0.0,0.0,0.0,0.0,0,False,False,False
2026-09-17,2026-09-17 17:44:00+00:00,2026-09-18 05:12:00+00:00,0.0,0.0,0.0,0.0,0,False,False,False
2026-09-18,2026-09-18 17:42:00+00:00,2026-09-19 05:13:00+00:00,0.0,0.0,0.0,0.0,0,False,False,False
2026-09-19,2026-09-19 17:40:00+00:00,2026-09-20 05:15:00+00:00,0.0,0.0,0.0,0.0,0,False,False,False
2026-09-20,2026-09-20 17:37:00+00:00,2026-09-21 05:16:00+00:00,0.0,0.0,0.0,0.0,0,False,False,False
2026-09-21,2026-09-21 17:35:00+00:00,2026-09-22 05:18:00+00:00,0.0,0.0,0.0,0.0,0,False,False,False
2026-09-22,2026-09-22 17:33:00+00:00,2026-09-23 05:20:00+00:00,0.0,0.0,0.0,0.0,0,False,False,False
2026-09-23,2026-09-23 17:30:00+00:00,2026-09-24 05:21:00+00:00,0.0,0.0,0.0,0.0,0,False,False,False
2026-09-24,2026-09-24 17:28:00+00:00,2026-09-25 05:23:00+00:00,0.0,0.0,0.0,0.0,0,False,False,False
2026-09-25,2026-09-25 17:25:00+00:00,2026-09-26 05:25:00+00:00,0.0,0.0,0.0,0.0,0,False,False,False
2026-09-26,2026-09-26 17:23:00+00:00,2026-09-27 05:26:00+00:00,0.0,0.0,0.0,0.0,0,False,False,False
2026-09-27,2026-09-27 17:21:00+00:00,2026-09-28 05:28:00+00:00,0.0,0.0,0.0,0.0,0,False,False,False
2026-09-28,2026-09-28 17:18:00+00:00,2026-09-29 05:30:00+00:00,0.0,0.0,0.0,0.0,0,False,False,False
2026-09-29,2026-09-29 17:16:00+00:00,2026-09-30 05:32:00+00:00,0.0,0.0,0.0,0.0,0,False,False,False
2026-09-30,2026-09-30 17:14:00+00:00,2026-10-01 05:33:00+00:00,0.0,0.0,0.0,0.0,0,False,False,False
2026-10-01,2026-10-01 17:11:00+00:00,2026-10-02 05:35:00+00:00,0.0,0.0,0.0,0.0,0,False,False,False
2026-10-02,2026-10-02 17:09:00+00:00,2026-10-03 05:37:00+00:00,0.0,0.0,0.0,0.0,0,False,False,False
2026-10-03,2026-10-03 17:07:00+00:00,2026-10-04 05:38:00+00:00,0.0,0.0,0.0,0.0,0,False,False,False
2026-10-04,2026-10-04 17:04:00+00:00,2026-10-05 05:40:00+00:00,0.0,0.0,0.0,0.0,0,False,False,False
2026-10-05,2026-10-05 17:02:00+00:00,2026-10-06 05:42:00+00:00,0.0,0.0,0.0,0.0,0,False,False,False
2026-10-06,2026-10-06 17:00:00+00:00,2026-10-07 05:44:00+00:00,0.0,0.0,0.0,0.0,0,False,False,False
2026-10-07,2026-10-07 16:57:00+00:00,2026-10-08 05:45:00+00:00,0.0,0.0,0.0,0.0,0,False,False,False
2026-10-08,2026-10-08 16:55:00+00:00,2026-10-09 05:47:00+00:00,0.0,0.0,0.0,0.0,0,False,False,False
2026-10-09,2026-10-09 16:53:00+00:00,2026-10-10 05:49:00+00:00,0.0,0.0,0.0,0.0,0,False,False,False
2026-10-10,2026-10-10 16:51:00+00:00,2026-10-11 05:51:00+00:00,0.0,0.0,0.0,0.0,0,False,False,False
2026-10-11,2026-10-11 16:48:00+00:00,2026-10-12 05:52:00+00:00,0.0,0.0,0.0,0.0,0,False,False,False
2026-10-12,2026-10-12 16:46:00+00:00,2026-10-13 05:54:00+00:00,0.0,0.0,0.0,0.0,0,False,False,False
2026-10-13,2026-10-13 16:44:00+00:00,2026-10-14 05:56:00+00:00,0.0,0.0,0.0,0.0,0,False,False,False
2026-10-14,2026-10-14 16:42:00+00:00,2026-10-15 05:58:00+00:00,0.0,0.0,0.0,0.0,0,False,False,False
2026-10-15,2026-10-15 16:39:00+00:00,2026-10-16 05:59:00+00:00,0.0,0.0,0.0,0.0,0,False,False,False
2026-10-16,2026-10-16 16:37:00+00:00,2026-10-17 06:01:00+00:00,0.0,0.0,0.0,0.0,0,False,False,False
2026-10-17,2026-10-17 16:35:00+00:00,2026-10-18 06:03:00+00:00,0.0,0.0,0.0,0.0,0,False,False,False
2026-10-18,2026-10-18 16:33:00+00:00,2026-10-19 06:05:00+00:00,0.0,0.0,0.0,0.0,0,False,False,False
2026-10-19,2026-10-19 16:31:00+00:00,2026-10-20 06:07:00+00:00,0.0,0.0,0.0,0.0,0,False,False,False
2026-10-20,2026-10-20 16:28:00+00:00,2026-10-21 06:08:00+00:00,0.0,0.0,0.0,0.0,0,False,False,False
2026-10-21,2026-10-21 16:26:00+00:00,2026-10-22 06:10:00+00:00,0.0,0.0,0.0,0.0,0,False,False,False
2026-10-22,2026-10-22 16:24:00+00:00,2026-10-23 06:12:00+00:00,0.0,0.0,0.0,0.0,0,False,False,False
2026-10-23,2026-10-23 16:22:00+00:00,2026-10-24 06:14:00+00:00,0.0,0.0,0.0,0.0,0,False,False,False
2026-10-24,2026-10-24 16:20:00+00:00,2026-10-25 06:16:00+00:00,0.0,0.0,0.0,0.0,0,True,False,False
2026-10-25,2026-10-25 16:18:00+00:00,2026-10-26 06:18:00+00:00,0.0,0.0,0.0,0.0,0,False,False,False
2026-10-26,2026-10-26 16:16:00+00:00,2026-10-27 06:19:00+00:00,0.0,0.0,0.0,0.0,0,False,False,False
2026-10-27,2026-10-27 16:14:00+00:00,2026-10-28 06:21:00+00:00,0.0,0.0,0.0,0.0,0,False,False,False
2026-10-28,2026-10-28 16:12:00+00:00,2026-10-29 06:23:00+00:00,0.0,0.0,0.0,0.0,0,False,False,False
2026-10-29,2026-10-29 16:10:00+00:00,2026-10-30 06:25:00+00:00,0.0,0.0,0.0,0.0,0,False,False,False
2026-10-30,2026-10-30 16:08:00+00:00,2026-10-31 06:27:00+00:00,0.0,0.0,0.0,0.0,0,False,False,False
2026-10-31,2026-10-31 16:06:00+00:00,2026-11-01 06:29:00+00:00,0.0,0.0,0.0,0.0,0,False,False,False
2026-11-01,2026-11-01 16:04:00+00:00,2026-11-02 06:30:00+00:00,0.0,0.0,0.0,0.0,0,False,False,False
2026-11-02,2026-11-02 16:02:00+00:00,2026-11-03 06:32:00+00:00,0.0,0.0,0.0,0.0,0,False,False,False
2026-11-03,2026-11-03 16:00:00+00:00,2026-11-04 06:34:00+00:00,0.0,0.0,0.0,0.0,0,False,False,False
2026-11-04,2026-11-04 15:59:00+00:00,2026-11-05 06:36:00+00:00,0.0,0.0,0.0,0.0,0,False,False,False
2026-11-05,2026-11-05 15:57:00+00:00,2026-11-06 06:38:00+00:00,0.0,0.0,0.0,0.0,0,False,False,False
2026-11-06,2026-11-06 15:55:00+00:00,2026-11-07 06:40:00+00:00,0.0,0.0,0.0,0.0,0,False,False,False
2026-11-07,2026-11-07 15:53:00+00:00,2026-11-08 06:42:00+00:00,0.0,0.0,0.0,0.0,0,False,False,False
2026-11-08,2026-11-08 15:52:00+00:00,2026-11-09 06:43:00+00:00,0.0,0.0,0.0,0.0,0,False,False,False
2026-11-09,2026-11-09 15:50:00+00:00,2026-11-10 06:45:00+00:00,0.0,0.0,0.0,0.0,0,False,False,False
2026-11-10,2026-11-10 15:48:00+00:00,2026-11-11 06:47:00+00:00,0.0,0.0,0.0,0.0,0,False,False,False
2026-11-11,2026-11-11 15:47:00+00:00,2026-11-12 06:49:00+00:00,0.0,0.0,0.0,0.0,0,False,False,False
2026-11-12,2026-11-12 15:45:00+00:00,2026-11-13 06:51:00+00:00,0.0,0.0,0.0,0.0,0,False,False,False
2026-11-13,2026-11-13 15:43:00+00:00,2026-11-14 06:53:00+00:00,0.0,0.0,0.0,0.0,0,False,False,False
2026-11-14,2026-11-14 15:42:00+00:00,2026-11-15 06:54:00+00:00,0.0,0.0,0.0,0.0,0,False,False,False
2026-11-15,2026-11-15 15:41:00+00:00,2026-11-16 06:56:00+00:00,0.0,0.0,0.0,0.0,0,False,False,False
2026-11-16,2026-11-16 15:39:00+00:00,2026-11-17 06:58:00+00:00,0.0,0.0,0.0,0.0,0,False,False,False
2026-11-17,2026-11-17 15:38:00+00:00,2026-11-18 07:00:00+00:00,0.0,0.0,0.0,0.0,0,False,False,False
2026-11-18,2026-11-18 15:36:00+00:00,2026-11-19 07:01:00+00:00,0.0,0.0,0.0,0.0,0,False,False,False
2026-11-19,2026-11-19 15:35:00+00:00,2026-11-20 07:03:00+00:00,0.0,0.0,0.0,0.0,0,False,False,False
2026-11-20,2026-11-20 15:34:00+00:00,2026-11-21 07:05:00+00:00,0.0,0.0,0.0,0.0,0,False,False,False
2026-11-21,2026-11-21 15:33:00+00:00,2026-11-22 07:07:00+00:00,0.0,0.0,0.0,0.0,0,False,False,False
2026-11-22,2026-11-22 15:31:00+00:00,2026-11-23 07:08:00+00:00,0.0,0.0,0.0,0.0,0,False,False,False
2026-11-23,2026-11-23 15:30:00+00:00,2026-11-24 07:10:00+00:00,0.0,0.0,0.0,0.0,0,False,False,False
2026-11-24,2026-11-24 15:29:00+00:00,2026-11-25 07:12:00+00:00,0.0,0.0,0.0,0.0,0,False,False,False
2026-11-25,2026-11-25 15:28:00+00:00,2026-11-26 07:13:00+00:00,0.0,0.0,0.0,0.0,0,False,False,False
2026-11-26,2026-11-26 15:27:00+00:00,2026-11-27 07:15:00+00:00,0.0,0.0,0.0,0.0,0,False,False,False
2026-11-27,2026-11-27 15:26:00+00:00,2026-11-28 07:16:00+00:00,0.0,0.0,0.0,0.0,0,False,False,False
2026-11-28,2026-11-28 15:25:00+00:00,2026-11-29 07:18:00+00:00,0.0,0.0,0.0,0.0,0,False,False,False
2026-11-29,2026-11-29 15:25:00+00:00,2026-11-30 07:19:00+00:00,0.0,0.0,0.0,0.0,0,False,False,False
2026-11-30,2026-11-30 15:24:00+00:00,2026-12-01 07:21:00+00:00,0.0,0.0,0.0,0.0,0,False,False,False
2026-12-01,2026-12-01 15:23:00+00:00,2026-12-02 07:22:00+00:00,0.0,0.0,0.0,0.0,0,False,False,False
2026-12-02,2026-12-02 15:22:00+00:00,2026-12-03 07:24:00+00:00,0.0,0.0,0.0,0.0,0,False,False,False
2026-12-03,2026-12-03 15:22:00+00:00,2026-12-04 07:25:00+00:00,0.0,0.0,0.0,0.0,0,False,False,False
2026-12-04,2026-12-04 15:21:00+00:00,2026-12-05 07:26:00+00:00,0.0,0.0,0.0,0.0,0,False,False,False
2026-12-05,2026-12-05 15:21:00+00:00,2026-12-06 07:28:00+00:00,0.0,0.0,0.0,0.0,0,False,False,False
2026-12-06,2026-12-06 15:20:00+00:00,2026-12-07 07:29:00+00:00,0.0,0.0,0.0,0.0,0,False,False,False
2026-12-07,2026-12-07 15:20:00+00:00,2026-12-08 07:30:00+00:00,0.0,0.0,0.0,0.0,0,False,False,False
2026-12-08,2026-12-08 15:20:00+00:00,2026-12-09 07:31:00+00:00,0.0,0.0,0.0,0.0,0,False,False,False
2026-12-09,2026-12-09 15:19:00+00:00,2026-12-10 07:32:00+00:00,0.0,0.0,0.0,0.0,0,False,False,False
2026-12-10,2026-12-10 15:19:00+00:00,2026-12-11 07:33:00+00:00,0.0,0.0,0.0,0.0,0,False,False,False
2026-12-11,2026-12-11 15:19:00+00:00,2026-12-12 07:34:00+00:00,0.0,0.0,0.0,0.0,0,False,False,False
2026-12-12,2026-12-12 15:19:00+00:00,2026-12-13 07:35:00+00:00,0.0,0.0,0.0,0.0,0,False,False,False
2026-12-13,2026-12-13 15:19:00+00:00,2026-12-14 07:36:00+00:00,0.0,0.0,0.0,0.0,0,False,False,False
2026-12-14,2026-12-14 15:19:00+00:00,2026-12-15 07:37:00+00:00,0.0,0.0,0.0,0.0,0,False,False,False
2026-12-15,2026-12-15 15:19:00+00:00,2026-12-16 07:38:00+00:00,0.0,0.0,0.0,0.0,0,False,False,False
2026-12-16,2026-12-16 15:19:00+00:00,2026-12-17 07:39:00+00:00,0.0,0.0,0.0,0.0,0,False,False,False
2026-12-17,2026-12-17 15:20:00+00:00,2026-12-18 07:39:00+00:00,0.0,0.0,0.0,0.0,0,False,False,False
2026-12-18,2026-12-18 15:20:00+00:00,2026-12-19 07:40:00+00:00,0.0,0.0,0.0,0.0,0,False,False,False
2026-12-19,2026-12-19 15:20:00+00:00,2026-12-20 07:41:00+00:00,0.0,0.0,0.0,0.0,0,False,False,False
2026-12-20,2026-12-20 15:21:00+00:00,2026-12-21 07:41:00+00:00,0.0,0.0,0.0,0.0,0,False,False,False
2026-12-21,2026-12-21 15:21:00+00:00,2026-12-22 07:42:00+00:00,0.0,0.0,0.0,0.0,0,False,False,False
2026-12-22,2026-12-22 15:22:00+00:00,2026-12-23 07:42:00+00:00,0.0,0.0,0.0,0.0,0,False,False,False
2026-12-23,2026-12-23 15:22:00+00:00,2026-12-24 07:43:00+00:00,0.0,0.0,0.0,0.0,0,False,False,False
2026-12-24,2026-12-24 15:23:00+00:00,2026-12-25 07:43:00+00:00,0.0,0.0,0.0,0.0,0,False,False,False
2026-12-25,2026-12-25 15:24:00+00:00,2026-12-26 07:43:00+00:00,0.0,0.0,0.0,0.0,0,False,False,False
2026-12-26,2026-12-26 15:24:00+00:00,2026-12-27 07:43:00+00:00,0.0,0.0,0.0,0.0,0,False,False,False
2026-12-27,2026-12-27 15:25:00+00:00,2026-12-28 07:43:00+00:00,0.0,0.0,0.0,0.0,0,False,False,False
2026-12-28,2026-12-28 15:26:00+00:00,2026-12-29 07:44:00+00:00,0.0,0.0,0.0,0.0,0,False,False,False
2026-12-29,2026-12-29 15:27:00+00:00,2026-12-30 07:44:00+00:00,0.0,0.0,0.0,0.0,0,False,False,False
2026-12-30,2026-12-30 15:28:00+00:00,2026-12-31 07:44:00+00:00,0.0,0.0,0.0,0.0,0,False,False,False
