date,solar_start_utc,solar_end_utc,solar_start_local,solar_end_local,sunrise_utc,sunset_utc,theta_start_deg,theta_end_deg,n_samples,n_years,dst_hour_missing,extrapolated,window_undefined,start_offset_min,end_offset_min,night_start_utc,night_end_utc,night_duration_h
2020-01-01,2020-01-01 07:43:00+00:00,2020-01-01 15:30:00+00:00,2020-01-01T08:43:00+01:00,2020-01-01T16:30:00+01:00,2020-01-01 07:44:52.187688960+00:00,2020-01-01 15:35:32.802223616+00:00,-1.0662614303000435,-0.19833782541962708,109,6,False,True,False,-1.869794816,-5.546703726933333,2020-01-01 15:30:00+00:00,2020-01-02 07:43:00+00:00,16.216666666666665
2020-01-02,2020-01-02 07:43:00+00:00,2020-01-02 15:31:00+00:00,2020-01-02T08:43:00+01:00,2020-01-02T16:31:00+01:00,2020-01-02 07:44:45.708090368+00:00,2020-01-02 15:36:36.919837184+00:00,-1.070786825108272,-0.20306757682697985,107,6,False,True,False,-1.7618015061333334,-5.615330619733333,2020-01-02 15:31:00+00:00,2020-01-03 07:43:00+00:00,16.2
2020-01-03,2020-01-03 07:43:00+00:00,2020-01-03 15:32:00+00:00,2020-01-03T08:43:00+01:00,2020-01-03T16:32:00+01:00,2020-01-03 07:44:35.778198784+00:00,2020-01-03 15:37:43.764788992+00:00,-1.075574716002499,-0.20800656482094065,106,6,False,True,False,-1.5963033130666666,-5.729413149866667,2020-01-03 15:32:00+00:00,2020-01-04 07:43:00+00:00,16.183333333333334
2020-01-04,2020-01-04 07:43:00+00:00,2020-01-04 15:33:00+00:00,2020-01-04T08:43:00+01:00,2020-01-04T16:33:00+01:00,2020-01-04 07:44:22.414203648+00:00,2020-01-04 15:38:53.259347200+00:00,-1.0806194048504008,-0.21315282698896731,106,6,False,True,False,-1.3735700607999999,-5.887655786666667,2020-01-04 15:33:00+00:00,2020-01-05 07:43:00+00:00,16.166666666666668
2020-01-05,2020-01-05 07:43:00+00:00,2020-01-05 15:35:00+00:00,2020-01-05T08:43:00+01:00,2020-01-05T16:35:00+01:00,2020-01-05 07:44:05.636910592+00:00,2020-01-05 15:40:05.323676928+00:00,-1.085914910761552,-0.21850422005009157,105,6,False,True,False,-1.0939485098666668,-5.0887279488,2020-01-05 15:35:00+00:00,2020-01-06 07:42:00+00:00,16.116666666666667
2020-01-06,2020-01-06 07:42:00+00:00,2020-01-06 15:36:00+00:00,2020-01-06T08:42:00+01:00,2020-01-06T16:36:00+01:00,2020-01-06 07:43:45.471572480+00:00,2020-01-06 15:41:19.876233216+00:00,-1.0914549771474749,-0.2240584212252104,104,6,False,True,False,-1.7578595413333333,-5.3312705536000005,2020-01-06 15:36:00+00:00,2020-01-07 07:42:00+00:00,16.1
2020-01-07,2020-01-07 07:42:00+00:00,2020-01-07 15:37:00+00:00,2020-01-07T08:42:00+01:00,2020-01-07T16:37:00+01:00,2020-01-07 07:43:21.947716352+00:00,2020-01-07 15:42:36.834152448+00:00,-1.0972330791007816,-0.22981292980059892,103,6,False,True,False,-1.3657952725333333,-5.6139025408,2020-01-07 15:37:00+00:00,2020-01-08 07:41:00+00:00,16.066666666666666
2020-01-08,2020-01-08 07:41:00+00:00,2020-01-08 15:39:00+00:00,2020-01-08T08:41:00+01:00,2020-01-08T16:39:00+01:00,2020-01-08 07:42:55.098931456+00:00,2020-01-08 15:43:56.113643776+00:00,-1.1032424310847135,-0.2357650688831467,102,6,False,True,False,-1.9183155242666667,-4.935227396266667,2020-01-08 15:39:00+00:00,2020-01-09 07:41:00+00:00,16.033333333333335
2020-01-09,2020-01-09 07:41:00+00:00,2020-01-09 15:40:00+00:00,2020-01-09T08:41:00+01:00,2020-01-09T16:40:00+01:00,2020-01-09 07:42:24.962541056+00:00,2020-01-09 15:45:17.630464+00:00,-1.1094759949240136,-0.24191198734560204,101,6,False,True,False,-1.4160423509333335,-5.293841066666667,2020-01-09 15:40:00+00:00,2020-01-10 07:40:00+00:00,16.0
2020-01-10,2020-01-10 07:40:00+00:00,2020-01-10 15:41:00+00:00,2020-01-10T08:40:00+01:00,2020-01-10T16:41:00+01:00,2020-01-10 07:41:51.579132672+00:00,2020-01-10 15:46:41.300505856+00:00,-1.1159264880877129,-0.24825066195988554,99,5,False,True,False,-1.8596522112,-5.688341764266666,2020-01-10 15:41:00+00:00,2020-01-11 07:39:00+00:00,15.966666666666667
2020-01-11,2020-01-11 07:39:00+00:00,2020-01-11 15:43:00+00:00,2020-01-11T08:39:00+01:00,2020-01-11T16:43:00+01:00,2020-01-11 07:41:14.991977472+00:00,2020-01-11 15:48:07.040411904+00:00,-1.1225863922540749,-0.2547778997163223,99,5,False,True,False,-2.2498662912,-5.1173401984,2020-01-11 15:43:00+00:00,2020-01-12 07:39:00+00:00,15.933333333333334
2020-01-12,2020-01-12 07:39:00+00:00,2020-01-12 15:44:00+00:00,2020-01-12T08:39:00+01:00,2020-01-12T16:44:00+01:00,2020-01-12 07:40:35.246446848+00:00,2020-01-12 15:49:34.767981312+00:00,-1.1294479621476046,-0.26149034032642354,99,5,False,True,False,-1.5874407808000002,-5.5794663552,2020-01-12 15:44:00+00:00,2020-01-13 07:38:00+00:00,15.9
2020-01-13,2020-01-13 07:38:00+00:00,2020-01-13 15:46:00+00:00,2020-01-13T08:38:00+01:00,2020-01-13T16:46:00+01:00,2020-01-13 07:39:52.389538560+00:00,2020-01-13 15:51:04.402142208+00:00,-1.1365032346377169,-0.26838445890664175,99,5,False,True,False,-1.873158976,-5.0733690368,2020-01-13 15:46:00+00:00,2020-01-14 07:37:00+00:00,15.85
2020-01-14,2020-01-14 07:37:00+00:00,2020-01-14 15:48:00+00:00,2020-01-14T08:37:00+01:00,2020-01-14T16:48:00+01:00,2020-01-14 07:39:06.469558784+00:00,2020-01-14 15:52:35.862420224+00:00,-1.1437440380883435,-0.2754565688403085,99,5,False,True,False,-2.107825979733333,-4.597707003733333,2020-01-14 15:48:00+00:00,2020-01-15 07:36:00+00:00,15.8
2020-01-15,2020-01-15 07:36:00+00:00,2020-01-15 15:49:00+00:00,2020-01-15T08:36:00+01:00,2020-01-15T16:49:00+01:00,2020-01-15 07:38:17.535933440+00:00,2020-01-15 15:54:09.068093184+00:00,-1.1511620019474742,-0.28270282481476816,100,5,False,True,False,-2.2922655573333333,-5.1511348864,2020-01-15 15:49:00+00:00,2020-01-16 07:35:00+00:00,15.766666666666667
2020-01-16,2020-01-16 07:35:00+00:00,2020-01-16 15:51:00+00:00,2020-01-16T08:35:00+01:00,2020-01-16T16:51:00+01:00,2020-01-16 07:37:25.639073536+00:00,2020-01-16 15:55:43.937361152+00:00,-1.1587485665653368,-0.2901192260305062,100,5,False,True,False,-2.4273178922666667,-4.732289352533333,2020-01-16 15:51:00+00:00,2020-01-17 07:34:00+00:00,15.716666666666667
2020-01-17,2020-01-17 07:34:00+00:00,2020-01-17 15:53:00+00:00,2020-01-17T08:34:00+01:00,2020-01-17T16:53:00+01:00,2020-01-17 07:36:30.830232320+00:00,2020-01-17 15:57:20.386841856+00:00,-1.1664949932296602,-0.29770161957888575,100,5,False,True,False,-2.513837205333333,-4.3397806976,2020-01-17 15:53:00+00:00,2020-01-18 07:33:00+00:00,15.666666666666666
2020-01-18,2020-01-18 07:33:00+00:00,2020-01-18 15:54:00+00:00,2020-01-18T08:33:00+01:00,2020-01-18T16:54:00+01:00,2020-01-18 07:35:33.161329664+00:00,2020-01-18 15:58:58.331530496+00:00,-1.1743923744062057,-0.3054457039849009,100,5,False,True,False,-2.5526888277333333,-4.972192174933334,2020-01-18 15:54:00+00:00,2020-01-19 07:32:00+00:00,15.633333333333333
2020-01-19,2020-01-19 07:32:00+00:00,2020-01-19 15:56:00+00:00,2020-01-19T08:32:00+01:00,2020-01-19T16:56:00+01:00,2020-01-19 07:34:32.684759552+00:00,2020-01-19 16:00:37.685168384+00:00,-1.182431644172515,-0.3133470329111724,100,5,False,True,False,-2.5447459925333336,-4.628086139733333,2020-01-19 15:56:00+00:00,2020-01-20 07:31:00+00:00,15.583333333333334
2020-01-20,2020-01-20 07:31:00+00:00,2020-01-20 15:58:00+00:00,2020-01-20T08:31:00+01:00,2020-01-20T16:58:00+01:00,2020-01-20 07:33:29.453206528+00:00,2020-01-20 16:02:18.360879872+00:00,-1.1906035888325932,-0.3214010190192195,100,5,False,True,False,-2.490886775466667,-4.3060146645333335,2020-01-20 15:58:00+00:00,2020-01-21 07:30:00+00:00,15.533333333333333
2020-01-21,2020-01-21 07:30:00+00:00,2020-01-21 16:00:00+00:00,2020-01-21T08:30:00+01:00,2020-01-21T17:00:00+01:00,2020-01-21 07:32:23.519504896+00:00,2020-01-21 16:04:00.271932672+00:00,-1.1988988577000401,-0.32960293798386603,100,5,False,True,False,-2.391991748266667,-4.0045322112,2020-01-21 16:00:00+00:00,2020-01-22 07:29:00+00:00,15.483333333333333
2020-01-22,2020-01-22 07:29:00+00:00,2020-01-22 16:01:00+00:00,2020-01-22T08:29:00+01:00,2020-01-22T17:01:00+01:00,2020-01-22 07:31:14.936565248+00:00,2020-01-22 16:05:43.332515584+00:00,-1.207307974036939,-0.3379479326564576,100,5,False,True,False,-2.248942754133333,-4.722208593066667,2020-01-22 16:01:00+00:00,2020-01-23 07:28:00+00:00,15.45
2020-01-23,2020-01-23 07:28:00+00:00,2020-01-23 16:03:00+00:00,2020-01-23T08:28:00+01:00,2020-01-23T17:03:00+01:00,2020-01-23 07:30:03.757382656+00:00,2020-01-23 16:07:27.458450432+00:00,-1.2158213461356326,-0.34643101737239623,100,5,False,True,False,-2.0626230442666666,-4.457640840533333,2020-01-23 16:03:00+00:00,2020-01-24 07:26:00+00:00,15.383333333333333
2020-01-24,2020-01-24 07:26:00+00:00,2020-01-24 16:05:00+00:00,2020-01-24T08:26:00+01:00,2020-01-24T17:05:00+01:00,2020-01-24 07:28:50.035114752+00:00,2020-01-24 16:09:12.567749376+00:00,-1.224429278530354,-0.35504708239833477,100,5,False,True,False,-2.8339185792,-4.2094624896,2020-01-24 16:05:00+00:00,2020-01-25 07:25:00+00:00,15.333333333333334
2020-01-25,2020-01-25 07:25:00+00:00,2020-01-25 16:07:00+00:00,2020-01-25T08:25:00+01:00,2020-01-25T17:07:00+01:00,2020-01-25 07:27:33.823191296+00:00,2020-01-25 16:10:58.580974080+00:00,-1.2331219833255205,-0.3637908985142094,100,5,False,True,False,-2.5637198549333333,-3.9763495680000003,2020-01-25 16:07:00+00:00,2020-01-26 07:24:00+00:00,15.283333333333333
2020-01-26,2020-01-26 07:24:00+00:00,2020-01-26 16:09:00+00:00,2020-01-26T08:24:00+01:00,2020-01-26T17:09:00+01:00,2020-01-26 07:26:15.175413248+00:00,2020-01-26 16:12:45.421393152+00:00,-1.2418895916273693,-0.3726571217251329,100,5,False,True,False,-2.2529235541333335,-3.7570232192,2020-01-26 16:09:00+00:00,2020-01-27 07:22:00+00:00,15.216666666666667
2020-01-27,2020-01-27 07:22:00+00:00,2020-01-27 16:11:00+00:00,2020-01-27T08:22:00+01:00,2020-01-27T17:11:00+01:00,2020-01-27 07:24:54.146007296+00:00,2020-01-27 16:14:33.015006976+00:00,-1.250722165065493,-0.3816402980980239,100,5,False,True,False,-2.902433454933333,-3.5502501162666666,2020-01-27 16:11:00+00:00,2020-01-28 07:21:00+00:00,15.166666666666666
2020-01-28,2020-01-28 07:21:00+00:00,2020-01-28 16:13:00+00:00,2020-01-28T08:21:00+01:00,2020-01-28T17:13:00+01:00,2020-01-28 07:23:30.789638144+00:00,2020-01-28 16:16:21.290511616+00:00,-1.2596097073907198,-0.39073486871770186,100,5,False,True,False,-2.5131606357333336,-3.3548418602666668,2020-01-28 16:13:00+00:00,2020-01-29 07:19:00+00:00,15.1
2020-01-29,2020-01-29 07:19:00+00:00,2020-01-29 16:14:00+00:00,2020-01-29T08:19:00+01:00,2020-01-29T17:14:00+01:00,2020-01-29 07:22:05.161379840+00:00,2020-01-29 16:18:10.179248128+00:00,-1.2685421761357125,-0.3999351747570389,100,5,False,True,False,-3.086022997333333,-4.169654135466667,2020-01-29 16:14:00+00:00,2020-01-30 07:18:00+00:00,15.066666666666666
2020-01-30,2020-01-30 07:18:00+00:00,2020-01-30 16:16:00+00:00,2020-01-30T08:18:00+01:00,2020-01-30T17:16:00+01:00,2020-01-30 07:20:37.316672256+00:00,2020-01-30 16:19:59.615164672+00:00,-1.2775094943245673,-0.40923546265563016,100,5,False,True,False,-2.6219445376,-3.9935860778666665,2020-01-30 16:16:00+00:00,2020-01-31 07:16:00+00:00,15.0
2020-01-31,2020-01-31 07:16:00+00:00,2020-01-31 16:18:00+00:00,2020-01-31T08:16:00+01:00,2020-01-31T17:18:00+01:00,2020-01-31 07:19:07.311257344+00:00,2020-01-31 16:21:49.534810624+00:00,-1.2865015622176554,-0.41862988940131707,100,5,False,True,False,-3.121854289066667,-3.8255801770666666,2020-01-31 16:18:00+00:00,2020-02-01 07:15:00+00:00,14.95
2020-02-01,2020-02-01 07:15:00+00:00,2020-02-01 16:20:00+00:00,2020-02-01T08:15:00+01:00,2020-02-01T17:20:00+01:00,2020-02-01 07:17:35.201110016+00:00,2020-02-01 16:23:39.877399040+00:00,-1.2955082690778994,-0.42811252790878157,100,5,False,True,False,-2.5866851669333335,-3.664623317333333,2020-02-01 16:20:00+00:00,2020-02-02 07:13:00+00:00,14.883333333333333
2020-02-02,2020-02-02 07:13:00+00:00,2020-02-02 16:22:00+00:00,2020-02-02T08:13:00+01:00,2020-02-02T17:22:00+01:00,2020-02-02 07:16:01.042371328+00:00,2020-02-02 16:25:30.584951808+00:00,-1.3045195049446539,-0.4376773724893134,100,5,False,True,False,-3.017372855466667,-3.5097491968,2020-02-02 16:22:00+00:00,2020-02-03 07:11:00+00:00,14.816666666666666
2020-02-03,2020-02-03 07:11:00+00:00,2020-02-03 16:24:00+00:00,2020-02-03T08:11:00+01:00,2020-02-03T17:24:00+01:00,2020-02-03 07:14:24.891299328+00:00,2020-02-03 16:27:21.602486272+00:00,-1.3135251724013588,-0.44731834440575263,100,5,False,True,False,-3.4148549888,-3.3600414378666668,2020-02-03 16:24:00+00:00,2020-02-04 07:10:00+00:00,14.766666666666667
2020-02-04,2020-02-04 07:10:00+00:00,2020-02-04 16:26:00+00:00,2020-02-04T08:10:00+01:00,2020-02-04T17:26:00+01:00,2020-02-04 07:12:46.804244224+00:00,2020-02-04 16:29:12.878195200+00:00,-1.3225151983231374,-0.4570292975065085,100,5,False,True,False,-2.7800707370666666,-3.2146365866666664,2020-02-04 16:26:00+00:00,2020-02-05 07:08:00+00:00,14.7
2020-02-05,2020-02-05 07:08:00+00:00,2020-02-05 16:28:00+00:00,2020-02-05T08:08:00+01:00,2020-02-05T17:28:00+01:00,2020-02-05 07:11:06.837619200+00:00,2020-02-05 16:31:04.363601408+00:00,-1.3314795455905333,-0.4668040239324632,100,5,False,True,False,-3.11396032,-3.0727266901333334,2020-02-05 16:28:00+00:00,2020-02-06 07:06:00+00:00,14.633333333333333
2020-02-06,2020-02-06 07:06:00+00:00,2020-02-06 16:30:00+00:00,2020-02-06T08:06:00+01:00,2020-02-06T17:30:00+01:00,2020-02-06 07:09:25.047823616+00:00,2020-02-06 16:32:56.013750784+00:00,-1.3404082247556317,-0.4766362598904877,100,5,False,True,False,-3.4174637269333332,-2.9335625130666667,2020-02-06 16:30:00+00:00,2020-02-07 07:05:00+00:00,14.583333333333334
2020-02-07,2020-02-07 07:05:00+00:00,2020-02-07 16:32:00+00:00,2020-02-07T08:05:00+01:00,2020-02-07T17:32:00+01:00,2020-02-07 07:07:41.491067648+00:00,2020-02-07 16:34:47.787510528+00:00,-1.3492913056468598,-0.48651969148722013,100,5,False,True,False,-2.6915177941333335,-2.7964585088000002,2020-02-07 16:32:00+00:00,2020-02-08 07:03:00+00:00,14.516666666666667
2020-02-08,2020-02-08 07:03:00+00:00,2020-02-08 16:34:00+00:00,2020-02-08T08:03:00+01:00,2020-02-08T17:34:00+01:00,2020-02-08 07:05:56.223087616+00:00,2020-02-08 16:36:39.647916800+00:00,-1.358118928898837,-0.4964479606166861,100,5,False,True,False,-2.9370514602666664,-2.6607986133333332,2020-02-08 16:34:00+00:00,2020-02-09 07:01:00+00:00,14.45
2020-02-09,2020-02-09 07:01:00+00:00,2020-02-09 16:36:00+00:00,2020-02-09T08:01:00+01:00,2020-02-09T17:36:00+01:00,2020-02-09 07:04:09.298796032+00:00,2020-02-09 16:38:31.562354688+00:00,-1.366881317393735,-0.5064146708952784,100,5,False,True,False,-3.154979933866667,-2.5260392448,2020-02-09 16:36:00+00:00,2020-02-10 06:59:00+00:00,14.383333333333333
2020-02-10,2020-02-10 06:59:00+00:00,2020-02-10 16:38:00+00:00,2020-02-10T07:59:00+01:00,2020-02-10T17:38:00+01:00,2020-02-10 07:02:20.771955712+00:00,2020-02-10 16:40:23.502286080+00:00,-1.3755687876007203,-0.5164133936375617,100,5,False,True,False,-3.3461992618666665,-2.391704768,2020-02-10 16:38:00+00:00,2020-02-11 06:57:00+00:00,14.316666666666666
2020-02-11,2020-02-11 06:57:00+00:00,2020-02-11 16:40:00+00:00,2020-02-11T07:57:00+01:00,2020-02-11T17:40:00+01:00,2020-02-11 07:00:30.694987520+00:00,2020-02-11 16:42:15.442405888+00:00,-1.3841717608001585,-0.5264376738663177,100,5,False,True,False,-3.5115831253333334,-2.2573734314666667,2020-02-11 16:40:00+00:00,2020-02-12 06:55:00+00:00,14.25
2020-02-12,2020-02-12 06:55:00+00:00,2020-02-12 16:42:00+00:00,2020-02-12T07:55:00+01:00,2020-02-12T17:42:00+01:00,2020-02-12 06:58:39.118948352+00:00,2020-02-12 16:44:07.359400704+00:00,-1.3926807741794143,-0.5364810363502099,100,5,False,True,False,-3.651982472533333,-2.1226566784,2020-02-12 16:42:00+00:00,2020-02-13 06:53:00+00:00,14.183333333333334
2020-02-13,2020-02-13 06:53:00+00:00,2020-02-13 16:43:00+00:00,2020-02-13T07:53:00+01:00,2020-02-13T17:43:00+01:00,2020-02-13 06:56:46.093647360+00:00,2020-02-13 16:45:59.230719744+00:00,-1.4010864917872201,-0.5465369916624121,100,5,False,True,False,-3.768227456,-2.9871786624,2020-02-13 16:43:00+00:00,2020-02-14 06:51:00+00:00,14.133333333333333
2020-02-14,2020-02-14 06:51:00+00:00,2020-02-14 16:45:00+00:00,2020-02-14T07:51:00+01:00,2020-02-14T17:45:00+01:00,2020-02-14 06:54:51.667787520+00:00,2020-02-14 16:47:51.033755904+00:00,-1.4093797153337653,-0.5565990422535263,100,5,False,True,False,-3.861129792,-2.8505625984000003,2020-02-14 16:45:00+00:00,2020-02-15 06:49:00+00:00,14.066666666666666
2020-02-15,2020-02-15 06:49:00+00:00,2020-02-15 16:47:00+00:00,2020-02-15T07:49:00+01:00,2020-02-15T17:47:00+01:00,2020-02-15 06:52:55.889027072+00:00,2020-02-15 16:49:42.745586688+00:00,-1.4175513948238279,-0.566660688532092,100,5,False,True,False,-3.9314837845333335,-2.7124264448,2020-02-15 16:47:00+00:00,2020-02-16 06:47:00+00:00,14.0
2020-02-16,2020-02-16 06:47:00+00:00,2020-02-16 16:49:00+00:00,2020-02-16T07:47:00+01:00,2020-02-16T17:49:00+01:00,2020-02-16 06:50:58.803920896+00:00,2020-02-16 16:51:34.343161856+00:00,-1.4255926390104867,-0.5767154349459884,100,5,False,True,False,-3.9800653482666664,-2.572386030933333,2020-02-16 16:49:00+00:00,2020-02-17 06:45:00+00:00,13.933333333333334
2020-02-17,2020-02-17 06:45:00+00:00,2020-02-17 16:51:00+00:00,2020-02-17T07:45:00+01:00,2020-02-17T17:51:00+01:00,2020-02-17 06:49:00.457794816+00:00,2020-02-17 16:53:25.803678464+00:00,-1.4334947256571449,-0.5867567960580253,100,5,False,True,False,-4.0076299136,-2.4300613077333333,2020-02-17 16:51:00+00:00,2020-02-18 06:43:00+00:00,13.866666666666667
2020-02-18,2020-02-18 06:43:00+00:00,2020-02-18 16:53:00+00:00,2020-02-18T07:43:00+01:00,2020-02-18T17:53:00+01:00,2020-02-18 06:47:00.894645760+00:00,2020-02-18 16:55:17.104961280+00:00,-1.4412491115958417,-0.5967783026090263,100,5,False,True,False,-4.014910762666667,-2.285082688,2020-02-18 16:53:00+00:00,2020-02-19 06:41:00+00:00,13.8
2020-02-19,2020-02-19 06:41:00+00:00,2020-02-19 16:55:00+00:00,2020-02-19T07:41:00+01:00,2020-02-19T17:55:00+01:00,2020-02-19 06:45:00.157141504+00:00,2020-02-19 16:57:08.225801472+00:00,-1.448847442570057,-0.6067735075617254,100,5,False,True,False,-4.002619025066667,-2.1370966912,2020-02-19 16:55:00+00:00,2020-02-20 06:39:00+00:00,13.733333333333333
2020-02-20,2020-02-20 06:39:00+00:00,2020-02-20 16:57:00+00:00,2020-02-20T07:39:00+01:00,2020-02-20T17:57:00+01:00,2020-02-20 06:42:58.286722304+00:00,2020-02-20 16:58:59.146277632+00:00,-1.456281562850473,-0.6167359921188176,100,5,False,True,False,-3.971445371733333,-1.9857712938666665,2020-02-20 16:57:00+00:00,2020-02-21 06:37:00+00:00,13.666666666666666
2020-02-21,2020-02-21 06:37:00+00:00,2020-02-21 16:59:00+00:00,2020-02-21T07:37:00+01:00,2020-02-21T17:59:00+01:00,2020-02-21 06:40:55.323758848+00:00,2020-02-21 17:00:49.848044800+00:00,-1.4635435246124326,-0.6266593717085366,100,5,False,True,False,-3.922062647466667,-1.8308007466666667,2020-02-21 16:59:00+00:00,2020-02-22 06:35:00+00:00,13.6
2020-02-22,2020-02-22 06:35:00+00:00,2020-02-22 17:01:00+00:00,2020-02-22T07:35:00+01:00,2020-02-22T18:01:00+01:00,2020-02-22 06:38:51.307718400+00:00,2020-02-22 17:02:40.314547200+00:00,-1.470625597064102,-0.6365373019311685,100,5,False,True,False,-3.8551286399999998,-1.67190912,2020-02-22 17:01:00+00:00,2020-02-23 06:33:00+00:00,13.533333333333333
2020-02-23,2020-02-23 06:33:00+00:00,2020-02-23 17:03:00+00:00,2020-02-23T07:33:00+01:00,2020-02-23T18:03:00+01:00,2020-02-23 06:36:46.277317376+00:00,2020-02-23 17:04:30.531100416+00:00,-1.4775202753146572,-0.6463634844599613,100,5,False,True,False,-3.7712886229333336,-1.5088516736,2020-02-23 17:03:00+00:00,2020-02-24 06:31:00+00:00,13.466666666666667
2020-02-24,2020-02-24 06:31:00+00:00,2020-02-24 17:05:00+00:00,2020-02-24T07:31:00+01:00,2020-02-24T18:05:00+01:00,2020-02-24 06:34:40.270660352+00:00,2020-02-24 17:06:20.484856320+00:00,-1.4842202889721077,-0.6561316728899339,100,5,False,True,False,-3.671177672533333,-1.3414142720000002,2020-02-24 17:05:00+00:00,2020-02-25 06:29:00+00:00,13.4
2020-02-25,2020-02-25 06:29:00+00:00,2020-02-25 17:07:00+00:00,2020-02-25T07:29:00+01:00,2020-02-25T18:07:00+01:00,2020-02-25 06:32:33.325366272+00:00,2020-02-25 17:08:10.164698368+00:00,-1.4907186104606975,-0.6658356785281603,100,5,False,True,False,-3.5554227712,-1.1694116394666667,2020-02-25 17:07:00+00:00,2020-02-26 06:27:00+00:00,13.333333333333334
2020-02-26,2020-02-26 06:27:00+00:00,2020-02-26 17:08:00+00:00,2020-02-26T07:27:00+01:00,2020-02-26T18:08:00+01:00,2020-02-26 06:30:25.478669056+00:00,2020-02-26 17:09:59.561116416+00:00,-1.4970084630481544,-0.6754693761191622,100,5,False,True,False,-3.4246444842666666,-1.9926852736,2020-02-26 17:08:00+00:00,2020-02-27 06:24:00+00:00,13.266666666666667
2020-02-27,2020-02-27 06:24:00+00:00,2020-02-27 17:10:00+00:00,2020-02-27T07:24:00+01:00,2020-02-27T18:10:00+01:00,2020-02-27 06:28:16.767489024+00:00,2020-02-27 17:11:48.666076160+00:00,-1.5030833285734002,-0.6850267094991287,100,5,False,True,False,-4.2794581504,-1.8111012693333335,2020-02-27 17:10:00+00:00,2020-02-28 06:22:00+00:00,13.2
2020-02-28,2020-02-28 06:22:00+00:00,2020-02-28 17:12:00+00:00,2020-02-28T07:22:00+01:00,2020-02-28T18:12:00+01:00,2020-02-28 06:26:07.228480768+00:00,2020-02-28 17:13:37.472907264+00:00,-1.5089369548656928,-0.6945016971727552,100,5,False,True,False,-4.120474679466667,-1.6245484544,2020-02-28 17:12:00+00:00,2020-02-29 06:20:00+00:00,13.133333333333333
2020-02-29,2020-02-29 06:20:00+00:00,2020-02-29 17:14:00+00:00,2020-02-29T07:20:00+01:00,2020-02-29T18:14:00+01:00,2020-02-29 06:23:56.898081792+00:00,2020-02-29 17:15:25.976258304+00:00,-1.5145633628465247,-0.7038884378065915,100,5,False,True,False,-3.9483013632,-1.4329376383999999,2020-02-29 17:14:00+00:00,2020-03-01 06:18:00+00:00,13.066666666666666
2020-03-01,2020-03-01 06:18:00+00:00,2020-03-01 17:16:00+00:00,2020-03-01T07:18:00+01:00,2020-03-01T18:16:00+01:00,2020-03-01 06:21:45.812564736+00:00,2020-03-01 17:17:14.172157184+00:00,-1.5199568533059982,-0.7131811156328816,100,5,False,True,False,-3.7635427456,-1.2362026197333333,2020-03-01 17:16:00+00:00,2020-03-02 06:16:00+00:00,13.0
2020-03-02,2020-03-02 06:16:00+00:00,2020-03-02 17:18:00+00:00,2020-03-02T07:16:00+01:00,2020-03-02T18:18:00+01:00,2020-03-02 06:19:34.008099584+00:00,2020-03-02 17:19:02.058163200+00:00,-1.525112013345756,-0.722374005757981,100,5,False,True,False,-3.5668016597333336,-1.0343027200000001,2020-03-02 17:18:00+00:00,2020-03-03 06:13:00+00:00,12.916666666666666
2020-03-03,2020-03-03 06:13:00+00:00,2020-03-03 17:20:00+00:00,2020-03-03T07:13:00+01:00,2020-03-03T18:20:00+01:00,2020-03-03 06:17:21.520810496+00:00,2020-03-03 17:20:49.633549824+00:00,-1.5300237224809656,-0.731461479369556,100,5,False,True,False,-4.358680174933334,-0.8272258304,2020-03-03 17:20:00+00:00,2020-03-04 06:11:00+00:00,12.85
2020-03-04,2020-03-04 06:11:00+00:00,2020-03-04 17:21:00+00:00,2020-03-04T07:11:00+01:00,2020-03-04T18:21:00+01:00,2020-03-04 06:15:08.386841856+00:00,2020-03-04 17:22:36.899473408+00:00,-1.5346871583942376,-0.7404380088368727,100,5,False,True,False,-4.1397806976,-1.6149912234666668,2020-03-04 17:21:00+00:00,2020-03-05 06:09:00+00:00,12.8
2020-03-05,2020-03-05 06:09:00+00:00,2020-03-05 17:23:00+00:00,2020-03-05T07:09:00+01:00,2020-03-05T18:23:00+01:00,2020-03-05 06:12:54.642414592+00:00,2020-03-05 17:24:23.859165952+00:00,-1.5390978023347857,-0.7492981726986246,100,5,False,True,False,-3.9107069098666667,-1.3976527658666666,2020-03-05 17:23:00+00:00,2020-03-06 06:07:00+00:00,12.733333333333333
2020-03-06,2020-03-06 06:07:00+00:00,2020-03-06 17:25:00+00:00,2020-03-06T07:07:00+01:00,2020-03-06T18:25:00+01:00,2020-03-06 06:10:40.323844352+00:00,2020-03-06 17:26:10.518229504+00:00,-1.5432514441565441,-0.758036660532864,100,5,False,True,False,-3.6720640725333333,-1.1753038250666668,2020-03-06 17:25:00+00:00,2020-03-07 06:04:00+00:00,12.65
2020-03-07,2020-03-07 06:04:00+00:00,2020-03-07 17:27:00+00:00,2020-03-07T07:04:00+01:00,2020-03-07T18:27:00+01:00,2020-03-07 06:08:25.467447808+00:00,2020-03-07 17:27:56.884994816+00:00,-1.5471441869893892,-0.766648277703746,100,5,False,True,False,-4.424457463466666,-0.9480832469333333,2020-03-07 17:27:00+00:00,2020-03-08 06:02:00+00:00,12.583333333333334
2020-03-08,2020-03-08 06:02:00+00:00,2020-03-08 17:29:00+00:00,2020-03-08T07:02:00+01:00,2020-03-08T18:29:00+01:00,2020-03-08 06:06:10.109305088+00:00,2020-03-08 17:29:42.970741248+00:00,-1.5507724515380472,-0.7751279499799391,100,5,False,True,False,-4.168488418133333,-0.7161790208000001,2020-03-08 17:29:00+00:00,2020-03-09 06:00:00+00:00,12.516666666666667
2020-03-09,2020-03-09 06:00:00+00:00,2020-03-09 17:31:00+00:00,2020-03-09T07:00:00+01:00,2020-03-09T18:31:00+01:00,2020-03-09 06:03:54.284931328+00:00,2020-03-09 17:31:28.789474560+00:00,-1.5541329800037051,-0.783470728019697,100,5,False,True,False,-3.9047488554666665,-0.479824576,2020-03-09 17:31:00+00:00,2020-03-10 05:57:00+00:00,12.433333333333334
2020-03-10,2020-03-10 05:57:00+00:00,2020-03-10 17:32:00+00:00,2020-03-10T06:57:00+01:00,2020-03-10T18:32:00+01:00,2020-03-10 06:01:38.028998400+00:00,2020-03-10 17:33:14.357114624+00:00,-1.5572228396237915,-0.7916717917177499,100,5,False,True,False,-4.63381664,-1.2392852437333335,2020-03-10 17:32:00+00:00,2020-03-11 05:55:00+00:00,12.383333333333333
2020-03-11,2020-03-11 05:55:00+00:00,2020-03-11 17:34:00+00:00,2020-03-11T06:55:00+01:00,2020-03-11T18:34:00+01:00,2020-03-11 05:59:21.375254784+00:00,2020-03-11 17:34:59.690262272+00:00,-1.560039425825842,-0.7997264544093275,99,5,False,True,False,-4.3562542464,-0.9948377045333333,2020-03-11 17:34:00+00:00,2020-03-12 05:53:00+00:00,12.316666666666666
2020-03-12,2020-03-12 05:53:00+00:00,2020-03-12 17:36:00+00:00,2020-03-12T06:53:00+01:00,2020-03-12T18:36:00+01:00,2020-03-12 05:57:04.356677632+00:00,2020-03-12 17:36:44.804964096+00:00,-1.562580464991824,-0.8076301669267941,99,5,False,True,False,-4.072611293866666,-0.7467494016,2020-03-12 17:36:00+00:00,2020-03-13 05:51:00+00:00,12.25
2020-03-13,2020-03-13 05:51:00+00:00,2020-03-13 17:38:00+00:00,2020-03-13T06:51:00+01:00,2020-03-13T18:38:00+01:00,2020-03-13 05:54:47.005741312+00:00,2020-03-13 17:38:29.715893504+00:00,-1.5648440168297455,-0.8153785215045467,99,5,False,True,False,-3.7834290218666666,-0.4952648917333333,2020-03-13 17:38:00+00:00,2020-03-14 05:48:00+00:00,12.166666666666666
2020-03-14,2020-03-14 05:48:00+00:00,2020-03-14 17:40:00+00:00,2020-03-14T06:48:00+01:00,2020-03-14T18:40:00+01:00,2020-03-14 05:52:29.354627584+00:00,2020-03-14 17:40:14.436093696+00:00,-1.5668284763498548,-0.8229672555280042,99,5,False,True,False,-4.489243793066667,-0.2406015616,2020-03-14 17:40:00+00:00,2020-03-15 05:46:00+00:00,12.1
2020-03-15,2020-03-15 05:46:00+00:00,2020-03-15 17:41:00+00:00,2020-03-15T06:46:00+01:00,2020-03-15T18:41:00+01:00,2020-03-15 05:50:11.435246080+00:00,2020-03-15 17:41:58.977120512+00:00,-1.5685325754431811,-0.8303922551226929,99,5,False,True,False,-4.190587434666667,-0.9829520085333333,2020-03-15 17:41:00+00:00,2020-03-16 05:44:00+00:00,12.05
2020-03-16,2020-03-16 05:44:00+00:00,2020-03-16 17:43:00+00:00,2020-03-16T06:44:00+01:00,2020-03-16T18:43:00+01:00,2020-03-16 05:47:53.279098624+00:00,2020-03-16 17:43:43.349310976+00:00,-1.5699553840606557,-0.8376495585796204,99,5,False,True,False,-3.8879849770666666,-0.7224885162666667,2020-03-16 17:43:00+00:00,2020-03-17 05:41:00+00:00,11.966666666666667
2020-03-17,2020-03-17 05:41:00+00:00,2020-03-17 17:45:00+00:00,2020-03-17T06:41:00+01:00,2020-03-17T18:45:00+01:00,2020-03-17 05:45:34.917102848+00:00,2020-03-17 17:45:27.561985536+00:00,-1.5710963109915141,-0.8447353596133241,99,5,False,True,False,-4.581951714133334,-0.4593664256,2020-03-17 17:45:00+00:00,2020-03-18 05:39:00+00:00,11.9
2020-03-18,2020-03-18 05:39:00+00:00,2020-03-18 17:47:00+00:00,2020-03-18T06:39:00+01:00,2020-03-18T18:47:00+01:00,2020-03-18 05:43:16.379503616+00:00,2020-03-18 17:47:11.623597824+00:00,-1.5719551042401556,-0.851646010449163,99,5,False,True,False,-4.272991726933333,-0.19372663040000002,2020-03-18 17:47:00+00:00,2020-03-19 05:37:00+00:00,11.833333333333334
2020-03-19,2020-03-19 05:37:00+00:00,2020-03-19 17:49:00+00:00,2020-03-19T06:37:00+01:00,2020-03-19T18:49:00+01:00,2020-03-19 05:40:57.695902464+00:00,2020-03-19 17:48:55.541894144+00:00,-1.5725318510011104,-0.8583780247366334,99,5,False,True,False,-3.9615983744,0.07430176426666667,2020-03-19 17:49:00+00:00,2020-03-20 05:34:00+00:00,11.75
2020-03-20,2020-03-20 05:34:00+00:00,2020-03-20 17:50:00+00:00,2020-03-20T06:34:00+01:00,2020-03-20T18:50:00+01:00,2020-03-20 05:38:38.895373824+00:00,2020-03-20 17:50:39.324120576+00:00,-1.5728269772322379,-0.8649280802856781,99,5,False,True,False,-4.6482562303999995,-0.6554020096,2020-03-20 17:50:00+00:00,2020-03-21 05:32:00+00:00,11.7
2020-03-21,2020-03-21 05:32:00+00:00,2020-03-21 17:52:00+00:00,2020-03-21T06:32:00+01:00,2020-03-21T18:52:00+01:00,2020-03-21 05:36:20.006599936+00:00,2020-03-21 17:52:22.977217792+00:00,-1.572841246826756,-0.8712930216231702,99,5,False,True,False,-4.333443332266667,-0.3829536298666667,2020-03-21 17:52:00+00:00,2020-03-22 05:30:00+00:00,11.633333333333333
2020-03-22,2020-03-22 05:30:00+00:00,2020-03-22 17:54:00+00:00,2020-03-22T06:30:00+01:00,2020-03-22T18:54:00+01:00,2020-03-22 05:34:01.058003200+00:00,2020-03-22 17:54:06.507943424+00:00,-1.5725757603851749,-0.8774698623669587,99,5,False,True,False,-4.017633386666667,-0.10846572373333332,2020-03-22 17:54:00+00:00,2020-03-23 05:27:00+00:00,11.55
2020-03-23,2020-03-23 05:27:00+00:00,2020-03-23 17:56:00+00:00,2020-03-23T06:27:00+01:00,2020-03-23T18:56:00+01:00,2020-03-23 05:31:42.077874944+00:00,2020-03-23 17:55:49.922898176+00:00,-1.5720319535886729,-0.8834557874150735,99,5,False,True,False,-4.701297915733333,0.16795169706666666,2020-03-23 17:56:00+00:00,2020-03-24 05:25:00+00:00,11.483333333333333
2020-03-24,2020-03-24 05:25:00+00:00,2020-03-24 17:57:00+00:00,2020-03-24T06:25:00+01:00,2020-03-24T18:57:00+01:00,2020-03-24 05:29:23.094486784+00:00,2020-03-24 17:57:33.228493568+00:00,-1.5712115951759382,-0.8892481549479027,99,5,False,True,False,-4.384908113066667,-0.5538082261333332,2020-03-24 17:57:00+00:00,2020-03-25 05:23:00+00:00,11.433333333333334
2020-03-25,2020-03-25 05:23:00+00:00,2020-03-25 17:59:00+00:00,2020-03-25T06:23:00+01:00,2020-03-25T18:59:00+01:00,2020-03-25 05:27:04.136180224+00:00,2020-03-25 17:59:16.430883072+00:00,-1.57011678452595,-0.8948444982413682,99,5,False,True,False,-4.068936337066666,-0.2738480512,2020-03-25 17:59:00+00:00,2020-03-26 05:20:00+00:00,11.35
2020-03-26,2020-03-26 05:20:00+00:00,2020-03-26 18:01:00+00:00,2020-03-26T06:20:00+01:00,2020-03-26T19:01:00+01:00,2020-03-26 05:24:45.231422976+00:00,2020-03-26 18:00:59.535861760+00:00,-1.5687499488496537,-0.9002425272893485,99,5,False,True,False,-4.7538570496,0.007735637333333333,2020-03-26 18:01:00+00:00,2020-03-27 05:18:00+00:00,11.283333333333333
2020-03-27,2020-03-27 05:18:00+00:00,2020-03-27 18:03:00+00:00,2020-03-27T06:18:00+01:00,2020-03-27T19:03:00+01:00,2020-03-27 05:22:26.408857856+00:00,2020-03-27 18:02:42.548753920+00:00,-1.5671138399939313,-0.9054401302338109,97,5,False,True,False,-4.440147630933334,0.29085410133333334,2020-03-27 18:03:00+00:00,2020-03-28 05:16:00+00:00,11.216666666666667
2020-03-28,2020-03-28 05:16:00+00:00,2020-03-28 18:04:00+00:00,2020-03-28T06:16:00+01:00,2020-03-28T19:04:00+01:00,2020-03-28 05:20:07.697370880+00:00,2020-03-28 18:04:25.474361344+00:00,-1.5652115308617411,-0.910435374601345,97,5,False,True,False,-4.128289514666666,-0.4245726890666666,2020-03-28 18:04:00+00:00,2020-03-29 05:14:00+00:00,11.166666666666666
2020-03-29,2020-03-29 05:14:00+00:00,2020-03-29 18:06:00+00:00,2020-03-29T07:14:00+02:00,2020-03-29T20:06:00+02:00,2020-03-29 05:17:49.126181632+00:00,2020-03-29 18:06:08.317033472+00:00,-1.5630464114527374,-0.91522650834501,96,5,False,True,False,-3.8187696938666664,-0.13861722453333333,2020-03-29 18:06:00+00:00,2020-03-30 05:11:00+00:00,11.083333333333334
2020-03-30,2020-03-30 05:11:00+00:00,2020-03-30 18:08:00+00:00,2020-03-30T07:11:00+02:00,2020-03-30T20:08:00+02:00,2020-03-30 05:15:30.724935680+00:00,2020-03-30 18:07:51.080875520+00:00,-1.5606221845291426,-0.9198119606906251,96,5,False,True,False,-4.512082261333333,0.1486520746666667,2020-03-30 18:08:00+00:00,2020-03-31 05:09:00+00:00,11.016666666666667
2020-03-31,2020-03-31 05:09:00+00:00,2020-03-31 18:10:00+00:00,2020-03-31T07:09:00+02:00,2020-03-31T20:10:00+02:00,2020-03-31 05:13:12.523781376+00:00,2020-03-31 18:09:33.770020352+00:00,-1.5579428609120782,-0.9241903427868746,97,5,False,True,False,-4.2087296896,0.43716632746666667,2020-03-31 18:10:00+00:00,2020-04-01 05:07:00+00:00,10.95
2020-04-01,2020-04-01 05:07:00+00:00,2020-04-01 18:11:00+00:00,2020-04-01T07:07:00+02:00,2020-04-01T20:11:00+02:00,2020-04-01 05:10:54.553448960+00:00,2020-04-01 18:11:16.388908288+00:00,-1.5550127544139978,-0.9283604481588076,96,5,False,True,False,-3.9092241493333333,-0.27314847146666665,2020-04-01 18:11:00+00:00,2020-04-02 05:04:00+00:00,10.883333333333333
2020-04-02,2020-04-02 05:04:00+00:00,2020-04-02 18:13:00+00:00,2020-04-02T07:04:00+02:00,2020-04-02T20:13:00+02:00,2020-04-02 05:08:36.845354752+00:00,2020-04-02 18:12:58.942586624+00:00,-1.5518364764132972,-0.9323212529645493,96,5,False,True,False,-4.6140892458666665,0.017623556266666666,2020-04-02 18:13:00+00:00,2020-04-03 05:02:00+00:00,10.816666666666666
2020-04-03,2020-04-03 05:02:00+00:00,2020-04-03 18:15:00+00:00,2020-04-03T07:02:00+02:00,2020-04-03T20:15:00+02:00,2020-04-03 05:06:19.431708160+00:00,2020-04-03 18:14:41.437082880+00:00,-1.5484189300775966,-0.9360719160552661,96,5,False,True,False,-4.323861802666667,0.309381952,2020-04-03 18:15:00+00:00,2020-04-04 05:00:00+00:00,10.75
2020-04-04,2020-04-04 05:00:00+00:00,2020-04-04 18:17:00+00:00,2020-04-04T07:00:00+02:00,2020-04-04T20:17:00+02:00,2020-04-04 05:04:02.345524992+00:00,2020-04-04 18:16:23.879836672+00:00,-1.5447653042426028,-0.9396117788386499,96,5,False,True,False,-4.0390920832,0.6020027221333333,2020-04-04 18:17:00+00:00,2020-04-05 04:58:00+00:00,10.683333333333334
2020-04-05,2020-04-05 04:58:00+00:00,2020-04-05 18:18:00+00:00,2020-04-05T06:58:00+02:00,2020-04-05T20:18:00+02:00,2020-04-05 05:01:45.620465920+00:00,2020-04-05 18:18:06.279990016+00:00,-1.5408810669538728,-0.9429403649464152,100,5,False,True,False,-3.7603410986666663,-0.10466650026666667,2020-04-05 18:18:00+00:00,2020-04-06 04:55:00+00:00,10.616666666666667
2020-04-06,2020-04-06 04:55:00+00:00,2020-04-06 18:20:00+00:00,2020-04-06T06:55:00+02:00,2020-04-06T20:20:00+02:00,2020-04-06 04:59:29.290493184+00:00,2020-04-06 18:19:48.648253952+00:00,-1.5367719586791844,-0.946057379706528,97,5,False,True,False,-4.4881748864,0.1891957674666667,2020-04-06 18:20:00+00:00,2020-04-07 04:53:00+00:00,10.55
2020-04-07,2020-04-07 04:53:00+00:00,2020-04-07 18:22:00+00:00,2020-04-07T06:53:00+02:00,2020-04-07T20:22:00+02:00,2020-04-07 04:57:13.389501952+00:00,2020-04-07 18:21:30.996207616+00:00,-1.5324439851996194,-0.948962709421111,99,5,False,True,False,-4.2231583658666665,0.48339653973333335,2020-04-07 18:22:00+00:00,2020-04-08 04:51:00+00:00,10.483333333333333
2020-04-08,2020-04-08 04:51:00+00:00,2020-04-08 18:23:00+00:00,2020-04-08T06:51:00+02:00,2020-04-08T20:23:00+02:00,2020-04-08 04:54:57.951128576+00:00,2020-04-08 18:23:13.335174144+00:00,-1.527903410187844,-0.9516564204511885,99,5,False,True,False,-3.9658521429333335,-0.2222529024,2020-04-08 18:23:00+00:00,2020-04-09 04:49:00+00:00,10.433333333333334
2020-04-09,2020-04-09 04:49:00+00:00,2020-04-09 18:25:00+00:00,2020-04-09T06:49:00+02:00,2020-04-09T20:25:00+02:00,2020-04-09 04:52:43.008845568+00:00,2020-04-09 18:24:55.675069440+00:00,-1.523156747482426,-0.9541387581096606,100,5,False,True,False,-3.7168140928,0.07208217600000001,2020-04-09 18:25:00+00:00,2020-04-10 04:46:00+00:00,10.35
2020-04-10,2020-04-10 04:46:00+00:00,2020-04-10 18:27:00+00:00,2020-04-10T06:46:00+02:00,2020-04-10T20:27:00+02:00,2020-04-10 04:50:28.596276736+00:00,2020-04-10 18:26:38.023608320+00:00,-1.5182107530674047,-0.956410145364117,99,5,False,True,False,-4.476604612266667,0.36627319466666663,2020-04-10 18:27:00+00:00,2020-04-11 04:44:00+00:00,10.283333333333333
2020-04-11,2020-04-11 04:44:00+00:00,2020-04-11 18:29:00+00:00,2020-04-11T06:44:00+02:00,2020-04-11T20:29:00+02:00,2020-04-11 04:48:14.747517184+00:00,2020-04-11 18:28:20.385994496+00:00,-1.5130724167666654,-0.958471181351311,99,5,False,True,False,-4.245791953066667,0.6602334250666666,2020-04-11 18:29:00+00:00,2020-04-12 04:42:00+00:00,10.216666666666667
2020-04-12,2020-04-12 04:42:00+00:00,2020-04-12 18:30:00+00:00,2020-04-12T06:42:00+02:00,2020-04-12T20:30:00+02:00,2020-04-12 04:46:01.497268224+00:00,2020-04-12 18:30:02.764948736+00:00,-1.5077489536630058,-0.9603226397053428,100,5,False,True,False,-4.0249544704,-0.04608247893333333,2020-04-12 18:30:00+00:00,2020-04-13 04:40:00+00:00,10.166666666666666
2020-04-13,2020-04-13 04:40:00+00:00,2020-04-13 18:32:00+00:00,2020-04-13T06:40:00+02:00,2020-04-13T20:32:00+02:00,2020-04-13 04:43:48.880740608+00:00,2020-04-13 18:31:45.160821504+00:00,-1.5022477952521176,-0.9619654667017997,100,5,False,True,False,-3.814679010133333,0.2473196416,2020-04-13 18:32:00+00:00,2020-04-14 04:38:00+00:00,10.1
2020-04-14,2020-04-14 04:38:00+00:00,2020-04-14 18:34:00+00:00,2020-04-14T06:38:00+02:00,2020-04-14T20:34:00+02:00,2020-04-14 04:41:36.933418496+00:00,2020-04-14 18:33:27.571635968+00:00,-1.4965765803420028,-0.963400779220325,99,5,False,True,False,-3.6155569749333334,0.5404727338666666,2020-04-14 18:34:00+00:00,2020-04-15 04:35:00+00:00,10.016666666666667
2020-04-15,2020-04-15 04:35:00+00:00,2020-04-15 18:36:00+00:00,2020-04-15T06:35:00+02:00,2020-04-15T20:36:00+02:00,2020-04-15 04:39:25.690851072+00:00,2020-04-15 18:35:09.993091840+00:00,-1.4907431457086588,-0.9646298625282856,100,5,False,True,False,-4.4281808512,0.8334484693333334,2020-04-15 18:36:00+00:00,2020-04-16 04:33:00+00:00,9.95
2020-04-16,2020-04-16 04:33:00+00:00,2020-04-16 18:37:00+00:00,2020-04-16T06:33:00+02:00,2020-04-16T20:37:00+02:00,2020-04-16 04:37:15.188562432+00:00,2020-04-16 18:36:52.418607360+00:00,-1.4847555165191415,-0.9656541678884184,100,5,False,True,False,-4.2531427072,0.126356544,2020-04-16 18:37:00+00:00,2020-04-17 04:31:00+00:00,9.9
2020-04-17,2020-04-17 04:31:00+00:00,2020-04-17 18:39:00+00:00,2020-04-17T06:31:00+02:00,2020-04-17T20:39:00+02:00,2020-04-17 04:35:05.462086144+00:00,2020-04-17 18:38:34.839440128+00:00,-1.4786218965333986,-0.9664753099935297,100,5,False,True,False,-4.091034769066667,0.41934266453333335,2020-04-17 18:39:00+00:00,2020-04-18 04:29:00+00:00,9.833333333333334
2020-04-18,2020-04-18 04:29:00+00:00,2020-04-18 18:41:00+00:00,2020-04-18T06:29:00+02:00,2020-04-18T20:41:00+02:00,2020-04-18 04:32:56.547071744+00:00,2020-04-18 18:40:17.244834304+00:00,-1.4723506580965233,-0.9670950642315295,100,5,False,True,False,-3.9424511957333332,0.7125860949333334,2020-04-18 18:41:00+00:00,2020-04-19 04:27:00+00:00,9.766666666666667
2020-04-19,2020-04-19 04:27:00+00:00,2020-04-19 18:42:00+00:00,2020-04-19T06:27:00+02:00,2020-04-19T20:42:00+02:00,2020-04-19 04:30:48.479408384+00:00,2020-04-19 18:41:59.622129408+00:00,-1.4659503319333196,-0.9675153637842628,100,5,False,True,False,-3.8079901397333336,0.0062978432,2020-04-19 18:42:00+00:00,2020-04-20 04:25:00+00:00,9.716666666666667
2020-04-20,2020-04-20 04:25:00+00:00,2020-04-20 18:44:00+00:00,2020-04-20T06:25:00+02:00,2020-04-20T20:44:00+02:00,2020-04-20 04:28:41.295339776+00:00,2020-04-20 18:43:41.956810240+00:00,-1.4594295967573128,-0.9677382965638026,100,5,False,True,False,-3.6882556629333334,0.30071982933333335,2020-04-20 18:44:00+00:00,2020-04-21 04:23:00+00:00,9.65
2020-04-21,2020-04-21 04:23:00+00:00,2020-04-21 18:46:00+00:00,2020-04-21T06:23:00+02:00,2020-04-21T20:46:00+02:00,2020-04-21 04:26:35.031550208+00:00,2020-04-21 18:45:24.232505088+00:00,-1.4527972687065482,-0.9677661019900411,100,5,False,True,False,-3.583859170133333,0.5961249152,2020-04-21 18:46:00+00:00,2020-04-22 04:21:00+00:00,9.583333333333334
2020-04-22,2020-04-22 04:21:00+00:00,2020-04-22 18:48:00+00:00,2020-04-22T06:21:00+02:00,2020-04-22T20:48:00+02:00,2020-04-22 04:24:29.725213952+00:00,2020-04-22 18:47:06.430937600+00:00,-1.4460622906187346,-0.967601167613606,100,5,False,True,False,-3.4954202325333332,0.8928177066666667,2020-04-22 18:48:00+00:00,2020-04-23 04:19:00+00:00,9.516666666666667
2020-04-23,2020-04-23 04:19:00+00:00,2020-04-23 18:49:00+00:00,2020-04-23T06:19:00+02:00,2020-04-23T20:49:00+02:00,2020-04-23 04:22:25.414019328+00:00,2020-04-23 18:48:48.531825152+00:00,-1.439233721158465,-0.9672460255882985,100,5,False,True,False,-3.4235669887999998,0.19113624746666666,2020-04-23 18:49:00+00:00,2020-04-24 04:17:00+00:00,9.466666666666667
2020-04-24,2020-04-24 04:17:00+00:00,2020-04-24 18:51:00+00:00,2020-04-24T06:17:00+02:00,2020-04-24T20:51:00+02:00,2020-04-24 04:20:22.136192512+00:00,2020-04-24 18:50:30.512743168+00:00,-1.432320723809433,-0.966703348997421,100,5,False,True,False,-3.368936541866667,0.49145428053333334,2020-04-24 18:51:00+00:00,2020-04-25 04:15:00+00:00,9.4
2020-04-25,2020-04-25 04:15:00+00:00,2020-04-25 18:53:00+00:00,2020-04-25T06:15:00+02:00,2020-04-25T20:53:00+02:00,2020-04-25 04:18:19.930555136+00:00,2020-04-25 18:52:12.349043968+00:00,-1.425332555744719,-0.9659759480385278,100,5,False,True,False,-3.3321759189333333,0.7941826005333333,2020-04-25 18:53:00+00:00,2020-04-26 04:13:00+00:00,9.333333333333334
2020-04-26,2020-04-26 04:13:00+00:00,2020-04-26 18:54:00+00:00,2020-04-26T06:13:00+02:00,2020-04-26T20:54:00+02:00,2020-04-26 04:16:18.836618496+00:00,2020-04-26 18:53:54.013910784+00:00,-1.4182785565883558,-0.9650667660712919,100,5,False,True,False,-3.3139436416,0.09976815359999999,2020-04-26 18:54:00+00:00,2020-04-27 04:11:00+00:00,9.283333333333333
2020-04-27,2020-04-27 04:11:00+00:00,2020-04-27 18:56:00+00:00,2020-04-27T06:11:00+02:00,2020-04-27T20:56:00+02:00,2020-04-27 04:14:18.894696192+00:00,2020-04-27 18:55:35.478587392+00:00,-1.4111681370815234,-0.9639788755333365,100,5,False,True,False,-3.3149116032,0.4086902101333333,2020-04-27 18:56:00+00:00,2020-04-28 04:09:00+00:00,9.216666666666667
2020-04-28,2020-04-28 04:09:00+00:00,2020-04-28 18:58:00+00:00,2020-04-28T06:09:00+02:00,2020-04-28T20:58:00+02:00,2020-04-28 04:12:20.146011648+00:00,2020-04-28 18:57:16.712725760+00:00,-1.4040107676668236,-0.9627154737290227,100,5,False,True,False,-3.3357668608,0.7214545706666667,2020-04-28 18:58:00+00:00,2020-04-29 04:07:00+00:00,9.15
2020-04-29,2020-04-29 04:07:00+00:00,2020-04-29 18:59:00+00:00,2020-04-29T06:07:00+02:00,2020-04-29T20:59:00+02:00,2020-04-29 04:10:22.632800+00:00,2020-04-29 18:58:57.684777216+00:00,-1.39681596700419,-0.9612798784963357,100,5,False,True,False,-3.377213333333333,0.0385870464,2020-04-29 18:59:00+00:00,2020-04-30 04:05:00+00:00,9.1
2020-04-30,2020-04-30 04:05:00+00:00,2020-04-30 19:01:00+00:00,2020-04-30T06:05:00+02:00,2020-04-30T21:01:00+02:00,2020-04-30 04:08:26.398436864+00:00,2020-04-30 19:00:38.362411008+00:00,-1.3895932904320576,-0.9596755237571389,100,5,False,True,False,-3.4399739477333333,0.3606264832,2020-04-30 19:01:00+00:00,2020-05-01 04:03:00+00:00,9.033333333333333
2020-05-01,2020-05-01 04:03:00+00:00,2020-05-01 19:03:00+00:00,2020-05-01T06:03:00+02:00,2020-05-01T21:03:00+02:00,2020-05-01 04:06:31.487562240+00:00,2020-05-01 19:02:18.712984064+00:00,-1.3823523183874977,-0.9579059549562045,100,5,False,True,False,-3.5247927039999998,0.6881169322666667,2020-05-01 19:03:00+00:00,2020-05-02 04:01:00+00:00,8.966666666666667
2020-05-02,2020-05-02 04:01:00+00:00,2020-05-02 19:04:00+00:00,2020-05-02T06:01:00+02:00,2020-05-02T21:04:00+02:00,2020-05-02 04:04:37.946136320+00:00,2020-05-02 19:03:58.704036096+00:00,-1.375102644799051,-0.9559748243945423,100,5,False,True,False,-3.6324356053333333,0.0215993984,2020-05-02 19:04:00+00:00,2020-05-03 03:59:00+00:00,8.916666666666666
2020-05-03,2020-05-03 03:59:00+00:00,2020-05-03 19:06:00+00:00,2020-05-03T05:59:00+02:00,2020-05-03T21:06:00+02:00,2020-05-03 04:02:45.821319168+00:00,2020-05-03 19:05:38.303643136+00:00,-1.3678538654660373,-0.9538858864626776,100,5,False,True,False,-3.7636886528,0.3616059477333333,2020-05-03 19:06:00+00:00,2020-05-04 03:58:00+00:00,8.866666666666667
2020-05-04,2020-05-04 03:58:00+00:00,2020-05-04 19:08:00+00:00,2020-05-04T05:58:00+02:00,2020-05-04T21:08:00+02:00,2020-05-04 04:00:55.161152512+00:00,2020-05-04 19:07:17.480412416+00:00,-1.3606155664381339,-0.9516429927796276,100,5,False,True,False,-2.9193525418666666,0.7086597930666667,2020-05-04 19:08:00+00:00,2020-05-05 03:56:00+00:00,8.8
2020-05-05,2020-05-05 03:56:00+00:00,2020-05-05 19:09:00+00:00,2020-05-05T05:56:00+02:00,2020-05-05T21:09:00+02:00,2020-05-05 03:59:06.014151424+00:00,2020-05-05 19:08:56.202980864+00:00,-1.3533973124090066,-0.9492500872434367,100,5,False,True,False,-3.1002358570666666,0.06328365226666667,2020-05-05 19:09:00+00:00,2020-05-06 03:54:00+00:00,8.75
2020-05-06,2020-05-06 03:54:00+00:00,2020-05-06 19:11:00+00:00,2020-05-06T05:54:00+02:00,2020-05-06T21:11:00+02:00,2020-05-06 03:57:18.429003008+00:00,2020-05-06 19:10:34.439133440+00:00,-1.3462086351377687,-0.9467112009992266,100,5,False,True,False,-3.307150050133333,0.42601444266666666,2020-05-06 19:11:00+00:00,2020-05-07 03:52:00+00:00,8.683333333333334
2020-05-07,2020-05-07 03:52:00+00:00,2020-05-07 19:13:00+00:00,2020-05-07T05:52:00+02:00,2020-05-07T21:13:00+02:00,2020-05-07 03:55:32.454544896+00:00,2020-05-07 19:12:12.154839296+00:00,-1.339059021912,-0.9440304473308021,100,5,False,True,False,-3.5409090815999997,0.7974193450666667,2020-05-07 19:13:00+00:00,2020-05-08 03:51:00+00:00,8.633333333333333
2020-05-08,2020-05-08 03:51:00+00:00,2020-05-08 19:14:00+00:00,2020-05-08T05:51:00+02:00,2020-05-08T21:14:00+02:00,2020-05-08 03:53:48.140007680+00:00,2020-05-08 19:13:49.313515776+00:00,-1.3319579040660243,-0.9412120164819442,100,5,False,True,False,-2.8023334613333333,0.1781080704,2020-05-08 19:14:00+00:00,2020-05-09 03:49:00+00:00,8.583333333333334
2020-05-09,2020-05-09 03:49:00+00:00,2020-05-09 19:16:00+00:00,2020-05-09T05:49:00+02:00,2020-05-09T21:16:00+02:00,2020-05-09 03:52:05.535359488+00:00,2020-05-09 19:15:25.875645440+00:00,-1.3249146455680532,-0.9382601704135853,100,5,False,True,False,-3.0922559914666667,0.5687392426666666,2020-05-09 19:16:00+00:00,2020-05-10 03:47:00+00:00,8.516666666666667
2020-05-10,2020-05-10 03:47:00+00:00,2020-05-10 19:17:00+00:00,2020-05-10T05:47:00+02:00,2020-05-10T21:17:00+02:00,2020-05-10 03:50:24.691501568+00:00,2020-05-10 19:17:01.798665216+00:00,-1.3179385316897463,-0.9351792375031437,101,6,False,True,False,-3.4115250261333334,-0.0299777536,2020-05-10 19:17:00+00:00,2020-05-11 03:46:00+00:00,8.483333333333333
2020-05-11,2020-05-11 03:46:00+00:00,2020-05-11 19:19:00+00:00,2020-05-11T05:46:00+02:00,2020-05-11T21:19:00+02:00,2020-05-11 03:48:45.660191232+00:00,2020-05-11 19:18:37.036968960+00:00,-1.3110387577716296,-0.9319736071923399,101,6,False,True,False,-2.7610031871999996,0.382717184,2020-05-11 19:19:00+00:00,2020-05-12 03:44:00+00:00,8.416666666666666
2020-05-12,2020-05-12 03:44:00+00:00,2020-05-12 19:20:00+00:00,2020-05-12T05:44:00+02:00,2020-05-12T21:20:00+02:00,2020-05-12 03:47:08.493722368+00:00,2020-05-12 19:20:11.541908736+00:00,-1.3042244180976916,-0.9286477245898823,102,6,False,True,False,-3.1415620394666663,-0.1923651456,2020-05-12 19:20:00+00:00,2020-05-13 03:42:00+00:00,8.366666666666667
2020-05-13,2020-05-13 03:42:00+00:00,2020-05-13 19:22:00+00:00,2020-05-13T05:42:00+02:00,2020-05-13T21:22:00+02:00,2020-05-13 03:45:33.244532224+00:00,2020-05-13 19:21:45.261812736+00:00,-1.297504494892366,-0.925206085035448,104,6,False,True,False,-3.554075537066667,0.2456364544,2020-05-13 19:22:00+00:00,2020-05-14 03:41:00+00:00,8.316666666666666
2020-05-14,2020-05-14 03:41:00+00:00,2020-05-14 19:23:00+00:00,2020-05-14T05:41:00+02:00,2020-05-14T21:23:00+02:00,2020-05-14 03:43:59.964899072+00:00,2020-05-14 19:23:18.142061824+00:00,-1.2908878474529444,-0.9216532286314232,104,6,False,True,False,-2.9994149845333333,-0.30236769706666666,2020-05-14 19:23:00+00:00,2020-05-15 03:39:00+00:00,8.266666666666667
2020-05-15,2020-05-15 03:39:00+00:00,2020-05-15 19:25:00+00:00,2020-05-15T05:39:00+02:00,2020-05-15T21:25:00+02:00,2020-05-15 03:42:28.706804480+00:00,2020-05-15 19:24:50.125246208+00:00,-1.2843832014303216,-0.9179937347489016,105,6,False,True,False,-3.4784467413333333,0.16457922986666668,2020-05-15 19:25:00+00:00,2020-05-16 03:38:00+00:00,8.216666666666667
2020-05-16,2020-05-16 03:38:00+00:00,2020-05-16 19:26:00+00:00,2020-05-16T05:38:00+02:00,2020-05-16T21:26:00+02:00,2020-05-16 03:40:59.521917696+00:00,2020-05-16 19:26:21.151367424+00:00,-1.2779991382707785,-0.9142322165144565,106,6,False,True,False,-2.9920319616,-0.3525227904,2020-05-16 19:26:00+00:00,2020-05-17 03:37:00+00:00,8.183333333333334
2020-05-17,2020-05-17 03:37:00+00:00,2020-05-17 19:28:00+00:00,2020-05-17T05:37:00+02:00,2020-05-17T21:28:00+02:00,2020-05-17 03:39:32.461625600+00:00,2020-05-17 19:27:51.158039552+00:00,-1.27174408483134,-0.9103733152842193,106,6,False,True,False,-2.541027093333333,0.14736600746666667,2020-05-17 19:28:00+00:00,2020-05-18 03:35:00+00:00,8.116666666666667
2020-05-18,2020-05-18 03:35:00+00:00,2020-05-18 19:29:00+00:00,2020-05-18T05:35:00+02:00,2020-05-18T21:29:00+02:00,2020-05-18 03:38:07.577038080+00:00,2020-05-18 19:29:20.080669696+00:00,-1.2656263031810187,-0.9064216951118048,106,6,False,True,False,-3.126283968,-0.3346778282666667,2020-05-18 19:29:00+00:00,2020-05-19 03:34:00+00:00,8.083333333333334
2020-05-19,2020-05-19 03:34:00+00:00,2020-05-19 19:31:00+00:00,2020-05-19T05:34:00+02:00,2020-05-19T21:31:00+02:00,2020-05-19 03:36:44.918950912+00:00,2020-05-19 19:30:47.852603136+00:00,-1.25965388060005,-0.9023820372166231,106,6,False,True,False,-2.748649181866667,0.20245661439999998,2020-05-19 19:31:00+00:00,2020-05-20 03:33:00+00:00,8.033333333333333
2020-05-20,2020-05-20 03:33:00+00:00,2020-05-20 19:32:00+00:00,2020-05-20T05:33:00+02:00,2020-05-20T21:32:00+02:00,2020-05-20 03:35:24.537764352+00:00,2020-05-20 19:32:14.405223936+00:00,-1.2538347197889819,-0.8982590344591045,107,6,False,False,False,-2.4089627392,-0.2400870656,2020-05-20 19:32:00+00:00,2020-05-21 03:31:00+00:00,7.983333333333333
2020-05-21,2020-05-21 03:31:00+00:00,2020-05-21 19:34:00+00:00,2020-05-21T05:31:00+02:00,2020-05-21T21:34:00+02:00,2020-05-21 03:34:06.483369984+00:00,2020-05-21 19:33:39.667991808+00:00,-1.2481765292992362,-0.8940573858293578,108,6,False,False,False,-3.1080561664,0.3388668032,2020-05-21 19:34:00+00:00,2020-05-22 03:30:00+00:00,7.933333333333334
2020-05-22,2020-05-22 03:30:00+00:00,2020-05-22 19:35:00+00:00,2020-05-22T05:30:00+02:00,2020-05-22T21:35:00+02:00,2020-05-22 03:32:50.805029632+00:00,2020-05-22 19:35:03.568453888+00:00,-1.2426868141964962,-0.8897817909557464,109,6,False,False,False,-2.8467504938666663,-0.059474231466666666,2020-05-22 19:35:00+00:00,2020-05-23 03:29:00+00:00,7.9
2020-05-23,2020-05-23 03:29:00+00:00,2020-05-23 19:36:00+00:00,2020-05-23T05:29:00+02:00,2020-05-23T21:36:00+02:00,2020-05-23 03:31:37.551272704+00:00,2020-05-23 19:36:26.032293888+00:00,-1.237372866968002,-0.8854369446398451,110,6,False,False,False,-2.625854545066667,-0.43387156480000005,2020-05-23 19:36:00+00:00,2020-05-24 03:28:00+00:00,7.866666666666666
2020-05-24,2020-05-24 03:28:00+00:00,2020-05-24 19:38:00+00:00,2020-05-24T05:28:00+02:00,2020-05-24T21:38:00+02:00,2020-05-24 03:30:26.769846272+00:00,2020-05-24 19:37:46.983522304+00:00,-1.2322417586845384,-0.881027531424196,111,6,False,False,False,-2.446164104533333,0.21694129493333333,2020-05-24 19:38:00+00:00,2020-05-25 03:27:00+00:00,7.816666666666666
2020-05-25,2020-05-25 03:27:00+00:00,2020-05-25 19:39:00+00:00,2020-05-25T05:27:00+02:00,2020-05-25T21:39:00+02:00,2020-05-25 03:29:18.507729152+00:00,2020-05-25 19:39:06.344843776+00:00,-1.2273003304276122,-0.8765582201992357,113,6,False,False,False,-2.308462152533333,-0.10574739626666667,2020-05-25 19:39:00+00:00,2020-05-26 03:26:00+00:00,7.783333333333333
2020-05-26,2020-05-26 03:26:00+00:00,2020-05-26 19:40:00+00:00,2020-05-26T05:26:00+02:00,2020-05-26T21:40:00+02:00,2020-05-26 03:28:12.811192832+00:00,2020-05-26 19:40:24.038187008+00:00,-1.2225551849919862,-0.8720336588557166,113,6,False,False,False,-2.213519880533333,-0.4006364501333334,2020-05-26 19:40:00+00:00,2020-05-27 03:25:00+00:00,7.75
2020-05-27,2020-05-27 03:25:00+00:00,2020-05-27 19:41:00+00:00,2020-05-27T05:25:00+02:00,2020-05-27T21:41:00+02:00,2020-05-27 03:27:09.725874944+00:00,2020-05-27 19:41:39.985336064+00:00,-1.218012678873425,-0.8674584689888738,114,6,False,False,False,-2.1620979157333333,-0.6664222677333334,2020-05-27 19:41:00+00:00,2020-05-28 03:24:00+00:00,7.716666666666667
2020-05-28,2020-05-28 03:24:00+00:00,2020-05-28 19:43:00+00:00,2020-05-28T05:24:00+02:00,2020-05-28T21:43:00+02:00,2020-05-28 03:26:09.296833536+00:00,2020-05-28 19:42:54.108624896+00:00,-1.2136789145511617,-0.8628372406605318,115,6,False,False,False,-2.1549472256,0.09818958506666667,2020-05-28 19:43:00+00:00,2020-05-29 03:23:00+00:00,7.666666666666667
2020-05-29,2020-05-29 03:23:00+00:00,2020-05-29 19:44:00+00:00,2020-05-29T05:23:00+02:00,2020-05-29T21:44:00+02:00,2020-05-29 03:25:11.568559360+00:00,2020-05-29 19:44:06.331660032+00:00,-1.2095597330742511,-0.8581745272252601,116,6,False,False,False,-2.1928093226666667,-0.10552766720000001,2020-05-29 19:44:00+00:00,2020-05-30 03:22:00+00:00,7.633333333333334
2020-05-30,2020-05-30 03:22:00+00:00,2020-05-30 19:45:00+00:00,2020-05-30T05:22:00+02:00,2020-05-30T21:45:00+02:00,2020-05-30 03:24:16.584910848+00:00,2020-05-30 19:45:16.580013568+00:00,-1.2056607069606071,-0.853474840226607,117,6,False,False,False,-2.2764151808,-0.27633355946666666,2020-05-30 19:45:00+00:00,2020-05-31 03:21:00+00:00,7.6
2020-05-31,2020-05-31 03:21:00+00:00,2020-05-31 19:46:00+00:00,2020-05-31T05:21:00+02:00,2020-05-31T21:46:00+02:00,2020-05-31 03:23:24.388920320+00:00,2020-05-31 19:46:24.781769216+00:00,-1.201987133417166,-0.8487426443693513,117,6,False,False,False,-2.4064820053333333,-0.41302948693333336,2020-05-31 19:46:00+00:00,2020-06-01 03:20:00+00:00,7.566666666666666
2020-06-01,2020-06-01 03:20:00+00:00,2020-06-01 19:47:00+00:00,2020-06-01T05:20:00+02:00,2020-06-01T21:47:00+02:00,2020-06-01 03:22:35.022459904+00:00,2020-06-01 19:47:30.867787776+00:00,-1.1985440278892259,-0.8439823525736102,117,6,False,False,False,-2.5837076650666666,-0.5144631296,2020-06-01 19:47:00+00:00,2020-06-02 03:19:00+00:00,7.533333333333333
2020-06-02,2020-06-02 03:19:00+00:00,2020-06-02 19:48:00+00:00,2020-06-02T05:19:00+02:00,2020-06-02T21:48:00+02:00,2020-06-02 03:21:48.525807616+00:00,2020-06-02 19:48:34.771615488+00:00,-1.1953361179466246,-0.839198321116543,117,6,False,False,False,-2.808763460266667,-0.5795269248,2020-06-02 19:48:00+00:00,2020-06-03 03:19:00+00:00,7.516666666666667
2020-06-03,2020-06-03 03:19:00+00:00,2020-06-03 19:49:00+00:00,2020-06-03T05:19:00+02:00,2020-06-03T21:49:00+02:00,2020-06-03 03:21:04.937253120+00:00,2020-06-03 19:49:36.429086464+00:00,-1.1923678375140254,-0.8343948448672729,117,6,False,False,False,-2.082287552,-0.6071514410666666,2020-06-03 19:49:00+00:00,2020-06-04 03:18:00+00:00,7.483333333333333
2020-06-04,2020-06-04 03:18:00+00:00,2020-06-04 19:50:00+00:00,2020-06-04T05:18:00+02:00,2020-06-04T21:50:00+02:00,2020-06-04 03:20:24.292901632+00:00,2020-06-04 19:50:35.777787392+00:00,-1.1896433214521687,-0.8295761526205383,116,6,False,False,False,-2.4048816938666664,-0.5962964565333333,2020-06-04 19:50:00+00:00,2020-06-05 03:17:00+00:00,7.45
2020-06-05,2020-06-05 03:17:00+00:00,2020-06-05 19:51:00+00:00,2020-06-05T05:17:00+02:00,2020-06-05T21:51:00+02:00,2020-06-05 03:19:46.626716416+00:00,2020-06-05 19:51:32.756570112+00:00,-1.1871664004965325,-0.824746402534453,116,6,False,False,False,-2.7771119402666664,-0.5459428352,2020-06-05 19:51:00+00:00,2020-06-06 03:17:00+00:00,7.433333333333334
2020-06-06,2020-06-06 03:17:00+00:00,2020-06-06 19:52:00+00:00,2020-06-06T05:17:00+02:00,2020-06-06T21:52:00+02:00,2020-06-06 03:19:11.970702848+00:00,2020-06-06 19:52:27.305232640+00:00,-1.1849405965594249,-0.8199096776776312,117,6,False,False,False,-2.1995117141333336,-0.4550872106666667,2020-06-06 19:52:00+00:00,2020-06-07 03:16:00+00:00,7.4
2020-06-07,2020-06-07 03:16:00+00:00,2020-06-07 19:53:00+00:00,2020-06-07T05:16:00+02:00,2020-06-07T21:53:00+02:00,2020-06-07 03:18:40.355004672+00:00,2020-06-07 19:53:19.364399104+00:00,-1.1829691184010978,-0.8150699816907956,118,6,False,False,False,-2.6725834112,-0.3227399850666667,2020-06-07 19:53:00+00:00,2020-06-08 03:16:00+00:00,7.383333333333334
2020-06-08,2020-06-08 03:16:00+00:00,2020-06-08 19:53:00+00:00,2020-06-08T05:16:00+02:00,2020-06-08T21:53:00+02:00,2020-06-08 03:18:11.807732992+00:00,2020-06-08 19:54:08.875546624+00:00,-1.1812548576750381,-0.8102312345678364,119,6,False,False,False,-2.1967955498666667,-1.1479257770666667,2020-06-08 19:53:00+00:00,2020-06-09 03:15:00+00:00,7.366666666666666
2020-06-09,2020-06-09 03:15:00+00:00,2020-06-09 19:54:00+00:00,2020-06-09T05:15:00+02:00,2020-06-09T21:54:00+02:00,2020-06-09 03:17:46.354513920+00:00,2020-06-09 19:54:55.781131520+00:00,-1.1798003853521484,-0.805397268561154,120,6,False,False,False,-2.772575232,-0.9296855253333334,2020-06-09 19:54:00+00:00,2020-06-10 03:15:00+00:00,7.35
2020-06-10,2020-06-10 03:15:00+00:00,2020-06-10 19:55:00+00:00,2020-06-10T05:15:00+02:00,2020-06-10T21:55:00+02:00,2020-06-10 03:17:24.017902848+00:00,2020-06-10 19:55:40.024770560+00:00,-1.1786079485280823,-0.8005718242159515,120,6,False,False,False,-2.4002983808000002,-0.6670795093333334,2020-06-10 19:55:00+00:00,2020-06-11 03:15:00+00:00,7.333333333333333
2020-06-11,2020-06-11 03:15:00+00:00,2020-06-11 19:56:00+00:00,2020-06-11T05:15:00+02:00,2020-06-11T21:56:00+02:00,2020-06-11 03:17:04.816879104+00:00,2020-06-11 19:56:21.551471360+00:00,-1.1776794676175422,-0.7957585465379924,120,6,False,False,False,-2.0802813184,-0.3591911893333333,2020-06-11 19:56:00+00:00,2020-06-12 03:14:00+00:00,7.3
2020-06-12,2020-06-12 03:14:00+00:00,2020-06-12 19:56:00+00:00,2020-06-12T05:14:00+02:00,2020-06-12T21:56:00+02:00,2020-06-12 03:16:48.766534656+00:00,2020-06-12 19:57:00.307896832+00:00,-1.1770165339388972,-0.7909609812991683,120,6,False,False,False,-2.8127755776,-1.0051316138666666,2020-06-12 19:56:00+00:00,2020-06-13 03:14:00+00:00,7.3
2020-06-13,2020-06-13 03:14:00+00:00,2020-06-13 19:57:00+00:00,2020-06-13T05:14:00+02:00,2020-06-13T21:57:00+02:00,2020-06-13 03:16:35.877947392+00:00,2020-06-13 19:57:36.242657536+00:00,-1.176620407692011,-0.7861825714850555,120,6,False,False,False,-2.597965789866667,-0.6040442922666667,2020-06-13 19:57:00+00:00,2020-06-14 03:14:00+00:00,7.283333333333333
2020-06-14,2020-06-14 03:14:00+00:00,2020-06-14 19:57:00+00:00,2020-06-14T05:14:00+02:00,2020-06-14T21:57:00+02:00,2020-06-14 03:16:26.158139904+00:00,2020-06-14 19:58:09.306605056+00:00,-1.1764920163317067,-0.7814266538884629,120,6,False,False,False,-2.4359689984,-1.1551100842666666,2020-06-14 19:57:00+00:00,2020-06-15 03:14:00+00:00,7.283333333333333
2020-06-15,2020-06-15 03:14:00+00:00,2020-06-15 19:58:00+00:00,2020-06-15T05:14:00+02:00,2020-06-15T21:58:00+02:00,2020-06-15 03:16:19.610044160+00:00,2020-06-15 19:58:39.453097472+00:00,-1.1766319533388259,-0.7766964558527922,120,6,False,False,False,-2.326834069333333,-0.6575516245333334,2020-06-15 19:58:00+00:00,2020-06-16 03:14:00+00:00,7.266666666666667
2020-06-16,2020-06-16 03:14:00+00:00,2020-06-16 19:58:00+00:00,2020-06-16T05:14:00+02:00,2020-06-16T21:58:00+02:00,2020-06-16 03:16:16.232444160+00:00,2020-06-16 19:59:06.638206208+00:00,-1.177040477390372,-0.7719950921688546,120,6,False,False,False,-2.270540736,-1.1106367701333333,2020-06-16 19:58:00+00:00,2020-06-17 03:14:00+00:00,7.266666666666667
2020-06-17,2020-06-17 03:14:00+00:00,2020-06-17 19:58:00+00:00,2020-06-17T05:14:00+02:00,2020-06-17T21:58:00+02:00,2020-06-17 03:16:16.019903488+00:00,2020-06-17 19:59:30.820853248+00:00,-1.1777175119297583,-0.7673255621285886,120,6,False,False,False,-2.2669983914666667,-1.5136808874666667,2020-06-17 19:58:00+00:00,2020-06-18 03:14:00+00:00,7.266666666666667
2020-06-18,2020-06-18 03:14:00+00:00,2020-06-18 19:59:00+00:00,2020-06-18T05:14:00+02:00,2020-06-18T21:59:00+02:00,2020-06-18 03:16:18.962675712+00:00,2020-06-18 19:59:51.962875392+00:00,-1.1786626451376936,-0.7626907467389447,120,6,False,False,False,-2.3160445951999997,-0.8660479232,2020-06-18 19:59:00+00:00,2020-06-19 03:14:00+00:00,7.25
2020-06-19,2020-06-19 03:14:00+00:00,2020-06-19 19:59:00+00:00,2020-06-19T05:14:00+02:00,2020-06-19T21:59:00+02:00,2020-06-19 03:16:25.046600704+00:00,2020-06-19 20:00:10.029047040+00:00,-1.1798751303037869,-0.7580934060989948,120,6,False,False,False,-2.417443345066667,-1.167150784,2020-06-19 19:59:00+00:00,2020-06-20 03:14:00+00:00,7.25
2020-06-20,2020-06-20 03:14:00+00:00,2020-06-20 19:59:00+00:00,2020-06-20T05:14:00+02:00,2020-06-20T21:59:00+02:00,2020-06-20 03:16:34.253015552+00:00,2020-06-20 20:00:24.987103488+00:00,-1.1813538865984594,-0.7535361769431341,120,6,False,False,False,-2.5708835925333333,-1.4164517248000001,2020-06-20 19:59:00+00:00,2020-06-21 03:14:00+00:00,7.25
2020-06-21,2020-06-21 03:14:00+00:00,2020-06-21 19:59:00+00:00,2020-06-21T05:14:00+02:00,2020-06-21T21:59:00+02:00,2020-06-21 03:16:46.558761728+00:00,2020-06-21 20:00:36.807812096+00:00,-1.183097500244287,-0.749021570353035,120,6,False,False,False,-2.7759793621333335,-1.6134635349333335,2020-06-21 19:59:00+00:00,2020-06-22 03:14:00+00:00,7.25
2020-06-22,2020-06-22 03:14:00+00:00,2020-06-22 19:59:00+00:00,2020-06-22T05:14:00+02:00,2020-06-22T21:59:00+02:00,2020-06-22 03:17:01.936348416+00:00,2020-06-22 20:00:45.465140992+00:00,-1.185104226085424,-0.7445519696408069,120,6,False,False,False,-3.0322724736,-1.7577523498666667,2020-06-22 19:59:00+00:00,2020-06-23 03:15:00+00:00,7.266666666666667
2020-06-23,2020-06-23 03:15:00+00:00,2020-06-23 20:00:00+00:00,2020-06-23T05:15:00+02:00,2020-06-23T22:00:00+02:00,2020-06-23 03:17:20.354281728+00:00,2020-06-23 20:00:50.936552448+00:00,-1.1873719895532882,-0.7401296284056124,120,6,False,False,False,-2.3392380287999996,-0.8489425408,2020-06-23 20:00:00+00:00,2020-06-24 03:15:00+00:00,7.25
2020-06-24,2020-06-24 03:15:00+00:00,2020-06-24 20:00:00+00:00,2020-06-24T05:15:00+02:00,2020-06-24T22:00:00+02:00,2020-06-24 03:17:41.777476864+00:00,2020-06-24 20:00:53.203410176+00:00,-1.1898983890262105,-0.7357566687657706,120,6,False,False,False,-2.6962912810666664,-0.8867235029333334,2020-06-24 20:00:00+00:00,2020-06-25 03:15:00+00:00,7.25
2020-06-25,2020-06-25 03:15:00+00:00,2020-06-25 19:59:00+00:00,2020-06-25T05:15:00+02:00,2020-06-25T21:59:00+02:00,2020-06-25 03:18:06.167654144+00:00,2020-06-25 20:00:52.251465472+00:00,-1.1926806985803036,-0.7314350797681753,120,6,False,False,False,-3.1027942357333336,-1.8708577578666667,2020-06-25 19:59:00+00:00,2020-06-26 03:16:00+00:00,7.283333333333333
2020-06-26,2020-06-26 03:16:00+00:00,2020-06-26 19:59:00+00:00,2020-06-26T05:16:00+02:00,2020-06-26T21:59:00+02:00,2020-06-26 03:18:33.483647744+00:00,2020-06-26 20:00:48.071337216+00:00,-1.1957158711283207,-0.7271667159766283,120,6,False,False,False,-2.5580607957333332,-1.8011889536,2020-06-26 19:59:00+00:00,2020-06-27 03:16:00+00:00,7.283333333333333
2020-06-27,2020-06-27 03:16:00+00:00,2020-06-27 19:59:00+00:00,2020-06-27T05:16:00+02:00,2020-06-27T21:59:00+02:00,2020-06-27 03:19:03.681625856+00:00,2020-06-27 20:00:40.658895104+00:00,-1.1990005419428325,-0.7229532962404821,120,6,False,False,False,-3.0613604309333335,-1.6776482517333333,2020-06-27 19:59:00+00:00,2020-06-28 03:17:00+00:00,7.3
2020-06-28,2020-06-28 03:17:00+00:00,2020-06-28 19:59:00+00:00,2020-06-28T05:17:00+02:00,2020-06-28T21:59:00+02:00,2020-06-28 03:19:36.715248384+00:00,2020-06-28 20:00:30.015473152+00:00,-1.202531032559586,-0.7187964026447586,120,6,False,False,False,-2.6119208064,-1.5002578858666666,2020-06-28 19:59:00+00:00,2020-06-29 03:17:00+00:00,7.3
2020-06-29,2020-06-29 03:17:00+00:00,2020-06-29 19:59:00+00:00,2020-06-29T05:17:00+02:00,2020-06-29T21:59:00+02:00,2020-06-29 03:20:12.535789312+00:00,2020-06-29 20:00:16.147871232+00:00,-1.206303355056467,-0.7146974796426961,120,6,False,False,False,-3.2089298218666666,-1.2691311872,2020-06-29 19:59:00+00:00,2020-06-30 03:18:00+00:00,7.316666666666666
2020-06-30,2020-06-30 03:18:00+00:00,2020-06-30 19:58:00+00:00,2020-06-30T05:18:00+02:00,2020-06-30T21:58:00+02:00,2020-06-30 03:20:51.092237312+00:00,2020-06-30 19:59:59.068129024+00:00,-1.2103132167030344,-0.7106578333714507,120,6,False,False,False,-2.8515372885333337,-1.9844688170666667,2020-06-30 19:58:00+00:00,2020-07-01 03:19:00+00:00,7.35
2020-07-01,2020-07-01 03:19:00+00:00,2020-07-01 19:58:00+00:00,2020-07-01T05:19:00+02:00,2020-07-01T21:58:00+02:00,2020-07-01 03:21:32.331418624+00:00,2020-07-01 19:59:38.793100288+00:00,-1.2145560249751637,-0.706678631151461,120,6,False,False,False,-2.5388569770666667,-1.6465516714666668,2020-07-01 19:58:00+00:00,2020-07-02 03:19:00+00:00,7.35
2020-07-02,2020-07-02 03:19:00+00:00,2020-07-02 19:58:00+00:00,2020-07-02T05:19:00+02:00,2020-07-02T21:58:00+02:00,2020-07-02 03:22:16.198200576+00:00,2020-07-02 19:59:15.343872512+00:00,-1.2190268929289028,-0.7027609011697592,120,6,False,False,False,-3.2699700096,-1.2557312085333334,2020-07-02 19:58:00+00:00,2020-07-03 03:20:00+00:00,7.366666666666666
2020-07-03,2020-07-03 03:20:00+00:00,2020-07-03 19:57:00+00:00,2020-07-03T05:20:00+02:00,2020-07-03T21:57:00+02:00,2020-07-03 03:23:02.635799808+00:00,2020-07-03 19:58:48.745115392+00:00,-1.2237206449272136,-0.6989055323472871,120,6,False,False,False,-3.0439299968,-1.8124185898666667,2020-07-03 19:57:00+00:00,2020-07-04 03:21:00+00:00,7.4
2020-07-04,2020-07-04 03:21:00+00:00,2020-07-04 19:57:00+00:00,2020-07-04T05:21:00+02:00,2020-07-04T21:57:00+02:00,2020-07-04 03:23:51.586132224+00:00,2020-07-04 19:58:19.024454144+00:00,-1.2286318227128645,-0.6951132743900619,120,6,False,False,False,-2.8597688704000004,-1.3170742357333334,2020-07-04 19:57:00+00:00,2020-07-05 03:22:00+00:00,7.416666666666667
2020-07-05,2020-07-05 03:22:00+00:00,2020-07-05 19:56:00+00:00,2020-07-05T05:22:00+02:00,2020-07-05T21:56:00+02:00,2020-07-05 03:24:42.990076416+00:00,2020-07-05 19:57:46.211950848+00:00,-1.2337546918203188,-0.6913847380237987,120,6,False,False,False,-2.7165012736,-1.7701991808,2020-07-05 19:56:00+00:00,2020-07-06 03:23:00+00:00,7.45
2020-07-06,2020-07-06 03:23:00+00:00,2020-07-06 19:55:00+00:00,2020-07-06T05:23:00+02:00,2020-07-06T21:55:00+02:00,2020-07-06 03:25:36.787524352+00:00,2020-07-06 19:57:10.339716608+00:00,-1.2390832483190701,-0.6877203954113926,120,6,False,False,False,-2.6131254058666666,-2.1723286101333334,2020-07-06 19:55:00+00:00,2020-07-07 03:24:00+00:00,7.483333333333333
2020-07-07,2020-07-07 03:24:00+00:00,2020-07-07 19:55:00+00:00,2020-07-07T05:24:00+02:00,2020-07-07T21:55:00+02:00,2020-07-07 03:26:32.917207808+00:00,2020-07-07 19:56:31.441652224+00:00,-1.2446112258804802,-0.6841205807524251,120,6,False,False,False,-2.5486201301333336,-1.5240275370666665,2020-07-07 19:55:00+00:00,2020-07-08 03:25:00+00:00,7.5
2020-07-08,2020-07-08 03:25:00+00:00,2020-07-08 19:54:00+00:00,2020-07-08T05:25:00+02:00,2020-07-08T21:54:00+02:00,2020-07-08 03:27:31.316422144+00:00,2020-07-08 19:55:49.553268992+00:00,-1.2503321031597934,-0.6805854910636538,120,6,False,False,False,-2.521940369066667,-1.8258878165333334,2020-07-08 19:54:00+00:00,2020-07-09 03:25:00+00:00,7.516666666666667
2020-07-09,2020-07-09 03:25:00+00:00,2020-07-09 19:53:00+00:00,2020-07-09T05:25:00+02:00,2020-07-09T21:53:00+02:00,2020-07-09 03:28:31.920812032+00:00,2020-07-09 19:55:04.711562752+00:00,-1.2562391114846254,-0.6771151871392158,120,6,False,False,False,-3.5320135338666665,-2.0785260458666666,2020-07-09 19:53:00+00:00,2020-07-10 03:26:00+00:00,7.55
2020-07-10,2020-07-10 03:26:00+00:00,2020-07-10 19:52:00+00:00,2020-07-10T05:26:00+02:00,2020-07-10T21:52:00+02:00,2020-07-10 03:29:34.664321792+00:00,2020-07-10 19:54:16.954934016+00:00,-1.2623252428408651,-0.6737095946890622,120,6,False,False,False,-3.5777386965333333,-2.2825822336000003,2020-07-10 19:52:00+00:00,2020-07-11 03:28:00+00:00,7.6
2020-07-11,2020-07-11 03:28:00+00:00,2020-07-11 19:52:00+00:00,2020-07-11T05:28:00+02:00,2020-07-11T21:52:00+02:00,2020-07-11 03:30:39.479315712+00:00,2020-07-11 19:53:26.323138048+00:00,-1.2685832581465735,-0.670368505653925,120,6,False,False,False,-2.6579885952,-1.4387189674666667,2020-07-11 19:52:00+00:00,2020-07-12 03:29:00+00:00,7.616666666666666
2020-07-12,2020-07-12 03:29:00+00:00,2020-07-12 19:51:00+00:00,2020-07-12T05:29:00+02:00,2020-07-12T21:51:00+02:00,2020-07-12 03:31:46.296786432+00:00,2020-07-12 19:52:32.857244928+00:00,-1.2750056958041214,-0.6670915796949058,120,6,False,False,False,-2.7716131072,-1.5476207488,2020-07-12 19:51:00+00:00,2020-07-13 03:30:00+00:00,7.65
2020-07-13,2020-07-13 03:30:00+00:00,2020-07-13 19:50:00+00:00,2020-07-13T05:30:00+02:00,2020-07-13T21:50:00+02:00,2020-07-13 03:32:55.046582784+00:00,2020-07-13 19:51:36.599580416+00:00,-1.2815848805204846,-0.6638783458555642,120,6,False,False,False,-2.9174430464000003,-1.6099930069333332,2020-07-13 19:50:00+00:00,2020-07-14 03:31:00+00:00,7.683333333333334
2020-07-14,2020-07-14 03:31:00+00:00,2020-07-14 19:49:00+00:00,2020-07-14T05:31:00+02:00,2020-07-14T21:49:00+02:00,2020-07-14 03:34:05.657612800+00:00,2020-07-14 19:50:37.593616384+00:00,-1.2883129323852855,-0.6607282043941705,120,6,False,False,False,-3.094293546666667,-1.6265602730666666,2020-07-14 19:49:00+00:00,2020-07-15 03:32:00+00:00,7.716666666666667
2020-07-15,2020-07-15 03:32:00+00:00,2020-07-15 19:48:00+00:00,2020-07-15T05:32:00+02:00,2020-07-15T21:48:00+02:00,2020-07-15 03:35:18.058013184+00:00,2020-07-15 19:49:35.883825920+00:00,-1.2951817761958764,-0.6576404287835937,120,6,False,False,False,-3.3009668864,-1.5980637653333334,2020-07-15 19:48:00+00:00,2020-07-16 03:33:00+00:00,7.75
2020-07-16,2020-07-16 03:33:00+00:00,2020-07-16 19:47:00+00:00,2020-07-16T05:33:00+02:00,2020-07-16T21:47:00+02:00,2020-07-16 03:36:32.175260928+00:00,2020-07-16 19:48:31.515514112+00:00,-1.30218315101846,-0.6546141678760811,120,6,False,False,False,-3.5362543488,-1.5252585685333335,2020-07-16 19:47:00+00:00,2020-07-17 03:34:00+00:00,7.783333333333333
2020-07-17,2020-07-17 03:34:00+00:00,2020-07-17 19:45:00+00:00,2020-07-17T05:34:00+02:00,2020-07-17T21:45:00+02:00,2020-07-17 03:37:47.936221952+00:00,2020-07-17 19:47:24.534642432+00:00,-1.3093086199739654,-0.6516484482299937,120,6,False,False,False,-3.7989370325333334,-2.4089107072,2020-07-17 19:45:00+00:00,2020-07-18 03:36:00+00:00,7.85
2020-07-18,2020-07-18 03:36:00+00:00,2020-07-18 19:44:00+00:00,2020-07-18T05:36:00+02:00,2020-07-18T21:44:00+02:00,2020-07-18 03:39:05.267173376+00:00,2020-07-18 19:46:14.987654400+00:00,-1.3165495802371292,-0.6487421765953658,120,6,False,False,False,-3.087786222933333,-2.24979424,2020-07-18 19:44:00+00:00,2020-07-19 03:37:00+00:00,7.883333333333334
2020-07-19,2020-07-19 03:37:00+00:00,2020-07-19 19:43:00+00:00,2020-07-19T05:37:00+02:00,2020-07-19T21:43:00+02:00,2020-07-19 03:40:24.093891840+00:00,2020-07-19 19:45:02.921317376+00:00,-1.323897273236982,-0.6458941425549636,120,6,False,False,False,-3.401564864,-2.048688622933333,2020-07-19 19:43:00+00:00,2020-07-20 03:38:00+00:00,7.916666666666667
2020-07-20,2020-07-20 03:38:00+00:00,2020-07-20 19:42:00+00:00,2020-07-20T05:38:00+02:00,2020-07-20T21:42:00+02:00,2020-07-20 03:41:44.341907968+00:00,2020-07-20 19:43:48.382616832+00:00,-1.3313427950466932,-0.6431030213173311,120,6,False,False,False,-3.7390317994666664,-1.8063769472,2020-07-20 19:42:00+00:00,2020-07-21 03:40:00+00:00,7.966666666666667
2020-07-21,2020-07-21 03:40:00+00:00,2020-07-21 19:40:00+00:00,2020-07-21T05:40:00+02:00,2020-07-21T21:40:00+02:00,2020-07-21 03:43:05.936954880+00:00,2020-07-21 19:42:31.418750464+00:00,-1.3388771069505165,-0.6403673766581288,120,6,False,False,False,-3.098949248,-2.5236458410666667,2020-07-21 19:40:00+00:00,2020-07-22 03:41:00+00:00,8.016666666666667
2020-07-22,2020-07-22 03:41:00+00:00,2020-07-22 19:39:00+00:00,2020-07-22T05:41:00+02:00,2020-07-22T21:39:00+02:00,2020-07-22 03:44:28.805540096+00:00,2020-07-22 19:41:12.077235968+00:00,-1.3464910461753523,-0.6376856640058913,120,6,False,False,False,-3.480092334933333,-2.2012872661333334,2020-07-22 19:39:00+00:00,2020-07-23 03:42:00+00:00,8.05
2020-07-23,2020-07-23 03:42:00+00:00,2020-07-23 19:38:00+00:00,2020-07-23T05:42:00+02:00,2020-07-23T21:38:00+02:00,2020-07-23 03:45:52.875496960+00:00,2020-07-23 19:39:50.406112512+00:00,-1.354175336774256,-0.6350562336681569,120,6,False,False,False,-3.8812582826666664,-1.8401018752,2020-07-23 19:38:00+00:00,2020-07-24 03:44:00+00:00,8.1
2020-07-24,2020-07-24 03:44:00+00:00,2020-07-24 19:36:00+00:00,2020-07-24T05:44:00+02:00,2020-07-24T21:36:00+02:00,2020-07-24 03:47:18.076404992+00:00,2020-07-24 19:38:26.454171392+00:00,-1.3619206006490423,-0.6324773341937503,120,6,False,False,False,-3.3012734165333333,-2.4409028565333335,2020-07-24 19:36:00+00:00,2020-07-25 03:45:00+00:00,8.15
2020-07-25,2020-07-25 03:45:00+00:00,2020-07-25 19:35:00+00:00,2020-07-25T05:45:00+02:00,2020-07-25T21:35:00+02:00,2020-07-25 03:48:44.339856384+00:00,2020-07-25 19:37:00.271163648+00:00,-1.3697173686989634,-0.6299471158668392,120,6,False,False,False,-3.7389976064,-2.0045193941333332,2020-07-25 19:35:00+00:00,2020-07-26 03:46:00+00:00,8.183333333333334
2020-07-26,2020-07-26 03:46:00+00:00,2020-07-26 19:33:00+00:00,2020-07-26T05:46:00+02:00,2020-07-26T21:33:00+02:00,2020-07-26 03:50:11.599629056+00:00,2020-07-26 19:35:31.907942144+00:00,-1.3775560920822922,-0.6274636343282247,120,6,False,False,False,-4.193327150933333,-2.5317990357333335,2020-07-26 19:33:00+00:00,2020-07-27 03:48:00+00:00,8.25
2020-07-27,2020-07-27 03:48:00+00:00,2020-07-27 19:32:00+00:00,2020-07-27T05:48:00+02:00,2020-07-27T21:32:00+02:00,2020-07-27 03:51:39.791864576+00:00,2020-07-27 19:34:01.416523520+00:00,-1.3854271535775087,-0.625024854319171,120,6,False,False,False,-3.6631977429333333,-2.0236087253333332,2020-07-27 19:32:00+00:00,2020-07-28 03:49:00+00:00,8.283333333333333
2020-07-28,2020-07-28 03:49:00+00:00,2020-07-28 19:30:00+00:00,2020-07-28T05:49:00+02:00,2020-07-28T21:30:00+02:00,2020-07-28 03:53:08.855288832+00:00,2020-07-28 19:32:28.850040320+00:00,-1.3933208790306633,-0.6226286535429351,120,6,False,False,False,-4.1475881472000005,-2.4808340053333335,2020-07-28 19:30:00+00:00,2020-07-29 03:51:00+00:00,8.35
2020-07-29,2020-07-29 03:51:00+00:00,2020-07-29 19:29:00+00:00,2020-07-29T05:51:00+02:00,2020-07-29T21:29:00+02:00,2020-07-29 03:54:38.731472128+00:00,2020-07-29 19:30:54.262563840+00:00,-1.4012275488753951,-0.6202728266390127,120,6,False,False,False,-3.645524535466667,-1.904376064,2020-07-29 19:29:00+00:00,2020-07-30 03:52:00+00:00,8.383333333333333
2020-07-30,2020-07-30 03:52:00+00:00,2020-07-30 19:27:00+00:00,2020-07-30T05:52:00+02:00,2020-07-30T21:27:00+02:00,2020-07-30 03:56:09.365067776+00:00,2020-07-30 19:29:17.708792576+00:00,-1.4091374097119886,-0.6179550892649832,120,6,False,False,False,-4.156084462933333,-2.2951465429333333,2020-07-30 19:27:00+00:00,2020-07-31 03:54:00+00:00,8.45
2020-07-31,2020-07-31 03:54:00+00:00,2020-07-31 19:25:00+00:00,2020-07-31T05:54:00+02:00,2020-07-31T21:25:00+02:00,2020-07-31 03:57:40.703968512+00:00,2020-07-31 19:27:39.243650560+00:00,-1.417040685931785,-0.6156730822807028,120,6,False,False,False,-3.6783994752,-2.6540608426666665,2020-07-31 19:25:00+00:00,2020-08-01 03:55:00+00:00,8.5
2020-08-01,2020-08-01 03:55:00+00:00,2020-08-01 19:24:00+00:00,2020-08-01T05:55:00+02:00,2020-08-01T21:24:00+02:00,2020-08-01 03:59:12.699340800+00:00,2020-08-01 19:25:58.921869824+00:00,-1.4249275913732076,-0.6134243760294772,120,6,False,False,False,-4.21165568,-1.9820311637333332,2020-08-01 19:24:00+00:00,2020-08-02 03:57:00+00:00,8.55
2020-08-02,2020-08-02 03:57:00+00:00,2020-08-02 19:22:00+00:00,2020-08-02T05:57:00+02:00,2020-08-02T21:22:00+02:00,2020-08-02 04:00:45.305502720+00:00,2020-08-02 19:24:16.797616640+00:00,-1.4327883409956257,-0.6112064747107234,120,6,False,False,False,-3.755091712,-2.279960277333333,2020-08-02 19:22:00+00:00,2020-08-03 03:58:00+00:00,8.6
2020-08-03,2020-08-03 03:58:00+00:00,2020-08-03 19:20:00+00:00,2020-08-03T05:58:00+02:00,2020-08-03T21:20:00+02:00,2020-08-03 04:02:18.479651072+00:00,2020-08-03 19:22:32.924206848+00:00,-1.4406131625572518,-0.609016820838523,120,6,False,False,False,-4.307994184533333,-2.5487367808,2020-08-03 19:20:00+00:00,2020-08-04 04:00:00+00:00,8.666666666666666
2020-08-04,2020-08-04 04:00:00+00:00,2020-08-04 19:19:00+00:00,2020-08-04T06:00:00+02:00,2020-08-04T21:19:00+02:00,2020-08-04 04:03:52.181474304+00:00,2020-08-04 19:20:47.353905408+00:00,-1.448392308283268,-0.6068527997803627,120,6,False,False,False,-3.8696912384,-1.7892317568,2020-08-04 19:19:00+00:00,2020-08-05 04:01:00+00:00,8.7
2020-08-05,2020-08-05 04:01:00+00:00,2020-08-05 19:17:00+00:00,2020-08-05T06:01:00+02:00,2020-08-05T21:17:00+02:00,2020-08-05 04:05:26.372718080+00:00,2020-08-05 19:19:00.137812736+00:00,-1.45611606651038,-0.6047117443702656,120,6,False,False,False,-4.439545301333334,-2.0022968789333335,2020-08-05 19:17:00+00:00,2020-08-06 04:03:00+00:00,8.766666666666667
2020-08-06,2020-08-06 04:03:00+00:00,2020-08-06 19:15:00+00:00,2020-08-06T06:03:00+02:00,2020-08-06T21:15:00+02:00,2020-08-06 04:07:01.016807680+00:00,2020-08-06 19:17:11.325832448+00:00,-1.4637747732940336,-0.6025909395904222,120,6,False,False,False,-4.016946794666667,-2.1887638741333335,2020-08-06 19:15:00+00:00,2020-08-07 04:04:00+00:00,8.816666666666666
2020-08-07,2020-08-07 04:04:00+00:00,2020-08-07 19:13:00+00:00,2020-08-07T06:04:00+02:00,2020-08-07T21:13:00+02:00,2020-08-07 04:08:36.078581248+00:00,2020-08-07 19:15:20.966707456+00:00,-1.471358823964558,-0.6004876273153494,120,6,False,False,False,-4.601309687466666,-2.3494451242666665,2020-08-07 19:13:00+00:00,2020-08-08 04:06:00+00:00,8.883333333333333
2020-08-08,2020-08-08 04:06:00+00:00,2020-08-08 19:11:00+00:00,2020-08-08T06:06:00+02:00,2020-08-08T21:11:00+02:00,2020-08-08 04:10:11.524160768+00:00,2020-08-08 19:13:29.108105216+00:00,-1.4788586846185685,-0.5983990111125336,120,6,False,False,False,-4.192069346133334,-2.4851350869333335,2020-08-08 19:11:00+00:00,2020-08-09 04:08:00+00:00,8.95
2020-08-09,2020-08-09 04:08:00+00:00,2020-08-09 19:09:00+00:00,2020-08-09T06:08:00+02:00,2020-08-09T21:09:00+02:00,2020-08-09 04:11:47.320917248+00:00,2020-08-09 19:11:35.796700672+00:00,-1.4862649035320383,-0.5963222610934374,120,6,False,False,False,-3.788681954133333,-2.5966116778666666,2020-08-09 19:09:00+00:00,2020-08-10 04:09:00+00:00,9.0
2020-08-10,2020-08-10 04:09:00+00:00,2020-08-10 19:07:00+00:00,2020-08-10T06:09:00+02:00,2020-08-10T21:07:00+02:00,2020-08-10 04:13:23.437468416+00:00,2020-08-10 19:09:41.078231808+00:00,-1.4935681224815212,-0.5942545188086995,120,6,False,False,False,-4.3906244736,-2.6846371968,2020-08-10 19:07:00+00:00,2020-08-11 04:11:00+00:00,9.066666666666666
2020-08-11,2020-08-11 04:11:00+00:00,2020-08-11 19:06:00+00:00,2020-08-11T06:11:00+02:00,2020-08-11T21:06:00+02:00,2020-08-11 04:14:59.843668224+00:00,2020-08-11 19:07:44.997524992+00:00,-1.5007590879601462,-0.5921929021812923,120,6,False,False,False,-3.9973944704,-1.7499587498666667,2020-08-11 19:06:00+00:00,2020-08-12 04:12:00+00:00,9.1
2020-08-12,2020-08-12 04:12:00+00:00,2020-08-12 19:04:00+00:00,2020-08-12T06:12:00+02:00,2020-08-12T21:04:00+02:00,2020-08-12 04:16:36.510546944+00:00,2020-08-12 19:05:47.598502400+00:00,-1.5078286622750918,-0.590134510471366,120,6,False,False,False,-4.608509115733333,-1.7933083733333333,2020-08-12 19:04:00+00:00,2020-08-13 04:14:00+00:00,9.166666666666666
2020-08-13,2020-08-13 04:14:00+00:00,2020-08-13 19:02:00+00:00,2020-08-13T06:14:00+02:00,2020-08-13T21:02:00+02:00,2020-08-13 04:18:13.410194432+00:00,2020-08-13 19:03:48.924182784+00:00,-1.5147678345134112,-0.5880764292664634,120,6,False,False,False,-4.223503240533334,-1.8154030464,2020-08-13 19:02:00+00:00,2020-08-14 04:15:00+00:00,9.216666666666667
2020-08-14,2020-08-14 04:15:00+00:00,2020-08-14 19:00:00+00:00,2020-08-14T06:15:00+02:00,2020-08-14T21:00:00+02:00,2020-08-14 04:19:50.515580160+00:00,2020-08-14 19:01:49.016672768+00:00,-1.5215677313632279,-0.5860157354907585,120,6,False,False,False,-4.841926336,-1.8169445461333333,2020-08-14 19:00:00+00:00,2020-08-15 04:17:00+00:00,9.283333333333333
2020-08-15,2020-08-15 04:17:00+00:00,2020-08-15 18:58:00+00:00,2020-08-15T06:17:00+02:00,2020-08-15T20:58:00+02:00,2020-08-15 04:21:27.800337664+00:00,2020-08-15 18:59:47.917144832+00:00,-1.5282196277774782,-0.5839495024269539,120,6,False,False,False,-4.4633389610666665,-1.7986190805333335,2020-08-15 18:58:00+00:00,2020-08-16 04:19:00+00:00,9.35
2020-08-16,2020-08-16 04:19:00+00:00,2020-08-16 18:55:00+00:00,2020-08-16T06:19:00+02:00,2020-08-16T20:55:00+02:00,2020-08-16 04:23:05.238595840+00:00,2020-08-16 18:57:45.665820160+00:00,-1.5347149574675805,-0.5818748047444504,120,6,False,False,False,-4.087309930666667,-2.761097002666667,2020-08-16 18:55:00+00:00,2020-08-17 04:20:00+00:00,9.416666666666666
2020-08-17,2020-08-17 04:20:00+00:00,2020-08-17 18:53:00+00:00,2020-08-17T06:20:00+02:00,2020-08-17T20:53:00+02:00,2020-08-17 04:24:42.804957440+00:00,2020-08-17 18:55:42.301975296+00:00,-1.5410453232145924,-0.5797887235273981,120,6,False,False,False,-4.713415957333334,-2.7050329216,2020-08-17 18:53:00+00:00,2020-08-18 04:22:00+00:00,9.483333333333333
2020-08-18,2020-08-18 04:22:00+00:00,2020-08-18 18:51:00+00:00,2020-08-18T06:22:00+02:00,2020-08-18T20:51:00+02:00,2020-08-18 04:26:20.474680320+00:00,2020-08-18 18:53:37.863977216+00:00,-1.5472025069856479,-0.577688351296235,120,6,False,False,False,-4.341244672,-2.631066286933333,2020-08-18 18:51:00+00:00,2020-08-19 04:23:00+00:00,9.533333333333333
2020-08-19,2020-08-19 04:23:00+00:00,2020-08-19 18:49:00+00:00,2020-08-19T06:23:00+02:00,2020-08-19T20:49:00+02:00,2020-08-19 04:27:58.224037632+00:00,2020-08-19 18:51:32.389343744+00:00,-1.5531784798436719,-0.5755707970163308,120,6,False,False,False,-4.970400627199999,-2.5398223957333332,2020-08-19 18:49:00+00:00,2020-08-20 04:25:00+00:00,9.6
2020-08-20,2020-08-20 04:25:00+00:00,2020-08-20 18:47:00+00:00,2020-08-20T06:25:00+02:00,2020-08-20T20:47:00+02:00,2020-08-20 04:29:36.030711296+00:00,2020-08-20 18:49:25.914817024+00:00,-1.5589654116386413,-0.5734331910873646,120,6,False,False,False,-4.600511854933333,-2.431913617066667,2020-08-20 18:47:00+00:00,2020-08-21 04:27:00+00:00,9.666666666666666
2020-08-21,2020-08-21 04:27:00+00:00,2020-08-21 18:45:00+00:00,2020-08-21T06:27:00+02:00,2020-08-21T20:45:00+02:00,2020-08-21 04:31:13.874087424+00:00,2020-08-21 18:47:18.476484352+00:00,-1.5645556804688923,-0.5712726903070866,120,6,False,False,False,-4.2312347904,-2.3079414058666665,2020-08-21 18:45:00+00:00,2020-08-22 04:28:00+00:00,9.716666666666667
2020-08-22,2020-08-22 04:28:00+00:00,2020-08-22 18:43:00+00:00,2020-08-22T06:28:00+02:00,2020-08-22T20:43:00+02:00,2020-08-22 04:32:51.735383040+00:00,2020-08-22 18:45:10.109988096+00:00,-1.5699418819012514,-0.5690864828031532,120,6,False,False,False,-4.862256384,-2.1684998016,2020-08-22 18:43:00+00:00,2020-08-23 04:30:00+00:00,9.783333333333333
2020-08-23,2020-08-23 04:30:00+00:00,2020-08-23 18:41:00+00:00,2020-08-23T06:30:00+02:00,2020-08-23T20:41:00+02:00,2020-08-23 04:34:29.597691136+00:00,2020-08-23 18:43:00.850836992+00:00,-1.5751168379390652,-0.5668717929267497,120,6,False,False,False,-4.493294852266667,-2.0141806165333334,2020-08-23 18:41:00+00:00,2020-08-24 04:31:00+00:00,9.833333333333334
2020-08-24,2020-08-24 04:31:00+00:00,2020-08-24 18:38:00+00:00,2020-08-24T06:31:00+02:00,2020-08-24T20:38:00+02:00,2020-08-24 04:36:07.446068736+00:00,2020-08-24 18:40:50.734756352+00:00,-1.5800736057274696,-0.5646258861017717,120,6,False,False,False,-5.124101145599999,-2.8455792725333335,2020-08-24 18:38:00+00:00,2020-08-25 04:33:00+00:00,9.916666666666666
2020-08-25,2020-08-25 04:33:00+00:00,2020-08-25 18:36:00+00:00,2020-08-25T06:33:00+02:00,2020-08-25T20:36:00+02:00,2020-08-25 04:37:45.267771904+00:00,2020-08-25 18:38:39.797947648+00:00,-1.5848054859855825,-0.5623460736233808,120,6,False,False,False,-4.754462865066667,-2.6632991274666664,2020-08-25 18:36:00+00:00,2020-08-26 04:35:00+00:00,9.983333333333333
2020-08-26,2020-08-26 04:35:00+00:00,2020-08-26 18:34:00+00:00,2020-08-26T06:35:00+02:00,2020-08-26T20:34:00+02:00,2020-08-26 04:39:23.052596480+00:00,2020-08-26 18:36:28.077156352+00:00,-1.589306031155594,-0.5600297173998184,120,6,False,False,False,-4.384209941333333,-2.4679526058666665,2020-08-26 18:34:00+00:00,2020-08-27 04:36:00+00:00,10.033333333333333
2020-08-27,2020-08-27 04:36:00+00:00,2020-08-27 18:32:00+00:00,2020-08-27T06:36:00+02:00,2020-08-27T20:32:00+02:00,2020-08-27 04:41:00.793191168+00:00,2020-08-27 18:34:15.609533184+00:00,-1.5935690532590825,-0.5576742346314199,120,6,False,False,False,-5.013219852800001,-2.2601588863999997,2020-08-27 18:32:00+00:00,2020-08-28 04:38:00+00:00,10.1
2020-08-28,2020-08-28 04:38:00+00:00,2020-08-28 18:30:00+00:00,2020-08-28T06:38:00+02:00,2020-08-28T20:30:00+02:00,2020-08-28 04:42:38.485201920+00:00,2020-08-28 18:32:02.432362752+00:00,-1.5975886314512178,-0.5552771024208555,120,6,False,False,False,-4.641420032,-2.0405393792,2020-08-28 18:30:00+00:00,2020-08-29 04:40:00+00:00,10.166666666666666
2020-08-29,2020-08-29 04:40:00+00:00,2020-08-29 18:27:00+00:00,2020-08-29T06:40:00+02:00,2020-08-29T20:27:00+02:00,2020-08-29 04:44:16.127190016+00:00,2020-08-29 18:29:48.582774272+00:00,-1.6013591192638668,-0.5528358623087007,120,6,False,False,False,-4.268786500266667,-2.8097129045333333,2020-08-29 18:27:00+00:00,2020-08-30 04:41:00+00:00,10.233333333333333
2020-08-30,2020-08-30 04:41:00+00:00,2020-08-30 18:25:00+00:00,2020-08-30T06:41:00+02:00,2020-08-30T20:25:00+02:00,2020-08-30 04:45:53.720351488+00:00,2020-08-30 18:27:34.097486848+00:00,-1.6048751515289945,-0.5503481247285291,120,6,False,False,False,-4.895339191466666,-2.5682914474666663,2020-08-30 18:25:00+00:00,2020-08-31 04:43:00+00:00,10.3
2020-08-31,2020-08-31 04:43:00+00:00,2020-08-31 18:23:00+00:00,2020-08-31T06:43:00+02:00,2020-08-31T20:23:00+02:00,2020-08-31 04:47:31.268116736+00:00,2020-08-31 18:25:19.012614144+00:00,-1.6081316509741126,-0.5478115733758169,120,6,False,False,False,-4.5211352789333334,-2.3168769023999998,2020-08-31 18:23:00+00:00,2020-09-01 04:44:00+00:00,10.35
2020-09-01,2020-09-01 04:44:00+00:00,2020-09-01 18:21:00+00:00,2020-09-01T06:44:00+02:00,2020-09-01T20:21:00+02:00,2020-09-01 04:49:08.775700224+00:00,2020-09-01 18:23:03.363510016+00:00,-1.611123834481925,-0.5452239694850546,120,6,False,False,False,-5.1462616703999995,-2.056058500266667,2020-09-01 18:21:00+00:00,2020-09-02 04:46:00+00:00,10.416666666666666
2020-09-02,2020-09-02 04:46:00+00:00,2020-09-02 18:18:00+00:00,2020-09-02T06:46:00+02:00,2020-09-02T20:18:00+02:00,2020-09-02 04:50:46.249652736+00:00,2020-09-02 18:20:47.184676352+00:00,-1.6138472190067101,-0.5425831560095664,120,6,False,False,False,-4.7708275455999996,-2.7864112725333334,2020-09-02 18:18:00+00:00,2020-09-03 04:48:00+00:00,10.5
2020-09-03,2020-09-03 04:48:00+00:00,2020-09-03 18:16:00+00:00,2020-09-03T06:48:00+02:00,2020-09-03T20:16:00+02:00,2020-09-03 04:52:23.697457920+00:00,2020-09-03 18:18:30.509748480+00:00,-1.6162976271403866,-0.5398870616986557,120,6,False,False,False,-4.394957632,-2.508495808,2020-09-03 18:16:00+00:00,2020-09-04 04:49:00+00:00,10.55
2020-09-04,2020-09-04 04:49:00+00:00,2020-09-04 18:14:00+00:00,2020-09-04T06:49:00+02:00,2020-09-04T20:14:00+02:00,2020-09-04 04:54:01.127222784+00:00,2020-09-04 18:16:13.371564032+00:00,-1.618471192321612,-0.5371337050668198,120,6,False,False,False,-5.018787046400001,-2.2228594005333333,2020-09-04 18:14:00+00:00,2020-09-05 04:51:00+00:00,10.616666666666667
2020-09-05,2020-09-05 04:51:00+00:00,2020-09-05 18:11:00+00:00,2020-09-05T06:51:00+02:00,2020-09-05T20:11:00+02:00,2020-09-05 04:55:38.547479552+00:00,2020-09-05 18:13:55.802267904+00:00,-1.6203643636816991,-0.5343211982499059,120,6,False,False,False,-4.642457992533334,-2.9300377984,2020-09-05 18:11:00+00:00,2020-09-06 04:53:00+00:00,10.7
2020-09-06,2020-09-06 04:53:00+00:00,2020-09-06 18:09:00+00:00,2020-09-06T06:53:00+02:00,2020-09-06T20:09:00+02:00,2020-09-06 04:57:15.967089664+00:00,2020-09-06 18:11:37.833417472+00:00,-1.6219739105215445,-0.5314477507432114,120,6,False,False,False,-4.266118161066667,-2.6305569578666668,2020-09-06 18:09:00+00:00,2020-09-07 04:54:00+00:00,10.75
2020-09-07,2020-09-07 04:54:00+00:00,2020-09-07 18:07:00+00:00,2020-09-07T06:54:00+02:00,2020-09-07T20:07:00+02:00,2020-09-07 04:58:53.395184640+00:00,2020-09-07 18:09:19.496061952+00:00,-1.6232969264142134,-0.5285116730166809,120,6,False,False,False,-4.889919744,-2.3249343658666666,2020-09-07 18:07:00+00:00,2020-09-08 04:56:00+00:00,10.816666666666666
2020-09-08,2020-09-08 04:56:00+00:00,2020-09-08 18:04:00+00:00,2020-09-08T06:56:00+02:00,2020-09-08T20:04:00+02:00,2020-09-08 05:00:30.841102848+00:00,2020-09-08 18:07:00.820807936+00:00,-1.6243308329282526,-0.525511380002492,120,6,False,False,False,-4.5140183808,-3.0136801322666664,2020-09-08 18:04:00+00:00,2020-09-09 04:57:00+00:00,10.883333333333333
2020-09-09,2020-09-09 04:57:00+00:00,2020-09-09 18:02:00+00:00,2020-09-09T06:57:00+02:00,2020-09-09T20:02:00+02:00,2020-09-09 05:02:08.314281728+00:00,2020-09-09 18:04:41.837878016+00:00,-1.6250733829672594,-0.5224453944504783,120,6,False,False,False,-5.138571362133334,-2.6972979669333332,2020-09-09 18:02:00+00:00,2020-09-10 04:59:00+00:00,10.95
2020-09-10,2020-09-10 04:59:00+00:00,2020-09-10 18:00:00+00:00,2020-09-10T06:59:00+02:00,2020-09-10T20:00:00+02:00,2020-09-10 05:03:45.824097280+00:00,2020-09-10 18:02:22.577157376+00:00,-1.6255226637216769,-0.5193123501469986,120,6,False,False,False,-4.763734954666666,-2.3762859562666665,2020-09-10 18:00:00+00:00,2020-09-11 05:01:00+00:00,11.016666666666667
2020-09-11,2020-09-11 05:01:00+00:00,2020-09-11 17:57:00+00:00,2020-09-11T07:01:00+02:00,2020-09-11T19:57:00+02:00,2020-09-11 05:05:23.379650816+00:00,2020-09-11 18:00:03.068207872+00:00,-1.6256770992292529,-0.5161109949930192,120,6,False,False,False,-4.389660846933333,-3.0511367978666666,2020-09-11 17:57:00+00:00,2020-09-12 05:02:00+00:00,11.083333333333334
2020-09-12,2020-09-12 05:02:00+00:00,2020-09-12 17:55:00+00:00,2020-09-12T07:02:00+02:00,2020-09-12T19:55:00+02:00,2020-09-12 05:07:00.989508352+00:00,2020-09-12 17:57:43.340266496+00:00,-1.6255354525410488,-0.5128401939373524,120,6,False,False,False,-5.016491805866666,-2.7223377749333335,2020-09-12 17:55:00+00:00,2020-09-13 05:04:00+00:00,11.15
2020-09-13,2020-09-13 05:04:00+00:00,2020-09-13 17:53:00+00:00,2020-09-13T07:04:00+02:00,2020-09-13T19:53:00+02:00,2020-09-13 05:08:38.661457152+00:00,2020-09-13 17:55:23.422259200+00:00,-1.625096827490358,-0.5094989317611593,120,6,False,False,False,-4.6443576192,-2.390370986666667,2020-09-13 17:53:00+00:00,2020-09-14 05:06:00+00:00,11.216666666666667
2020-09-14,2020-09-14 05:06:00+00:00,2020-09-14 17:50:00+00:00,2020-09-14T07:06:00+02:00,2020-09-14T19:50:00+02:00,2020-09-14 05:10:16.402360576+00:00,2020-09-14 17:53:03.342836992+00:00,-1.6243606700623543,-0.506086315710014,120,6,False,False,False,-4.273372676266666,-3.0557139498666666,2020-09-14 17:50:00+00:00,2020-09-15 05:07:00+00:00,11.283333333333333
2020-09-15,2020-09-15 05:07:00+00:00,2020-09-15 17:48:00+00:00,2020-09-15T07:07:00+02:00,2020-09-15T19:48:00+02:00,2020-09-15 05:11:54.218211072+00:00,2020-09-15 17:50:43.130383616+00:00,-1.6233267693627667,-0.5026015779699995,120,6,False,False,False,-4.9036368512,-2.718839726933333,2020-09-15 17:48:00+00:00,2020-09-16 05:09:00+00:00,11.35
2020-09-16,2020-09-16 05:09:00+00:00,2020-09-16 17:46:00+00:00,2020-09-16T07:09:00+02:00,2020-09-16T19:46:00+02:00,2020-09-16 05:13:32.114372096+00:00,2020-09-16 17:48:22.812934912+00:00,-1.6219952581843426,-0.49904407798449857,120,6,False,False,False,-4.535239534933334,-2.3802155818666666,2020-09-16 17:46:00+00:00,2020-09-17 05:11:00+00:00,11.416666666666666
2020-09-17,2020-09-17 05:11:00+00:00,2020-09-17 17:43:00+00:00,2020-09-17T07:11:00+02:00,2020-09-17T19:43:00+02:00,2020-09-17 05:15:10.095896320+00:00,2020-09-17 17:46:02.418021120+00:00,-1.6203666131703407,-0.4954133046085335,120,6,False,False,False,-4.168264938666667,-3.040300352,2020-09-17 17:43:00+00:00,2020-09-18 05:12:00+00:00,11.483333333333333
2020-09-18,2020-09-18 05:12:00+00:00,2020-09-18 17:41:00+00:00,2020-09-18T07:12:00+02:00,2020-09-18T19:41:00+02:00,2020-09-18 05:16:48.167774208+00:00,2020-09-18 17:43:41.972569344+00:00,-1.6184416545747637,-0.49170887809770014,120,6,False,False,False,-4.802796236800001,-2.6995428223999998,2020-09-18 17:41:00+00:00,2020-09-19 05:14:00+00:00,11.55
2020-09-19,2020-09-19 05:14:00+00:00,2020-09-19 17:39:00+00:00,2020-09-19T07:14:00+02:00,2020-09-19T19:39:00+02:00,2020-09-19 05:18:26.335026176+00:00,2020-09-19 17:41:21.503026944+00:00,-1.6162215456195228,-0.4879305519289473,120,6,False,False,False,-4.438917102933333,-2.3583837824,2020-09-19 17:39:00+00:00,2020-09-20 05:16:00+00:00,11.616666666666667
2020-09-20,2020-09-20 05:16:00+00:00,2020-09-20 17:36:00+00:00,2020-09-20T07:16:00+02:00,2020-09-20T19:36:00+02:00,2020-09-20 05:20:04.602726144+00:00,2020-09-20 17:39:01.035783936+00:00,-1.6137077914491904,-0.4840782144506469,120,6,False,False,False,-4.0767121024,-3.0172630656,2020-09-20 17:36:00+00:00,2020-09-21 05:17:00+00:00,11.683333333333334
2020-09-21,2020-09-21 05:17:00+00:00,2020-09-21 17:34:00+00:00,2020-09-21T07:17:00+02:00,2020-09-21T19:34:00+02:00,2020-09-21 05:21:42.976120832+00:00,2020-09-21 17:36:40.597769472+00:00,-1.610902237684483,-0.4801518903596117,120,6,False,False,False,-4.716268680533333,-2.6766294912000004,2020-09-21 17:34:00+00:00,2020-09-22 05:19:00+00:00,11.75
2020-09-22,2020-09-22 05:19:00+00:00,2020-09-22 17:32:00+00:00,2020-09-22T07:19:00+02:00,2020-09-22T19:32:00+02:00,2020-09-22 05:23:21.460959744+00:00,2020-09-22 17:34:20.216960+00:00,-1.6078070685760784,-0.47615174200292126,118,6,False,False,False,-4.357682662399999,-2.3369493333333335,2020-09-22 17:32:00+00:00,2020-09-23 05:21:00+00:00,11.816666666666666
2020-09-23,2020-09-23 05:21:00+00:00,2020-09-23 17:29:00+00:00,2020-09-23T07:21:00+02:00,2020-09-23T19:29:00+02:00,2020-09-23 05:25:00.063996928+00:00,2020-09-23 17:31:59.922590720+00:00,-1.604424804760848,-0.472078070502632,119,6,False,False,False,-4.001066615466667,-2.998709845333333,2020-09-23 17:29:00+00:00,2020-09-24 05:22:00+00:00,11.883333333333333
2020-09-24,2020-09-24 05:22:00+00:00,2020-09-24 17:27:00+00:00,2020-09-24T07:22:00+02:00,2020-09-24T19:27:00+02:00,2020-09-24 05:26:38.793479680+00:00,2020-09-24 17:29:39.745034240+00:00,-1.600758300623053,-0.46793131670165355,119,6,False,False,False,-4.646557994666667,-2.6624172373333335,2020-09-24 17:27:00+00:00,2020-09-25 05:24:00+00:00,11.95
2020-09-25,2020-09-25 05:24:00+00:00,2020-09-25 17:24:00+00:00,2020-09-25T07:24:00+02:00,2020-09-25T19:24:00+02:00,2020-09-25 05:28:17.659431680+00:00,2020-09-25 17:27:19.715482368+00:00,-1.5968107412635129,-0.46371206192929804,120,6,False,False,False,-4.294323861333334,-3.3285913728,2020-09-25 17:24:00+00:00,2020-09-26 05:26:00+00:00,12.033333333333333
2020-09-26,2020-09-26 05:26:00+00:00,2020-09-26 17:22:00+00:00,2020-09-26T07:26:00+02:00,2020-09-26T19:22:00+02:00,2020-09-26 05:29:56.673651200+00:00,2020-09-26 17:24:59.865616640+00:00,-1.592585639080225,-0.45942102858521733,118,6,False,False,False,-3.9445608533333334,-2.9977602773333336,2020-09-26 17:22:00+00:00,2020-09-27 05:27:00+00:00,12.083333333333334
2020-09-27,2020-09-27 05:27:00+00:00,2020-09-27 17:20:00+00:00,2020-09-27T07:27:00+02:00,2020-09-27T19:20:00+02:00,2020-09-27 05:31:35.849467648+00:00,2020-09-27 17:22:40.227366144+00:00,-1.5880868299643647,-0.45505908054066835,120,6,False,False,False,-4.597491127466666,-2.6704561024,2020-09-27 17:20:00+00:00,2020-09-28 05:29:00+00:00,12.15
2020-09-28,2020-09-28 05:29:00+00:00,2020-09-28 17:17:00+00:00,2020-09-28T07:29:00+02:00,2020-09-28T19:17:00+02:00,2020-09-28 05:33:15.201367808+00:00,2020-09-28 17:20:20.832750336+00:00,-1.583318469116048,-0.45062722335626193,118,6,False,False,False,-4.253356130133333,-3.3472125056,2020-09-28 17:17:00+00:00,2020-09-29 05:31:00+00:00,12.233333333333333
2020-09-29,2020-09-29 05:31:00+00:00,2020-09-29 17:15:00+00:00,2020-09-29T07:31:00+02:00,2020-09-29T19:15:00+02:00,2020-09-29 05:34:54.744575488+00:00,2020-09-29 17:18:01.713762048+00:00,-1.5782850264846997,-0.44612660431557805,118,6,False,False,False,-3.912409591466667,-3.0285627008000002,2020-09-29 17:15:00+00:00,2020-09-30 05:32:00+00:00,12.283333333333333
2020-09-30,2020-09-30 05:32:00+00:00,2020-09-30 17:13:00+00:00,2020-09-30T07:32:00+02:00,2020-09-30T19:13:00+02:00,2020-09-30 05:36:34.494635520+00:00,2020-09-30 17:15:42.902289152+00:00,-1.5729912818392862,-0.4415585122742426,118,6,False,False,False,-4.574910591999999,-2.7150381525333334,2020-09-30 17:13:00+00:00,2020-10-01 05:34:00+00:00,12.35
2020-10-01,2020-10-01 05:34:00+00:00,2020-10-01 17:10:00+00:00,2020-10-01T07:34:00+02:00,2020-10-01T19:10:00+02:00,2020-10-01 05:38:14.467034880+00:00,2020-10-01 17:13:24.430092544+00:00,-1.567442319474138,-0.4369243773242966,117,6,False,False,False,-4.241117248,-3.4071682090666666,2020-10-01 17:10:00+00:00,2020-10-02 05:36:00+00:00,12.433333333333334
2020-10-02,2020-10-02 05:36:00+00:00,2020-10-02 17:08:00+00:00,2020-10-02T07:36:00+02:00,2020-10-02T19:08:00+02:00,2020-10-02 05:39:54.676892160+00:00,2020-10-02 17:11:06.328851200+00:00,-1.5616435225564953,-0.43222577027389947,116,6,False,False,False,-3.9112815359999997,-3.1054808533333333,2020-10-02 17:08:00+00:00,2020-10-03 05:37:00+00:00,12.483333333333333
2020-10-03,2020-10-03 05:37:00+00:00,2020-10-03 17:06:00+00:00,2020-10-03T07:37:00+02:00,2020-10-03T19:06:00+02:00,2020-10-03 05:41:35.138752+00:00,2020-10-03 17:08:48.630251008+00:00,-1.55560056712234,-0.4274644019426378,116,6,False,False,False,-4.585645866666667,-2.8105041834666666,2020-10-03 17:06:00+00:00,2020-10-04 05:39:00+00:00,12.55
2020-10-04,2020-10-04 05:39:00+00:00,2020-10-04 17:03:00+00:00,2020-10-04T07:39:00+02:00,2020-10-04T19:03:00+02:00,2020-10-04 05:43:15.866458112+00:00,2020-10-04 17:06:31.366074624+00:00,-1.5493194157274919,-0.42264212227293313,118,6,False,False,False,-4.264440968533333,-3.5227679104,2020-10-04 17:03:00+00:00,2020-10-05 05:41:00+00:00,12.633333333333333
2020-10-05,2020-10-05 05:41:00+00:00,2020-10-05 17:01:00+00:00,2020-10-05T07:41:00+02:00,2020-10-05T19:01:00+02:00,2020-10-05 05:44:56.873069824+00:00,2020-10-05 17:04:14.568294656+00:00,-1.5428063107613494,-0.4177609192582625,117,6,False,False,False,-3.9478844970666667,-3.2428049109333332,2020-10-05 17:01:00+00:00,2020-10-06 05:43:00+00:00,12.7
2020-10-06,2020-10-06 05:43:00+00:00,2020-10-06 16:59:00+00:00,2020-10-06T07:43:00+02:00,2020-10-06T18:59:00+02:00,2020-10-06 05:46:38.170760192+00:00,2020-10-06 17:01:58.269169920+00:00,-1.5360677674310612,-0.4128229176891295,116,6,False,False,False,-3.636179336533333,-2.971152832,2020-10-06 16:59:00+00:00,2020-10-07 05:44:00+00:00,12.75
2020-10-07,2020-10-07 05:44:00+00:00,2020-10-07 16:56:00+00:00,2020-10-07T07:44:00+02:00,2020-10-07T18:56:00+02:00,2020-10-07 05:48:19.770676480+00:00,2020-10-07 16:59:42.501341696+00:00,-1.5291105664242899,-0.40783037771794073,117,6,False,False,False,-4.329511274666667,-3.708355694933333,2020-10-07 16:56:00+00:00,2020-10-08 05:46:00+00:00,12.833333333333334
2020-10-08,2020-10-08 05:46:00+00:00,2020-10-08 16:54:00+00:00,2020-10-08T07:46:00+02:00,2020-10-08T18:54:00+02:00,2020-10-08 05:50:01.682758912+00:00,2020-10-08 16:57:27.297903104+00:00,-1.5219417462591214,-0.40278569324416735,119,6,False,False,False,-4.028045981866667,-3.4549650517333332,2020-10-08 16:54:00+00:00,2020-10-09 05:48:00+00:00,12.9
2020-10-09,2020-10-09 05:48:00+00:00,2020-10-09 16:52:00+00:00,2020-10-09T07:48:00+02:00,2020-10-09T18:52:00+02:00,2020-10-09 05:51:43.915502336+00:00,2020-10-09 16:55:12.692405760+00:00,-1.514568595330034,-0.3976913901213839,119,6,False,False,False,-3.7319250389333334,-3.2115400960000002,2020-10-09 16:52:00+00:00,2020-10-10 05:50:00+00:00,12.966666666666667
2020-10-10,2020-10-10 05:50:00+00:00,2020-10-10 16:50:00+00:00,2020-10-10T07:50:00+02:00,2020-10-10T18:50:00+02:00,2020-10-10 05:53:26.475659776+00:00,2020-10-10 16:52:58.718846208+00:00,-1.5069986436592022,-0.3925501241879942,117,6,False,False,False,-3.4412609962666663,-2.9786474368,2020-10-10 16:50:00+00:00,2020-10-11 05:51:00+00:00,13.016666666666667
2020-10-11,2020-10-11 05:51:00+00:00,2020-10-11 16:47:00+00:00,2020-10-11T07:51:00+02:00,2020-10-11T18:47:00+02:00,2020-10-11 05:55:09.367918336+00:00,2020-10-11 16:50:45.411670272+00:00,-1.4992396543627566,-0.3873646791236698,120,6,False,False,False,-4.1561319722666665,-3.7568611712,2020-10-11 16:47:00+00:00,2020-10-12 05:53:00+00:00,13.1
2020-10-12,2020-10-12 05:53:00+00:00,2020-10-12 16:45:00+00:00,2020-10-12T07:53:00+02:00,2020-10-12T18:45:00+02:00,2020-10-12 05:56:52.594633728+00:00,2020-10-12 16:48:32.805797376+00:00,-1.4912996148419637,-0.38213796413373796,120,6,False,False,False,-3.8765772288,-3.5467632896,2020-10-12 16:45:00+00:00,2020-10-13 05:55:00+00:00,13.166666666666666
2020-10-13,2020-10-13 05:55:00+00:00,2020-10-13 16:43:00+00:00,2020-10-13T07:55:00+02:00,2020-10-13T18:43:00+02:00,2020-10-13 05:58:36.155735808+00:00,2020-10-13 16:46:20.936580608+00:00,-1.4831867277095943,-0.3768730114639585,120,6,False,False,False,-3.6025955968,-3.3489430101333335,2020-10-13 16:43:00+00:00,2020-10-14 05:57:00+00:00,13.233333333333333
2020-10-14,2020-10-14 05:57:00+00:00,2020-10-14 16:41:00+00:00,2020-10-14T07:57:00+02:00,2020-10-14T18:41:00+02:00,2020-10-14 06:00:20.048822528+00:00,2020-10-14 16:44:09.839594496+00:00,-1.4749094014620925,-0.37157297374834897,120,6,False,False,False,-3.334147042133333,-3.1639932415999996,2020-10-14 16:41:00+00:00,2020-10-15 05:58:00+00:00,13.283333333333333
2020-10-15,2020-10-15 05:58:00+00:00,2020-10-15 16:38:00+00:00,2020-10-15T07:58:00+02:00,2020-10-15T18:38:00+02:00,2020-10-15 06:02:04.269362432+00:00,2020-10-15 16:41:59.550272768+00:00,-1.4664762409084284,-0.36624112119290536,120,6,False,False,False,-4.071156040533333,-3.9925045461333335,2020-10-15 16:38:00+00:00,2020-10-16 06:00:00+00:00,13.366666666666667
2020-10-16,2020-10-16 06:00:00+00:00,2020-10-16 16:36:00+00:00,2020-10-16T08:00:00+02:00,2020-10-16T18:36:00+02:00,2020-10-16 06:03:48.810851072+00:00,2020-10-16 16:39:50.103605504+00:00,-1.4578960373668193,-0.3608808385982774,120,6,False,False,False,-3.813514184533333,-3.8350600917333333,2020-10-16 16:36:00+00:00,2020-10-17 06:02:00+00:00,13.433333333333334
2020-10-17,2020-10-17 06:02:00+00:00,2020-10-17 16:34:00+00:00,2020-10-17T08:02:00+02:00,2020-10-17T18:34:00+02:00,2020-10-17 06:05:33.664837632+00:00,2020-10-17 16:37:41.534173696+00:00,-1.449177758640774,-0.3554956222246467,120,6,False,False,False,-3.5610806272,-3.6922362282666668,2020-10-17 16:34:00+00:00,2020-10-18 06:04:00+00:00,13.5
2020-10-18,2020-10-18 06:04:00+00:00,2020-10-18 16:32:00+00:00,2020-10-18T08:04:00+02:00,2020-10-18T18:32:00+02:00,2020-10-18 06:07:18.820900864+00:00,2020-10-18 16:35:33.876652544+00:00,-1.440330538786181,-0.3500890765022539,120,6,False,False,False,-3.313681681066667,-3.5646108757333335,2020-10-18 16:32:00+00:00,2020-10-19 06:06:00+00:00,13.566666666666666
2020-10-19,2020-10-19 06:06:00+00:00,2020-10-19 16:30:00+00:00,2020-10-19T08:06:00+02:00,2020-10-19T18:30:00+02:00,2020-10-19 06:09:04.266748416+00:00,2020-10-19 16:33:27.166630912+00:00,-1.4313636676813906,-0.3446649105912029,120,6,False,False,False,-3.0711124736000004,-3.4527771818666664,2020-10-19 16:30:00+00:00,2020-10-20 06:07:00+00:00,13.616666666666667
2020-10-20,2020-10-20 06:07:00+00:00,2020-10-20 16:27:00+00:00,2020-10-20T08:07:00+02:00,2020-10-20T18:27:00+02:00,2020-10-20 06:10:49.988573184+00:00,2020-10-20 16:31:21.441379072+00:00,-1.4222865804125033,-0.3392269347943646,120,6,False,False,False,-3.8331428863999997,-4.3573563178666666,2020-10-20 16:27:00+00:00,2020-10-21 06:09:00+00:00,13.7
2020-10-21,2020-10-21 06:09:00+00:00,2020-10-21 16:25:00+00:00,2020-10-21T08:09:00+02:00,2020-10-21T18:25:00+02:00,2020-10-21 06:12:35.971629568+00:00,2020-10-21 16:29:16.740227584+00:00,-1.4131088464862596,-0.33377905682737147,120,6,False,False,False,-3.5995271594666667,-4.279003793066667,2020-10-21 16:25:00+00:00,2020-10-22 06:11:00+00:00,13.766666666666667
2020-10-22,2020-10-22 06:11:00+00:00,2020-10-22 16:23:00+00:00,2020-10-22T08:11:00+02:00,2020-10-22T18:23:00+02:00,2020-10-22 06:14:22.200845568+00:00,2020-10-22 16:27:13.104473088+00:00,-1.4038401588831626,-0.3283252779498804,120,6,False,False,False,-3.3700140928,-4.2184078847999995,2020-10-22 16:23:00+00:00,2020-10-23 06:13:00+00:00,13.833333333333334
2020-10-23,2020-10-23 06:13:00+00:00,2020-10-23 16:21:00+00:00,2020-10-23T08:13:00+02:00,2020-10-23T18:21:00+02:00,2020-10-23 06:16:08.661243392+00:00,2020-10-23 16:25:10.576980480+00:00,-1.3944903229636292,-0.32286968896244317,120,6,False,False,False,-3.144354056533333,-4.176283008,2020-10-23 16:21:00+00:00,2020-10-24 06:15:00+00:00,13.9
2020-10-24,2020-10-24 06:15:00+00:00,2020-10-24 16:19:00+00:00,2020-10-24T08:15:00+02:00,2020-10-24T18:19:00+02:00,2020-10-24 06:17:55.338065152+00:00,2020-10-24 16:23:09.201751552+00:00,-1.3850692452401518,-0.31741646607349217,120,6,True,False,False,-2.9223010858666667,-4.153362525866666,2020-10-24 16:19:00+00:00,2020-10-25 06:16:00+00:00,13.95
2020-10-25,2020-10-25 06:16:00+00:00,2020-10-25 16:17:00+00:00,2020-10-25T07:16:00+01:00,2020-10-25T17:17:00+01:00,2020-10-25 06:19:42.216624128+00:00,2020-10-25 16:21:09.023629312+00:00,-1.375586922028608,-0.31196986664111487,120,6,False,False,False,-3.7036104021333336,-4.1503938218666665,2020-10-25 16:17:00+00:00,2020-10-26 06:18:00+00:00,14.016666666666667
2020-10-26,2020-10-26 06:18:00+00:00,2020-10-26 16:15:00+00:00,2020-10-26T07:18:00+01:00,2020-10-26T17:15:00+01:00,2020-10-26 06:21:29.281990656+00:00,2020-10-26 16:19:10.088154368+00:00,-1.3660534279920014,-0.30653422479443554,120,6,False,False,False,-3.4880331776,-4.168135906133333,2020-10-26 16:15:00+00:00,2020-10-27 06:20:00+00:00,14.083333333333334
2020-10-27,2020-10-27 06:20:00+00:00,2020-10-27 16:13:00+00:00,2020-10-27T07:20:00+01:00,2020-10-27T17:13:00+01:00,2020-10-27 06:23:16.518608896+00:00,2020-10-27 16:17:12.441486080+00:00,-1.3564789045900332,-0.3011139469395799,120,6,False,False,False,-3.2753101482666667,-4.207358101333333,2020-10-27 16:13:00+00:00,2020-10-28 06:22:00+00:00,14.15
2020-10-28,2020-10-28 06:22:00+00:00,2020-10-28 16:11:00+00:00,2020-10-28T07:22:00+01:00,2020-10-28T17:11:00+01:00,2020-10-28 06:25:03.909900032+00:00,2020-10-28 16:15:16.130349824+00:00,-1.3468735484480336,-0.2957135071553369,120,6,False,False,False,-3.0651650005333333,-4.268839163733333,2020-10-28 16:11:00+00:00,2020-10-29 06:24:00+00:00,14.216666666666667
2020-10-29,2020-10-29 06:24:00+00:00,2020-10-29 16:09:00+00:00,2020-10-29T07:24:00+01:00,2020-10-29T17:09:00+01:00,2020-10-29 06:26:51.437897984+00:00,2020-10-29 16:13:21.201999872+00:00,-1.3372475996588598,-0.29033744248377263,120,6,False,False,False,-2.857298299733333,-4.3533666645333335,2020-10-29 16:09:00+00:00,2020-10-30 06:26:00+00:00,14.283333333333333
2020-10-30,2020-10-30 06:26:00+00:00,2020-10-30 16:07:00+00:00,2020-10-30T07:26:00+01:00,2020-10-30T17:07:00+01:00,2020-10-30 06:28:39.082949888+00:00,2020-10-30 16:11:27.704222720+00:00,-1.3276113300314603,-0.2849903481211817,120,6,False,False,False,-2.651382498133333,-4.461737045333334,2020-10-30 16:07:00+00:00,2020-10-31 06:28:00+00:00,14.35
2020-10-31,2020-10-31 06:28:00+00:00,2020-10-31 16:05:00+00:00,2020-10-31T07:28:00+01:00,2020-10-31T17:05:00+01:00,2020-10-31 06:30:26.823502848+00:00,2020-10-31 16:09:35.685379328+00:00,-1.3179750312998575,-0.2796768725148814,120,6,False,False,False,-2.4470583808,-4.594756322133334,2020-10-31 16:05:00+00:00,2020-11-01 06:29:00+00:00,14.4
2020-11-01,2020-11-01 06:29:00+00:00,2020-11-01 16:03:00+00:00,2020-11-01T07:29:00+01:00,2020-11-01T17:03:00+01:00,2020-11-01 06:32:14.635963392+00:00,2020-11-01 16:07:45.194475776+00:00,-1.3083490033063605,-0.27440171237148386,120,6,False,False,False,-3.2439327232,-4.753241262933333,2020-11-01 16:03:00+00:00,2020-11-02 06:31:00+00:00,14.466666666666667
2020-11-02,2020-11-02 06:31:00+00:00,2020-11-02 16:01:00+00:00,2020-11-02T07:31:00+01:00,2020-11-02T17:01:00+01:00,2020-11-02 06:34:02.494584064+00:00,2020-11-02 16:05:56.281253632+00:00,-1.2987435421728402,-0.26916960758238107,120,6,False,False,False,-3.0415764010666666,-4.938020893866667,2020-11-02 16:01:00+00:00,2020-11-03 06:33:00+00:00,14.533333333333333
2020-11-03,2020-11-03 06:33:00+00:00,2020-11-03 16:00:00+00:00,2020-11-03T07:33:00+01:00,2020-11-03T17:00:00+01:00,2020-11-03 06:35:50.371334656+00:00,2020-11-03 16:04:08.996303616+00:00,-1.2891689284739172,-0.2639853360722897,120,6,False,False,False,-2.8395222442666666,-4.1499383936,2020-11-03 16:00:00+00:00,2020-11-04 06:35:00+00:00,14.583333333333334
2020-11-04,2020-11-04 06:35:00+00:00,2020-11-04 15:58:00+00:00,2020-11-04T07:35:00+01:00,2020-11-04T16:58:00+01:00,2020-11-04 06:37:38.235746816+00:00,2020-11-04 16:02:23.391180800+00:00,-1.2796354154259144,-0.2588537085768005,120,6,False,False,False,-2.6372624469333332,-4.389853013333333,2020-11-04 15:58:00+00:00,2020-11-05 06:37:00+00:00,14.65
2020-11-05,2020-11-05 06:37:00+00:00,2020-11-05 15:56:00+00:00,2020-11-05T07:37:00+01:00,2020-11-05T16:56:00+01:00,2020-11-05 06:39:26.054728960+00:00,2020-11-05 16:00:39.518473216+00:00,-1.2701532171054049,-0.25377956335496754,120,6,False,False,False,-2.434245482666667,-4.658641220266667,2020-11-05 15:56:00+00:00,2020-11-06 06:39:00+00:00,14.716666666666667
2020-11-06,2020-11-06 06:39:00+00:00,2020-11-06 15:54:00+00:00,2020-11-06T07:39:00+01:00,2020-11-06T16:54:00+01:00,2020-11-06 06:41:13.792335872+00:00,2020-11-06 15:58:57.431779328+00:00,-1.26073249671115,-0.2487677608430531,120,6,False,False,False,-2.2298722645333333,-4.957196322133333,2020-11-06 15:54:00+00:00,2020-11-07 06:41:00+00:00,14.783333333333333
2020-11-07,2020-11-07 06:41:00+00:00,2020-11-07 15:52:00+00:00,2020-11-07T07:41:00+01:00,2020-11-07T16:52:00+01:00,2020-11-07 06:43:01.409477888+00:00,2020-11-07 15:57:17.185620224+00:00,-1.251383354883179,-0.24382317825563127,120,6,False,False,False,-2.0234912981333335,-5.286427003733333,2020-11-07 15:52:00+00:00,2020-11-08 06:42:00+00:00,14.833333333333334
2020-11-08,2020-11-08 06:42:00+00:00,2020-11-08 15:51:00+00:00,2020-11-08T07:42:00+01:00,2020-11-08T16:51:00+01:00,2020-11-08 06:44:48.863577856+00:00,2020-11-08 15:55:38.835326464+00:00,-1.2421158180926888,-0.23895070414031122,120,6,False,False,False,-2.8143929642666667,-4.647255441066666,2020-11-08 15:51:00+00:00,2020-11-09 06:44:00+00:00,14.883333333333333
2020-11-09,2020-11-09 06:44:00+00:00,2020-11-09 15:49:00+00:00,2020-11-09T07:44:00+01:00,2020-11-09T16:49:00+01:00,2020-11-09 06:46:36.108262400+00:00,2020-11-09 15:54:02.436913920+00:00,-1.232939827116363,-0.2341552328924119,120,6,False,False,False,-2.601804373333333,-5.0406152319999995,2020-11-09 15:49:00+00:00,2020-11-10 06:46:00+00:00,14.95
2020-11-10,2020-11-10 06:46:00+00:00,2020-11-10 15:48:00+00:00,2020-11-10T07:46:00+01:00,2020-11-10T16:48:00+01:00,2020-11-10 06:48:23.093192704+00:00,2020-11-10 15:52:28.046864640+00:00,-1.2238652256086036,-0.22944165923597135,120,6,False,False,False,-2.3848865450666663,-4.467447744,2020-11-10 15:48:00+00:00,2020-11-11 06:48:00+00:00,15.0
2020-11-11,2020-11-11 06:48:00+00:00,2020-11-11 15:46:00+00:00,2020-11-11T07:48:00+01:00,2020-11-11T16:46:00+01:00,2020-11-11 06:50:09.764093696+00:00,2020-11-11 15:50:55.721711872+00:00,-1.214901748785074,-0.22481487267752398,120,6,False,False,False,-2.1627348949333336,-4.928695197866667,2020-11-11 15:46:00+00:00,2020-11-12 06:50:00+00:00,15.066666666666666
2020-11-12,2020-11-12 06:50:00+00:00,2020-11-12 15:44:00+00:00,2020-11-12T07:50:00+01:00,2020-11-12T16:44:00+01:00,2020-11-12 06:51:56.062918656+00:00,2020-11-12 15:49:25.517451008+00:00,-1.206059012230789,-0.22027975193911317,120,6,False,False,False,-1.9343819776,-5.425290850133334,2020-11-12 15:44:00+00:00,2020-11-13 06:52:00+00:00,15.133333333333333
2020-11-13,2020-11-13 06:52:00+00:00,2020-11-13 15:43:00+00:00,2020-11-13T07:52:00+01:00,2020-11-13T16:43:00+01:00,2020-11-13 06:53:41.928026112+00:00,2020-11-13 15:47:57.489009920+00:00,-1.1973465008458788,-0.21584115937704929,120,6,False,False,False,-1.6988004352,-4.9581501653333335,2020-11-13 15:43:00+00:00,2020-11-14 06:53:00+00:00,15.166666666666666
2020-11-14,2020-11-14 06:53:00+00:00,2020-11-14 15:41:00+00:00,2020-11-14T07:53:00+01:00,2020-11-14T16:41:00+01:00,2020-11-14 06:55:27.294273280+00:00,2020-11-14 15:46:31.690104064+00:00,-1.1887735579419618,-0.21150393539293746,120,6,False,False,False,-2.454904554666667,-5.528168401066667,2020-11-14 15:41:00+00:00,2020-11-15 06:55:00+00:00,15.233333333333333
2020-11-15,2020-11-15 06:55:00+00:00,2020-11-15 15:40:00+00:00,2020-11-15T07:55:00+01:00,2020-11-15T16:40:00+01:00,2020-11-15 06:57:12.093070848+00:00,2020-11-15 15:45:08.173672448+00:00,-1.1803493745019038,-0.2072728928435225,120,6,False,False,False,-2.2015511808,-5.136227874133334,2020-11-15 15:40:00+00:00,2020-11-16 06:57:00+00:00,15.283333333333333
2020-11-16,2020-11-16 06:57:00+00:00,2020-11-16 15:38:00+00:00,2020-11-16T07:57:00+01:00,2020-11-16T16:38:00+01:00,2020-11-16 06:58:56.252544256+00:00,2020-11-16 15:43:46.992756992+00:00,-1.1720829786155402,-0.20315281145590633,120,6,False,False,False,-1.9375424042666665,-5.7832126165333335,2020-11-16 15:38:00+00:00,2020-11-17 06:59:00+00:00,15.35
2020-11-17,2020-11-17 06:59:00+00:00,2020-11-17 15:37:00+00:00,2020-11-17T07:59:00+01:00,2020-11-17T16:37:00+01:00,2020-11-17 07:00:39.697940992+00:00,2020-11-17 15:42:28.201413376+00:00,-1.1639832251037339,-0.1991484322546951,120,6,False,False,False,-1.6616323498666667,-5.470023556266667,2020-11-17 15:37:00+00:00,2020-11-18 07:00:00+00:00,15.383333333333333
2020-11-18,2020-11-18 07:00:00+00:00,2020-11-18 15:36:00+00:00,2020-11-18T08:00:00+01:00,2020-11-18T16:36:00+01:00,2020-11-18 07:02:22.352296704+00:00,2020-11-18 15:41:11.855209472+00:00,-1.156058785342927,-0.19526445200762688,120,6,False,False,False,-2.3725382784,-5.197586824533333,2020-11-18 15:36:00+00:00,2020-11-19 07:02:00+00:00,15.433333333333334
2020-11-19,2020-11-19 07:02:00+00:00,2020-11-19 15:35:00+00:00,2020-11-19T08:02:00+01:00,2020-11-19T16:35:00+01:00,2020-11-19 07:04:04.137216768+00:00,2020-11-19 15:39:58.011136768+00:00,-1.1483181373020883,-0.19150551769621466,120,6,False,False,False,-2.0689536128,-4.966852279466666,2020-11-19 15:35:00+00:00,2020-11-20 07:04:00+00:00,15.483333333333333
2020-11-20,2020-11-20 07:04:00+00:00,2020-11-20 15:33:00+00:00,2020-11-20T08:04:00+01:00,2020-11-20T16:33:00+01:00,2020-11-20 07:05:44.973578496+00:00,2020-11-20 15:38:46.727080704+00:00,-1.1407695558037465,-0.18787622101792492,120,6,False,False,False,-1.7495596416,-5.7787846784,2020-11-20 15:33:00+00:00,2020-11-21 07:06:00+00:00,15.55
2020-11-21,2020-11-21 07:06:00+00:00,2020-11-21 15:32:00+00:00,2020-11-21T08:06:00+01:00,2020-11-21T16:32:00+01:00,2020-11-21 07:07:24.782001408+00:00,2020-11-21 15:37:38.061178880+00:00,-1.1334211030204921,-0.18438109292637395,120,6,False,False,False,-1.4130333568,-5.6343529813333335,2020-11-21 15:32:00+00:00,2020-11-22 07:07:00+00:00,15.583333333333334
2020-11-22,2020-11-22 07:07:00+00:00,2020-11-22 15:31:00+00:00,2020-11-22T08:07:00+01:00,2020-11-22T16:31:00+01:00,2020-11-22 07:09:03.483048960+00:00,2020-11-22 15:36:32.071321600+00:00,-1.1262806192180905,-0.18102459821599357,120,6,False,False,False,-2.058050816,-5.534522026666666,2020-11-22 15:31:00+00:00,2020-11-23 07:09:00+00:00,15.633333333333333
2020-11-23,2020-11-23 07:09:00+00:00,2020-11-23 15:30:00+00:00,2020-11-23T08:09:00+01:00,2020-11-23T16:30:00+01:00,2020-11-23 07:10:40.997221120+00:00,2020-11-23 15:35:28.814856704+00:00,-1.1193557137560388,-0.177811130157571,120,6,False,False,False,-1.6832870186666669,-5.480247611733334,2020-11-23 15:30:00+00:00,2020-11-24 07:11:00+00:00,15.683333333333334
2020-11-24,2020-11-24 07:11:00+00:00,2020-11-24 15:29:00+00:00,2020-11-24T08:11:00+01:00,2020-11-24T16:29:00+01:00,2020-11-24 07:12:17.244831488+00:00,2020-11-24 15:34:28.348405760+00:00,-1.1126537563561056,-0.1747450051910164,120,6,False,False,False,-1.2874138581333334,-5.472473429333333,2020-11-24 15:29:00+00:00,2020-11-25 07:12:00+00:00,15.716666666666667
2020-11-25,2020-11-25 07:12:00+00:00,2020-11-25 15:28:00+00:00,2020-11-25T08:12:00+01:00,2020-11-25T16:28:00+01:00,2020-11-25 07:13:52.145860352+00:00,2020-11-25 15:33:30.727685376+00:00,-1.1061818686490736,-0.17183045768165078,120,6,False,False,False,-1.8690976725333333,-5.5121280896,2020-11-25 15:28:00+00:00,2020-11-26 07:14:00+00:00,15.766666666666667
2020-11-26,2020-11-26 07:14:00+00:00,2020-11-26 15:27:00+00:00,2020-11-26T08:14:00+01:00,2020-11-26T16:27:00+01:00,2020-11-26 07:15:25.619843840+00:00,2020-11-26 15:32:36.007316224+00:00,-1.0999469160095796,-0.16907163474624232,120,6,False,False,False,-1.4269973973333334,-5.600121937066667,2020-11-26 15:27:00+00:00,2020-11-27 07:15:00+00:00,15.8
2020-11-27,2020-11-27 07:15:00+00:00,2020-11-27 15:26:00+00:00,2020-11-27T08:15:00+01:00,2020-11-27T16:26:00+01:00,2020-11-27 07:16:57.585836288+00:00,2020-11-27 15:31:44.240642048+00:00,-1.0939554996886156,-0.16647259115494395,120,6,False,False,False,-1.9597639381333332,-5.737344034133333,2020-11-27 15:26:00+00:00,2020-11-28 07:17:00+00:00,15.85
2020-11-28,2020-11-28 07:17:00+00:00,2020-11-28 15:25:00+00:00,2020-11-28T08:17:00+01:00,2020-11-28T16:25:00+01:00,2020-11-28 07:18:27.962446080+00:00,2020-11-28 15:30:55.479596032+00:00,-1.0882139492528873,-0.16403728431520131,120,6,False,False,False,-1.466040768,-5.924659933866667,2020-11-28 15:25:00+00:00,2020-11-29 07:18:00+00:00,15.883333333333333
2020-11-29,2020-11-29 07:18:00+00:00,2020-11-29 15:24:00+00:00,2020-11-29T08:18:00+01:00,2020-11-29T16:24:00+01:00,2020-11-29 07:19:56.667923968+00:00,2020-11-29 15:30:09.774613504+00:00,-1.0827283153398883,-0.16176956934361564,120,6,False,False,False,-1.9444653994666665,-6.162910225066667,2020-11-29 15:24:00+00:00,2020-11-30 07:20:00+00:00,15.933333333333334
2020-11-30,2020-11-30 07:20:00+00:00,2020-11-30 15:24:00+00:00,2020-11-30T08:20:00+01:00,2020-11-30T16:24:00+01:00,2020-11-30 07:21:23.620272384+00:00,2020-11-30 15:29:27.174582272+00:00,-1.0775043627371566,-0.1596731942316465,120,6,False,False,False,-1.3936712064,-5.452909704533334,2020-11-30 15:24:00+00:00,2020-12-01 07:21:00+00:00,15.95
2020-12-01,2020-12-01 07:21:00+00:00,2020-12-01 15:23:00+00:00,2020-12-01T08:21:00+01:00,2020-12-01T16:23:00+01:00,2020-12-01 07:22:48.737346304+00:00,2020-12-01 15:28:47.726826752+00:00,-1.0725475637938142,-0.15775179511093929,120,6,False,False,False,-1.8122891050666667,-5.795447112533334,2020-12-01 15:23:00+00:00,2020-12-02 07:23:00+00:00,16.0
2020-12-02,2020-12-02 07:23:00+00:00,2020-12-02 15:22:00+00:00,2020-12-02T08:23:00+01:00,2020-12-02T16:22:00+01:00,2020-12-02 07:24:11.936942080+00:00,2020-12-02 15:28:11.477104896+00:00,-1.0678630921720966,-0.15600889162395132,120,6,False,False,False,-1.1989490346666665,-6.1912850816,2020-12-02 15:22:00+00:00,2020-12-03 07:24:00+00:00,16.033333333333335
2020-12-03,2020-12-03 07:24:00+00:00,2020-12-03 15:22:00+00:00,2020-12-03T08:24:00+01:00,2020-12-03T16:22:00+01:00,2020-12-03 07:25:33.136861184+00:00,2020-12-03 15:27:38.469567232+00:00,-1.0634558169461714,-0.15444788240543494,120,6,False,False,False,-1.5522810197333332,-5.641159453866666,2020-12-03 15:22:00+00:00,2020-12-04 07:26:00+00:00,16.066666666666666
2020-12-04,2020-12-04 07:26:00+00:00,2020-12-04 15:21:00+00:00,2020-12-04T08:26:00+01:00,2020-12-04T16:21:00+01:00,2020-12-04 07:26:52.254947840+00:00,2020-12-04 15:27:08.746606592+00:00,-1.0593302970551488,-0.1530720406802113,120,6,False,False,False,-0.8709157973333334,-6.145776776533333,2020-12-04 15:21:00+00:00,2020-12-05 07:27:00+00:00,16.1
2020-12-05,2020-12-05 07:27:00+00:00,2020-12-05 15:21:00+00:00,2020-12-05T08:27:00+01:00,2020-12-05T16:21:00+01:00,2020-12-05 07:28:09.209079296+00:00,2020-12-05 15:26:42.348558592+00:00,-1.0554907761167664,-0.15188450998254316,120,6,False,False,False,-1.1534846549333333,-5.705809309866667,2020-12-05 15:21:00+00:00,2020-12-06 07:28:00+00:00,16.116666666666667
2020-12-06,2020-12-06 07:28:00+00:00,2020-12-06 15:20:00+00:00,2020-12-06T08:28:00+01:00,2020-12-06T16:20:00+01:00,2020-12-06 07:29:23.917134080+00:00,2020-12-06 15:26:19.313275392+00:00,-1.0519411776078014,-0.15088830000227377,120,6,False,False,False,-1.3986189013333332,-6.321887923199999,2020-12-06 15:20:00+00:00,2020-12-07 07:29:00+00:00,16.15
2020-12-07,2020-12-07 07:29:00+00:00,2020-12-07 15:20:00+00:00,2020-12-07T08:29:00+01:00,2020-12-07T16:20:00+01:00,2020-12-07 07:30:36.296989440+00:00,2020-12-07 15:25:59.675599360+00:00,-1.048685100416842,-0.1500862825627634,120,6,False,False,False,-1.604949824,-5.994593322666666,2020-12-07 15:20:00+00:00,2020-12-08 07:31:00+00:00,16.183333333333334
2020-12-08,2020-12-08 07:31:00+00:00,2020-12-08 15:20:00+00:00,2020-12-08T08:31:00+01:00,2020-12-08T16:20:00+01:00,2020-12-08 07:31:46.266621440+00:00,2020-12-08 15:25:43.466743808+00:00,-1.0457258147746065,-0.149481187735502,120,6,False,False,False,-0.7711103573333333,-5.724445730133334,2020-12-08 15:20:00+00:00,2020-12-09 07:32:00+00:00,16.2
2020-12-09,2020-12-09 07:32:00+00:00,2020-12-09 15:19:00+00:00,2020-12-09T08:32:00+01:00,2020-12-09T16:19:00+01:00,2020-12-09 07:32:53.744347648+00:00,2020-12-09 15:25:30.713553408+00:00,-1.0430662585665553,-0.14907560009612592,120,6,False,False,False,-0.8957391274666667,-6.5118925568,2020-12-09 15:19:00+00:00,2020-12-10 07:33:00+00:00,16.233333333333334
2020-12-10,2020-12-10 07:33:00+00:00,2020-12-10 15:19:00+00:00,2020-12-10T08:33:00+01:00,2020-12-10T16:19:00+01:00,2020-12-10 07:33:58.649187584+00:00,2020-12-10 15:25:21.437687552+00:00,-1.0407090340320932,-0.14887195512640755,120,6,False,False,False,-0.9774864597333334,-6.357294792533334,2020-12-10 15:19:00+00:00,2020-12-11 07:34:00+00:00,16.25
2020-12-11,2020-12-11 07:34:00+00:00,2020-12-11 15:19:00+00:00,2020-12-11T08:34:00+01:00,2020-12-11T16:19:00+01:00,2020-12-11 07:35:00.901260800+00:00,2020-12-11 15:25:15.654926592+00:00,-1.0386564048542073,-0.14887253576662063,120,6,False,False,False,-1.0150210133333333,-6.2609154432,2020-12-11 15:19:00+00:00,2020-12-12 07:35:00+00:00,16.266666666666666
2020-12-12,2020-12-12 07:35:00+00:00,2020-12-12 15:19:00+00:00,2020-12-12T08:35:00+01:00,2020-12-12T16:19:00+01:00,2020-12-12 07:36:00.422143744+00:00,2020-12-12 15:25:13.374884352+00:00,-1.0369102936429215,-0.14907946912251496,120,6,False,False,False,-1.0070357290666667,-6.222914739199999,2020-12-12 15:19:00+00:00,2020-12-13 07:36:00+00:00,16.283333333333335
2020-12-13,2020-12-13 07:36:00+00:00,2020-12-13 15:19:00+00:00,2020-12-13T08:36:00+01:00,2020-12-13T16:19:00+01:00,2020-12-13 07:36:57.135166720+00:00,2020-12-13 15:25:14.601343744+00:00,-1.0354722798154903,-0.14949472333096087,120,6,False,False,False,-0.9522527786666667,-6.243355729066667,2020-12-13 15:19:00+00:00,2020-12-14 07:37:00+00:00,16.3
2020-12-14,2020-12-14 07:37:00+00:00,2020-12-14 15:19:00+00:00,2020-12-14T08:37:00+01:00,2020-12-14T16:19:00+01:00,2020-12-14 07:37:50.965719040+00:00,2020-12-14 15:25:19.333120512+00:00,-1.0343435978757882,-0.15012010458814068,120,6,False,False,False,-0.8494286506666667,-6.3222186752,2020-12-14 15:19:00+00:00,2020-12-15 07:38:00+00:00,16.316666666666666
2020-12-15,2020-12-15 07:38:00+00:00,2020-12-15 15:19:00+00:00,2020-12-15T08:38:00+01:00,2020-12-15T16:19:00+01:00,2020-12-15 07:38:41.841668352+00:00,2020-12-15 15:25:27.565088+00:00,-1.0335251360948818,-0.1509572543439845,120,6,False,False,False,-0.6973611392,-6.459418133333333,2020-12-15 15:19:00+00:00,2020-12-16 07:38:00+00:00,16.316666666666666
2020-12-16,2020-12-16 07:38:00+00:00,2020-12-16 15:19:00+00:00,2020-12-16T08:38:00+01:00,2020-12-16T16:19:00+01:00,2020-12-16 07:39:29.693966848+00:00,2020-12-16 15:25:39.288894720+00:00,-1.0330174355942976,-0.15200764666635513,120,6,False,False,False,-1.4948994474666668,-6.654814912,2020-12-16 15:19:00+00:00,2020-12-17 07:39:00+00:00,16.333333333333332
2020-12-17,2020-12-17 07:39:00+00:00,2020-12-17 15:20:00+00:00,2020-12-17T08:39:00+01:00,2020-12-17T16:20:00+01:00,2020-12-17 07:40:14.457412864+00:00,2020-12-17 15:25:54.493119488+00:00,-1.032820689833028,-0.1532725857782961,120,6,False,False,False,-1.2409568810666667,-5.908218658133333,2020-12-17 15:20:00+00:00,2020-12-18 07:40:00+00:00,16.333333333333332
2020-12-18,2020-12-18 07:40:00+00:00,2020-12-18 15:20:00+00:00,2020-12-18T08:40:00+01:00,2020-12-18T16:20:00+01:00,2020-12-18 07:40:56.071445504+00:00,2020-12-18 15:26:13.162945024+00:00,-1.0329347444988481,-0.15475320377145957,120,6,False,False,False,-0.9345240917333334,-6.219382417066667,2020-12-18 15:20:00+00:00,2020-12-19 07:40:00+00:00,16.333333333333332
2020-12-19,2020-12-19 07:40:00+00:00,2020-12-19 15:20:00+00:00,2020-12-19T08:40:00+01:00,2020-12-19T16:20:00+01:00,2020-12-19 07:41:34.480796928+00:00,2020-12-19 15:26:35.279658496+00:00,-1.033359097804028,-0.15645045849863015,120,6,False,False,False,-1.5746799488,-6.587994308266667,2020-12-19 15:20:00+00:00,2020-12-20 07:41:00+00:00,16.35
2020-12-20,2020-12-20 07:41:00+00:00,2020-12-20 15:21:00+00:00,2020-12-20T08:41:00+01:00,2020-12-20T16:21:00+01:00,2020-12-20 07:42:09.635897856+00:00,2020-12-20 15:27:00.820277504+00:00,-1.0340929011850652,-0.15836513164805677,120,6,False,False,False,-1.1605982976,-6.013671291733333,2020-12-20 15:21:00+00:00,2020-12-21 07:42:00+00:00,16.35
2020-12-21,2020-12-21 07:42:00+00:00,2020-12-21 15:21:00+00:00,2020-12-21T08:42:00+01:00,2020-12-21T16:21:00+01:00,2020-12-21 07:42:41.493003008+00:00,2020-12-21 15:27:29.757398272+00:00,-1.035134960405579,-0.16049782700209636,120,6,False,False,False,-0.6915500501333334,-6.495956637866667,2020-12-21 15:21:00+00:00,2020-12-22 07:42:00+00:00,16.35
2020-12-22,2020-12-22 07:42:00+00:00,2020-12-22 15:22:00+00:00,2020-12-22T08:42:00+01:00,2020-12-22T16:22:00+01:00,2020-12-22 07:43:10.014133248+00:00,2020-12-22 15:28:02.059198720+00:00,-1.036483737061033,-0.16284896888246486,120,6,False,False,False,-1.1669022208,-6.034319978666667,2020-12-22 15:22:00+00:00,2020-12-23 07:42:00+00:00,16.333333333333332
2020-12-23,2020-12-23 07:42:00+00:00,2020-12-23 15:22:00+00:00,2020-12-23T08:42:00+01:00,2020-12-23T16:22:00+01:00,2020-12-23 07:43:35.166924544+00:00,2020-12-23 15:28:37.689477632+00:00,-1.0381373504834892,-0.16541880078417565,118,6,False,False,False,-1.5861154090666667,-6.628157960533333,2020-12-23 15:22:00+00:00,2020-12-24 07:43:00+00:00,16.35
2020-12-24,2020-12-24 07:43:00+00:00,2020-12-24 15:23:00+00:00,2020-12-24T08:43:00+01:00,2020-12-24T16:23:00+01:00,2020-12-24 07:43:56.924473600+00:00,2020-12-24 15:29:16.607708416+00:00,-1.0400935800441165,-0.16820738420003117,117,6,False,False,False,-0.9487412266666666,-6.276795140266667,2020-12-24 15:23:00+00:00,2020-12-25 07:43:00+00:00,16.333333333333332
2020-12-25,2020-12-25 07:43:00+00:00,2020-12-25 15:24:00+00:00,2020-12-25T08:43:00+01:00,2020-12-25T16:24:00+01:00,2020-12-25 07:44:15.265194240+00:00,2020-12-25 15:29:58.769131776+00:00,-1.0423498678507177,-0.17121459763731534,116,6,False,False,False,-1.254419904,-5.9794855296,2020-12-25 15:24:00+00:00,2020-12-26 07:43:00+00:00,16.316666666666666
2020-12-26,2020-12-26 07:43:00+00:00,2020-12-26 15:25:00+00:00,2020-12-26T08:43:00+01:00,2020-12-26T16:25:00+01:00,2020-12-26 07:44:30.172682752+00:00,2020-12-26 15:30:44.124931584+00:00,-1.0449033218370696,-0.17444013582811363,114,6,False,False,False,-1.5028780458666666,-5.735415526400001,2020-12-26 15:25:00+00:00,2020-12-27 07:43:00+00:00,16.3
2020-12-27,2020-12-27 07:43:00+00:00,2020-12-27 15:26:00+00:00,2020-12-27T08:43:00+01:00,2020-12-27T16:26:00+01:00,2020-12-27 07:44:41.635574272+00:00,2020-12-27 15:31:32.622495744+00:00,-1.0477507192404132,-0.1778835091344677,113,6,False,False,False,-1.6939262378666666,-5.5437082624,2020-12-27 15:26:00+00:00,2020-12-28 07:44:00+00:00,16.3
2020-12-28,2020-12-28 07:44:00+00:00,2020-12-28 15:26:00+00:00,2020-12-28T08:44:00+01:00,2020-12-28T16:26:00+01:00,2020-12-28 07:44:49.647391744+00:00,2020-12-28 15:32:24.205726976+00:00,-1.0508885104629777,-0.1815440431493457,113,6,False,False,False,-0.8274565290666666,-6.403428782933333,2020-12-28 15:26:00+00:00,2020-12-29 07:44:00+00:00,16.3
2020-12-29,2020-12-29 07:44:00+00:00,2020-12-29 15:27:00+00:00,2020-12-29T08:44:00+01:00,2020-12-29T16:27:00+01:00,2020-12-29 07:44:54.206374144+00:00,2020-12-29 15:33:18.815413760+00:00,-1.0543128233129626,-0.18542087849418737,112,6,False,False,False,-0.9034395690666667,-6.313590229333333,2020-12-29 15:27:00+00:00,2020-12-30 07:44:00+00:00,16.283333333333335
2020-12-30,2020-12-30 07:44:00+00:00,2020-12-30 15:28:00+00:00,2020-12-30T08:44:00+01:00,2020-12-30T16:28:00+01:00,2020-12-30 07:44:55.315264+00:00,2020-12-30 15:34:16.389651968+00:00,-1.0580194676199675,-0.1895129708135559,110,6,False,False,False,-0.9219210666666666,-6.273160866133334,2020-12-30 15:28:00+00:00,2020-12-31 07:44:00+00:00,16.266666666666666
2020-12-31,2020-12-31 07:44:00+00:00,2020-12-31 15:29:00+00:00,2020-12-31T08:44:00+01:00,2020-12-31T16:29:00+01:00,2020-12-31 07:44:52.981036800+00:00,2020-12-31 15:35:16.864276736+00:00,-1.062003940219409,-0.19381909096720273,109,6,False,False,False,-0.88301728,-6.281071278933334,2020-12-31 15:29:00+00:00,2021-01-01 07:43:00+00:00,16.233333333333334
2021-01-01,2021-01-01 07:43:00+00:00,2021-01-01 15:31:00+00:00,2021-01-01T08:43:00+01:00,2021-01-01T16:31:00+01:00,2021-01-01 07:44:47.214574080+00:00,2021-01-01 15:36:20.173191424+00:00,-1.0662674474273675,-0.19834416058260979,108,6,False,False,False,-1.786909568,-5.336219857066666,2021-01-01 15:31:00+00:00,2021-01-02 07:43:00+00:00,16.2
2021-01-02,2021-01-02 07:43:00+00:00,2021-01-02 15:32:00+00:00,2021-01-02T08:43:00+01:00,2021-01-02T16:32:00+01:00,2021-01-02 07:44:38.030318080+00:00,2021-01-02 15:37:26.248476928+00:00,-1.070805968018042,-0.20308744714861998,107,6,False,False,False,-1.6338386346666667,-5.437474615466667,2021-01-02 15:32:00+00:00,2021-01-03 07:43:00+00:00,16.183333333333334
2021-01-03,2021-01-03 07:43:00+00:00,2021-01-03 15:33:00+00:00,2021-01-03T08:43:00+01:00,2021-01-03T16:33:00+01:00,2021-01-03 07:44:25.445956096+00:00,2021-01-03 15:38:35.020230144+00:00,-1.075608401912314,-0.20804111055479818,106,6,False,False,False,-1.4240992682666667,-5.5836705023999995,2021-01-03 15:33:00+00:00,2021-01-04 07:43:00+00:00,16.166666666666668
2021-01-04,2021-01-04 07:43:00+00:00,2021-01-04 15:34:00+00:00,2021-01-04T08:43:00+01:00,2021-01-04T16:34:00+01:00,2021-01-04 07:44:09.482154752+00:00,2021-01-04 15:39:46.416181504+00:00,-1.0806690024391932,-0.21320317121312965,105,6,False,False,False,-1.1580359125333333,-5.773603025066667,2021-01-04 15:34:00+00:00,2021-01-05 07:42:00+00:00,16.133333333333333
2021-01-05,2021-01-05 07:42:00+00:00,2021-01-05 15:35:00+00:00,2021-01-05T08:42:00+01:00,2021-01-05T16:35:00+01:00,2021-01-05 07:43:50.162353920+00:00,2021-01-05 15:41:00.361208832+00:00,-1.085981737106187,-0.21857146668589483,104,6,False,False,False,-1.836039232,-6.0060201472,2021-01-05 15:35:00+00:00,2021-01-06 07:42:00+00:00,16.116666666666667
2021-01-06,2021-01-06 07:42:00+00:00,2021-01-06 15:37:00+00:00,2021-01-06T08:42:00+01:00,2021-01-06T16:37:00+01:00,2021-01-06 07:43:27.512596480+00:00,2021-01-06 15:42:16.776845568+00:00,-1.0915402947592772,-0.22414365307644823,103,6,False,False,False,-1.4585432746666667,-5.2796140928,2021-01-06 15:37:00+00:00,2021-01-07 07:41:00+00:00,16.066666666666666
2021-01-07,2021-01-07 07:41:00+00:00,2021-01-07 15:38:00+00:00,2021-01-07T08:41:00+01:00,2021-01-07T16:38:00+01:00,2021-01-07 07:43:01.561391360+00:00,2021-01-07 15:43:35.580893184+00:00,-1.0973380930671868,-0.2299172066164044,102,6,False,False,False,-2.0260231893333334,-5.5930148864,2021-01-07 15:38:00+00:00,2021-01-08 07:41:00+00:00,16.05
2021-01-08,2021-01-08 07:41:00+00:00,2021-01-08 15:40:00+00:00,2021-01-08T08:41:00+01:00,2021-01-08T16:40:00+01:00,2021-01-08 07:42:32.339589120+00:00,2021-01-08 15:44:56.687267840+00:00,-1.103368286321075,-0.23588942544770009,101,6,False,False,False,-1.538993152,-4.944787797333333,2021-01-08 15:40:00+00:00,2021-01-09 07:40:00+00:00,16.0
2021-01-09,2021-01-09 07:40:00+00:00,2021-01-09 15:41:00+00:00,2021-01-09T08:40:00+01:00,2021-01-09T16:41:00+01:00,2021-01-09 07:41:59.880248832+00:00,2021-01-09 15:46:20.006229248+00:00,-1.109623773540404,-0.2420574315977791,100,6,False,False,False,-1.9980041472,-5.333437154133334,2021-01-09 15:41:00+00:00,2021-01-10 07:40:00+00:00,15.983333333333333
2021-01-10,2021-01-10 07:40:00+00:00,2021-01-10 15:43:00+00:00,2021-01-10T08:40:00+01:00,2021-01-10T16:43:00+01:00,2021-01-10 07:41:24.218473472+00:00,2021-01-10 15:47:45.445109248+00:00,-1.1160972068753818,-0.24841817314592507,99,5,False,False,False,-1.4036412245333334,-4.7574184874666665,2021-01-10 15:43:00+00:00,2021-01-11 07:39:00+00:00,15.933333333333334
2021-01-11,2021-01-11 07:39:00+00:00,2021-01-11 15:44:00+00:00,2021-01-11T08:39:00+01:00,2021-01-11T16:44:00+01:00,2021-01-11 07:40:45.391222272+00:00,2021-01-11 15:49:12.909450496+00:00,-1.1227810002960228,-0.2549684265785389,99,5,False,False,False,-1.7565203712,-5.215157508266667,2021-01-11 15:44:00+00:00,2021-01-12 07:38:00+00:00,15.9
2021-01-12,2021-01-12 07:38:00+00:00,2021-01-12 15:46:00+00:00,2021-01-12T08:38:00+01:00,2021-01-12T16:46:00+01:00,2021-01-12 07:40:03.437157888+00:00,2021-01-12 15:50:42.304294912+00:00,-1.1296673385575347,-0.26170479933094837,99,5,False,False,False,-2.0572859648,-4.705071581866666,2021-01-12 15:46:00+00:00,2021-01-13 07:37:00+00:00,15.85
2021-01-13,2021-01-13 07:37:00+00:00,2021-01-13 15:47:00+00:00,2021-01-13T08:37:00+01:00,2021-01-13T16:47:00+01:00,2021-01-13 07:39:18.396608256+00:00,2021-01-13 15:52:13.535261440+00:00,-1.1367481864314124,-0.26862373251311156,99,5,False,False,False,-2.3066101376000003,-5.225587690666667,2021-01-13 15:47:00+00:00,2021-01-14 07:37:00+00:00,15.833333333333334
2021-01-14,2021-01-14 07:37:00+00:00,2021-01-14 15:49:00+00:00,2021-01-14T08:37:00+01:00,2021-01-14T16:49:00+01:00,2021-01-14 07:38:30.311688704+00:00,2021-01-14 15:53:46.509192448+00:00,-1.144015298191311,-0.27572150381637134,99,5,False,False,False,-1.5051948117333334,-4.775153207466667,2021-01-14 15:49:00+00:00,2021-01-15 07:36:00+00:00,15.783333333333333
2021-01-15,2021-01-15 07:36:00+00:00,2021-01-15 15:50:00+00:00,2021-01-15T08:36:00+01:00,2021-01-15T16:50:00+01:00,2021-01-15 07:37:39.226535424+00:00,2021-01-15 15:55:21.134375168+00:00,-1.1514602273424603,-0.28299423059820095,100,5,False,False,False,-1.6537755904,-5.352239586133334,2021-01-15 15:50:00+00:00,2021-01-16 07:35:00+00:00,15.75
2021-01-16,2021-01-16 07:35:00+00:00,2021-01-16 15:52:00+00:00,2021-01-16T08:35:00+01:00,2021-01-16T16:52:00+01:00,2021-01-16 07:36:45.187536640+00:00,2021-01-16 15:56:57.320535552+00:00,-1.1590743365831084,-0.2904378731416815,100,5,False,False,False,-1.7531256106666668,-4.9553422592,2021-01-16 15:52:00+00:00,2021-01-17 07:34:00+00:00,15.7
2021-01-17,2021-01-17 07:34:00+00:00,2021-01-17 15:54:00+00:00,2021-01-17T08:34:00+01:00,2021-01-17T16:54:00+01:00,2021-01-17 07:35:48.243442688+00:00,2021-01-17 15:58:34.978828288+00:00,-1.1668488079861998,-0.29804823808624176,100,5,False,False,False,-1.8040573781333333,-4.582980471466667,2021-01-17 15:54:00+00:00,2021-01-18 07:33:00+00:00,15.65
2021-01-18,2021-01-18 07:33:00+00:00,2021-01-18 15:56:00+00:00,2021-01-18T08:33:00+01:00,2021-01-18T16:56:00+01:00,2021-01-18 07:34:48.445297152+00:00,2021-01-18 16:00:14.021912320+00:00,-1.1747746533892365,-0.3058209820260004,100,5,False,False,False,-1.8074216191999999,-4.233698538666667,2021-01-18 15:56:00+00:00,2021-01-19 07:32:00+00:00,15.6
2021-01-19,2021-01-19 07:32:00+00:00,2021-01-19 15:57:00+00:00,2021-01-19T08:32:00+01:00,2021-01-19T16:57:00+01:00,2021-01-19 07:33:45.846232064+00:00,2021-01-19 16:01:54.364092672+00:00,-1.182842724980028,-0.3137516152718494,100,5,False,False,False,-1.7641038677333334,-4.9060682112,2021-01-19 15:57:00+00:00,2021-01-20 07:30:00+00:00,15.55
2021-01-20,2021-01-20 07:30:00+00:00,2021-01-20 15:59:00+00:00,2021-01-20T08:30:00+01:00,2021-01-20T16:59:00+01:00,2021-01-20 07:32:40.501197056+00:00,2021-01-20 16:03:35.921465344+00:00,-1.1910437260658038,-0.3218355057732316,100,5,False,False,False,-2.6750199509333332,-4.598691089066667,2021-01-20 15:59:00+00:00,2021-01-21 07:29:00+00:00,15.5
2021-01-21,2021-01-21 07:29:00+00:00,2021-01-21 16:01:00+00:00,2021-01-21T08:29:00+01:00,2021-01-21T17:01:00+01:00,2021-01-21 07:31:32.466672896+00:00,2021-01-21 16:05:18.612047104+00:00,-1.199368222012943,-0.3300678831953797,100,5,False,False,False,-2.5411112149333333,-4.310200785066667,2021-01-21 16:01:00+00:00,2021-01-22 07:28:00+00:00,15.45
2021-01-22,2021-01-22 07:28:00+00:00,2021-01-22 16:03:00+00:00,2021-01-22T08:28:00+01:00,2021-01-22T17:03:00+01:00,2021-01-22 07:30:21.800395008+00:00,2021-01-22 16:07:02.355925248+00:00,-1.2078066513443844,-0.33844384314760106,100,5,False,False,False,-2.3633399168,-4.0392654208000005,2021-01-22 16:03:00+00:00,2021-01-23 07:27:00+00:00,15.4
2021-01-23,2021-01-23 07:27:00+00:00,2021-01-23 16:05:00+00:00,2021-01-23T08:27:00+01:00,2021-01-23T17:05:00+01:00,2021-01-23 07:29:08.561085952+00:00,2021-01-23 16:08:47.075450880+00:00,-1.216349336981584,-0.3469583515580211,100,5,False,False,False,-2.142684765866667,-3.784590848,2021-01-23 16:05:00+00:00,2021-01-24 07:25:00+00:00,15.333333333333334
2021-01-24,2021-01-24 07:25:00+00:00,2021-01-24 16:06:00+00:00,2021-01-24T08:25:00+01:00,2021-01-24T17:06:00+01:00,2021-01-24 07:27:52.808210176+00:00,2021-01-24 16:10:32.695466752+00:00,-1.2249864976177265,-0.355606249190026,100,5,False,False,False,-2.8801368362666664,-4.544924445866667,2021-01-24 16:06:00+00:00,2021-01-25 07:24:00+00:00,15.3
2021-01-25,2021-01-25 07:24:00+00:00,2021-01-25 16:08:00+00:00,2021-01-25T08:24:00+01:00,2021-01-25T17:08:00+01:00,2021-01-25 07:26:34.601765120+00:00,2021-01-25 16:12:19.143555840+00:00,-1.2337082592087365,-0.36438225629548016,100,5,False,False,False,-2.5766960853333334,-4.319059264,2021-01-25 16:08:00+00:00,2021-01-26 07:23:00+00:00,15.25
2021-01-26,2021-01-26 07:23:00+00:00,2021-01-26 16:10:00+00:00,2021-01-26T08:23:00+01:00,2021-01-26T17:10:00+01:00,2021-01-26 07:25:14.002100480+00:00,2021-01-26 16:14:06.350307584+00:00,-1.2425046665685047,-0.3732809773996394,100,5,False,False,False,-2.233368341333333,-4.1058384597333335,2021-01-26 16:10:00+00:00,2021-01-27 07:21:00+00:00,15.183333333333334
2021-01-27,2021-01-27 07:21:00+00:00,2021-01-27 16:12:00+00:00,2021-01-27T08:21:00+01:00,2021-01-27T17:12:00+01:00,2021-01-27 07:23:51.069721600+00:00,2021-01-27 16:15:54.249630720+00:00,-1.2513656950546133,-0.3822969062125217,100,5,False,False,False,-2.8511620266666666,-3.904160512,2021-01-27 16:12:00+00:00,2021-01-28 07:20:00+00:00,15.133333333333333
2021-01-28,2021-01-28 07:20:00+00:00,2021-01-28 16:14:00+00:00,2021-01-28T08:20:00+01:00,2021-01-28T17:14:00+01:00,2021-01-28 07:22:25.865052928+00:00,2021-01-28 16:17:42.779073280+00:00,-1.2602812623307487,-0.39142443066135696,100,5,False,False,False,-2.431084215466667,-3.712984554666667,2021-01-28 16:14:00+00:00,2021-01-29 07:18:00+00:00,15.066666666666666
2021-01-29,2021-01-29 07:18:00+00:00,2021-01-29 16:16:00+00:00,2021-01-29T08:18:00+01:00,2021-01-29T17:16:00+01:00,2021-01-29 07:20:58.448151552+00:00,2021-01-29 16:19:31.880045568+00:00,-1.2692412401918929,-0.4006578380385921,100,5,False,False,False,-2.9741358592,-3.5313340928000003,2021-01-29 16:16:00+00:00,2021-01-30 07:17:00+00:00,15.016666666666667
2021-01-30,2021-01-30 07:17:00+00:00,2021-01-30 16:18:00+00:00,2021-01-30T08:17:00+01:00,2021-01-30T17:18:00+01:00,2021-01-30 07:19:28.878432768+00:00,2021-01-30 16:21:21.497778688+00:00,-1.278235466438316,-0.4099913202597964,100,5,False,False,False,-2.4813072128,-3.358296311466667,2021-01-30 16:18:00+00:00,2021-01-31 07:15:00+00:00,14.95
2021-01-31,2021-01-31 07:15:00+00:00,2021-01-31 16:20:00+00:00,2021-01-31T08:15:00+01:00,2021-01-31T17:20:00+01:00,2021-01-31 07:17:57.214464+00:00,2021-01-31 16:23:11.580906752+00:00,-1.2872537567843372,-0.4194189792256839,100,5,False,False,False,-2.9535744,-3.1930151125333333,2021-01-31 16:20:00+00:00,2021-02-01 07:14:00+00:00,14.9
2021-02-01,2021-02-01 07:14:00+00:00,2021-02-01 16:22:00+00:00,2021-02-01T08:14:00+01:00,2021-02-01T17:22:00+01:00,2021-02-01 07:16:23.513857280+00:00,2021-02-01 16:25:02.080706816+00:00,-1.2962859167877754,-0.4289348322823477,100,5,False,False,False,-2.3918976213333334,-3.0346784469333334,2021-02-01 16:22:00+00:00,2021-02-02 07:12:00+00:00,14.833333333333334
2021-02-02,2021-02-02 07:12:00+00:00,2021-02-02 16:23:00+00:00,2021-02-02T08:12:00+01:00,2021-02-02T17:23:00+01:00,2021-02-02 07:14:47.833245952+00:00,2021-02-02 16:26:52.950168064+00:00,-1.3053217537859994,-0.43853281777368924,100,5,False,False,False,-2.797220765866667,-3.8825028010666665,2021-02-02 16:23:00+00:00,2021-02-03 07:10:00+00:00,14.783333333333333
2021-02-03,2021-02-03 07:10:00+00:00,2021-02-03 16:25:00+00:00,2021-02-03T08:10:00+01:00,2021-02-03T17:25:00+01:00,2021-02-03 07:13:10.228288256+00:00,2021-02-03 16:28:44.143112704+00:00,-1.3143510888244685,-0.44820680067991714,100,5,False,False,False,-3.1704714709333337,-3.735718545066667,2021-02-03 16:25:00+00:00,2021-02-04 07:09:00+00:00,14.733333333333333
2021-02-04,2021-02-04 07:09:00+00:00,2021-02-04 16:27:00+00:00,2021-02-04T08:09:00+01:00,2021-02-04T17:27:00+01:00,2021-02-04 07:11:30.753663488+00:00,2021-02-04 16:30:35.613569536+00:00,-1.323363768563673,-0.45795057833589053,100,5,False,False,False,-2.5125610581333335,-3.5935594922666665,2021-02-04 16:27:00+00:00,2021-02-05 07:07:00+00:00,14.666666666666666
2021-02-05,2021-02-05 07:07:00+00:00,2021-02-05 16:29:00+00:00,2021-02-05T08:07:00+01:00,2021-02-05T17:29:00+01:00,2021-02-05 07:09:49.463037952+00:00,2021-02-05 16:32:27.315495424+00:00,-1.3323496771504082,-0.46775788622299064,100,5,False,False,False,-2.8243839658666667,-3.455258257066667,2021-02-05 16:29:00+00:00,2021-02-06 07:05:00+00:00,14.6
2021-02-06,2021-02-06 07:05:00+00:00,2021-02-06 16:31:00+00:00,2021-02-06T08:05:00+01:00,2021-02-06T17:31:00+01:00,2021-02-06 07:08:06.408997120+00:00,2021-02-06 16:34:19.202859520+00:00,-1.3412987480393634,-0.477622403828117,100,5,False,False,False,-3.106816618666667,-3.3200476586666667,2021-02-06 16:31:00+00:00,2021-02-07 07:03:00+00:00,14.533333333333333
2021-02-07,2021-02-07 07:03:00+00:00,2021-02-07 16:33:00+00:00,2021-02-07T08:03:00+01:00,2021-02-07T17:33:00+01:00,2021-02-07 07:06:21.642965760+00:00,2021-02-07 16:36:11.230038784+00:00,-1.3502009757510611,-0.4875377605633292,100,5,False,False,False,-3.360716096,-3.1871673130666665,2021-02-07 16:33:00+00:00,2021-02-08 07:01:00+00:00,14.466666666666667
2021-02-08,2021-02-08 07:01:00+00:00,2021-02-08 16:35:00+00:00,2021-02-08T08:01:00+01:00,2021-02-08T17:35:00+01:00,2021-02-08 07:04:35.215129600+00:00,2021-02-08 16:38:03.352429568+00:00,-1.3590464275522618,-0.4974975417395836,100,5,False,False,False,-3.586918826666667,-3.0558738261333334,2021-02-08 16:35:00+00:00,2021-02-09 07:00:00+00:00,14.416666666666666
2021-02-09,2021-02-09 07:00:00+00:00,2021-02-09 16:37:00+00:00,2021-02-09T08:00:00+01:00,2021-02-09T17:37:00+01:00,2021-02-09 07:02:47.174397440+00:00,2021-02-09 16:39:55.527119616+00:00,-1.3678252550450476,-0.5074952945879516,100,5,False,False,False,-2.7862399573333336,-2.9254519936,2021-02-09 16:37:00+00:00,2021-02-10 06:58:00+00:00,14.35
2021-02-10,2021-02-10 06:58:00+00:00,2021-02-10 16:39:00+00:00,2021-02-10T07:58:00+01:00,2021-02-10T17:39:00+01:00,2021-02-10 07:00:57.568444928+00:00,2021-02-10 16:41:47.713472+00:00,-1.3765277056508998,-0.5175245343216522,100,5,False,False,False,-2.959474082133333,-2.795224533333333,2021-02-10 16:39:00+00:00,2021-02-11 06:56:00+00:00,14.283333333333333
2021-02-11,2021-02-11 06:56:00+00:00,2021-02-11 16:41:00+00:00,2021-02-11T07:56:00+01:00,2021-02-11T17:41:00+01:00,2021-02-11 06:59:06.443858944+00:00,2021-02-11 16:43:39.873489920+00:00,-1.385144133976216,-0.5275787502321849,100,5,False,False,False,-3.107397649066667,-2.6645581653333332,2021-02-11 16:41:00+00:00,2021-02-12 06:54:00+00:00,14.216666666666667
2021-02-12,2021-02-12 06:54:00+00:00,2021-02-12 16:43:00+00:00,2021-02-12T07:54:00+01:00,2021-02-12T17:43:00+01:00,2021-02-12 06:57:13.846369792+00:00,2021-02-12 16:45:31.971952384+00:00,-1.3936650130458554,-0.5376514118128062,100,5,False,False,False,-3.2307728298666665,-2.5328658730666667,2021-02-12 16:43:00+00:00,2021-02-13 06:52:00+00:00,14.15
2021-02-13,2021-02-13 06:52:00+00:00,2021-02-13 16:45:00+00:00,2021-02-13T07:52:00+01:00,2021-02-13T17:45:00+01:00,2021-02-13 06:55:19.821115392+00:00,2021-02-13 16:47:23.976375040+00:00,-1.4020809453914553,-0.5477359749025673,100,5,False,False,False,-3.3303519232,-2.3996062506666664,2021-02-13 16:45:00+00:00,2021-02-14 06:50:00+00:00,14.083333333333334
2021-02-14,2021-02-14 06:50:00+00:00,2021-02-14 16:47:00+00:00,2021-02-14T07:50:00+01:00,2021-02-14T17:47:00+01:00,2021-02-14 06:53:24.412875776+00:00,2021-02-14 16:49:15.856907520+00:00,-1.4103826739814374,-0.5578258878441034,100,5,False,False,False,-3.406881262933333,-2.264281792,2021-02-14 16:47:00+00:00,2021-02-15 06:48:00+00:00,14.016666666666667
2021-02-15,2021-02-15 06:48:00+00:00,2021-02-15 16:49:00+00:00,2021-02-15T07:48:00+01:00,2021-02-15T17:49:00+01:00,2021-02-15 06:51:27.666228224+00:00,2021-02-15 16:51:07.586235136+00:00,-1.4185610929798107,-0.5679145976483465,100,5,False,False,False,-3.4611038037333333,-2.126437252266667,2021-02-15 16:49:00+00:00,2021-02-16 06:46:00+00:00,13.95
2021-02-16,2021-02-16 06:46:00+00:00,2021-02-16 16:51:00+00:00,2021-02-16T07:46:00+01:00,2021-02-16T17:51:00+01:00,2021-02-16 06:49:29.625624576+00:00,2021-02-16 16:52:59.139497472+00:00,-1.426607258321086,-0.5779955561593355,100,5,False,False,False,-3.4937604096,-1.9856582912,2021-02-16 16:51:00+00:00,2021-02-17 06:44:00+00:00,13.883333333333333
2021-02-17,2021-02-17 06:44:00+00:00,2021-02-17 16:53:00+00:00,2021-02-17T07:44:00+01:00,2021-02-17T17:53:00+01:00,2021-02-17 06:47:30.335388672+00:00,2021-02-17 16:54:50.494210304+00:00,-1.434512398088828,-0.5880622262122864,100,5,False,False,False,-3.5055898111999997,-1.8415701717333335,2021-02-17 16:53:00+00:00,2021-02-18 06:42:00+00:00,13.816666666666666
2021-02-18,2021-02-18 06:42:00+00:00,2021-02-18 16:55:00+00:00,2021-02-18T07:42:00+01:00,2021-02-18T17:55:00+01:00,2021-02-18 06:45:29.839674624+00:00,2021-02-18 16:56:41.630183424+00:00,-1.4422679226856119,-0.5981080877781014,100,5,False,False,False,-3.4973279104,-1.6938363904,2021-02-18 16:55:00+00:00,2021-02-19 06:40:00+00:00,13.75
2021-02-19,2021-02-19 06:40:00+00:00,2021-02-19 16:56:00+00:00,2021-02-19T07:40:00+01:00,2021-02-19T17:56:00+01:00,2021-02-19 06:43:28.182395904+00:00,2021-02-19 16:58:32.529467904+00:00,-1.4498654347824032,-0.6081266440875102,100,5,False,False,False,-3.4697065984,-2.5421577984,2021-02-19 16:56:00+00:00,2021-02-20 06:38:00+00:00,13.7
2021-02-20,2021-02-20 06:38:00+00:00,2021-02-20 16:58:00+00:00,2021-02-20T07:38:00+01:00,2021-02-20T17:58:00+01:00,2021-02-20 06:41:25.407154432+00:00,2021-02-20 17:00:23.176355584+00:00,-1.4572967390356277,-0.6181114277280578,100,5,False,False,False,-3.423452573866667,-2.3862725930666664,2021-02-20 16:58:00+00:00,2021-02-21 06:36:00+00:00,13.633333333333333
2021-02-21,2021-02-21 06:36:00+00:00,2021-02-21 17:00:00+00:00,2021-02-21T07:36:00+01:00,2021-02-21T18:00:00+01:00,2021-02-21 06:39:21.557180928+00:00,2021-02-21 17:02:13.557432064+00:00,-1.4645538515604934,-0.6280560067071916,100,5,False,False,False,-3.3592863488,-2.225957201066667,2021-02-21 17:00:00+00:00,2021-02-22 06:34:00+00:00,13.566666666666666
2021-02-22,2021-02-22 06:34:00+00:00,2021-02-22 17:02:00+00:00,2021-02-22T07:34:00+01:00,2021-02-22T18:02:00+01:00,2021-02-22 06:37:16.675307264+00:00,2021-02-22 17:04:03.661665792+00:00,-1.4716290091494024,-0.6379539904747309,100,5,False,False,False,-3.2779217877333333,-2.0610277632,2021-02-22 17:02:00+00:00,2021-02-23 06:31:00+00:00,13.483333333333333
2021-02-23,2021-02-23 06:31:00+00:00,2021-02-23 17:04:00+00:00,2021-02-23T07:31:00+01:00,2021-02-23T18:04:00+01:00,2021-02-23 06:35:10.803957504+00:00,2021-02-23 17:05:53.480539392+00:00,-1.4785146782246024,-0.6477990358980618,100,5,False,False,False,-4.1800659584,-1.8913423232,2021-02-23 17:04:00+00:00,2021-02-24 06:29:00+00:00,13.416666666666666
2021-02-24,2021-02-24 06:29:00+00:00,2021-02-24 17:06:00+00:00,2021-02-24T07:29:00+01:00,2021-02-24T18:06:00+01:00,2021-02-24 06:33:03.985135104+00:00,2021-02-24 17:07:43.008228608+00:00,-1.4852035635145384,-0.6575848531834435,100,5,False,False,False,-4.0664189184,-1.7168038101333332,2021-02-24 17:06:00+00:00,2021-02-25 06:27:00+00:00,13.35
2021-02-25,2021-02-25 06:27:00+00:00,2021-02-25 17:08:00+00:00,2021-02-25T07:27:00+01:00,2021-02-25T18:08:00+01:00,2021-02-25 06:30:56.260363008+00:00,2021-02-25 17:09:32.241833984+00:00,-1.4916886164436982,-0.6673052117368861,100,5,False,False,False,-3.9376727168000003,-1.5373638997333332,2021-02-25 17:08:00+00:00,2021-02-26 06:25:00+00:00,13.283333333333333
2021-02-26,2021-02-26 06:25:00+00:00,2021-02-26 17:10:00+00:00,2021-02-26T07:25:00+01:00,2021-02-26T18:10:00+01:00,2021-02-26 06:28:47.670561024+00:00,2021-02-26 17:11:21.181561344+00:00,-1.4979630432260829,-0.6769539459581225,100,5,False,False,False,-3.7945093504,-1.3530260224000001,2021-02-26 17:10:00+00:00,2021-02-27 06:23:00+00:00,13.216666666666667
2021-02-27,2021-02-27 06:23:00+00:00,2021-02-27 17:12:00+00:00,2021-02-27T07:23:00+01:00,2021-02-27T18:12:00+01:00,2021-02-27 06:26:38.255869184+00:00,2021-02-27 17:13:09.830672384+00:00,-1.504020312652787,-0.6865249609612799,100,5,False,False,False,-3.6375978197333336,-1.1638445397333332,2021-02-27 17:12:00+00:00,2021-02-28 06:21:00+00:00,13.15
2021-02-28,2021-02-28 06:21:00+00:00,2021-02-28 17:14:00+00:00,2021-02-28T07:21:00+01:00,2021-02-28T18:14:00+01:00,2021-02-28 06:24:28.055486976+00:00,2021-02-28 17:14:58.195033344+00:00,-1.509854163564538,-0.6960122382159419,100,5,False,False,False,-3.4675914496,-0.9699172224,2021-02-28 17:14:00+00:00,2021-03-01 06:18:00+00:00,13.066666666666666
2021-03-01,2021-03-01 06:18:00+00:00,2021-03-01 17:15:00+00:00,2021-03-01T07:18:00+01:00,2021-03-01T18:15:00+01:00,2021-03-01 06:22:17.107601408+00:00,2021-03-01 17:16:46.282247424+00:00,-1.5154586120004179,-0.7054098411023821,100,5,False,False,False,-4.285126690133334,-1.7713707904,2021-03-01 17:15:00+00:00,2021-03-02 06:16:00+00:00,13.016666666666667
2021-03-02,2021-03-02 06:16:00+00:00,2021-03-02 17:17:00+00:00,2021-03-02T07:16:00+01:00,2021-03-02T18:17:00+01:00,2021-03-02 06:20:05.449443328+00:00,2021-03-02 17:18:34.100556544+00:00,-1.5208279580143726,-0.7147119203748555,100,5,False,False,False,-4.090824055466666,-1.5683426090666666,2021-03-02 17:17:00+00:00,2021-03-03 06:14:00+00:00,12.95
2021-03-03,2021-03-03 06:14:00+00:00,2021-03-03 17:19:00+00:00,2021-03-03T07:14:00+01:00,2021-03-03T18:19:00+01:00,2021-03-03 06:17:53.117443328+00:00,2021-03-03 17:20:21.657826304+00:00,-1.5259567921515151,-0.723912719526935,100,5,False,False,False,-3.8852907221333335,-1.3609637717333334,2021-03-03 17:19:00+00:00,2021-03-04 06:12:00+00:00,12.883333333333333
2021-03-04,2021-03-04 06:12:00+00:00,2021-03-04 17:21:00+00:00,2021-03-04T07:12:00+01:00,2021-03-04T18:21:00+01:00,2021-03-04 06:15:40.147399424+00:00,2021-03-04 17:22:08.960884736+00:00,-1.530840001576629,-0.7330065800530041,100,5,False,False,False,-3.6691233237333334,-1.1493480789333332,2021-03-04 17:21:00+00:00,2021-03-05 06:09:00+00:00,12.8
2021-03-05,2021-03-05 06:09:00+00:00,2021-03-05 17:23:00+00:00,2021-03-05T07:09:00+01:00,2021-03-05T18:23:00+01:00,2021-03-05 06:13:26.574561280+00:00,2021-03-05 17:23:56.015291136+00:00,-1.5354727758476892,-0.7419879466001253,100,5,False,False,False,-4.442909354666667,-0.9335881856,2021-03-05 17:23:00+00:00,2021-03-06 06:07:00+00:00,12.733333333333333
2021-03-06,2021-03-06 06:07:00+00:00,2021-03-06 17:25:00+00:00,2021-03-06T07:07:00+01:00,2021-03-06T18:25:00+01:00,2021-03-06 06:11:12.433587200+00:00,2021-03-06 17:25:42.825440512+00:00,-1.5398506123276454,-0.7508513720046452,100,5,False,False,False,-4.207226453333333,-0.7137573418666666,2021-03-06 17:25:00+00:00,2021-03-07 06:05:00+00:00,12.666666666666666
2021-03-07,2021-03-07 06:05:00+00:00,2021-03-07 17:26:00+00:00,2021-03-07T07:05:00+01:00,2021-03-07T18:26:00+01:00,2021-03-07 06:08:57.758417408+00:00,2021-03-07 17:27:29.394823936+00:00,-1.5439693212281427,-0.759591522208022,100,5,False,False,False,-3.9626402901333337,-1.4899137322666667,2021-03-07 17:26:00+00:00,2021-03-08 06:03:00+00:00,12.616666666666667
2021-03-08,2021-03-08 06:03:00+00:00,2021-03-08 17:28:00+00:00,2021-03-08T07:03:00+01:00,2021-03-08T18:28:00+01:00,2021-03-08 06:06:42.582141952+00:00,2021-03-08 17:29:15.726329344+00:00,-1.5478250302792773,-0.7682031810465045,100,5,False,False,False,-3.709702365866667,-1.2621054890666668,2021-03-08 17:28:00+00:00,2021-03-09 06:00:00+00:00,12.533333333333333
2021-03-09,2021-03-09 06:00:00+00:00,2021-03-09 17:30:00+00:00,2021-03-09T07:00:00+01:00,2021-03-09T18:30:00+01:00,2021-03-09 06:04:26.936946176+00:00,2021-03-09 17:31:01.822539520+00:00,-1.5514141890199549,-0.7766812549094466,100,5,False,False,False,-4.448949102933333,-1.0303756586666666,2021-03-09 17:30:00+00:00,2021-03-10 05:58:00+00:00,12.466666666666667
2021-03-10,2021-03-10 05:58:00+00:00,2021-03-10 17:32:00+00:00,2021-03-10T06:58:00+01:00,2021-03-10T18:32:00+01:00,2021-03-10 06:02:10.854150144+00:00,2021-03-10 17:32:47.686029312+00:00,-1.554733572703845,-0.7850207772611784,100,5,False,False,False,-4.1809025023999995,-0.7947671552000001,2021-03-10 17:32:00+00:00,2021-03-11 05:56:00+00:00,12.4
2021-03-11,2021-03-11 05:56:00+00:00,2021-03-11 17:34:00+00:00,2021-03-11T06:56:00+01:00,2021-03-11T18:34:00+01:00,2021-03-11 05:59:54.364329984+00:00,2021-03-11 17:34:33.319634944+00:00,-1.5577802858163943,-0.7932169130215293,99,5,False,False,False,-3.9060721664,-0.5553272490666666,2021-03-11 17:34:00+00:00,2021-03-12 05:53:00+00:00,12.316666666666666
2021-03-12,2021-03-12 05:53:00+00:00,2021-03-12 17:36:00+00:00,2021-03-12T06:53:00+01:00,2021-03-12T18:36:00+01:00,2021-03-12 05:57:37.497487616+00:00,2021-03-12 17:36:18.726651648+00:00,-1.560551765198823,-0.8012649628002592,99,5,False,False,False,-4.6249581269333335,-0.3121108608,2021-03-12 17:36:00+00:00,2021-03-13 05:51:00+00:00,12.25
2021-03-13,2021-03-13 05:51:00+00:00,2021-03-13 17:37:00+00:00,2021-03-13T06:51:00+01:00,2021-03-13T18:37:00+01:00,2021-03-13 05:55:20.283243264+00:00,2021-03-13 17:38:03.910938112+00:00,-1.5630457827754918,-0.8091603669808151,99,5,False,False,False,-4.338054054400001,-1.0651823018666666,2021-03-13 17:37:00+00:00,2021-03-14 05:49:00+00:00,12.2
2021-03-14,2021-03-14 05:49:00+00:00,2021-03-14 17:39:00+00:00,2021-03-14T06:49:00+01:00,2021-03-14T18:39:00+01:00,2021-03-14 05:53:02.751037952+00:00,2021-03-14 17:39:48.876940288+00:00,-1.5652604478814958,-0.8168987096490223,99,5,False,False,False,-4.045850632533333,-0.8146156714666667,2021-03-14 17:39:00+00:00,2021-03-15 05:47:00+00:00,12.133333333333333
2021-03-15,2021-03-15 05:47:00+00:00,2021-03-15 17:41:00+00:00,2021-03-15T06:47:00+01:00,2021-03-15T18:41:00+01:00,2021-03-15 05:50:44.930314496+00:00,2021-03-15 17:41:33.629679872+00:00,-1.5671942091878244,-0.8244757223624843,99,5,False,False,False,-3.748838574933333,-0.5604946645333333,2021-03-15 17:41:00+00:00,2021-03-16 05:44:00+00:00,12.05
2021-03-16,2021-03-16 05:44:00+00:00,2021-03-16 17:43:00+00:00,2021-03-16T06:44:00+01:00,2021-03-16T18:43:00+01:00,2021-03-16 05:48:26.850654208+00:00,2021-03-16 17:43:18.174728448+00:00,-1.568845856221897,-0.83188728775666,99,5,False,False,False,-4.447510903466666,-0.3029121408,2021-03-16 17:43:00+00:00,2021-03-17 05:42:00+00:00,11.983333333333333
2021-03-17,2021-03-17 05:42:00+00:00,2021-03-17 17:45:00+00:00,2021-03-17T06:42:00+01:00,2021-03-17T18:45:00+01:00,2021-03-17 05:46:08.541844224+00:00,2021-03-17 17:45:02.518161664+00:00,-1.5702145204817652,-0.8391294429837773,99,5,False,False,False,-4.1423640704,-0.04196936106666667,2021-03-17 17:45:00+00:00,2021-03-18 05:40:00+00:00,11.916666666666666
2021-03-18,2021-03-18 05:40:00+00:00,2021-03-18 17:46:00+00:00,2021-03-18T06:40:00+01:00,2021-03-18T18:46:00+01:00,2021-03-18 05:43:50.033896448+00:00,2021-03-18 17:46:46.666503424+00:00,-1.5712996761427565,-0.8461983829809294,99,5,False,False,False,-3.8338982741333334,-0.7777750570666666,2021-03-18 17:46:00+00:00,2021-03-19 05:37:00+00:00,11.85
2021-03-19,2021-03-19 05:37:00+00:00,2021-03-19 17:48:00+00:00,2021-03-19T06:37:00+01:00,2021-03-19T18:48:00+01:00,2021-03-19 05:41:31.357038848+00:00,2021-03-19 17:48:30.626689280+00:00,-1.5721011403558212,-0.8530904635639093,99,5,False,False,False,-4.522617314133333,-0.5104448213333334,2021-03-19 17:48:00+00:00,2021-03-20 05:35:00+00:00,11.783333333333333
2021-03-20,2021-03-20 05:35:00+00:00,2021-03-20 17:50:00+00:00,2021-03-20T06:35:00+01:00,2021-03-20T18:50:00+01:00,2021-03-20 05:39:12.541701888+00:00,2021-03-20 17:50:14.406089216+00:00,-1.5726190731373195,-0.8598022043435289,99,5,False,False,False,-4.2090283648,-0.24010148693333333,2021-03-20 17:50:00+00:00,2021-03-21 05:33:00+00:00,11.716666666666667
2021-03-21,2021-03-21 05:33:00+00:00,2021-03-21 17:52:00+00:00,2021-03-21T06:33:00+01:00,2021-03-21T18:52:00+01:00,2021-03-21 05:36:53.618512896+00:00,2021-03-21 17:51:58.012609280+00:00,-1.57285397685048,-0.8663302914613897,99,5,False,False,False,-3.8936418816,0.03312317866666667,2021-03-21 17:52:00+00:00,2021-03-22 05:30:00+00:00,11.633333333333333
2021-03-22,2021-03-22 05:30:00+00:00,2021-03-22 17:53:00+00:00,2021-03-22T06:30:00+01:00,2021-03-22T18:53:00+01:00,2021-03-22 05:34:34.618299648+00:00,2021-03-22 17:53:41.454842368+00:00,-1.5728066952792394,-0.8726715801422668,99,5,False,False,False,-4.5769716608,-0.6909140394666667,2021-03-22 17:53:00+00:00,2021-03-23 05:28:00+00:00,11.583333333333334
2021-03-23,2021-03-23 05:28:00+00:00,2021-03-23 17:55:00+00:00,2021-03-23T06:28:00+01:00,2021-03-23T18:55:00+01:00,2021-03-23 05:32:15.572108032+00:00,2021-03-23 17:55:24.742256128+00:00,-1.5724784122956648,-0.8788230970604922,99,5,False,False,False,-4.259535133866667,-0.4123709354666667,2021-03-23 17:55:00+00:00,2021-03-24 05:26:00+00:00,11.516666666666667
2021-03-24,2021-03-24 05:26:00+00:00,2021-03-24 17:57:00+00:00,2021-03-24T06:26:00+01:00,2021-03-24T18:57:00+01:00,2021-03-24 05:29:56.511241728+00:00,2021-03-24 17:57:07.885431296+00:00,-1.5718706501226243,-0.884782042517939,99,5,False,False,False,-3.9418540288,-0.13142385493333333,2021-03-24 17:57:00+00:00,2021-03-25 05:23:00+00:00,11.433333333333334
2021-03-25,2021-03-25 05:23:00+00:00,2021-03-25 17:59:00+00:00,2021-03-25T06:23:00+01:00,2021-03-25T18:59:00+01:00,2021-03-25 05:27:37.467286016+00:00,2021-03-25 17:58:50.896363520+00:00,-1.5709852671938793,-0.890545792431416,99,5,False,False,False,-4.624454766933334,0.15172727466666666,2021-03-25 17:59:00+00:00,2021-03-26 05:21:00+00:00,11.366666666666667
2021-03-26,2021-03-26 05:21:00+00:00,2021-03-26 18:00:00+00:00,2021-03-26T06:21:00+01:00,2021-03-26T19:00:00+01:00,2021-03-26 05:25:18.472059136+00:00,2021-03-26 18:00:33.788754432+00:00,-1.5698244556142225,-0.8961119001275198,99,5,False,False,False,-4.307867652266666,-0.5631459071999999,2021-03-26 18:00:00+00:00,2021-03-27 05:19:00+00:00,11.316666666666666
2021-03-27,2021-03-27 05:19:00+00:00,2021-03-27 18:02:00+00:00,2021-03-27T06:19:00+01:00,2021-03-27T19:02:00+01:00,2021-03-27 05:22:59.557445888+00:00,2021-03-27 18:02:16.578100480+00:00,-1.5683907382227777,-0.9014780979432022,99,5,False,False,False,-3.992624098133333,-0.27630167466666666,2021-03-27 18:02:00+00:00,2021-03-28 05:16:00+00:00,11.233333333333333
2021-03-28,2021-03-28 05:16:00+00:00,2021-03-28 18:04:00+00:00,2021-03-28T07:16:00+02:00,2021-03-28T20:04:00+02:00,2021-03-28 05:20:40.755161344+00:00,2021-03-28 18:03:59.281361920+00:00,-1.5666869652630382,-0.9066422986305417,97,5,False,False,False,-4.679252689066667,0.011977301333333332,2021-03-28 18:04:00+00:00,2021-03-29 05:14:00+00:00,11.166666666666666
2021-03-29,2021-03-29 05:14:00+00:00,2021-03-29 18:06:00+00:00,2021-03-29T07:14:00+02:00,2021-03-29T20:06:00+02:00,2021-03-29 05:18:22.096566784+00:00,2021-03-29 18:05:41.916149248+00:00,-1.5647163106636965,-0.9116025965644355,96,5,False,False,False,-4.368276113066667,0.30139751253333336,2021-03-29 18:06:00+00:00,2021-03-30 05:12:00+00:00,11.1
2021-03-30,2021-03-30 05:12:00+00:00,2021-03-30 18:07:00+00:00,2021-03-30T07:12:00+02:00,2021-03-30T20:07:00+02:00,2021-03-30 05:16:03.612669440+00:00,2021-03-30 18:07:24.499619072+00:00,-1.56248226793477,-0.9163572687521544,96,5,False,False,False,-4.060211157333333,-0.4083269845333334,2021-03-30 18:07:00+00:00,2021-03-31 05:10:00+00:00,11.05
2021-03-31,2021-03-31 05:10:00+00:00,2021-03-31 18:09:00+00:00,2021-03-31T07:10:00+02:00,2021-03-31T20:09:00+02:00,2021-03-31 05:13:45.334340352+00:00,2021-03-31 18:09:07.047451136+00:00,-1.5599886456839893,-0.920904775643935,97,5,False,False,False,-3.7555723392,-0.11745751893333334,2021-03-31 18:09:00+00:00,2021-04-01 05:07:00+00:00,10.966666666666667
2021-04-01,2021-04-01 05:07:00+00:00,2021-04-01 18:11:00+00:00,2021-04-01T07:07:00+02:00,2021-04-01T20:11:00+02:00,2021-04-01 05:11:27.292627712+00:00,2021-04-01 18:10:49.573212672+00:00,-1.5572395627588635,-0.9252437617440133,96,5,False,False,False,-4.454877128533334,0.1737797888,2021-04-01 18:11:00+00:00,2021-04-02 05:05:00+00:00,10.9
2021-04-02,2021-04-02 05:05:00+00:00,2021-04-02 18:13:00+00:00,2021-04-02T07:05:00+02:00,2021-04-02T20:13:00+02:00,2021-04-02 05:09:09.518978816+00:00,2021-04-02 18:12:32.088183040+00:00,-1.5542394430202873,-0.9293730560217356,96,5,False,False,False,-4.158649646933333,0.46519694933333333,2021-04-02 18:13:00+00:00,2021-04-03 05:03:00+00:00,10.833333333333334
2021-04-03,2021-04-03 05:03:00+00:00,2021-04-03 18:14:00+00:00,2021-04-03T07:03:00+02:00,2021-04-03T20:14:00+02:00,2021-04-03 05:06:52.045239808+00:00,2021-04-03 18:14:14.601458432+00:00,-1.5509930097539775,-0.9332916721226109,96,5,False,False,False,-3.8674206634666666,-0.24335764053333334,2021-04-03 18:14:00+00:00,2021-04-04 05:00:00+00:00,10.766666666666667
2021-04-04,2021-04-04 05:00:00+00:00,2021-04-04 18:16:00+00:00,2021-04-04T07:00:00+02:00,2021-04-04T20:16:00+02:00,2021-04-04 05:04:34.903451648+00:00,2021-04-04 18:15:57.120092416+00:00,-1.5475052797264728,-0.9369988083794087,96,5,False,False,False,-4.581724194133333,0.04799845973333334,2021-04-04 18:16:00+00:00,2021-04-05 04:58:00+00:00,10.7
2021-04-05,2021-04-05 04:58:00+00:00,2021-04-05 18:18:00+00:00,2021-04-05T06:58:00+02:00,2021-04-05T20:18:00+02:00,2021-04-05 05:02:18.125582592+00:00,2021-04-05 18:17:39.649155328+00:00,-1.5437815568928412,-0.940493847623627,97,5,False,False,False,-4.3020930432,0.33918074453333336,2021-04-05 18:18:00+00:00,2021-04-06 04:56:00+00:00,10.633333333333333
2021-04-06,2021-04-06 04:56:00+00:00,2021-04-06 18:20:00+00:00,2021-04-06T06:56:00+02:00,2021-04-06T20:20:00+02:00,2021-04-06 05:00:01.743342592+00:00,2021-04-06 18:19:22.191756032+00:00,-1.5398274257636535,-0.9437763567978936,100,5,False,False,False,-4.029055709866666,0.6301373994666667,2021-04-06 18:20:00+00:00,2021-04-07 04:54:00+00:00,10.566666666666666
2021-04-07,2021-04-07 04:54:00+00:00,2021-04-07 18:21:00+00:00,2021-04-07T06:54:00+02:00,2021-04-07T20:21:00+02:00,2021-04-07 04:57:45.788142848+00:00,2021-04-07 18:21:04.749124096+00:00,-1.5356487444391886,-0.9468460863700923,97,5,False,False,False,-3.7631357141333335,-0.07915206826666667,2021-04-07 18:21:00+00:00,2021-04-08 04:51:00+00:00,10.5
2021-04-08,2021-04-08 04:51:00+00:00,2021-04-08 18:23:00+00:00,2021-04-08T06:51:00+02:00,2021-04-08T20:23:00+02:00,2021-04-08 04:55:30.291179008+00:00,2021-04-08 18:22:47.320792320+00:00,-1.5312516373192337,-0.9497029695502328,99,5,False,False,False,-4.504852983466666,0.211320128,2021-04-08 18:23:00+00:00,2021-04-09 04:49:00+00:00,10.433333333333334
2021-04-09,2021-04-09 04:49:00+00:00,2021-04-09 18:25:00+00:00,2021-04-09T06:49:00+02:00,2021-04-09T20:25:00+02:00,2021-04-09 04:53:15.283571200+00:00,2021-04-09 18:24:29.904815616+00:00,-1.5266424874972122,-0.9523471213113125,100,5,False,False,False,-4.254726186666667,0.5015864064,2021-04-09 18:25:00+00:00,2021-04-10 04:47:00+00:00,10.366666666666667
2021-04-10,2021-04-10 04:47:00+00:00,2021-04-10 18:27:00+00:00,2021-04-10T06:47:00+02:00,2021-04-10T20:27:00+02:00,2021-04-10 04:51:00.796531200+00:00,2021-04-10 18:26:12.497949952+00:00,-1.5218279288477683,-0.9547788372156449,98,5,False,False,False,-4.01327552,0.7917008341333334,2021-04-10 18:27:00+00:00,2021-04-11 04:45:00+00:00,10.3
2021-04-11,2021-04-11 04:45:00+00:00,2021-04-11 18:28:00+00:00,2021-04-11T06:45:00+02:00,2021-04-11T20:28:00+02:00,2021-04-11 04:48:46.861536768+00:00,2021-04-11 18:27:55.095762944+00:00,-1.5168148378172797,-0.9569985920483519,99,5,False,False,False,-3.7810256128,0.08173728426666667,2021-04-11 18:28:00+00:00,2021-04-12 04:43:00+00:00,10.25
2021-04-12,2021-04-12 04:43:00+00:00,2021-04-12 18:30:00+00:00,2021-04-12T06:43:00+02:00,2021-04-12T20:30:00+02:00,2021-04-12 04:46:33.510497024+00:00,2021-04-12 18:29:37.692690944+00:00,-1.5116103249271375,-0.959007038259942,100,5,False,False,False,-3.558508283733333,0.37178848426666666,2021-04-12 18:30:00+00:00,2021-04-13 04:40:00+00:00,10.166666666666666
2021-04-13,2021-04-13 04:40:00+00:00,2021-04-13 18:32:00+00:00,2021-04-13T06:40:00+02:00,2021-04-13T20:32:00+02:00,2021-04-13 04:44:20.775886848+00:00,2021-04-13 18:31:20.282062336+00:00,-1.5062217259999628,-0.9608050042201142,100,5,False,False,False,-4.3462647808,0.6619656277333333,2021-04-13 18:32:00+00:00,2021-04-14 04:38:00+00:00,10.1
2021-04-14,2021-04-14 04:38:00+00:00,2021-04-14 18:33:00+00:00,2021-04-14T06:38:00+02:00,2021-04-14T20:33:00+02:00,2021-04-14 04:42:08.690823168+00:00,2021-04-14 18:33:02.856078336+00:00,-1.5006565931192628,-0.9623934922851447,99,5,False,False,False,-4.1448470528,-0.0476013056,2021-04-14 18:33:00+00:00,2021-04-15 04:36:00+00:00,10.05
2021-04-15,2021-04-15 04:36:00+00:00,2021-04-15 18:35:00+00:00,2021-04-15T06:36:00+02:00,2021-04-15T20:35:00+02:00,2021-04-15 04:39:57.289105920+00:00,2021-04-15 18:34:45.405760512+00:00,-1.4949226853333413,-0.9637736766814315,100,5,False,False,False,-3.954818432,0.2432373248,2021-04-15 18:35:00+00:00,2021-04-16 04:34:00+00:00,9.983333333333333
2021-04-16,2021-04-16 04:34:00+00:00,2021-04-16 18:37:00+00:00,2021-04-16T06:34:00+02:00,2021-04-16T20:37:00+02:00,2021-04-16 04:37:46.605244416+00:00,2021-04-16 18:36:27.920909824+00:00,-1.4890279591145883,-0.9649469012079772,100,5,False,False,False,-3.7767540736000003,0.5346515029333333,2021-04-16 18:37:00+00:00,2021-04-17 04:32:00+00:00,9.916666666666666
2021-04-17,2021-04-17 04:32:00+00:00,2021-04-17 18:39:00+00:00,2021-04-17T06:32:00+02:00,2021-04-17T20:39:00+02:00,2021-04-17 04:35:36.674486272+00:00,2021-04-17 18:38:10.390143744+00:00,-1.4829805585855529,-0.9659146767608027,100,5,False,False,False,-3.6112414378666666,0.8268309376,2021-04-17 18:39:00+00:00,2021-04-18 04:30:00+00:00,9.85
2021-04-18,2021-04-18 04:30:00+00:00,2021-04-18 18:40:00+00:00,2021-04-18T06:30:00+02:00,2021-04-18T20:40:00+02:00,2021-04-18 04:33:27.532840704+00:00,2021-04-18 18:39:52.801039104+00:00,-1.4767888055234906,-0.9666786786824889,100,5,False,False,False,-3.4588806784,0.1199826816,2021-04-18 18:40:00+00:00,2021-04-19 04:27:00+00:00,9.783333333333333
2021-04-19,2021-04-19 04:27:00+00:00,2021-04-19 18:42:00+00:00,2021-04-19T06:27:00+02:00,2021-04-19T20:42:00+02:00,2021-04-19 04:31:19.217090048+00:00,2021-04-19 18:41:35.140343296+00:00,-1.470461189155328,-0.9672407439402391,100,5,False,False,False,-4.320284834133333,0.4143276117333333,2021-04-19 18:42:00+00:00,2021-04-20 04:25:00+00:00,9.716666666666667
2021-04-20,2021-04-20 04:25:00+00:00,2021-04-20 18:44:00+00:00,2021-04-20T06:25:00+02:00,2021-04-20T20:44:00+02:00,2021-04-20 04:29:11.764815360+00:00,2021-04-20 18:43:17.394216960+00:00,-1.4640063557552463,-0.9676028681360589,100,5,False,False,False,-4.196080256,0.710096384,2021-04-20 18:44:00+00:00,2021-04-21 04:23:00+00:00,9.65
2021-04-21,2021-04-21 04:23:00+00:00,2021-04-21 18:45:00+00:00,2021-04-21T06:23:00+02:00,2021-04-21T20:45:00+02:00,2021-04-21 04:27:05.214465280+00:00,2021-04-21 18:44:59.548520960+00:00,-1.4574330980573107,-0.9677672023528339,100,5,False,False,False,-4.086907754666667,0.007524650666666666,2021-04-21 18:45:00+00:00,2021-04-22 04:21:00+00:00,9.6
2021-04-22,2021-04-22 04:21:00+00:00,2021-04-22 18:47:00+00:00,2021-04-22T06:21:00+02:00,2021-04-22T20:47:00+02:00,2021-04-22 04:24:59.605447936+00:00,2021-04-22 18:46:41.589170688+00:00,-1.450750344495794,-0.9677360498402796,100,5,False,False,False,-3.9934241322666666,0.3068471552,2021-04-22 18:47:00+00:00,2021-04-23 04:19:00+00:00,9.533333333333333
2021-04-23,2021-04-23 04:19:00+00:00,2021-04-23 18:49:00+00:00,2021-04-23T06:19:00+02:00,2021-04-23T20:49:00+02:00,2021-04-23 04:22:54.978155008+00:00,2021-04-23 18:48:23.502520320+00:00,-1.4439671482860514,-0.9675118625449155,100,5,False,False,False,-3.9163025834666665,0.608291328,2021-04-23 18:49:00+00:00,2021-04-24 04:17:00+00:00,9.466666666666667
2021-04-24,2021-04-24 04:17:00+00:00,2021-04-24 18:51:00+00:00,2021-04-24T06:17:00+02:00,2021-04-24T20:51:00+02:00,2021-04-24 04:20:51.373822976+00:00,2021-04-24 18:50:05.275583744+00:00,-1.437092676358979,-0.967097237488399,100,5,False,False,False,-3.8562303829333335,0.9120736042666666,2021-04-24 18:51:00+00:00,2021-04-25 04:15:00+00:00,9.4
2021-04-25,2021-04-25 04:15:00+00:00,2021-04-25 18:52:00+00:00,2021-04-25T06:15:00+02:00,2021-04-25T20:52:00+02:00,2021-04-25 04:18:48.834238208+00:00,2021-04-25 18:51:46.895849216+00:00,-1.4301361981622822,-0.9664949129987196,100,5,False,False,False,-3.813903970133333,0.21840251306666666,2021-04-25 18:52:00+00:00,2021-04-26 04:13:00+00:00,9.35
2021-04-26,2021-04-26 04:13:00+00:00,2021-04-26 18:54:00+00:00,2021-04-26T06:13:00+02:00,2021-04-26T20:54:00+02:00,2021-04-26 04:16:47.401430528+00:00,2021-04-26 18:53:28.350578432+00:00,-1.4231070743419154,-0.9657077647989271,100,5,False,False,False,-3.790023842133333,0.5274903594666667,2021-04-26 18:54:00+00:00,2021-04-27 04:11:00+00:00,9.283333333333333
2021-04-27,2021-04-27 04:11:00+00:00,2021-04-27 18:56:00+00:00,2021-04-27T06:11:00+02:00,2021-04-27T20:56:00+02:00,2021-04-27 04:14:47.117573376+00:00,2021-04-27 18:55:09.625769216+00:00,-1.4160147453172098,-0.9647388019582261,100,5,False,False,False,-3.7852928896,0.8395705130666666,2021-04-27 18:56:00+00:00,2021-04-28 04:09:00+00:00,9.216666666666667
2021-04-28,2021-04-28 04:09:00+00:00,2021-04-28 18:57:00+00:00,2021-04-28T06:09:00+02:00,2021-04-28T20:57:00+02:00,2021-04-28 04:12:48.025194496+00:00,2021-04-28 18:56:50.705143808+00:00,-1.4088687197633338,-0.9635911627104277,100,5,False,False,False,-3.800419908266667,0.15491426986666665,2021-04-28 18:57:00+00:00,2021-04-29 04:07:00+00:00,9.166666666666666
2021-04-29,2021-04-29 04:07:00+00:00,2021-04-29 18:59:00+00:00,2021-04-29T06:07:00+02:00,2021-04-29T20:59:00+02:00,2021-04-29 04:10:50.167598080+00:00,2021-04-29 18:58:31.569502720+00:00,-1.40167856301482,-0.9622681101448897,100,5,False,False,False,-3.836126634666667,0.47384162133333335,2021-04-29 18:59:00+00:00,2021-04-30 04:05:00+00:00,9.1
2021-04-30,2021-04-30 04:05:00+00:00,2021-04-30 19:01:00+00:00,2021-04-30T06:05:00+02:00,2021-04-30T21:01:00+02:00,2021-04-30 04:08:53.589238016+00:00,2021-04-30 19:00:12.196505344+00:00,-1.3944538854040174,-0.9607730277752372,100,5,False,False,False,-3.8931539669333333,0.7967249109333333,2021-04-30 19:01:00+00:00,2021-05-01 04:03:00+00:00,9.033333333333333
2021-05-01,2021-05-01 04:03:00+00:00,2021-05-01 19:02:00+00:00,2021-05-01T06:03:00+02:00,2021-05-01T21:02:00+02:00,2021-05-01 04:06:58.335809280+00:00,2021-05-01 19:01:52.560700928+00:00,-1.3872043305483703,-0.9591094149912744,100,5,False,False,False,-3.9722634880000003,0.12398831786666667,2021-05-01 19:02:00+00:00,2021-05-02 04:02:00+00:00,9.0
2021-05-02,2021-05-02 04:02:00+00:00,2021-05-02 19:04:00+00:00,2021-05-02T06:02:00+02:00,2021-05-02T21:04:00+02:00,2021-05-02 04:05:04.453998592+00:00,2021-05-02 19:03:32.633550848+00:00,-1.3799395636005125,-0.957280882399641,100,5,False,False,False,-3.0742333098666665,0.45610748586666666,2021-05-02 19:04:00+00:00,2021-05-03 04:00:00+00:00,8.933333333333334
2021-05-03,2021-05-03 04:00:00+00:00,2021-05-03 19:06:00+00:00,2021-05-03T06:00:00+02:00,2021-05-03T21:06:00+02:00,2021-05-03 04:03:11.991041280+00:00,2021-05-03 19:05:12.383343360+00:00,-1.3726692594751937,-0.9552911470588864,100,5,False,False,False,-3.1998506879999997,0.793610944,2021-05-03 19:06:00+00:00,2021-05-04 03:58:00+00:00,8.866666666666667
2021-05-04,2021-05-04 03:58:00+00:00,2021-05-04 19:07:00+00:00,2021-05-04T05:58:00+02:00,2021-05-04T21:07:00+02:00,2021-05-04 04:01:20.994302720+00:00,2021-05-04 19:06:51.775073024+00:00,-1.3654030910670807,-0.9531440276147534,100,5,False,False,False,-3.3499050453333337,0.1370821162666667,2021-05-04 19:07:00+00:00,2021-05-05 03:56:00+00:00,8.816666666666666
2021-05-05,2021-05-05 03:56:00+00:00,2021-05-05 19:09:00+00:00,2021-05-05T05:56:00+02:00,2021-05-05T21:09:00+02:00,2021-05-05 03:59:31.511044864+00:00,2021-05-05 19:08:30.770424576+00:00,-1.3581507174735032,-0.9508434393415721,100,5,False,False,False,-3.525184081066667,0.4871595904,2021-05-05 19:09:00+00:00,2021-05-06 03:54:00+00:00,8.75
2021-05-06,2021-05-06 03:54:00+00:00,2021-05-06 19:10:00+00:00,2021-05-06T05:54:00+02:00,2021-05-06T21:10:00+02:00,2021-05-06 03:57:43.588392448+00:00,2021-05-06 19:10:09.327911424+00:00,-1.350921772236182,-0.9483933890957718,100,5,False,False,False,-3.726473207466667,-0.1554651904,2021-05-06 19:10:00+00:00,2021-05-07 03:53:00+00:00,8.716666666666667
2021-05-07,2021-05-07 03:53:00+00:00,2021-05-07 19:12:00+00:00,2021-05-07T05:53:00+02:00,2021-05-07T21:12:00+02:00,2021-05-07 03:55:57.273433088+00:00,2021-05-07 19:11:47.403112448+00:00,-1.3437258516159778,-0.9457979701876071,100,5,False,False,False,-2.954557218133333,0.20994812586666667,2021-05-07 19:12:00+00:00,2021-05-08 03:51:00+00:00,8.65
2021-05-08,2021-05-08 03:51:00+00:00,2021-05-08 19:14:00+00:00,2021-05-08T05:51:00+02:00,2021-05-08T21:14:00+02:00,2021-05-08 03:54:12.613361920+00:00,2021-05-08 19:13:24.948914432+00:00,-1.3365725029146418,-0.9430613571772958,100,5,False,False,False,-3.2102226986666667,0.5841847594666666,2021-05-08 19:14:00+00:00,2021-05-09 03:49:00+00:00,8.583333333333334
2021-05-09,2021-05-09 03:49:00+00:00,2021-05-09 19:15:00+00:00,2021-05-09T05:49:00+02:00,2021-05-09T21:15:00+02:00,2021-05-09 03:52:29.655621888+00:00,2021-05-09 19:15:01.915716864+00:00,-1.3294712128575035,-0.940187800601833,100,5,False,False,False,-3.4942603648,-0.0319286144,2021-05-09 19:15:00+00:00,2021-05-10 03:48:00+00:00,8.55
2021-05-10,2021-05-10 03:48:00+00:00,2021-05-10 19:17:00+00:00,2021-05-10T05:48:00+02:00,2021-05-10T21:17:00+02:00,2021-05-10 03:50:48.448008704+00:00,2021-05-10 19:16:38.251596032+00:00,-1.3224313960509506,-0.9371816216388349,100,5,False,False,False,-2.8074668117333332,0.3624733994666667,2021-05-10 19:17:00+00:00,2021-05-11 03:46:00+00:00,8.483333333333333
2021-05-11,2021-05-11 03:46:00+00:00,2021-05-11 19:18:00+00:00,2021-05-11T05:46:00+02:00,2021-05-11T21:18:00+02:00,2021-05-11 03:49:09.038731008+00:00,2021-05-11 19:18:13.902431232+00:00,-1.315462383528474,-0.9340472067138192,101,6,False,False,False,-3.1506455168,-0.2317071872,2021-05-11 19:18:00+00:00,2021-05-12 03:44:00+00:00,8.433333333333334
2021-05-12,2021-05-12 03:44:00+00:00,2021-05-12 19:20:00+00:00,2021-05-12T05:44:00+02:00,2021-05-12T21:20:00+02:00,2021-05-12 03:47:31.476426496+00:00,2021-05-12 19:19:48.811969792+00:00,-1.308573411398936,-0.9307890020573975,102,6,False,False,False,-3.5246071082666663,0.18646717013333333,2021-05-12 19:20:00+00:00,2021-05-13 03:43:00+00:00,8.383333333333333
2021-05-13,2021-05-13 03:43:00+00:00,2021-05-13 19:22:00+00:00,2021-05-13T05:43:00+02:00,2021-05-13T21:22:00+02:00,2021-05-13 03:45:55.810152960+00:00,2021-05-13 19:21:22.921843456+00:00,-1.3017736096106076,-0.9274115082189013,103,6,False,False,False,-2.9301692160000004,0.6179692757333334,2021-05-13 19:22:00+00:00,2021-05-14 03:41:00+00:00,8.316666666666666
2021-05-14,2021-05-14 03:41:00+00:00,2021-05-14 19:23:00+00:00,2021-05-14T05:41:00+02:00,2021-05-14T21:23:00+02:00,2021-05-14 03:44:22.089370368+00:00,2021-05-14 19:22:56.171600640+00:00,-1.2950719908443706,-0.9239192745430095,104,6,False,False,False,-3.3681561728,0.063806656,2021-05-14 19:23:00+00:00,2021-05-15 03:40:00+00:00,8.283333333333333
2021-05-15,2021-05-15 03:40:00+00:00,2021-05-15 19:25:00+00:00,2021-05-15T05:40:00+02:00,2021-05-15T21:25:00+02:00,2021-05-15 03:42:50.363924224+00:00,2021-05-15 19:24:28.498840320+00:00,-1.2884774395493415,-0.9203168936159776,105,6,False,False,False,-2.8393987370666665,0.5250193280000001,2021-05-15 19:25:00+00:00,2021-05-16 03:38:00+00:00,8.216666666666667
2021-05-16,2021-05-16 03:38:00+00:00,2021-05-16 19:26:00+00:00,2021-05-16T05:38:00+02:00,2021-05-16T21:26:00+02:00,2021-05-16 03:41:20.684014336+00:00,2021-05-16 19:25:59.839483904+00:00,-1.2819987011339873,-0.9166089956881007,106,6,False,False,False,-3.3447335722666667,0.002675268266666667,2021-05-16 19:26:00+00:00,2021-05-17 03:37:00+00:00,8.183333333333334
2021-05-17,2021-05-17 03:37:00+00:00,2021-05-17 19:28:00+00:00,2021-05-17T05:37:00+02:00,2021-05-17T21:28:00+02:00,2021-05-17 03:39:53.100149248+00:00,2021-05-17 19:27:30.128142336+00:00,-1.2756443713256347,-0.9128002430790616,106,6,False,False,False,-2.8850024874666667,0.4978642944,2021-05-17 19:28:00+00:00,2021-05-18 03:36:00+00:00,8.133333333333333
2021-05-18,2021-05-18 03:36:00+00:00,2021-05-18 19:29:00+00:00,2021-05-18T05:36:00+02:00,2021-05-18T21:29:00+02:00,2021-05-18 03:38:27.663110144+00:00,2021-05-18 19:28:59.298515968+00:00,-1.2694228857110588,-0.908895324572823,106,6,False,False,False,-2.4610518357333335,0.011691400533333333,2021-05-18 19:29:00+00:00,2021-05-19 03:34:00+00:00,8.083333333333334
2021-05-19,2021-05-19 03:34:00+00:00,2021-05-19 19:31:00+00:00,2021-05-19T05:34:00+02:00,2021-05-19T21:31:00+02:00,2021-05-19 03:37:04.423964928+00:00,2021-05-19 19:30:27.283835904+00:00,-1.2633425094706319,-0.9048989498087334,106,6,False,False,False,-3.0737327488,0.5452694016,2021-05-19 19:31:00+00:00,2021-05-20 03:33:00+00:00,8.033333333333333
2021-05-20,2021-05-20 03:33:00+00:00,2021-05-20 19:32:00+00:00,2021-05-20T05:33:00+02:00,2021-05-20T21:32:00+02:00,2021-05-20 03:35:43.434121728+00:00,2021-05-20 19:31:54.017374976+00:00,-1.257411327318277,-0.9008158436755087,107,6,False,False,False,-2.7239020288,0.09971041706666667,2021-05-20 19:32:00+00:00,2021-05-21 03:32:00+00:00,8.0
2021-05-21,2021-05-21 03:32:00+00:00,2021-05-21 19:33:00+00:00,2021-05-21T05:32:00+02:00,2021-05-21T21:33:00+02:00,2021-05-21 03:34:24.745329664+00:00,2021-05-21 19:33:19.433017856+00:00,-1.2516372336592296,-0.8966507407147415,108,6,False,False,False,-2.4124221610666665,-0.32388363093333333,2021-05-21 19:33:00+00:00,2021-05-22 03:30:00+00:00,7.95
2021-05-22,2021-05-22 03:30:00+00:00,2021-05-22 19:35:00+00:00,2021-05-22T05:30:00+02:00,2021-05-22T21:35:00+02:00,2021-05-22 03:33:08.409514752+00:00,2021-05-22 19:34:43.465723392+00:00,-1.246027922977349,-0.8924083795405682,109,6,False,False,False,-3.1401585792,0.2755712768,2021-05-22 19:35:00+00:00,2021-05-23 03:29:00+00:00,7.9
2021-05-23,2021-05-23 03:29:00+00:00,2021-05-23 19:36:00+00:00,2021-05-23T05:29:00+02:00,2021-05-23T21:36:00+02:00,2021-05-23 03:31:54.478409472+00:00,2021-05-23 19:36:06.051648256+00:00,-1.2405908804634462,-0.8880934972821013,110,6,False,False,False,-2.9079734912000004,-0.10086080426666667,2021-05-23 19:36:00+00:00,2021-05-24 03:28:00+00:00,7.866666666666666
2021-05-24,2021-05-24 03:28:00+00:00,2021-05-24 19:37:00+00:00,2021-05-24T05:28:00+02:00,2021-05-24T21:37:00+02:00,2021-05-24 03:30:43.003112192+00:00,2021-05-24 19:37:27.127801600+00:00,-1.235333372895812,-0.8837108240551943,111,6,False,False,False,-2.7167185365333335,-0.4521300266666667,2021-05-24 19:37:00+00:00,2021-05-25 03:27:00+00:00,7.833333333333333
2021-05-25,2021-05-25 03:27:00+00:00,2021-05-25 19:39:00+00:00,2021-05-25T05:27:00+02:00,2021-05-25T21:39:00+02:00,2021-05-25 03:29:34.033794048+00:00,2021-05-25 19:38:46.631341568+00:00,-1.2302624397838289,-0.8792650774700654,112,6,False,False,False,-2.5672299008,0.22281097386666668,2021-05-25 19:39:00+00:00,2021-05-26 03:26:00+00:00,7.783333333333333
2021-05-26,2021-05-26 03:26:00+00:00,2021-05-26 19:40:00+00:00,2021-05-26T05:26:00+02:00,2021-05-26T21:40:00+02:00,2021-05-26 03:28:27.619741952+00:00,2021-05-26 19:40:04.498816+00:00,-1.2253848847852316,-0.8747609571812586,113,6,False,False,False,-2.460329032533333,-0.07498026666666666,2021-05-26 19:40:00+00:00,2021-05-27 03:25:00+00:00,7.75
2021-05-27,2021-05-27 03:25:00+00:00,2021-05-27 19:41:00+00:00,2021-05-27T05:25:00+02:00,2021-05-27T21:41:00+02:00,2021-05-27 03:27:23.809690112+00:00,2021-05-27 19:41:20.665639680+00:00,-1.220707267407263,-0.8702031394863555,114,6,False,False,False,-2.3968281685333332,-0.34442732800000003,2021-05-27 19:41:00+00:00,2021-05-28 03:24:00+00:00,7.716666666666667
2021-05-28,2021-05-28 03:24:00+00:00,2021-05-28 19:42:00+00:00,2021-05-28T05:24:00+02:00,2021-05-28T21:42:00+02:00,2021-05-28 03:26:22.652185600+00:00,2021-05-28 19:42:35.065917440+00:00,-1.2162358950016292,-0.8655962719797945,115,6,False,False,False,-2.3775364266666665,-0.5844319573333333,2021-05-28 19:42:00+00:00,2021-05-29 03:23:00+00:00,7.683333333333334
2021-05-29,2021-05-29 03:23:00+00:00,2021-05-29 19:44:00+00:00,2021-05-29T05:23:00+02:00,2021-05-29T21:44:00+02:00,2021-05-29 03:25:24.195667456+00:00,2021-05-29 19:43:47.632495872+00:00,-1.2119768150628099,-0.86094496826807,116,6,False,False,False,-2.4032611242666664,0.2061250688,2021-05-29 19:44:00+00:00,2021-05-30 03:22:00+00:00,7.633333333333334
2021-05-30,2021-05-30 03:22:00+00:00,2021-05-30 19:45:00+00:00,2021-05-30T05:22:00+02:00,2021-05-30T21:45:00+02:00,2021-05-30 03:24:28.488091904+00:00,2021-05-30 19:44:58.297073664+00:00,-1.2079358078389182,-0.8562538027525138,117,6,False,False,False,-2.474801531733333,0.0283821056,2021-05-30 19:45:00+00:00,2021-05-31 03:21:00+00:00,7.6
2021-05-31,2021-05-31 03:21:00+00:00,2021-05-31 19:46:00+00:00,2021-05-31T05:21:00+02:00,2021-05-31T21:46:00+02:00,2021-05-31 03:23:35.576201728+00:00,2021-05-31 19:46:06.990286080+00:00,-1.2041183792639376,-0.8515273054857647,117,6,False,False,False,-2.592936695466667,-0.116504768,2021-05-31 19:46:00+00:00,2021-06-01 03:20:00+00:00,7.566666666666666
2021-06-01,2021-06-01 03:20:00+00:00,2021-06-01 19:47:00+00:00,2021-06-01T05:20:00+02:00,2021-06-01T21:47:00+02:00,2021-06-01 03:22:45.504712448+00:00,2021-06-01 19:47:13.641801984+00:00,-1.2005297542197695,-0.8467699571079419,117,6,False,False,False,-2.758411874133333,-0.22736336640000002,2021-06-01 19:47:00+00:00,2021-06-02 03:19:00+00:00,7.533333333333333
2021-06-02,2021-06-02 03:19:00+00:00,2021-06-02 19:48:00+00:00,2021-06-02T05:19:00+02:00,2021-06-02T21:48:00+02:00,2021-06-02 03:21:58.315688704+00:00,2021-06-02 19:48:18.180509952+00:00,-1.1971748701361464,-0.8419861838684308,117,6,False,False,False,-2.971928145066667,-0.3030084992,2021-06-02 19:48:00+00:00,2021-06-03 03:19:00+00:00,7.516666666666667
2021-06-03,2021-06-03 03:19:00+00:00,2021-06-03 19:49:00+00:00,2021-06-03T05:19:00+02:00,2021-06-03T21:49:00+02:00,2021-06-03 03:21:14.048226560+00:00,2021-06-03 19:49:20.534826240+00:00,-1.1940583709360564,-0.8371803527390866,117,6,False,False,False,-2.234137109333333,-0.342247104,2021-06-03 19:49:00+00:00,2021-06-04 03:18:00+00:00,7.483333333333333
2021-06-04,2021-06-04 03:18:00+00:00,2021-06-04 19:50:00+00:00,2021-06-04T05:18:00+02:00,2021-06-04T21:50:00+02:00,2021-06-04 03:20:32.738385664+00:00,2021-06-04 19:50:20.633082880+00:00,-1.1911846013339114,-0.8323567666245387,117,6,False,False,False,-2.5456397610666666,-0.34388471466666665,2021-06-04 19:50:00+00:00,2021-06-05 03:17:00+00:00,7.45
2021-06-05,2021-06-05 03:17:00+00:00,2021-06-05 19:51:00+00:00,2021-06-05T05:17:00+02:00,2021-06-05T21:51:00+02:00,2021-06-05 03:19:54.419226624+00:00,2021-06-05 19:51:18.403946752+00:00,-1.1885576014932804,-0.8275196596751575,116,6,False,False,False,-2.9069871104000002,-0.30673244586666665,2021-06-05 19:51:00+00:00,2021-06-06 03:17:00+00:00,7.433333333333334
2021-06-06,2021-06-06 03:17:00+00:00,2021-06-06 19:52:00+00:00,2021-06-06T05:17:00+02:00,2021-06-06T21:52:00+02:00,2021-06-06 03:19:19.120845056+00:00,2021-06-06 19:52:13.776831744+00:00,-1.1861811020505746,-0.8226731927081192,117,6,False,False,False,-2.3186807509333334,-0.2296138624,2021-06-06 19:52:00+00:00,2021-06-07 03:16:00+00:00,7.4
2021-06-07,2021-06-07 03:16:00+00:00,2021-06-07 19:52:00+00:00,2021-06-07T05:16:00+02:00,2021-06-07T21:52:00+02:00,2021-06-07 03:18:46.870353152+00:00,2021-06-07 19:53:06.682285824+00:00,-1.1840585195106335,-0.8178214487418629,118,6,False,False,False,-2.7811725525333335,-1.1113714304,2021-06-07 19:52:00+00:00,2021-06-08 03:16:00+00:00,7.4
2021-06-08,2021-06-08 03:16:00+00:00,2021-06-08 19:53:00+00:00,2021-06-08T05:16:00+02:00,2021-06-08T21:53:00+02:00,2021-06-08 03:18:17.691822080+00:00,2021-06-08 19:53:57.052321280+00:00,-1.182192952019734,-0.8129684286490949,119,6,False,False,False,-2.2948637013333335,-0.9508720213333334,2021-06-08 19:53:00+00:00,2021-06-09 03:15:00+00:00,7.366666666666666
2021-06-09,2021-06-09 03:15:00+00:00,2021-06-09 19:54:00+00:00,2021-06-09T05:15:00+02:00,2021-06-09T21:54:00+02:00,2021-06-09 03:17:51.606196736+00:00,2021-06-09 19:54:44.820656640+00:00,-1.1805871755210742,-0.8081180469333481,120,6,False,False,False,-2.860103278933333,-0.747010944,2021-06-09 19:54:00+00:00,2021-06-10 03:15:00+00:00,7.35
2021-06-10,2021-06-10 03:15:00+00:00,2021-06-10 19:55:00+00:00,2021-06-10T05:15:00+02:00,2021-06-10T21:55:00+02:00,2021-06-10 03:17:28.631200256+00:00,2021-06-10 19:55:29.922893824+00:00,-1.1792436402973427,-0.8032741276339457,120,6,False,False,False,-2.4771866709333334,-0.49871489706666666,2021-06-10 19:55:00+00:00,2021-06-11 03:15:00+00:00,7.333333333333333
2021-06-11,2021-06-11 03:15:00+00:00,2021-06-11 19:55:00+00:00,2021-06-11T05:15:00+02:00,2021-06-11T21:55:00+02:00,2021-06-11 03:17:08.781233664+00:00,2021-06-11 19:56:12.296697600+00:00,-1.178164467904528,-0.7984404003640647,120,6,False,False,False,-2.1463538944000002,-1.20494496,2021-06-11 19:55:00+00:00,2021-06-12 03:14:00+00:00,7.316666666666666
2021-06-12,2021-06-12 03:14:00+00:00,2021-06-12 19:56:00+00:00,2021-06-12T05:14:00+02:00,2021-06-12T21:56:00+02:00,2021-06-12 03:16:52.067286784+00:00,2021-06-12 19:56:51.882056192+00:00,-1.1773514485006364,-0.7936204964864217,120,6,False,False,False,-2.8677881130666667,-0.8647009365333334,2021-06-12 19:56:00+00:00,2021-06-13 03:14:00+00:00,7.3
2021-06-13,2021-06-13 03:14:00+00:00,2021-06-13 19:57:00+00:00,2021-06-13T05:14:00+02:00,2021-06-13T21:57:00+02:00,2021-06-13 03:16:38.496880896+00:00,2021-06-13 19:57:28.621650432+00:00,-1.176806038572545,-0.7888179454309416,120,6,False,False,False,-2.6416146815999997,-0.4770275072,2021-06-13 19:57:00+00:00,2021-06-14 03:14:00+00:00,7.283333333333333
2021-06-14,2021-06-14 03:14:00+00:00,2021-06-14 19:57:00+00:00,2021-06-14T05:14:00+02:00,2021-06-14T21:57:00+02:00,2021-06-14 03:16:28.074044928+00:00,2021-06-14 19:58:02.461292800+00:00,-1.1765293590637171,-0.7840361711585858,120,6,False,False,False,-2.4679007488,-1.0410215466666668,2021-06-14 19:57:00+00:00,2021-06-15 03:14:00+00:00,7.283333333333333
2021-06-15,2021-06-15 03:14:00+00:00,2021-06-15 19:58:00+00:00,2021-06-15T05:14:00+02:00,2021-06-15T21:58:00+02:00,2021-06-15 03:16:20.799341056+00:00,2021-06-15 19:58:33.350387456+00:00,-1.1765221939050516,-0.7792784887753396,120,6,False,False,False,-2.3466556842666666,-0.5558397909333334,2021-06-15 19:58:00+00:00,2021-06-16 03:14:00+00:00,7.266666666666667
2021-06-16,2021-06-16 03:14:00+00:00,2021-06-16 19:58:00+00:00,2021-06-16T05:14:00+02:00,2021-06-16T21:58:00+02:00,2021-06-16 03:16:16.669943296+00:00,2021-06-16 19:59:01.242406656+00:00,-1.1767849889506423,-0.7745481013001766,120,6,False,False,False,-2.277832388266667,-1.0207067776,2021-06-16 19:58:00+00:00,2021-06-17 03:14:00+00:00,7.266666666666667
2021-06-17,2021-06-17 03:14:00+00:00,2021-06-17 19:58:00+00:00,2021-06-17T05:14:00+02:00,2021-06-17T21:58:00+02:00,2021-06-17 03:16:15.679763200+00:00,2021-06-17 19:59:26.095402240+00:00,-1.1773178513197537,-0.7698480965906176,120,6,False,False,False,-2.2613293866666666,-1.4349233706666666,2021-06-17 19:58:00+00:00,2021-06-18 03:14:00+00:00,7.266666666666667
2021-06-18,2021-06-18 03:14:00+00:00,2021-06-18 19:59:00+00:00,2021-06-18T05:14:00+02:00,2021-06-18T21:59:00+02:00,2021-06-18 03:16:17.819579392+00:00,2021-06-18 19:59:47.872524544+00:00,-1.1781205491458269,-0.7651814444293199,120,6,False,False,False,-2.296992989866667,-0.7978754090666667,2021-06-18 19:59:00+00:00,2021-06-19 03:14:00+00:00,7.25
2021-06-19,2021-06-19 03:14:00+00:00,2021-06-19 19:59:00+00:00,2021-06-19T05:14:00+02:00,2021-06-19T21:59:00+02:00,2021-06-19 03:16:23.077079808+00:00,2021-06-19 20:00:06.542434816+00:00,-1.1791925117328532,-0.760550993774926,120,6,False,False,False,-2.3846179968000003,-1.1090405802666665,2021-06-19 19:59:00+00:00,2021-06-20 03:14:00+00:00,7.25
2021-06-20,2021-06-20 03:14:00+00:00,2021-06-20 19:59:00+00:00,2021-06-20T05:14:00+02:00,2021-06-20T21:59:00+02:00,2021-06-20 03:16:31.436774144+00:00,2021-06-20 20:00:22.079449088+00:00,-1.1805328301189661,-0.7559594701802013,120,6,False,False,False,-2.5239462357333333,-1.3679908181333333,2021-06-20 19:59:00+00:00,2021-06-21 03:14:00+00:00,7.25
2021-06-21,2021-06-21 03:14:00+00:00,2021-06-21 19:59:00+00:00,2021-06-21T05:14:00+02:00,2021-06-21T21:59:00+02:00,2021-06-21 03:16:42.879821056+00:00,2021-06-21 20:00:34.463323392+00:00,-1.1821402580466112,-0.7514094733802871,120,6,False,False,False,-2.7146636842666667,-1.5743887232,2021-06-21 19:59:00+00:00,2021-06-22 03:14:00+00:00,7.25
2021-06-22,2021-06-22 03:14:00+00:00,2021-06-22 19:59:00+00:00,2021-06-22T05:14:00+02:00,2021-06-22T21:59:00+02:00,2021-06-22 03:16:57.383927808+00:00,2021-06-22 20:00:43.678730752+00:00,-1.1840132133381835,-0.7469034750536836,120,6,False,False,False,-2.9563987968000003,-1.7279788458666667,2021-06-22 19:59:00+00:00,2021-06-23 03:15:00+00:00,7.266666666666667
2021-06-23,2021-06-23 03:15:00+00:00,2021-06-23 20:00:00+00:00,2021-06-23T05:15:00+02:00,2021-06-23T22:00:00+02:00,2021-06-23 03:17:14.923505920+00:00,2021-06-23 20:00:49.714604544+00:00,-1.1861497796755271,-0.7424438167583659,120,6,False,False,False,-2.2487250986666667,-0.8285767423999999,2021-06-23 20:00:00+00:00,2021-06-24 03:15:00+00:00,7.25
2021-06-24,2021-06-24 03:15:00+00:00,2021-06-24 20:00:00+00:00,2021-06-24T05:15:00+02:00,2021-06-24T22:00:00+02:00,2021-06-24 03:17:35.470096384+00:00,2021-06-24 20:00:52.563528960+00:00,-1.1885477087812153,-0.7380327080452262,120,6,False,False,False,-2.5911682730666663,-0.876058816,2021-06-24 20:00:00+00:00,2021-06-25 03:15:00+00:00,7.25
2021-06-25,2021-06-25 03:15:00+00:00,2021-06-25 19:59:00+00:00,2021-06-25T05:15:00+02:00,2021-06-25T21:59:00+02:00,2021-06-25 03:17:58.992882176+00:00,2021-06-25 20:00:52.221281536+00:00,-1.19120442299906,-0.7336722247508107,120,6,False,False,False,-2.983214702933333,-1.8703546922666667,2021-06-25 19:59:00+00:00,2021-06-26 03:16:00+00:00,7.283333333333333
2021-06-26,2021-06-26 03:16:00+00:00,2021-06-26 19:59:00+00:00,2021-06-26T05:16:00+02:00,2021-06-26T21:59:00+02:00,2021-06-26 03:18:25.458978048+00:00,2021-06-26 20:00:48.686533888+00:00,-1.1941170182708054,-0.7293643074711067,120,6,False,False,False,-2.4243163008,-1.8114422314666667,2021-06-26 19:59:00+00:00,2021-06-27 03:16:00+00:00,7.283333333333333
2021-06-27,2021-06-27 03:16:00+00:00,2021-06-27 19:59:00+00:00,2021-06-27T05:16:00+02:00,2021-06-27T21:59:00+02:00,2021-06-27 03:18:54.833271296+00:00,2021-06-27 20:00:41.960666880+00:00,-1.1972822675055135,-0.7251107602179124,120,6,False,False,False,-2.9138878549333334,-1.6993444480000002,2021-06-27 19:59:00+00:00,2021-06-28 03:17:00+00:00,7.3
2021-06-28,2021-06-28 03:17:00+00:00,2021-06-28 19:59:00+00:00,2021-06-28T05:17:00+02:00,2021-06-28T21:59:00+02:00,2021-06-28 03:19:27.077855232+00:00,2021-06-28 20:00:32.047657472+00:00,-1.2006966243376604,-0.7209132492590973,120,6,False,False,False,-2.4512975872,-1.5341276245333333,2021-06-28 19:59:00+00:00,2021-06-29 03:17:00+00:00,7.3
2021-06-29,2021-06-29 03:17:00+00:00,2021-06-29 19:59:00+00:00,2021-06-29T05:17:00+02:00,2021-06-29T21:59:00+02:00,2021-06-29 03:20:02.151318016+00:00,2021-06-29 20:00:18.954016256+00:00,-1.2043562272695119,-0.7167733021438374,120,6,False,False,False,-3.035855300266667,-1.3159002709333334,2021-06-29 19:59:00+00:00,2021-06-30 03:18:00+00:00,7.316666666666666
2021-06-30,2021-06-30 03:18:00+00:00,2021-06-30 19:58:00+00:00,2021-06-30T05:18:00+02:00,2021-06-30T21:58:00+02:00,2021-06-30 03:20:40.008226304+00:00,2021-06-30 20:00:02.688762368+00:00,-1.2082569041928888,-0.7126923069136872,120,6,False,False,False,-2.6668037717333335,-2.0448127061333334,2021-06-30 19:58:00+00:00,2021-07-01 03:19:00+00:00,7.35
2021-07-01,2021-07-01 03:19:00+00:00,2021-07-01 19:58:00+00:00,2021-07-01T05:19:00+02:00,2021-07-01T21:58:00+02:00,2021-07-01 03:21:20.598973952+00:00,2021-07-01 19:59:43.263428608+00:00,-1.2123941772849776,-0.7086715115001163,120,6,False,False,False,-2.343316232533333,-1.7210571434666666,2021-07-01 19:58:00+00:00,2021-07-02 03:19:00+00:00,7.35
2021-07-02,2021-07-02 03:19:00+00:00,2021-07-02 19:58:00+00:00,2021-07-02T05:19:00+02:00,2021-07-02T21:58:00+02:00,2021-07-02 03:22:03.869969152+00:00,2021-07-02 19:59:20.692081408+00:00,-1.2167632682723963,-0.7047120233089188,120,6,False,False,False,-3.064499485866667,-1.3448680234666668,2021-07-02 19:58:00+00:00,2021-07-03 03:20:00+00:00,7.366666666666666
2021-07-03,2021-07-03 03:20:00+00:00,2021-07-03 19:57:00+00:00,2021-07-03T05:20:00+02:00,2021-07-03T21:57:00+02:00,2021-07-03 03:22:49.763996160+00:00,2021-07-03 19:58:54.991356416+00:00,-1.2213591040572942,-0.7008148089916733,120,6,False,False,False,-2.829399936,-1.9165226069333334,2021-07-03 19:57:00+00:00,2021-07-04 03:21:00+00:00,7.4
2021-07-04,2021-07-04 03:21:00+00:00,2021-07-04 19:57:00+00:00,2021-07-04T05:21:00+02:00,2021-07-04T21:57:00+02:00,2021-07-04 03:23:38.220600832+00:00,2021-07-04 19:58:26.180495104+00:00,-1.2261763226988225,-0.6969806944041993,120,6,False,False,False,-2.6370100138666666,-1.4363415850666668,2021-07-04 19:57:00+00:00,2021-07-05 03:22:00+00:00,7.416666666666667
2021-07-05,2021-07-05 03:22:00+00:00,2021-07-05 19:56:00+00:00,2021-07-05T05:22:00+02:00,2021-07-05T21:56:00+02:00,2021-07-05 03:24:29.176445440+00:00,2021-07-05 19:57:54.281353984+00:00,-1.2312092797429006,-0.6932103647517389,120,6,False,False,False,-2.486274090666667,-1.9046892330666667,2021-07-05 19:56:00+00:00,2021-07-06 03:22:00+00:00,7.433333333333334
2021-07-06,2021-07-06 03:22:00+00:00,2021-07-06 19:56:00+00:00,2021-07-06T05:22:00+02:00,2021-07-06T21:56:00+02:00,2021-07-06 03:25:22.565626112+00:00,2021-07-06 19:57:19.318353408+00:00,-1.2364520548927835,-0.6895043649203496,120,6,False,False,False,-3.376093768533333,-1.3219725567999998,2021-07-06 19:56:00+00:00,2021-07-07 03:23:00+00:00,7.45
2021-07-07,2021-07-07 03:23:00+00:00,2021-07-07 19:55:00+00:00,2021-07-07T05:23:00+02:00,2021-07-07T21:55:00+02:00,2021-07-07 03:26:18.319961600+00:00,2021-07-07 19:56:41.318350592+00:00,-1.2418984590125235,-0.6858630999937861,120,6,False,False,False,-3.3053326933333333,-1.6886391765333333,2021-07-07 19:55:00+00:00,2021-07-08 03:24:00+00:00,7.483333333333333
2021-07-08,2021-07-08 03:24:00+00:00,2021-07-08 19:54:00+00:00,2021-07-08T05:24:00+02:00,2021-07-08T21:54:00+02:00,2021-07-08 03:27:16.369242880+00:00,2021-07-08 19:56:00.310469120+00:00,-1.247542041455039,-0.6822868359549061,120,6,False,False,False,-3.2728207146666666,-2.0051744853333333,2021-07-08 19:54:00+00:00,2021-07-09 03:25:00+00:00,7.516666666666667
2021-07-09,2021-07-09 03:25:00+00:00,2021-07-09 19:53:00+00:00,2021-07-09T05:25:00+02:00,2021-07-09T21:53:00+02:00,2021-07-09 03:28:16.641447424+00:00,2021-07-09 19:55:16.325931264+00:00,-1.2533760977061017,-0.6787757005704238,120,6,False,False,False,-3.2773574570666666,-2.2720988544,2021-07-09 19:53:00+00:00,2021-07-10 03:26:00+00:00,7.55
2021-07-10,2021-07-10 03:26:00+00:00,2021-07-10 19:53:00+00:00,2021-07-10T05:26:00+02:00,2021-07-10T21:53:00+02:00,2021-07-10 03:29:19.062959872+00:00,2021-07-10 19:54:29.397939968+00:00,-1.2593936773351828,-0.6753296844576037,120,6,False,False,False,-3.3177159978666664,-1.4899656661333334,2021-07-10 19:53:00+00:00,2021-07-11 03:27:00+00:00,7.566666666666666
2021-07-11,2021-07-11 03:27:00+00:00,2021-07-11 19:52:00+00:00,2021-07-11T05:27:00+02:00,2021-07-11T21:52:00+02:00,2021-07-11 03:30:23.558850816+00:00,2021-07-11 19:53:39.561618688+00:00,-1.2655875922437354,-0.671948642331273,120,6,False,False,False,-3.3926475135999996,-1.6593603114666666,2021-07-11 19:52:00+00:00,2021-07-12 03:28:00+00:00,7.6
2021-07-12,2021-07-12 03:28:00+00:00,2021-07-12 19:51:00+00:00,2021-07-12T05:28:00+02:00,2021-07-12T21:51:00+02:00,2021-07-12 03:31:30.053226752+00:00,2021-07-12 19:52:46.854007552+00:00,-1.2719504252011344,-0.6686322944293044,120,6,False,False,False,-3.5008871125333334,-1.7809001258666666,2021-07-12 19:51:00+00:00,2021-07-13 03:29:00+00:00,7.633333333333334
2021-07-13,2021-07-13 03:29:00+00:00,2021-07-13 19:50:00+00:00,2021-07-13T05:29:00+02:00,2021-07-13T21:50:00+02:00,2021-07-13 03:32:38.469632512+00:00,2021-07-13 19:51:51.314107136+00:00,-1.2784745386581498,-0.6653802281145103,120,6,False,False,False,-3.641160541866667,-1.8552351189333334,2021-07-13 19:50:00+00:00,2021-07-14 03:31:00+00:00,7.683333333333334
2021-07-14,2021-07-14 03:31:00+00:00,2021-07-14 19:49:00+00:00,2021-07-14T05:31:00+02:00,2021-07-14T21:49:00+02:00,2021-07-14 03:33:48.731461888+00:00,2021-07-14 19:50:52.982977536+00:00,-1.2851520838275037,-0.662191899650675,120,6,False,False,False,-2.812191031466667,-1.8830496256000002,2021-07-14 19:49:00+00:00,2021-07-15 03:32:00+00:00,7.716666666666667
2021-07-15,2021-07-15 03:32:00+00:00,2021-07-15 19:48:00+00:00,2021-07-15T05:32:00+02:00,2021-07-15T21:48:00+02:00,2021-07-15 03:35:00.762365184+00:00,2021-07-15 19:49:51.903877632+00:00,-1.291975010020738,-0.6590666361502366,120,6,False,False,False,-3.0127060864,-1.8650646272,2021-07-15 19:48:00+00:00,2021-07-16 03:33:00+00:00,7.75
2021-07-16,2021-07-16 03:33:00+00:00,2021-07-16 19:47:00+00:00,2021-07-16T05:33:00+02:00,2021-07-16T21:47:00+02:00,2021-07-16 03:36:14.486646528+00:00,2021-07-16 19:48:48.122402048+00:00,-1.2989350742303172,-0.6560036376909225,120,6,False,False,False,-3.2414441088,-1.8020400341333334,2021-07-16 19:47:00+00:00,2021-07-17 03:34:00+00:00,7.783333333333333
2021-07-17,2021-07-17 03:34:00+00:00,2021-07-17 19:46:00+00:00,2021-07-17T05:34:00+02:00,2021-07-17T21:46:00+02:00,2021-07-17 03:37:29.829633280+00:00,2021-07-17 19:47:41.686542848+00:00,-1.3060238509456021,-0.6530019795984439,120,6,False,False,False,-3.4971605546666664,-1.6947757141333333,2021-07-17 19:46:00+00:00,2021-07-18 03:35:00+00:00,7.816666666666666
2021-07-18,2021-07-18 03:35:00+00:00,2021-07-18 19:45:00+00:00,2021-07-18T05:35:00+02:00,2021-07-18T21:45:00+02:00,2021-07-18 03:38:46.717982208+00:00,2021-07-18 19:46:32.646616064+00:00,-1.313232742191034,-0.6500606148921442,120,6,False,False,False,-3.7786330368,-1.5441102677333334,2021-07-18 19:45:00+00:00,2021-07-19 03:37:00+00:00,7.866666666666666
2021-07-19,2021-07-19 03:37:00+00:00,2021-07-19 19:43:00+00:00,2021-07-19T05:37:00+02:00,2021-07-19T21:43:00+02:00,2021-07-19 03:40:05.079906304+00:00,2021-07-19 19:45:21.055022080+00:00,-1.3205529877746351,-0.6471783768903026,120,6,False,False,False,-3.0846651050666667,-2.3509170346666663,2021-07-19 19:43:00+00:00,2021-07-20 03:38:00+00:00,7.916666666666667
2021-07-20,2021-07-20 03:38:00+00:00,2021-07-20 19:42:00+00:00,2021-07-20T05:38:00+02:00,2021-07-20T21:42:00+02:00,2021-07-20 03:41:24.845371392+00:00,2021-07-20 19:44:06.965865472+00:00,-1.327975675734646,-0.6443539819716047,120,6,False,False,False,-3.4140895232,-2.1160977578666667,2021-07-20 19:42:00+00:00,2021-07-21 03:39:00+00:00,7.95
2021-07-21,2021-07-21 03:39:00+00:00,2021-07-21 19:41:00+00:00,2021-07-21T05:39:00+02:00,2021-07-21T21:41:00+02:00,2021-07-21 03:42:45.946358784+00:00,2021-07-21 19:42:50.434478848+00:00,-1.335491752971905,-0.6415860324890948,120,6,False,False,False,-3.7657726464000003,-1.8405746474666667,2021-07-21 19:41:00+00:00,2021-07-22 03:41:00+00:00,8.0
2021-07-22,2021-07-22 03:41:00+00:00,2021-07-22 19:39:00+00:00,2021-07-22T05:41:00+02:00,2021-07-22T21:39:00+02:00,2021-07-22 03:44:08.317207296+00:00,2021-07-22 19:41:31.516897536+00:00,-1.3430920360553518,-0.6388730198327448,120,6,False,False,False,-3.1386201216,-2.5252816256,2021-07-22 19:39:00+00:00,2021-07-23 03:42:00+00:00,8.05
2021-07-23,2021-07-23 03:42:00+00:00,2021-07-23 19:38:00+00:00,2021-07-23T05:42:00+02:00,2021-07-23T21:38:00+02:00,2021-07-23 03:45:31.894950656+00:00,2021-07-23 19:40:10.269343744+00:00,-1.350767222187817,-0.636213327636594,120,6,False,False,False,-3.531582510933333,-2.1711557290666668,2021-07-23 19:38:00+00:00,2021-07-24 03:43:00+00:00,8.083333333333334
2021-07-24,2021-07-24 03:43:00+00:00,2021-07-24 19:37:00+00:00,2021-07-24T05:43:00+02:00,2021-07-24T21:37:00+02:00,2021-07-24 03:46:56.619438336+00:00,2021-07-24 19:38:46.747776768+00:00,-1.3585079003190874,-0.6336052351262376,120,6,False,False,False,-3.9436573056,-1.7791296127999998,2021-07-24 19:37:00+00:00,2021-07-25 03:45:00+00:00,8.133333333333333
2021-07-25,2021-07-25 03:45:00+00:00,2021-07-25 19:35:00+00:00,2021-07-25T05:45:00+02:00,2021-07-25T21:35:00+02:00,2021-07-25 03:48:22.433098240+00:00,2021-07-25 19:37:21.007557632+00:00,-1.3663045623930383,-0.6310469206022724,120,6,False,False,False,-3.3738849706666665,-2.350125960533333,2021-07-25 19:35:00+00:00,2021-07-26 03:46:00+00:00,8.183333333333334
2021-07-26,2021-07-26 03:46:00+00:00,2021-07-26 19:34:00+00:00,2021-07-26T05:46:00+02:00,2021-07-26T21:34:00+02:00,2021-07-26 03:49:49.280352256+00:00,2021-07-26 19:35:53.103256576+00:00,-1.374147614715487,-0.6285364650551425,120,6,False,False,False,-3.8213392042666663,-1.8850542762666669,2021-07-26 19:34:00+00:00,2021-07-27 03:48:00+00:00,8.233333333333333
2021-07-27,2021-07-27 03:48:00+00:00,2021-07-27 19:32:00+00:00,2021-07-27T05:48:00+02:00,2021-07-27T21:32:00+02:00,2021-07-27 03:51:17.106897920+00:00,2021-07-27 19:34:23.088584192+00:00,-1.3820273894292554,-0.6260718559066705,120,6,False,False,False,-3.2851149653333334,-2.3848097365333336,2021-07-27 19:32:00+00:00,2021-07-28 03:49:00+00:00,8.283333333333333
2021-07-28,2021-07-28 03:49:00+00:00,2021-07-28 19:31:00+00:00,2021-07-28T05:49:00+02:00,2021-07-28T21:31:00+02:00,2021-07-28 03:52:45.859112960+00:00,2021-07-28 19:32:51.016396032+00:00,-1.389934156082815,-0.6236509908734047,120,6,False,False,False,-3.7643185493333333,-1.8502732672,2021-07-28 19:31:00+00:00,2021-07-29 03:50:00+00:00,8.316666666666666
2021-07-29,2021-07-29 03:50:00+00:00,2021-07-29 19:29:00+00:00,2021-07-29T05:50:00+02:00,2021-07-29T21:29:00+02:00,2021-07-29 03:54:15.483755776+00:00,2021-07-29 19:31:16.938735104+00:00,-1.397858133278772,-0.6212716819467641,120,6,False,False,False,-4.258062596266667,-2.282312251733333,2021-07-29 19:29:00+00:00,2021-07-30 03:52:00+00:00,8.383333333333333
2021-07-30,2021-07-30 03:52:00+00:00,2021-07-30 19:28:00+00:00,2021-07-30T05:52:00+02:00,2021-07-30T21:28:00+02:00,2021-07-30 03:55:45.927951104+00:00,2021-07-30 19:29:40.906877184+00:00,-1.4057895003883476,-0.618931659484825,120,6,False,False,False,-3.765465851733333,-1.6817812864,2021-07-30 19:28:00+00:00,2021-07-31 03:53:00+00:00,8.416666666666666
2021-07-31,2021-07-31 03:53:00+00:00,2021-07-31 19:26:00+00:00,2021-07-31T05:53:00+02:00,2021-07-31T21:26:00+02:00,2021-07-31 03:57:17.139355648+00:00,2021-07-31 19:28:02.971384064+00:00,-1.4137184093179367,-0.6166285764104541,120,6,False,False,False,-4.285655927466666,-2.0495230677333334,2021-07-31 19:26:00+00:00,2021-08-01 03:55:00+00:00,8.483333333333333
2021-08-01,2021-08-01 03:55:00+00:00,2021-08-01 19:24:00+00:00,2021-08-01T05:55:00+02:00,2021-08-01T21:24:00+02:00,2021-08-01 03:58:49.066375936+00:00,2021-08-01 19:26:23.182148864+00:00,-1.4216349963137616,-0.6143600125103663,120,6,False,False,False,-3.8177729322666663,-2.3863691477333333,2021-08-01 19:24:00+00:00,2021-08-02 03:56:00+00:00,8.533333333333333
2021-08-02,2021-08-02 03:56:00+00:00,2021-08-02 19:23:00+00:00,2021-08-02T05:56:00+02:00,2021-08-02T21:23:00+02:00,2021-08-02 04:00:21.658373888+00:00,2021-08-02 19:24:41.588429824+00:00,-1.429529393790589,-0.6121234788295618,120,6,False,False,False,-4.360972898133334,-1.6931404970666668,2021-08-02 19:23:00+00:00,2021-08-03 03:58:00+00:00,8.583333333333334
2021-08-03,2021-08-03 03:58:00+00:00,2021-08-03 19:21:00+00:00,2021-08-03T05:58:00+02:00,2021-08-03T21:21:00+02:00,2021-08-03 04:01:54.865832192+00:00,2021-08-03 19:22:58.238851840+00:00,-1.4373917421704525,-0.6099164221554819,120,6,False,False,False,-3.914430536533333,-1.9706475306666666,2021-08-03 19:21:00+00:00,2021-08-04 03:59:00+00:00,8.633333333333333
2021-08-04,2021-08-04 03:59:00+00:00,2021-08-04 19:19:00+00:00,2021-08-04T05:59:00+02:00,2021-08-04T21:19:00+02:00,2021-08-04 04:03:28.640464384+00:00,2021-08-04 19:21:13.181379072+00:00,-1.4452122017173024,-0.6077362295861162,120,6,False,False,False,-4.4773410730666665,-2.2196896512,2021-08-04 19:19:00+00:00,2021-08-05 04:01:00+00:00,8.7
2021-08-05,2021-08-05 04:01:00+00:00,2021-08-05 19:17:00+00:00,2021-08-05T06:01:00+02:00,2021-08-05T21:17:00+02:00,2021-08-05 04:05:02.935255808+00:00,2021-08-05 19:19:26.463275264+00:00,-1.4529809643535172,-0.6055802331761861,120,6,False,False,False,-4.048920930133333,-2.4410545877333334,2021-08-05 19:17:00+00:00,2021-08-06 04:02:00+00:00,8.75
2021-08-06,2021-08-06 04:02:00+00:00,2021-08-06 19:15:00+00:00,2021-08-06T06:02:00+02:00,2021-08-06T21:15:00+02:00,2021-08-06 04:06:37.704449536+00:00,2021-08-06 19:17:38.131065344+00:00,-1.4606882654442246,-0.6034457146554445,120,6,False,False,False,-4.628407492266667,-2.6355177557333334,2021-08-06 19:15:00+00:00,2021-08-07 04:04:00+00:00,8.816666666666666
2021-08-07,2021-08-07 04:04:00+00:00,2021-08-07 19:14:00+00:00,2021-08-07T06:04:00+02:00,2021-08-07T21:14:00+02:00,2021-08-07 04:08:12.903533312+00:00,2021-08-07 19:15:48.230512384+00:00,-1.4683243955354115,-0.601329910213032,120,6,False,False,False,-4.215058888533333,-1.8038418730666665,2021-08-07 19:14:00+00:00,2021-08-08 04:06:00+00:00,8.866666666666667
2021-08-08,2021-08-08 04:06:00+00:00,2021-08-08 19:12:00+00:00,2021-08-08T06:06:00+02:00,2021-08-08T21:12:00+02:00,2021-08-08 04:09:48.489291776+00:00,2021-08-08 19:13:56.806612992+00:00,-1.4758797120318774,-0.5992300153417616,120,6,False,False,False,-3.8081548629333333,-1.9467768831999999,2021-08-08 19:12:00+00:00,2021-08-09 04:07:00+00:00,8.916666666666666
2021-08-09,2021-08-09 04:07:00+00:00,2021-08-09 19:10:00+00:00,2021-08-09T06:07:00+02:00,2021-08-09T21:10:00+02:00,2021-08-09 04:11:24.419947264+00:00,2021-08-09 19:12:03.903619072+00:00,-1.4833446508011205,-0.5971431897361228,120,6,False,False,False,-4.406999121066666,-2.0650603178666667,2021-08-09 19:10:00+00:00,2021-08-10 04:09:00+00:00,8.983333333333333
2021-08-10,2021-08-10 04:09:00+00:00,2021-08-10 19:08:00+00:00,2021-08-10T06:09:00+02:00,2021-08-10T21:08:00+02:00,2021-08-10 04:13:00.655363328+00:00,2021-08-10 19:10:09.565105152+00:00,-1.490709737689369,-0.5950665622377344,120,6,False,False,False,-4.0109227221333335,-2.1594184192,2021-08-10 19:08:00+00:00,2021-08-11 04:10:00+00:00,9.033333333333333
2021-08-11,2021-08-11 04:10:00+00:00,2021-08-11 19:06:00+00:00,2021-08-11T06:10:00+02:00,2021-08-11T21:06:00+02:00,2021-08-11 04:14:37.157254656+00:00,2021-08-11 19:08:13.834092800+00:00,-1.4979655999360417,-0.5929972358219154,120,6,False,False,False,-4.619287577600001,-2.2305682133333335,2021-08-11 19:06:00+00:00,2021-08-12 04:12:00+00:00,9.1
2021-08-12,2021-08-12 04:12:00+00:00,2021-08-12 19:04:00+00:00,2021-08-12T06:12:00+02:00,2021-08-12T21:04:00+02:00,2021-08-12 04:16:13.889373184+00:00,2021-08-12 19:06:16.753233920+00:00,-1.5051029774730662,-0.590932292618998,120,6,False,False,False,-4.231489553066667,-2.2792205653333335,2021-08-12 19:04:00+00:00,2021-08-13 04:13:00+00:00,9.15
2021-08-13,2021-08-13 04:13:00+00:00,2021-08-13 19:02:00+00:00,2021-08-13T06:13:00+02:00,2021-08-13T21:02:00+02:00,2021-08-13 04:17:50.817679360+00:00,2021-08-13 19:04:18.365021440+00:00,-1.5121127340955953,-0.5888687989639563,120,6,False,False,False,-4.846961322666667,-2.3060836906666666,2021-08-13 19:02:00+00:00,2021-08-14 04:15:00+00:00,9.216666666666667
2021-08-14,2021-08-14 04:15:00+00:00,2021-08-14 19:00:00+00:00,2021-08-14T06:15:00+02:00,2021-08-14T21:00:00+02:00,2021-08-14 04:19:27.910532352+00:00,2021-08-14 19:02:18.711992576+00:00,-1.5189858684908342,-0.586803810467898,120,6,False,False,False,-4.4651755392000005,-2.311866542933333,2021-08-14 19:00:00+00:00,2021-08-15 04:17:00+00:00,9.283333333333333
2021-08-15,2021-08-15 04:17:00+00:00,2021-08-15 18:58:00+00:00,2021-08-15T06:17:00+02:00,2021-08-15T20:58:00+02:00,2021-08-15 04:21:05.138901760+00:00,2021-08-15 19:00:17.836882688+00:00,-1.5257135251118386,-0.5847343771049354,120,6,False,False,False,-4.085648362666666,-2.2972813781333334,2021-08-15 18:58:00+00:00,2021-08-16 04:18:00+00:00,9.333333333333334
2021-08-16,2021-08-16 04:18:00+00:00,2021-08-16 18:56:00+00:00,2021-08-16T06:18:00+02:00,2021-08-16T20:56:00+02:00,2021-08-16 04:22:42.476602368+00:00,2021-08-16 18:58:15.782702336+00:00,-1.5322870048833428,-0.5826575483079305,120,6,False,False,False,-4.7079433728,-2.2630450389333334,2021-08-16 18:56:00+00:00,2021-08-17 04:20:00+00:00,9.4
2021-08-17,2021-08-17 04:20:00+00:00,2021-08-17 18:54:00+00:00,2021-08-17T06:20:00+02:00,2021-08-17T20:54:00+02:00,2021-08-17 04:24:19.900519680+00:00,2021-08-17 18:56:12.592712960+00:00,-1.538697775726861,-0.5805703780666055,120,6,False,False,False,-4.331675328,-2.2098785493333333,2021-08-17 18:54:00+00:00,2021-08-18 04:21:00+00:00,9.45
2021-08-18,2021-08-18 04:21:00+00:00,2021-08-18 18:52:00+00:00,2021-08-18T06:21:00+02:00,2021-08-18T20:52:00+02:00,2021-08-18 04:25:57.390812416+00:00,2021-08-18 18:54:08.310286592+00:00,-1.5449374828925286,-0.5784699300214976,120,6,False,False,False,-4.956513540266667,-2.1385047765333334,2021-08-18 18:52:00+00:00,2021-08-19 04:23:00+00:00,9.516666666666667
2021-08-19,2021-08-19 04:23:00+00:00,2021-08-19 18:50:00+00:00,2021-08-19T06:23:00+02:00,2021-08-19T20:50:00+02:00,2021-08-19 04:27:34.931053056+00:00,2021-08-19 18:52:02.978658304+00:00,-1.55099795908537,-0.5763532825472486,120,6,False,False,False,-4.5821842176,-2.049644305066667,2021-08-19 18:50:00+00:00,2021-08-20 04:25:00+00:00,9.583333333333334
2021-08-20,2021-08-20 04:25:00+00:00,2021-08-20 18:48:00+00:00,2021-08-20T06:25:00+02:00,2021-08-20T20:48:00+02:00,2021-08-20 04:29:12.508245760+00:00,2021-08-20 18:49:56.640600832+00:00,-1.556871234373925,-0.574217533818729,120,6,False,False,False,-4.208470762666667,-1.9440100138666667,2021-08-20 18:48:00+00:00,2021-08-21 04:26:00+00:00,9.633333333333333
2021-08-21,2021-08-21 04:26:00+00:00,2021-08-21 18:46:00+00:00,2021-08-21T06:26:00+02:00,2021-08-21T20:46:00+02:00,2021-08-21 04:30:50.112636416+00:00,2021-08-21 18:47:49.338084608+00:00,-1.5625495458694247,-0.5720598068535165,120,6,False,False,False,-4.835210606933333,-1.8223014101333335,2021-08-21 18:46:00+00:00,2021-08-22 04:28:00+00:00,9.7
2021-08-22,2021-08-22 04:28:00+00:00,2021-08-22 18:43:00+00:00,2021-08-22T06:28:00+02:00,2021-08-22T20:43:00+02:00,2021-08-22 04:32:27.737276416+00:00,2021-08-22 18:45:41.112001536+00:00,-1.5680253471639727,-0.5698772545242781,120,6,False,False,False,-4.462287940266666,-2.6852000256,2021-08-22 18:43:00+00:00,2021-08-23 04:29:00+00:00,9.766666666666667
2021-08-23,2021-08-23 04:29:00+00:00,2021-08-23 18:41:00+00:00,2021-08-23T06:29:00+02:00,2021-08-23T20:41:00+02:00,2021-08-23 04:34:05.377372160+00:00,2021-08-23 18:43:32.002008320+00:00,-1.5732913175164782,-0.5676670645346402,120,6,False,False,False,-5.089622869333334,-2.533366805333333,2021-08-23 18:41:00+00:00,2021-08-24 04:31:00+00:00,9.833333333333334
2021-08-24,2021-08-24 04:31:00+00:00,2021-08-24 18:39:00+00:00,2021-08-24T06:31:00+02:00,2021-08-24T20:39:00+02:00,2021-08-24 04:35:43.029557504+00:00,2021-08-24 18:41:22.046512384+00:00,-1.5783403707753807,-0.5654264643521734,120,6,False,False,False,-4.717159291733334,-2.367441873066667,2021-08-24 18:39:00+00:00,2021-08-25 04:33:00+00:00,9.9
2021-08-25,2021-08-25 04:33:00+00:00,2021-08-25 18:37:00+00:00,2021-08-25T06:33:00+02:00,2021-08-25T20:37:00+02:00,2021-08-25 04:37:20.691247616+00:00,2021-08-25 18:39:11.282763520+00:00,-1.5831656640275165,-0.563152726092175,120,6,False,False,False,-4.344854126933333,-2.1880460586666666,2021-08-25 18:37:00+00:00,2021-08-26 04:34:00+00:00,9.95
2021-08-26,2021-08-26 04:34:00+00:00,2021-08-26 18:35:00+00:00,2021-08-26T06:34:00+02:00,2021-08-26T20:35:00+02:00,2021-08-26 04:38:58.360204800+00:00,2021-08-26 18:36:59.747005952+00:00,-1.5877606059628058,-0.5608431713459824,120,6,False,False,False,-4.97267008,-1.9957834325333332,2021-08-26 18:35:00+00:00,2021-08-27 04:36:00+00:00,10.016666666666667
2021-08-27,2021-08-27 04:36:00+00:00,2021-08-27 18:32:00+00:00,2021-08-27T06:36:00+02:00,2021-08-27T20:32:00+02:00,2021-08-27 04:40:36.034331136+00:00,2021-08-27 18:34:47.474628096+00:00,-1.5921188649447688,-0.5584951759476264,120,6,False,False,False,-4.6005721856,-2.7912438016,2021-08-27 18:32:00+00:00,2021-08-28 04:38:00+00:00,10.1
2021-08-28,2021-08-28 04:38:00+00:00,2021-08-28 18:30:00+00:00,2021-08-28T06:38:00+02:00,2021-08-28T20:30:00+02:00,2021-08-28 04:42:13.711643136+00:00,2021-08-28 18:32:34.500286976+00:00,-1.5962343767772293,-0.5561061746727018,120,6,False,False,False,-4.2285273856,-2.5750047829333336,2021-08-28 18:30:00+00:00,2021-08-29 04:39:00+00:00,10.15
2021-08-29,2021-08-29 04:39:00+00:00,2021-08-29 18:28:00+00:00,2021-08-29T06:39:00+02:00,2021-08-29T20:28:00+02:00,2021-08-29 04:43:51.390336+00:00,2021-08-29 18:30:20.857994752+00:00,-1.600101352157922,-0.5536736658634138,120,6,False,False,False,-4.8565056,-2.3476332458666667,2021-08-29 18:28:00+00:00,2021-08-30 04:41:00+00:00,10.216666666666667
2021-08-30,2021-08-30 04:41:00+00:00,2021-08-30 18:26:00+00:00,2021-08-30T06:41:00+02:00,2021-08-30T20:26:00+02:00,2021-08-30 04:45:29.068868864+00:00,2021-08-30 18:28:06.581183744+00:00,-1.6037142838100944,-0.5511952159738513,120,6,False,False,False,-4.484481147733334,-2.109686395733333,2021-08-30 18:26:00+00:00,2021-08-31 04:42:00+00:00,10.266666666666667
2021-08-31,2021-08-31 04:42:00+00:00,2021-08-31 18:23:00+00:00,2021-08-31T06:42:00+02:00,2021-08-31T20:23:00+02:00,2021-08-31 04:47:06.746026496+00:00,2021-08-31 18:25:51.702753792+00:00,-1.6070679532835657,-0.5486684640296322,120,6,False,False,False,-5.112433774933334,-2.8617125632000002,2021-08-31 18:23:00+00:00,2021-09-01 04:44:00+00:00,10.35
2021-09-01,2021-09-01 04:44:00+00:00,2021-09-01 18:21:00+00:00,2021-09-01T06:44:00+02:00,2021-09-01T20:21:00+02:00,2021-09-01 04:48:44.420929792+00:00,2021-09-01 18:23:36.255107840+00:00,-1.6101574374171048,-0.546091125996164,120,6,False,False,False,-4.740348829866666,-2.6042517973333332,2021-09-01 18:21:00+00:00,2021-09-02 04:46:00+00:00,10.416666666666666
2021-09-02,2021-09-02 04:46:00+00:00,2021-09-02 18:19:00+00:00,2021-09-02T06:46:00+02:00,2021-09-02T20:19:00+02:00,2021-09-02 04:50:22.092984832+00:00,2021-09-02 18:21:20.270170624+00:00,-1.6129781144543838,-0.5434609990498834,120,6,False,False,False,-4.368216413866667,-2.337836177066667,2021-09-02 18:19:00+00:00,2021-09-03 04:47:00+00:00,10.466666666666667
2021-09-03,2021-09-03 04:47:00+00:00,2021-09-03 18:17:00+00:00,2021-09-03T06:47:00+02:00,2021-09-03T20:17:00+02:00,2021-09-03 04:51:59.761782528+00:00,2021-09-03 18:19:03.779394304+00:00,-1.6155256698061768,-0.540775965746944,120,6,False,False,False,-4.9960297088,-2.0629899050666665,2021-09-03 18:17:00+00:00,2021-09-04 04:49:00+00:00,10.533333333333333
2021-09-04,2021-09-04 04:49:00+00:00,2021-09-04 18:14:00+00:00,2021-09-04T06:49:00+02:00,2021-09-04T20:14:00+02:00,2021-09-04 04:53:37.426991616+00:00,2021-09-04 18:16:46.813756160+00:00,-1.617796101451889,-0.538033998083952,120,6,False,False,False,-4.6237831936000005,-2.7802292693333333,2021-09-04 18:14:00+00:00,2021-09-05 04:51:00+00:00,10.616666666666667
2021-09-05,2021-09-05 04:51:00+00:00,2021-09-05 18:12:00+00:00,2021-09-05T06:51:00+02:00,2021-09-05T20:12:00+02:00,2021-09-05 04:55:15.088311552+00:00,2021-09-05 18:14:29.403750144+00:00,-1.6197857249739296,-0.5352331614454777,120,6,False,False,False,-4.2514718592,-2.4900625024000003,2021-09-05 18:12:00+00:00,2021-09-06 04:52:00+00:00,10.666666666666666
2021-09-06,2021-09-06 04:52:00+00:00,2021-09-06 18:10:00+00:00,2021-09-06T06:52:00+02:00,2021-09-06T20:10:00+02:00,2021-09-06 04:56:52.745513216+00:00,2021-09-06 18:12:11.579361792+00:00,-1.6214911782188741,-0.5323716184332066,120,6,False,False,False,-4.879091886933334,-2.1929893631999997,2021-09-06 18:10:00+00:00,2021-09-07 04:54:00+00:00,10.733333333333333
2021-09-07,2021-09-07 04:54:00+00:00,2021-09-07 18:07:00+00:00,2021-09-07T06:54:00+02:00,2021-09-07T20:07:00+02:00,2021-09-07 04:58:30.398562816+00:00,2021-09-07 18:09:53.370040064+00:00,-1.6229094255798087,-0.5294476325717339,120,6,False,False,False,-4.5066427136,-2.889500667733333,2021-09-07 18:07:00+00:00,2021-09-08 04:55:00+00:00,10.8
2021-09-08,2021-09-08 04:55:00+00:00,2021-09-08 18:05:00+00:00,2021-09-08T06:55:00+02:00,2021-09-08T20:05:00+02:00,2021-09-08 05:00:08.047764992+00:00,2021-09-08 18:07:34.804693760+00:00,-1.624037761894686,-0.5264595718861629,120,6,False,False,False,-5.134129416533333,-2.580078229333333,2021-09-08 18:05:00+00:00,2021-09-09 04:57:00+00:00,10.866666666666667
2021-09-09,2021-09-09 04:57:00+00:00,2021-09-09 18:03:00+00:00,2021-09-09T06:57:00+02:00,2021-09-09T20:03:00+02:00,2021-09-09 05:01:45.693881344+00:00,2021-09-09 18:05:15.911775232+00:00,-1.6248738159559897,-0.5234059123468108,120,6,False,False,False,-4.761564689066666,-2.265196253866667,2021-09-09 18:03:00+00:00,2021-09-10 04:59:00+00:00,10.933333333333334
2021-09-10,2021-09-10 04:59:00+00:00,2021-09-10 18:00:00+00:00,2021-09-10T06:59:00+02:00,2021-09-10T20:00:00+02:00,2021-09-10 05:03:23.338222336+00:00,2021-09-10 18:02:56.719494400+00:00,-1.625415553627454,-0.5202852411764974,120,6,False,False,False,-4.388970372266667,-2.945324906666667,2021-09-10 18:00:00+00:00,2021-09-11 05:00:00+00:00,11.0
2021-09-11,2021-09-11 05:00:00+00:00,2021-09-11 17:58:00+00:00,2021-09-11T07:00:00+02:00,2021-09-11T19:58:00+02:00,2021-09-11 05:05:00.982781184+00:00,2021-09-11 18:00:37.256156160+00:00,-1.625661280564056,-0.5170962600160467,120,6,False,False,False,-5.0163796864,-2.620935936,2021-09-11 17:58:00+00:00,2021-09-12 05:02:00+00:00,11.066666666666666
2021-09-12,2021-09-12 05:02:00+00:00,2021-09-12 17:56:00+00:00,2021-09-12T07:02:00+02:00,2021-09-12T19:56:00+02:00,2021-09-12 05:06:38.630476032+00:00,2021-09-12 17:58:17.550532096+00:00,-1.6256096445319625,-0.5138377879438117,120,6,False,False,False,-4.6438412672,-2.2925088682666668,2021-09-12 17:56:00+00:00,2021-09-13 05:04:00+00:00,11.133333333333333
2021-09-13,2021-09-13 05:04:00+00:00,2021-09-13 17:53:00+00:00,2021-09-13T07:04:00+02:00,2021-09-13T19:53:00+02:00,2021-09-13 05:08:16.285521152+00:00,2021-09-13 17:55:57.632140288+00:00,-1.6252596373255936,-0.5105087643452039,120,6,False,False,False,-4.271425352533333,-2.9605356714666664,2021-09-13 17:53:00+00:00,2021-09-14 05:05:00+00:00,11.2
2021-09-14,2021-09-14 05:05:00+00:00,2021-09-14 17:51:00+00:00,2021-09-14T07:05:00+02:00,2021-09-14T19:51:00+02:00,2021-09-14 05:09:53.953868032+00:00,2021-09-14 17:53:37.531343872+00:00,-1.6246105962794335,-0.5071082516283897,120,6,False,False,False,-4.8992311338666665,-2.625522397866667,2021-09-14 17:51:00+00:00,2021-09-15 05:07:00+00:00,11.266666666666667
2021-09-15,2021-09-15 05:07:00+00:00,2021-09-15 17:49:00+00:00,2021-09-15T07:07:00+02:00,2021-09-15T19:49:00+02:00,2021-09-15 05:11:31.643597824+00:00,2021-09-15 17:51:17.279248128+00:00,-1.623662205372705,-0.5036354377825045,120,6,False,False,False,-4.527393297066666,-2.2879874688,2021-09-15 17:49:00+00:00,2021-09-16 05:09:00+00:00,11.333333333333334
2021-09-16,2021-09-16 05:09:00+00:00,2021-09-16 17:46:00+00:00,2021-09-16T07:09:00+02:00,2021-09-16T19:46:00+02:00,2021-09-16 05:13:09.365148672+00:00,2021-09-16 17:48:56.907452928+00:00,-1.6224144959255047,-0.5000896387749234,120,6,False,False,False,-4.1560858112,-2.9484575488,2021-09-16 17:46:00+00:00,2021-09-17 05:10:00+00:00,11.4
2021-09-17,2021-09-17 05:10:00+00:00,2021-09-17 17:44:00+00:00,2021-09-17T07:10:00+02:00,2021-09-17T19:44:00+02:00,2021-09-17 05:14:47.131313920+00:00,2021-09-17 17:46:36.447746816+00:00,-1.6208678468854754,-0.4964703007843194,120,6,False,False,False,-4.785521898666667,-2.6074624469333334,2021-09-17 17:44:00+00:00,2021-09-18 05:12:00+00:00,11.466666666666667
2021-09-18,2021-09-18 05:12:00+00:00,2021-09-18 17:42:00+00:00,2021-09-18T07:12:00+02:00,2021-09-18T19:42:00+02:00,2021-09-18 05:16:24.957003264+00:00,2021-09-18 17:44:15.931806464+00:00,-1.6190229847045834,-0.4927770022664476,120,6,False,False,False,-4.4159500544,-2.2655301077333334,2021-09-18 17:42:00+00:00,2021-09-19 05:13:00+00:00,11.516666666666667
2021-09-19,2021-09-19 05:13:00+00:00,2021-09-19 17:39:00+00:00,2021-09-19T07:13:00+02:00,2021-09-19T19:39:00+02:00,2021-09-19 05:18:02.858801408+00:00,2021-09-19 17:41:55.390954752+00:00,-1.6168809828060489,-0.4890094558497804,120,6,False,False,False,-5.047646690133333,-2.9231825792,2021-09-19 17:39:00+00:00,2021-09-20 05:15:00+00:00,11.6
2021-09-20,2021-09-20 05:15:00+00:00,2021-09-20 17:37:00+00:00,2021-09-20T07:15:00+02:00,2021-09-20T19:37:00+02:00,2021-09-20 05:19:40.854390272+00:00,2021-09-20 17:39:34.856004096+00:00,-1.6144432606419623,-0.4851675100583418,120,6,False,False,False,-4.680906504533334,-2.5809334016,2021-09-20 17:37:00+00:00,2021-09-21 05:17:00+00:00,11.666666666666666
2021-09-21,2021-09-21 05:17:00+00:00,2021-09-21 17:34:00+00:00,2021-09-21T07:17:00+02:00,2021-09-21T19:34:00+02:00,2021-09-21 05:21:18.961924096+00:00,2021-09-21 17:37:14.357220096+00:00,-1.6117115823426087,-0.48125115085928283,120,6,False,False,False,-4.316032068266667,-3.2392870015999997,2021-09-21 17:34:00+00:00,2021-09-22 05:18:00+00:00,11.733333333333333
2021-09-22,2021-09-22 05:18:00+00:00,2021-09-22 17:32:00+00:00,2021-09-22T07:18:00+02:00,2021-09-22T19:32:00+02:00,2021-09-22 05:22:57.199445248+00:00,2021-09-22 17:34:53.924400384+00:00,-1.6086880549590017,-0.47726050303296363,120,6,False,False,False,-4.953324087466667,-2.8987400063999997,2021-09-22 17:32:00+00:00,2021-09-23 05:20:00+00:00,11.8
2021-09-23,2021-09-23 05:20:00+00:00,2021-09-23 17:30:00+00:00,2021-09-23T07:20:00+02:00,2021-09-23T19:30:00+02:00,2021-09-23 05:24:35.584440064+00:00,2021-09-23 17:32:33.587026176+00:00,-1.6053751263006089,-0.47319583136351256,118,6,False,False,False,-4.593074001066666,-2.5597837696,2021-09-23 17:30:00+00:00,2021-09-24 05:22:00+00:00,11.866666666666667
2021-09-24,2021-09-24 05:22:00+00:00,2021-09-24 17:27:00+00:00,2021-09-24T07:22:00+02:00,2021-09-24T19:27:00+02:00,2021-09-24 05:26:14.133567744+00:00,2021-09-24 17:30:13.374431488+00:00,-1.601775582370737,-0.4690575416480596,119,6,False,False,False,-4.2355594624,-3.2229071914666667,2021-09-24 17:27:00+00:00,2021-09-25 05:23:00+00:00,11.933333333333334
2021-09-25,2021-09-25 05:23:00+00:00,2021-09-25 17:25:00+00:00,2021-09-25T07:23:00+02:00,2021-09-25T19:25:00+02:00,2021-09-25 05:27:52.862557184+00:00,2021-09-25 17:27:53.315932160+00:00,-1.5978925444025105,-0.4648461815230511,120,6,False,False,False,-4.881042619733334,-2.8885988693333333,2021-09-25 17:25:00+00:00,2021-09-26 05:25:00+00:00,12.0
2021-09-26,2021-09-26 05:25:00+00:00,2021-09-26 17:23:00+00:00,2021-09-26T07:25:00+02:00,2021-09-26T19:23:00+02:00,2021-09-26 05:29:31.786200576+00:00,2021-09-26 17:25:33.440912896+00:00,-1.5937294654988639,-0.46056244110628297,118,6,False,False,False,-4.5297700096,-2.5573485482666665,2021-09-26 17:23:00+00:00,2021-09-27 05:27:00+00:00,12.066666666666666
2021-09-27,2021-09-27 05:27:00+00:00,2021-09-27 17:20:00+00:00,2021-09-27T07:27:00+02:00,2021-09-27T19:20:00+02:00,2021-09-27 05:31:10.918383872+00:00,2021-09-27 17:23:13.778895104+00:00,-1.589290126880419,-0.45620715345350527,120,6,False,False,False,-4.1819730645333335,-3.229648251733333,2021-09-27 17:20:00+00:00,2021-09-28 05:28:00+00:00,12.133333333333333
2021-09-28,2021-09-28 05:28:00+00:00,2021-09-28 17:18:00+00:00,2021-09-28T07:28:00+02:00,2021-09-28T19:18:00+02:00,2021-09-28 05:32:50.272102656+00:00,2021-09-28 17:20:54.359592192+00:00,-1.5845786337456078,-0.4517812948286848,118,6,False,False,False,-4.8378683776,-2.9059932032,2021-09-28 17:18:00+00:00,2021-09-29 05:30:00+00:00,12.2
2021-09-29,2021-09-29 05:30:00+00:00,2021-09-29 17:16:00+00:00,2021-09-29T07:30:00+02:00,2021-09-29T19:16:00+02:00,2021-09-29 05:34:29.859433728+00:00,2021-09-29 17:18:35.212951552+00:00,-1.5795994107478308,-0.44728598478722426,118,6,False,False,False,-4.4976572288,-2.5868825258666663,2021-09-29 17:16:00+00:00,2021-09-30 05:32:00+00:00,12.266666666666667
2021-09-30,2021-09-30 05:32:00+00:00,2021-09-30 17:13:00+00:00,2021-09-30T07:32:00+02:00,2021-09-30T19:13:00+02:00,2021-09-30 05:36:09.691454208+00:00,2021-09-30 17:16:16.369168128+00:00,-1.5743571970949213,-0.44272248607168246,118,6,False,False,False,-4.1615242368,-3.2728194688000003,2021-09-30 17:13:00+00:00,2021-10-01 05:34:00+00:00,12.35
2021-10-01,2021-10-01 05:34:00+00:00,2021-10-01 17:11:00+00:00,2021-10-01T07:34:00+02:00,2021-10-01T19:11:00+02:00,2021-10-01 05:37:49.778104832+00:00,2021-10-01 17:13:57.858668544+00:00,-1.568857041276615,-0.4380922043197455,117,6,False,False,False,-3.8296350805333335,-2.9643111424,2021-10-01 17:11:00+00:00,2021-10-02 05:35:00+00:00,12.4
2021-10-02,2021-10-02 05:35:00+00:00,2021-10-02 17:09:00+00:00,2021-10-02T07:35:00+02:00,2021-10-02T19:09:00+02:00,2021-10-02 05:39:30.128027904+00:00,2021-10-02 17:11:39.712095488+00:00,-1.5631042954261785,-0.4333966875844487,116,6,False,False,False,-4.5021337984,-2.661868258133333,2021-10-02 17:09:00+00:00,2021-10-03 05:37:00+00:00,12.466666666666667
2021-10-03,2021-10-03 05:37:00+00:00,2021-10-03 17:06:00+00:00,2021-10-03T07:37:00+02:00,2021-10-03T19:06:00+02:00,2021-10-03 05:41:10.748438016+00:00,2021-10-03 17:09:21.960271872+00:00,-1.5571046093227667,-0.4286376256668579,116,6,False,False,False,-4.1791406336,-3.3660045311999998,2021-10-03 17:06:00+00:00,2021-10-04 05:39:00+00:00,12.55
2021-10-04,2021-10-04 05:39:00+00:00,2021-10-04 17:04:00+00:00,2021-10-04T07:39:00+02:00,2021-10-04T19:04:00+02:00,2021-10-04 05:42:51.645076992+00:00,2021-10-04 17:07:04.634113280+00:00,-1.5508639240415296,-0.4238168492616613,118,6,False,False,False,-3.8607512832000004,-3.0772352213333334,2021-10-04 17:04:00+00:00,2021-10-05 05:40:00+00:00,12.6
2021-10-05,2021-10-05 05:40:00+00:00,2021-10-05 17:02:00+00:00,2021-10-05T07:40:00+02:00,2021-10-05T19:02:00+02:00,2021-10-05 05:44:32.822262016+00:00,2021-10-05 17:04:47.764459776+00:00,-1.5443884652588744,-0.41893632891634014,116,6,False,False,False,-4.547037700266667,-2.7960743296,2021-10-05 17:02:00+00:00,2021-10-06 05:42:00+00:00,12.666666666666666
2021-10-06,2021-10-06 05:42:00+00:00,2021-10-06 16:59:00+00:00,2021-10-06T07:42:00+02:00,2021-10-06T18:59:00+02:00,2021-10-06 05:46:14.282968576+00:00,2021-10-06 17:02:31.381878784+00:00,-1.5376847362207333,-0.4139981738048192,117,6,False,False,False,-4.238049476266666,-3.523031313066667,2021-10-06 16:59:00+00:00,2021-10-07 05:44:00+00:00,12.75
2021-10-07,2021-10-07 05:44:00+00:00,2021-10-07 16:57:00+00:00,2021-10-07T07:44:00+02:00,2021-10-07T18:57:00+02:00,2021-10-07 05:47:56.028877824+00:00,2021-10-07 17:00:15.516596224+00:00,-1.530759510382051,-0.40900463031672074,116,6,False,False,False,-3.9338146304,-3.258609937066667,2021-10-07 16:57:00+00:00,2021-10-08 05:46:00+00:00,12.816666666666666
2021-10-08,2021-10-08 05:46:00+00:00,2021-10-08 16:55:00+00:00,2021-10-08T07:46:00+02:00,2021-10-08T18:55:00+02:00,2021-10-08 05:49:38.060382976+00:00,2021-10-08 16:58:00.198706432+00:00,-1.5236198237261265,-0.40395808046357456,117,6,False,False,False,-3.6343397162666666,-3.0033117738666664,2021-10-08 16:55:00+00:00,2021-10-09 05:47:00+00:00,12.866666666666667
2021-10-09,2021-10-09 05:47:00+00:00,2021-10-09 16:52:00+00:00,2021-10-09T07:47:00+02:00,2021-10-09T18:52:00+02:00,2021-10-09 05:51:20.376644864+00:00,2021-10-09 16:55:45.458682880+00:00,-1.516272966772798,-0.3988610401035497,119,6,False,False,False,-4.339610747733333,-3.7576447146666667,2021-10-09 16:52:00+00:00,2021-10-10 05:49:00+00:00,12.95
2021-10-10,2021-10-10 05:49:00+00:00,2021-10-10 16:50:00+00:00,2021-10-10T07:49:00+02:00,2021-10-10T18:50:00+02:00,2021-10-10 05:53:02.975818752+00:00,2021-10-10 16:53:31.328030976+00:00,-1.508726476284853,-0.3937161569865101,117,6,False,False,False,-4.0495969792,-3.5221338496000003,2021-10-10 16:50:00+00:00,2021-10-11 05:51:00+00:00,13.016666666666667
2021-10-11,2021-10-11 05:51:00+00:00,2021-10-11 16:48:00+00:00,2021-10-11T07:51:00+02:00,2021-10-11T18:48:00+02:00,2021-10-11 05:54:45.855522560+00:00,2021-10-11 16:51:17.839801344+00:00,-1.5009881266823728,-0.38852620862139775,120,6,False,False,False,-3.7642587093333333,-3.2973300223999997,2021-10-11 16:48:00+00:00,2021-10-12 05:53:00+00:00,13.083333333333334
2021-10-12,2021-10-12 05:53:00+00:00,2021-10-12 16:46:00+00:00,2021-10-12T07:53:00+02:00,2021-10-12T18:46:00+02:00,2021-10-12 05:56:29.013460736+00:00,2021-10-12 16:49:05.028764416+00:00,-1.4930659211751047,-0.3832940999681819,120,6,False,False,False,-3.4835576789333333,-3.0838127402666666,2021-10-12 16:46:00+00:00,2021-10-13 05:54:00+00:00,13.133333333333333
2021-10-13,2021-10-13 05:54:00+00:00,2021-10-13 16:43:00+00:00,2021-10-13T07:54:00+02:00,2021-10-13T18:43:00+02:00,2021-10-13 05:58:12.448012288+00:00,2021-10-13 16:46:52.931233792+00:00,-1.4849680826232483,-0.37802286095681004,120,6,False,False,False,-4.207466871466667,-3.8821872298666666,2021-10-13 16:43:00+00:00,2021-10-14 05:56:00+00:00,13.216666666666667
2021-10-14,2021-10-14 05:56:00+00:00,2021-10-14 16:41:00+00:00,2021-10-14T07:56:00+02:00,2021-10-14T18:41:00+02:00,2021-10-14 05:59:56.158600704+00:00,2021-10-14 16:44:41.584693248+00:00,-1.4767030441374063,-0.3727156438358231,120,6,False,False,False,-3.9359766784000003,-3.6930782208,2021-10-14 16:41:00+00:00,2021-10-15 05:58:00+00:00,13.283333333333333
2021-10-15,2021-10-15 05:58:00+00:00,2021-10-15 16:39:00+00:00,2021-10-15T07:58:00+02:00,2021-10-15T18:39:00+02:00,2021-10-15 06:01:40.145752576+00:00,2021-10-15 16:42:31.027420160+00:00,-1.4682794394287162,-0.367375720353494,120,6,False,False,False,-3.669095876266667,-3.517123669333333,2021-10-15 16:39:00+00:00,2021-10-16 06:00:00+00:00,13.35
2021-10-16,2021-10-16 06:00:00+00:00,2021-10-16 16:37:00+00:00,2021-10-16T08:00:00+02:00,2021-10-16T18:37:00+02:00,2021-10-16 06:03:24.410873856+00:00,2021-10-16 16:40:21.298213632+00:00,-1.459706092920519,-0.36200647877456094,120,6,False,False,False,-3.4068478976,-3.3549702272,2021-10-16 16:37:00+00:00,2021-10-17 06:02:00+00:00,13.416666666666666
2021-10-17,2021-10-17 06:02:00+00:00,2021-10-17 16:34:00+00:00,2021-10-17T08:02:00+02:00,2021-10-17T18:34:00+02:00,2021-10-17 06:05:08.955834112+00:00,2021-10-17 16:38:12.436229120+00:00,-1.4509920096331639,-0.3566114207358251,120,6,False,False,False,-3.1492639018666666,-4.207270485333334,2021-10-17 16:34:00+00:00,2021-10-18 06:03:00+00:00,13.483333333333333
2021-10-18,2021-10-18 06:03:00+00:00,2021-10-18 16:32:00+00:00,2021-10-18T08:03:00+02:00,2021-10-18T18:32:00+02:00,2021-10-18 06:06:53.782442752+00:00,2021-10-18 16:36:04.480890112+00:00,-1.4421463648538517,-0.3511941579440838,120,6,False,False,False,-3.8963740458666667,-4.0746815018666664,2021-10-18 16:32:00+00:00,2021-10-19 06:05:00+00:00,13.55
2021-10-19,2021-10-19 06:05:00+00:00,2021-10-19 16:30:00+00:00,2021-10-19T08:05:00+02:00,2021-10-19T18:30:00+02:00,2021-10-19 06:08:38.891878144+00:00,2021-10-19 16:33:57.471861248+00:00,-1.4331784936036436,-0.34575840872005664,120,6,False,False,False,-3.6481979690666666,-3.9578643541333336,2021-10-19 16:30:00+00:00,2021-10-20 06:07:00+00:00,13.616666666666667
2021-10-20,2021-10-20 06:07:00+00:00,2021-10-20 16:28:00+00:00,2021-10-20T08:07:00+02:00,2021-10-20T18:28:00+02:00,2021-10-20 06:10:24.284132608+00:00,2021-10-20 16:31:51.449103104+00:00,-1.4240978799140334,-0.3403079943921622,120,6,False,False,False,-3.4047355434666664,-3.8574850517333332,2021-10-20 16:28:00+00:00,2021-10-21 06:09:00+00:00,13.683333333333334
2021-10-21,2021-10-21 06:09:00+00:00,2021-10-21 16:26:00+00:00,2021-10-21T08:09:00+02:00,2021-10-21T18:26:00+02:00,2021-10-21 06:12:09.957541376+00:00,2021-10-21 16:29:46.452985856+00:00,-1.4149141459256764,-0.33484683554417594,120,6,False,False,False,-3.1659590229333334,-3.7742164309333335,2021-10-21 16:26:00+00:00,2021-10-22 06:11:00+00:00,13.75
2021-10-22,2021-10-22 06:11:00+00:00,2021-10-22 16:24:00+00:00,2021-10-22T08:11:00+02:00,2021-10-22T18:24:00+02:00,2021-10-22 06:13:55.908448256+00:00,2021-10-22 16:27:42.524437248+00:00,-1.4056370408221082,-0.32937894812099366,120,6,False,False,False,-2.9318074709333337,-3.7087406208,2021-10-22 16:24:00+00:00,2021-10-23 06:12:00+00:00,13.8
2021-10-23,2021-10-23 06:12:00+00:00,2021-10-23 16:22:00+00:00,2021-10-23T08:12:00+02:00,2021-10-23T18:22:00+02:00,2021-10-23 06:15:42.131015936+00:00,2021-10-23 16:25:39.705065984+00:00,-1.3962764296114558,-0.3239084393968849,120,6,False,False,False,-3.7021835989333334,-3.661751099733333,2021-10-23 16:22:00+00:00,2021-10-24 06:14:00+00:00,13.866666666666667
2021-10-24,2021-10-24 06:14:00+00:00,2021-10-24 16:20:00+00:00,2021-10-24T08:14:00+02:00,2021-10-24T18:20:00+02:00,2021-10-24 06:17:28.617136640+00:00,2021-10-24 16:23:38.037262080+00:00,-1.386842281769353,-0.3184395038108063,120,6,False,False,False,-3.4769522773333335,-3.633954368,2021-10-24 16:20:00+00:00,2021-10-25 06:16:00+00:00,13.933333333333334
2021-10-25,2021-10-25 06:16:00+00:00,2021-10-25 16:18:00+00:00,2021-10-25T08:16:00+02:00,2021-10-25T18:18:00+02:00,2021-10-25 06:19:15.356380160+00:00,2021-10-25 16:21:37.564280064+00:00,-1.3773446597564039,-0.31297641867349774,120,6,False,False,False,-3.255939669333333,-3.6260713344,2021-10-25 16:18:00+00:00,2021-10-26 06:18:00+00:00,14.0
2021-10-26,2021-10-26 06:18:00+00:00,2021-10-26 16:15:00+00:00,2021-10-26T08:18:00+02:00,2021-10-26T18:15:00+02:00,2021-10-26 06:21:02.335942400+00:00,2021-10-26 16:19:38.330310144+00:00,-1.3677937074237183,-0.3075235397512502,120,6,False,False,False,-3.038932373333333,-4.6388385024000005,2021-10-26 16:15:00+00:00,2021-10-27 06:20:00+00:00,14.083333333333334
2021-10-27,2021-10-27 06:20:00+00:00,2021-10-27 16:13:00+00:00,2021-10-27T08:20:00+02:00,2021-10-27T18:13:00+02:00,2021-10-27 06:22:49.540570112+00:00,2021-10-27 16:17:40.380510464+00:00,-1.3581996383201558,-0.30208529673138446,120,6,False,False,False,-2.8256761685333336,-4.673008507733333,2021-10-27 16:13:00+00:00,2021-10-28 06:22:00+00:00,14.15
2021-10-28,2021-10-28 06:22:00+00:00,2021-10-28 16:11:00+00:00,2021-10-28T08:22:00+02:00,2021-10-28T18:11:00+02:00,2021-10-28 06:24:36.952441344+00:00,2021-10-28 16:15:43.760983296+00:00,-1.3485727239150431,-0.2966661885746327,120,6,False,False,False,-2.6158740224,-4.7293497216,2021-10-28 16:11:00+00:00,2021-10-29 06:23:00+00:00,14.2
2021-10-29,2021-10-29 06:23:00+00:00,2021-10-29 16:10:00+00:00,2021-10-29T08:23:00+02:00,2021-10-29T18:10:00+02:00,2021-10-29 06:26:24.550990592+00:00,2021-10-29 16:13:48.518706688+00:00,-1.3389232817502181,-0.29127077875974616,120,6,False,False,False,-3.4091831765333334,-3.808645111466667,2021-10-29 16:10:00+00:00,2021-10-30 06:25:00+00:00,14.25
2021-10-30,2021-10-30 06:25:00+00:00,2021-10-30 16:08:00+00:00,2021-10-30T08:25:00+02:00,2021-10-30T18:08:00+02:00,2021-10-30 06:28:12.312676864+00:00,2021-10-30 16:11:54.701464320+00:00,-1.3292616635353607,-0.2859036904258017,120,6,True,False,False,-3.2052112810666666,-3.9116910720000004,2021-10-30 16:08:00+00:00,2021-10-31 06:27:00+00:00,14.316666666666666
2021-10-31,2021-10-31 06:27:00+00:00,2021-10-31 16:06:00+00:00,2021-10-31T07:27:00+01:00,2021-10-31T17:06:00+01:00,2021-10-31 06:30:00.210764288+00:00,2021-10-31 16:10:02.357750784+00:00,-1.319598243200605,-0.28056960141779363,120,6,False,False,False,-3.0035127381333333,-4.0392958464,2021-10-31 16:06:00+00:00,2021-11-01 06:29:00+00:00,14.383333333333333
2021-11-01,2021-11-01 06:29:00+00:00,2021-11-01 16:04:00+00:00,2021-11-01T07:29:00+01:00,2021-11-01T17:04:00+01:00,2021-11-01 06:31:48.215188992+00:00,2021-11-01 16:08:11.536587264+00:00,-1.3099434049205163,-0.2752732392412358,120,6,False,False,False,-2.8035864832,-4.1922764544,2021-11-01 16:04:00+00:00,2021-11-02 06:31:00+00:00,14.45
2021-11-02,2021-11-02 06:31:00+00:00,2021-11-02 16:02:00+00:00,2021-11-02T07:31:00+01:00,2021-11-02T17:02:00+01:00,2021-11-02 06:33:36.292545024+00:00,2021-11-02 16:06:22.287171584+00:00,-1.3003075311235175,-0.2700193759315958,120,6,False,False,False,-2.6048757503999997,-4.371452859733334,2021-11-02 16:02:00+00:00,2021-11-03 06:33:00+00:00,14.516666666666667
2021-11-03,2021-11-03 06:33:00+00:00,2021-11-03 16:00:00+00:00,2021-11-03T07:33:00+01:00,2021-11-03T17:00:00+01:00,2021-11-03 06:35:24.406135808+00:00,2021-11-03 16:04:34.658444032+00:00,-1.290700990500893,-0.26481282284451285,120,6,False,False,False,-2.406768930133333,-4.577640733866667,2021-11-03 16:00:00+00:00,2021-11-04 06:35:00+00:00,14.583333333333334
2021-11-04,2021-11-04 06:35:00+00:00,2021-11-04 15:58:00+00:00,2021-11-04T07:35:00+01:00,2021-11-04T16:58:00+01:00,2021-11-04 06:37:12.515991552+00:00,2021-11-04 16:02:48.698797056+00:00,-1.28113412602948,-0.25965842537283246,120,6,False,False,False,-2.2085998592,-4.8116466176,2021-11-04 15:58:00+00:00,2021-11-05 06:36:00+00:00,14.633333333333333
2021-11-05,2021-11-05 06:36:00+00:00,2021-11-05 15:56:00+00:00,2021-11-05T07:36:00+01:00,2021-11-05T16:56:00+01:00,2021-11-05 06:39:00.578819584+00:00,2021-11-05 16:01:04.456214272+00:00,-1.2716172430221588,-0.25456105759660147,120,6,False,False,False,-3.0096469930666667,-5.074270237866667,2021-11-05 15:56:00+00:00,2021-11-06 06:38:00+00:00,14.7
2021-11-06,2021-11-06 06:38:00+00:00,2021-11-06 15:55:00+00:00,2021-11-06T07:38:00+01:00,2021-11-06T16:55:00+01:00,2021-11-06 06:40:48.547982336+00:00,2021-11-06 15:59:21.978912+00:00,-1.2621605972202037,-0.24952561687224267,120,6,False,False,False,-2.809133038933333,-4.3663152,2021-11-06 15:55:00+00:00,2021-11-07 06:40:00+00:00,14.75
2021-11-07,2021-11-07 06:40:00+00:00,2021-11-07 15:53:00+00:00,2021-11-07T07:40:00+01:00,2021-11-07T16:53:00+01:00,2021-11-07 06:42:36.373679872+00:00,2021-11-07 15:57:41.316254976+00:00,-1.2527743829415274,-0.24455701836722032,120,6,False,False,False,-2.6062279978666667,-4.6886042496,2021-11-07 15:53:00+00:00,2021-11-08 06:42:00+00:00,14.816666666666666
2021-11-08,2021-11-08 06:42:00+00:00,2021-11-08 15:51:00+00:00,2021-11-08T07:42:00+01:00,2021-11-08T16:51:00+01:00,2021-11-08 06:44:24.003447040+00:00,2021-11-08 15:56:02.519522560+00:00,-1.2434687212987638,-0.23966018954656454,120,6,False,False,False,-2.4000574506666665,-5.041992042666666,2021-11-08 15:51:00+00:00,2021-11-09 06:44:00+00:00,14.883333333333333
2021-11-09,2021-11-09 06:44:00+00:00,2021-11-09 15:50:00+00:00,2021-11-09T07:44:00+01:00,2021-11-09T16:50:00+01:00,2021-11-09 06:46:11.382916608+00:00,2021-11-09 15:54:25.642173440+00:00,-1.2342536485010782,-0.23484006461770635,120,6,False,False,False,-2.1897152768,-4.427369557333334,2021-11-09 15:50:00+00:00,2021-11-10 06:46:00+00:00,14.933333333333334
2021-11-10,2021-11-10 06:46:00+00:00,2021-11-10 15:48:00+00:00,2021-11-10T07:46:00+01:00,2021-11-10T16:48:00+01:00,2021-11-10 06:47:58.456625664+00:00,2021-11-10 15:52:50.739556352+00:00,-1.225139104253464,-0.23010157894011382,120,6,False,False,False,-1.9742770944,-4.845659272533334,2021-11-10 15:48:00+00:00,2021-11-11 06:47:00+00:00,14.983333333333333
2021-11-11,2021-11-11 06:47:00+00:00,2021-11-11 15:46:00+00:00,2021-11-11T07:47:00+01:00,2021-11-11T16:46:00+01:00,2021-11-11 06:49:45.168625408+00:00,2021-11-11 15:51:17.868315904+00:00,-1.216134920267207,-0.22544966340628747,120,6,False,False,False,-2.752810423466667,-5.297805265066667,2021-11-11 15:46:00+00:00,2021-11-12 06:49:00+00:00,15.05
2021-11-12,2021-11-12 06:49:00+00:00,2021-11-12 15:45:00+00:00,2021-11-12T07:49:00+01:00,2021-11-12T16:45:00+01:00,2021-11-12 06:51:31.462758912+00:00,2021-11-12 15:49:47.085818880+00:00,-1.2072508088950313,-0.22088923880069702,120,6,False,False,False,-2.5243793152,-4.784763647999999,2021-11-12 15:45:00+00:00,2021-11-13 06:51:00+00:00,15.1
2021-11-13,2021-11-13 06:51:00+00:00,2021-11-13 15:43:00+00:00,2021-11-13T07:51:00+01:00,2021-11-13T16:43:00+01:00,2021-11-13 06:53:17.282622464+00:00,2021-11-13 15:48:18.449796864+00:00,-1.1984963519043244,-0.2164252101432952,120,6,False,False,False,-2.2880437077333338,-5.3074966144,2021-11-13 15:43:00+00:00,2021-11-14 06:53:00+00:00,15.166666666666666
2021-11-14,2021-11-14 06:53:00+00:00,2021-11-14 15:42:00+00:00,2021-11-14T07:53:00+01:00,2021-11-14T16:42:00+01:00,2021-11-14 06:55:02.571303424+00:00,2021-11-14 15:46:52.018201088+00:00,-1.1898809894016533,-0.21206246102425078,120,6,False,False,False,-2.042855057066667,-4.866970018133333,2021-11-14 15:42:00+00:00,2021-11-15 06:55:00+00:00,15.216666666666667
2021-11-15,2021-11-15 06:55:00+00:00,2021-11-15 15:40:00+00:00,2021-11-15T07:55:00+01:00,2021-11-15T16:40:00+01:00,2021-11-15 06:56:47.271007488+00:00,2021-11-15 15:45:27.849142016+00:00,-1.1814140089216236,-0.20780584793657922,120,6,False,False,False,-1.7878501247999998,-5.464152366933333,2021-11-15 15:40:00+00:00,2021-11-16 06:56:00+00:00,15.266666666666667
2021-11-16,2021-11-16 06:56:00+00:00,2021-11-16 15:39:00+00:00,2021-11-16T07:56:00+01:00,2021-11-16T16:39:00+01:00,2021-11-16 06:58:31.322636544+00:00,2021-11-16 15:44:06.000837120+00:00,-1.1731045346929212,-0.20366019461334645,120,6,False,False,False,-2.5220439424000003,-5.100013952,2021-11-16 15:39:00+00:00,2021-11-17 06:58:00+00:00,15.316666666666666
2021-11-17,2021-11-17 06:58:00+00:00,2021-11-17 15:37:00+00:00,2021-11-17T07:58:00+01:00,2021-11-17T16:37:00+01:00,2021-11-17 07:00:14.665377280+00:00,2021-11-17 15:42:46.531545088+00:00,-1.1649615170941905,-0.199630286376135,120,6,False,False,False,-2.2444229546666667,-5.775525751466666,2021-11-17 15:37:00+00:00,2021-11-18 07:00:00+00:00,15.383333333333333
2021-11-18,2021-11-18 07:00:00+00:00,2021-11-18 15:36:00+00:00,2021-11-18T08:00:00+01:00,2021-11-18T16:36:00+01:00,2021-11-18 07:01:57.236359680+00:00,2021-11-18 15:41:29.499520768+00:00,-1.1569937223121527,-0.19572086450144532,120,6,False,False,False,-1.9539393280000001,-5.491658679466667,2021-11-18 15:36:00+00:00,2021-11-19 07:02:00+00:00,15.433333333333334
2021-11-19,2021-11-19 07:02:00+00:00,2021-11-19 15:35:00+00:00,2021-11-19T08:02:00+01:00,2021-11-19T16:35:00+01:00,2021-11-19 07:03:38.970430464+00:00,2021-11-19 15:40:14.962998016+00:00,-1.149209722214152,-0.1919366206117041,120,6,False,False,False,-1.6495071744,-5.2493833002666666,2021-11-19 15:35:00+00:00,2021-11-20 07:03:00+00:00,15.466666666666667
2021-11-20,2021-11-20 07:03:00+00:00,2021-11-20 15:34:00+00:00,2021-11-20T08:03:00+01:00,2021-11-20T16:34:00+01:00,2021-11-20 07:05:19.800053248+00:00,2021-11-20 15:39:02.980189440+00:00,-1.1416178844470493,-0.18828219109751881,120,6,False,False,False,-2.330000887466667,-5.049669824,2021-11-20 15:34:00+00:00,2021-11-21 07:05:00+00:00,15.516666666666667
2021-11-21,2021-11-21 07:05:00+00:00,2021-11-21 15:32:00+00:00,2021-11-21T08:05:00+01:00,2021-11-21T16:32:00+01:00,2021-11-21 07:06:59.655300096+00:00,2021-11-21 15:37:53.609285120+00:00,-1.1342263627741278,-0.18476215157779893,120,6,False,False,False,-1.9942550016,-5.893488085333333,2021-11-21 15:32:00+00:00,2021-11-22 07:07:00+00:00,15.583333333333334
2021-11-22,2021-11-22 07:07:00+00:00,2021-11-22 15:31:00+00:00,2021-11-22T08:07:00+01:00,2021-11-22T16:31:00+01:00,2021-11-22 07:08:38.463895552+00:00,2021-11-22 15:36:46.908445952+00:00,-1.127043087661378,-0.1813810114043185,120,6,False,False,False,-1.6410649258666665,-5.781807432533333,2021-11-22 15:31:00+00:00,2021-11-23 07:09:00+00:00,15.633333333333333
2021-11-23,2021-11-23 07:09:00+00:00,2021-11-23 15:30:00+00:00,2021-11-23T08:09:00+01:00,2021-11-23T16:30:00+01:00,2021-11-23 07:10:16.151289856+00:00,2021-11-23 15:35:42.935761664+00:00,-1.120075757124257,-0.17814320821725982,120,6,False,False,False,-1.2691881642666667,-5.715596027733333,2021-11-23 15:30:00+00:00,2021-11-24 07:10:00+00:00,15.666666666666666
2021-11-24,2021-11-24 07:10:00+00:00,2021-11-24 15:29:00+00:00,2021-11-24T08:10:00+01:00,2021-11-24T16:29:00+01:00,2021-11-24 07:11:52.640752384+00:00,2021-11-24 15:34:41.749143808+00:00,-1.1133318278456892,-0.17505310255821543,120,6,False,False,False,-1.8773458730666666,-5.695819063466667,2021-11-24 15:29:00+00:00,2021-11-25 07:12:00+00:00,15.716666666666667
2021-11-25,2021-11-25 07:12:00+00:00,2021-11-25 15:28:00+00:00,2021-11-25T08:12:00+01:00,2021-11-25T16:28:00+01:00,2021-11-25 07:13:27.853452544+00:00,2021-11-25 15:33:43.406112256+00:00,-1.1068185065757659,-0.17211497254707467,120,6,False,False,False,-1.4642242090666668,-5.723435204266666,2021-11-25 15:28:00+00:00,2021-11-26 07:13:00+00:00,15.75
2021-11-26,2021-11-26 07:13:00+00:00,2021-11-26 15:27:00+00:00,2021-11-26T08:13:00+01:00,2021-11-26T16:27:00+01:00,2021-11-26 07:15:01.708491776+00:00,2021-11-26 15:32:47.963503616+00:00,-1.100542741823266,-0.16933300862914724,120,6,False,False,False,-2.0284748629333333,-5.799391726933334,2021-11-26 15:27:00+00:00,2021-11-27 07:15:00+00:00,15.8
2021-11-27,2021-11-27 07:15:00+00:00,2021-11-27 15:26:00+00:00,2021-11-27T08:15:00+01:00,2021-11-27T16:26:00+01:00,2021-11-27 07:16:34.122881024+00:00,2021-11-27 15:31:55.477138688+00:00,-1.0945112158487822,-0.16671130839880616,120,6,False,False,False,-1.5687146837333332,-5.924618978133334,2021-11-27 15:26:00+00:00,2021-11-28 07:17:00+00:00,15.85
2021-11-28,2021-11-28 07:17:00+00:00,2021-11-28 15:25:00+00:00,2021-11-28T08:17:00+01:00,2021-11-28T16:25:00+01:00,2021-11-28 07:18:05.011514624+00:00,2021-11-28 15:31:06.001449984+00:00,-1.088730336968861,-0.16425387150584403,120,6,False,False,False,-1.0835252437333334,-6.1000241664,2021-11-28 15:25:00+00:00,2021-11-29 07:18:00+00:00,15.883333333333333
2021-11-29,2021-11-29 07:18:00+00:00,2021-11-29 15:24:00+00:00,2021-11-29T08:18:00+01:00,2021-11-29T16:24:00+01:00,2021-11-29 07:19:34.287247616+00:00,2021-11-29 15:30:19.588988672+00:00,-1.083206232180228,-0.16196459465065283,120,6,False,False,False,-1.5714541269333333,-6.326483144533333,2021-11-29 15:24:00+00:00,2021-11-30 07:20:00+00:00,15.933333333333334
2021-11-30,2021-11-30 07:20:00+00:00,2021-11-30 15:24:00+00:00,2021-11-30T08:20:00+01:00,2021-11-30T16:24:00+01:00,2021-11-30 07:21:01.861122560+00:00,2021-11-30 15:29:36.289735680+00:00,-1.0779447401127604,-0.159847266674235,120,6,False,False,False,-1.0310187093333334,-5.604828928,2021-11-30 15:24:00+00:00,2021-12-01 07:21:00+00:00,15.95
2021-12-01,2021-12-01 07:21:00+00:00,2021-12-01 15:23:00+00:00,2021-12-01T08:21:00+01:00,2021-12-01T16:23:00+01:00,2021-12-01 07:22:27.642704128+00:00,2021-12-01 15:28:56.150287872+00:00,-1.0729514043195072,-0.1579055637489536,120,6,False,False,False,-1.4607117354666668,-5.9358381312,2021-12-01 15:23:00+00:00,2021-12-02 07:22:00+00:00,15.983333333333333
2021-12-02,2021-12-02 07:22:00+00:00,2021-12-02 15:22:00+00:00,2021-12-02T08:22:00+01:00,2021-12-02T16:22:00+01:00,2021-12-02 07:23:51.540398848+00:00,2021-12-02 15:28:19.213204736+00:00,-1.068231466911636,-0.15614304467581414,120,6,False,False,False,-1.8590066474666667,-6.320220078933334,2021-12-02 15:22:00+00:00,2021-12-03 07:24:00+00:00,16.033333333333335
2021-12-03,2021-12-03 07:24:00+00:00,2021-12-03 15:22:00+00:00,2021-12-03T08:24:00+01:00,2021-12-03T16:22:00+01:00,2021-12-03 07:25:13.461681920+00:00,2021-12-03 15:27:45.516867840+00:00,-1.0637898625458029,-0.15456314629395573,120,6,False,False,False,-1.2243613653333334,-5.758614464,2021-12-03 15:22:00+00:00,2021-12-04 07:25:00+00:00,16.05
2021-12-04,2021-12-04 07:25:00+00:00,2021-12-04 15:21:00+00:00,2021-12-04T08:25:00+01:00,2021-12-04T16:21:00+01:00,2021-12-04 07:26:33.313284352+00:00,2021-12-04 15:27:15.096020224+00:00,-1.0596312127709977,-0.15316917900790056,120,6,False,False,False,-1.5552214058666667,-6.251600337066666,2021-12-04 15:21:00+00:00,2021-12-05 07:27:00+00:00,16.1
2021-12-05,2021-12-05 07:27:00+00:00,2021-12-05 15:21:00+00:00,2021-12-05T08:27:00+01:00,2021-12-05T16:21:00+01:00,2021-12-05 07:27:51.001510912+00:00,2021-12-05 15:26:47.982756352+00:00,-1.0557598207415189,-0.15196432243798358,120,6,False,False,False,-0.8500251818666666,-5.7997126058666675,2021-12-05 15:21:00+00:00,2021-12-06 07:28:00+00:00,16.116666666666667
2021-12-06,2021-12-06 07:28:00+00:00,2021-12-06 15:20:00+00:00,2021-12-06T08:28:00+01:00,2021-12-06T16:20:00+01:00,2021-12-06 07:29:06.432848384+00:00,2021-12-06 15:26:24.207446528+00:00,-1.0521796663022807,-0.1509516211992425,120,6,False,False,False,-1.1072141397333333,-6.403457442133333,2021-12-06 15:20:00+00:00,2021-12-07 07:29:00+00:00,16.15
2021-12-07,2021-12-07 07:29:00+00:00,2021-12-07 15:20:00+00:00,2021-12-07T08:29:00+01:00,2021-12-07T16:20:00+01:00,2021-12-07 07:30:19.514893056+00:00,2021-12-07 15:26:03.799098368+00:00,-1.0488944014522266,-0.1501339808139045,120,6,False,False,False,-1.3252482176,-6.063318306133334,2021-12-07 15:20:00+00:00,2021-12-08 07:30:00+00:00,16.166666666666668
2021-12-08,2021-12-08 07:30:00+00:00,2021-12-08 15:20:00+00:00,2021-12-08T08:30:00+01:00,2021-12-08T16:20:00+01:00,2021-12-08 07:31:30.157440512+00:00,2021-12-08 15:25:46.785011968+00:00,-1.0459073461911674,-0.14951416376245735,120,6,False,False,False,-1.5026240085333333,-5.779750199466666,2021-12-08 15:20:00+00:00,2021-12-09 07:31:00+00:00,16.183333333333334
2021-12-09,2021-12-09 07:31:00+00:00,2021-12-09 15:19:00+00:00,2021-12-09T08:31:00+01:00,2021-12-09T16:19:00+01:00,2021-12-09 07:32:38.273503744+00:00,2021-12-09 15:25:33.189983488+00:00,-1.0432214847549208,-0.1490947856781345,120,6,False,False,False,-1.6378917290666666,-6.553166391466666,2021-12-09 15:19:00+00:00,2021-12-10 07:33:00+00:00,16.233333333333334
2021-12-10,2021-12-10 07:33:00+00:00,2021-12-10 15:19:00+00:00,2021-12-10T08:33:00+01:00,2021-12-10T16:19:00+01:00,2021-12-10 07:33:43.780059904+00:00,2021-12-10 15:25:23.035512320+00:00,-1.0408394622431594,-0.1488783116894809,120,6,False,False,False,-0.7296676650666666,-6.383925205333333,2021-12-10 15:19:00+00:00,2021-12-11 07:34:00+00:00,16.25
2021-12-11,2021-12-11 07:34:00+00:00,2021-12-11 15:19:00+00:00,2021-12-11T08:34:00+01:00,2021-12-11T16:19:00+01:00,2021-12-11 07:34:46.598442496+00:00,2021-12-11 15:25:16.339312128+00:00,-1.0387635816439167,-0.14886705291550195,120,6,False,False,False,-0.7766407082666666,-6.272321868800001,2021-12-11 15:19:00+00:00,2021-12-12 07:35:00+00:00,16.266666666666666
2021-12-12,2021-12-12 07:35:00+00:00,2021-12-12 15:19:00+00:00,2021-12-12T08:35:00+01:00,2021-12-12T16:19:00+01:00,2021-12-12 07:35:46.654432768+00:00,2021-12-12 15:25:13.115163904+00:00,-1.0369958012582292,-0.14906316311771933,120,6,False,False,False,-0.7775738794666667,-6.218586065066666,2021-12-12 15:19:00+00:00,2021-12-13 07:36:00+00:00,16.283333333333335
2021-12-13,2021-12-13 07:36:00+00:00,2021-12-13 15:19:00+00:00,2021-12-13T08:36:00+01:00,2021-12-13T16:19:00+01:00,2021-12-13 07:36:43.878148096+00:00,2021-12-13 15:25:13.372915968+00:00,-1.0355377325279242,-0.14946863551328382,120,6,False,False,False,-0.7313024682666666,-6.222881932799999,2021-12-13 15:19:00+00:00,2021-12-14 07:36:00+00:00,16.283333333333335
2021-12-14,2021-12-14 07:36:00+00:00,2021-12-14 15:19:00+00:00,2021-12-14T08:36:00+01:00,2021-12-14T16:19:00+01:00,2021-12-14 07:37:38.203848960+00:00,2021-12-14 15:25:17.118462208+00:00,-1.0343906382690804,-0.15008529975311075,120,6,False,False,False,-1.636730816,-6.285307703466667,2021-12-14 15:19:00+00:00,2021-12-15 07:37:00+00:00,16.3
2021-12-15,2021-12-15 07:37:00+00:00,2021-12-15 15:19:00+00:00,2021-12-15T08:37:00+01:00,2021-12-15T16:19:00+01:00,2021-12-15 07:38:29.569750272+00:00,2021-12-15 15:25:24.353643008+00:00,-1.0335554313132138,-0.15091481906881332,120,6,False,False,False,-1.4928291712,-6.405894050133333,2021-12-15 15:19:00+00:00,2021-12-16 07:38:00+00:00,16.316666666666666
2021-12-16,2021-12-16 07:38:00+00:00,2021-12-16 15:19:00+00:00,2021-12-16T08:38:00+01:00,2021-12-16T16:19:00+01:00,2021-12-16 07:39:17.917878272+00:00,2021-12-16 15:25:35.076132608+00:00,-1.0330326735577584,-0.1519586875920188,120,6,False,False,False,-1.2986313045333333,-6.584602210133334,2021-12-16 15:19:00+00:00,2021-12-17 07:39:00+00:00,16.333333333333332
2021-12-17,2021-12-17 07:39:00+00:00,2021-12-17 15:20:00+00:00,2021-12-17T08:39:00+01:00,2021-12-17T16:20:00+01:00,2021-12-17 07:40:03.193995776+00:00,2021-12-17 15:25:49.279384064+00:00,-1.0328225754269296,-0.15321822784945605,120,6,False,False,False,-1.0532332629333334,-5.821323067733333,2021-12-17 15:20:00+00:00,2021-12-18 07:40:00+00:00,16.333333333333332
2021-12-18,2021-12-18 07:40:00+00:00,2021-12-18 15:20:00+00:00,2021-12-18T08:40:00+01:00,2021-12-18T16:20:00+01:00,2021-12-18 07:40:45.347573504+00:00,2021-12-18 15:26:06.952654848+00:00,-1.0329249957435682,-0.15469458843699818,120,6,False,False,False,-0.7557928917333334,-6.1158775808,2021-12-18 15:20:00+00:00,2021-12-19 07:40:00+00:00,16.333333333333332
2021-12-19,2021-12-19 07:40:00+00:00,2021-12-19 15:20:00+00:00,2021-12-19T08:40:00+01:00,2021-12-19T16:20:00+01:00,2021-12-19 07:41:24.331797248+00:00,2021-12-19 15:26:28.081090560+00:00,-1.0333394420120838,-0.15638874187564494,120,6,False,False,False,-1.4055299541333333,-6.468018176,2021-12-19 15:20:00+00:00,2021-12-20 07:41:00+00:00,16.35
2021-12-20,2021-12-20 07:41:00+00:00,2021-12-20 15:21:00+00:00,2021-12-20T08:41:00+01:00,2021-12-20T16:21:00+01:00,2021-12-20 07:42:00.103599616+00:00,2021-12-20 15:26:52.645845248+00:00,-1.0340650711121273,-0.15830148265221572,120,6,False,False,False,-1.0017266602666666,-5.877430754133333,2021-12-20 15:21:00+00:00,2021-12-21 07:41:00+00:00,16.333333333333332
2021-12-21,2021-12-21 07:41:00+00:00,2021-12-21 15:21:00+00:00,2021-12-21T08:41:00+01:00,2021-12-21T16:21:00+01:00,2021-12-21 07:42:32.623712512+00:00,2021-12-21 15:27:20.624199168+00:00,-1.0351006904021363,-0.16043342544731387,120,6,False,False,False,-1.5437285418666666,-6.3437366528000005,2021-12-21 15:21:00+00:00,2021-12-22 07:42:00+00:00,16.35
2021-12-22,2021-12-22 07:42:00+00:00,2021-12-22 15:22:00+00:00,2021-12-22T08:42:00+01:00,2021-12-22T16:22:00+01:00,2021-12-22 07:43:01.856734720+00:00,2021-12-22 15:27:51.989629952+00:00,-1.036444759231417,-0.1627850035529121,120,6,False,False,False,-1.0309455786666666,-5.866493832533333,2021-12-22 15:22:00+00:00,2021-12-23 07:42:00+00:00,16.333333333333332
2021-12-23,2021-12-23 07:42:00+00:00,2021-12-23 15:22:00+00:00,2021-12-23T08:42:00+01:00,2021-12-23T16:22:00+01:00,2021-12-23 07:43:27.771167744+00:00,2021-12-23 15:28:26.711780352+00:00,-1.0380953908589405,-0.1653564674816822,119,6,False,False,False,-1.4628527957333333,-6.4451963392,2021-12-23 15:22:00+00:00,2021-12-24 07:43:00+00:00,16.35
2021-12-24,2021-12-24 07:43:00+00:00,2021-12-24 15:23:00+00:00,2021-12-24T08:43:00+01:00,2021-12-24T16:23:00+01:00,2021-12-24 07:43:50.339397376+00:00,2021-12-24 15:29:04.756307200+00:00,-1.0400503547765498,-0.1681478837699822,118,6,False,False,False,-0.8389899562666667,-6.079271786666666,2021-12-24 15:23:00+00:00,2021-12-25 07:43:00+00:00,16.333333333333332
2021-12-25,2021-12-25 07:43:00+00:00,2021-12-25 15:24:00+00:00,2021-12-25T08:43:00+01:00,2021-12-25T16:24:00+01:00,2021-12-25 07:44:09.537609216+00:00,2021-12-25 15:29:46.084642304+00:00,-1.0423070794338014,-0.1711591339761836,117,6,False,False,False,-1.1589601536,-5.768077371733333,2021-12-25 15:24:00+00:00,2021-12-26 07:43:00+00:00,16.316666666666666
2021-12-26,2021-12-26 07:43:00+00:00,2021-12-26 15:24:00+00:00,2021-12-26T08:43:00+01:00,2021-12-26T16:24:00+01:00,2021-12-26 07:44:25.345678336+00:00,2021-12-26 15:30:30.653697792+00:00,-1.0448626553611855,-0.17438991387580016,116,6,False,False,False,-1.4224279722666668,-6.5108949632,2021-12-26 15:24:00+00:00,2021-12-27 07:43:00+00:00,16.316666666666666
2021-12-27,2021-12-27 07:43:00+00:00,2021-12-27 15:25:00+00:00,2021-12-27T08:43:00+01:00,2021-12-27T16:25:00+01:00,2021-12-27 07:44:37.747102464+00:00,2021-12-27 15:31:18.415500800+00:00,-1.0477138386880025,-0.17783973285465066,114,6,False,False,False,-1.6291183744,-6.306925013333333,2021-12-27 15:25:00+00:00,2021-12-28 07:43:00+00:00,16.3
2021-12-28,2021-12-28 07:43:00+00:00,2021-12-28 15:26:00+00:00,2021-12-28T08:43:00+01:00,2021-12-28T16:26:00+01:00,2021-12-28 07:44:46.729015296+00:00,2021-12-28 15:32:09.316723968+00:00,-1.0508570550507037,-0.1815079135010655,113,6,False,False,False,-1.7788169216,-6.1552787328,2021-12-28 15:26:00+00:00,2021-12-29 07:44:00+00:00,16.3
2021-12-29,2021-12-29 07:44:00+00:00,2021-12-29 15:27:00+00:00,2021-12-29T08:44:00+01:00,2021-12-29T16:27:00+01:00,2021-12-29 07:44:52.282252032+00:00,2021-12-29 15:33:03.298166528+00:00,-1.0542884038870486,-0.1853935913979083,112,6,False,False,False,-0.8713708672,-6.054969442133333,2021-12-29 15:27:00+00:00,2021-12-30 07:44:00+00:00,16.283333333333335
2021-12-30,2021-12-30 07:44:00+00:00,2021-12-30 15:28:00+00:00,2021-12-30T08:44:00+01:00,2021-12-30T16:28:00+01:00,2021-12-30 07:44:54.401391360+00:00,2021-12-30 15:34:00.294419712+00:00,-1.058003663110969,-0.18949571511496427,111,6,False,False,False,-0.906689856,-6.0049069952,2021-12-30 15:28:00+00:00,2021-12-31 07:44:00+00:00,16.266666666666666
2021-12-31,2021-12-31 07:44:00+00:00,2021-12-31 15:29:00+00:00,2021-12-31T08:44:00+01:00,2021-12-31T16:29:00+01:00,2021-12-31 07:44:53.084694016+00:00,2021-12-31 15:35:00.234052352+00:00,-1.0619982941625832,-0.19381304640200342,110,6,False,False,False,-0.8847449002666666,-6.003900872533333,2021-12-31 15:29:00+00:00,2022-01-01 07:43:00+00:00,16.233333333333334
2022-01-01,2022-01-01 07:43:00+00:00,2022-01-01 15:30:00+00:00,2022-01-01T08:43:00+01:00,2022-01-01T16:30:00+01:00,2022-01-01 07:44:48.333936128+00:00,2022-01-01 15:36:03.040511744+00:00,-1.0662674474273675,-0.19834416058260979,108,6,False,False,False,-1.8055656021333335,-6.050675195733334,2022-01-01 15:30:00+00:00,2022-01-02 07:43:00+00:00,16.216666666666665
2022-01-02,2022-01-02 07:43:00+00:00,2022-01-02 15:31:00+00:00,2022-01-02T08:43:00+01:00,2022-01-02T16:31:00+01:00,2022-01-02 07:44:40.154226176+00:00,2022-01-02 15:37:08.633580800+00:00,-1.070805968018042,-0.20308744714861998,107,6,False,False,False,-1.6692371029333333,-6.143893013333334,2022-01-02 15:31:00+00:00,2022-01-03 07:43:00+00:00,16.2
2022-01-03,2022-01-03 07:43:00+00:00,2022-01-03 15:33:00+00:00,2022-01-03T08:43:00+01:00,2022-01-03T16:33:00+01:00,2022-01-03 07:44:28.553943040+00:00,2022-01-03 15:38:16.930901504+00:00,-1.075608401912314,-0.20804111055479818,106,6,False,False,False,-1.4758990506666665,-5.282181691733333,2022-01-03 15:33:00+00:00,2022-01-04 07:43:00+00:00,16.166666666666668
2022-01-04,2022-01-04 07:43:00+00:00,2022-01-04 15:34:00+00:00,2022-01-04T08:43:00+01:00,2022-01-04T16:34:00+01:00,2022-01-04 07:44:13.544917760+00:00,2022-01-04 15:39:27.849027584+00:00,-1.0806690024391932,-0.21320317121312965,105,6,False,False,False,-1.2257486293333335,-5.464150459733333,2022-01-04 15:34:00+00:00,2022-01-05 07:42:00+00:00,16.133333333333333
2022-01-05,2022-01-05 07:42:00+00:00,2022-01-05 15:35:00+00:00,2022-01-05T08:42:00+01:00,2022-01-05T16:35:00+01:00,2022-01-05 07:43:55.142836480+00:00,2022-01-05 15:40:41.303766016+00:00,-1.085981737106187,-0.21857146668589483,104,6,False,False,False,-1.9190472746666667,-5.688396100266667,2022-01-05 15:35:00+00:00,2022-01-06 07:42:00+00:00,16.116666666666667
2022-01-06,2022-01-06 07:42:00+00:00,2022-01-06 15:36:00+00:00,2022-01-06T08:42:00+01:00,2022-01-06T16:36:00+01:00,2022-01-06 07:43:33.367738368+00:00,2022-01-06 15:41:57.210004480+00:00,-1.0915402947592772,-0.22414365307644823,103,6,False,False,False,-1.5561289728,-5.953500074666667,2022-01-06 15:36:00+00:00,2022-01-07 07:42:00+00:00,16.1
2022-01-07,2022-01-07 07:42:00+00:00,2022-01-07 15:38:00+00:00,2022-01-07T08:42:00+01:00,2022-01-07T16:38:00+01:00,2022-01-07 07:43:08.244397568+00:00,2022-01-07 15:43:15.481463040+00:00,-1.0973380930671868,-0.2299172066164044,102,6,False,False,False,-1.1374066261333333,-5.258024384,2022-01-07 15:38:00+00:00,2022-01-08 07:41:00+00:00,16.05
2022-01-08,2022-01-08 07:41:00+00:00,2022-01-08 15:39:00+00:00,2022-01-08T08:41:00+01:00,2022-01-08T16:39:00+01:00,2022-01-08 07:42:39.802428160+00:00,2022-01-08 15:44:36.030708224+00:00,-1.103368286321075,-0.23588942544770009,101,6,False,False,False,-1.6633738026666667,-5.600511803733334,2022-01-08 15:39:00+00:00,2022-01-09 07:40:00+00:00,16.016666666666666
2022-01-09,2022-01-09 07:40:00+00:00,2022-01-09 15:41:00+00:00,2022-01-09T08:40:00+01:00,2022-01-09T16:41:00+01:00,2022-01-09 07:42:08.076068864+00:00,2022-01-09 15:45:58.769491712+00:00,-1.109623773540404,-0.2420574315977791,100,6,False,False,False,-2.1346011477333335,-4.979491528533333,2022-01-09 15:41:00+00:00,2022-01-10 07:40:00+00:00,15.983333333333333
2022-01-10,2022-01-10 07:40:00+00:00,2022-01-10 15:42:00+00:00,2022-01-10T08:40:00+01:00,2022-01-10T16:42:00+01:00,2022-01-10 07:41:33.103734528+00:00,2022-01-10 15:47:23.609213952+00:00,-1.1160972068753818,-0.24841817314592507,99,5,False,False,False,-1.5517289088000001,-5.3934868992,2022-01-10 15:42:00+00:00,2022-01-11 07:39:00+00:00,15.95
2022-01-11,2022-01-11 07:39:00+00:00,2022-01-11 15:44:00+00:00,2022-01-11T08:39:00+01:00,2022-01-11T16:44:00+01:00,2022-01-11 07:40:54.927472896+00:00,2022-01-11 15:48:50.461321728+00:00,-1.1227810002960228,-0.2549684265785389,99,5,False,False,False,-1.9154578815999999,-4.841022028799999,2022-01-11 15:44:00+00:00,2022-01-12 07:38:00+00:00,15.9
2022-01-12,2022-01-12 07:38:00+00:00,2022-01-12 15:45:00+00:00,2022-01-12T08:38:00+01:00,2022-01-12T16:45:00+01:00,2022-01-12 07:40:13.592439040+00:00,2022-01-12 15:50:19.237561344+00:00,-1.1296673385575347,-0.26170479933094837,99,5,False,False,False,-2.2265406506666663,-5.320626022400001,2022-01-12 15:45:00+00:00,2022-01-13 07:38:00+00:00,15.883333333333333
2022-01-13,2022-01-13 07:38:00+00:00,2022-01-13 15:47:00+00:00,2022-01-13T08:38:00+01:00,2022-01-13T16:47:00+01:00,2022-01-13 07:39:29.146430464+00:00,2022-01-13 15:51:49.850170112+00:00,-1.1367481864314124,-0.26862373251311156,99,5,False,False,False,-1.4857738410666668,-4.830836168533334,2022-01-13 15:47:00+00:00,2022-01-14 07:37:00+00:00,15.833333333333334
2022-01-14,2022-01-14 07:37:00+00:00,2022-01-14 15:48:00+00:00,2022-01-14T08:37:00+01:00,2022-01-14T16:48:00+01:00,2022-01-14 07:38:41.639468032+00:00,2022-01-14 15:53:22.212084992+00:00,-1.144015298191311,-0.27572150381637134,99,5,False,False,False,-1.6939911338666667,-5.370201416533333,2022-01-14 15:48:00+00:00,2022-01-15 07:36:00+00:00,15.8
2022-01-15,2022-01-15 07:36:00+00:00,2022-01-15 15:50:00+00:00,2022-01-15T08:36:00+01:00,2022-01-15T16:50:00+01:00,2022-01-15 07:37:51.123415552+00:00,2022-01-15 15:54:56.237208064+00:00,-1.1514602273424603,-0.28299423059820095,100,5,False,False,False,-1.8520569258666666,-4.937286801066667,2022-01-15 15:50:00+00:00,2022-01-16 07:35:00+00:00,15.75
2022-01-16,2022-01-16 07:35:00+00:00,2022-01-16 15:52:00+00:00,2022-01-16T08:35:00+01:00,2022-01-16T16:52:00+01:00,2022-01-16 07:36:57.651641856+00:00,2022-01-16 15:56:31.840711936+00:00,-1.1590743365831084,-0.2904378731416815,100,5,False,False,False,-1.9608606976,-4.530678532266666,2022-01-16 15:52:00+00:00,2022-01-17 07:34:00+00:00,15.7
2022-01-17,2022-01-17 07:34:00+00:00,2022-01-17 15:53:00+00:00,2022-01-17T08:34:00+01:00,2022-01-17T16:53:00+01:00,2022-01-17 07:36:01.278734080+00:00,2022-01-17 15:58:08.939361792+00:00,-1.1668488079861998,-0.29804823808624176,100,5,False,False,False,-2.021312234666667,-5.1489893632,2022-01-17 15:53:00+00:00,2022-01-18 07:33:00+00:00,15.666666666666666
2022-01-18,2022-01-18 07:33:00+00:00,2022-01-18 15:55:00+00:00,2022-01-18T08:33:00+01:00,2022-01-18T16:55:00+01:00,2022-01-18 07:35:02.060260608+00:00,2022-01-18 15:59:47.451838208+00:00,-1.1747746533892365,-0.3058209820260004,100,5,False,False,False,-2.0343376768,-4.7908639701333335,2022-01-18 15:55:00+00:00,2022-01-19 07:32:00+00:00,15.616666666666667
2022-01-19,2022-01-19 07:32:00+00:00,2022-01-19 15:57:00+00:00,2022-01-19T08:32:00+01:00,2022-01-19T16:57:00+01:00,2022-01-19 07:34:00.052559360+00:00,2022-01-19 16:01:27.299001600+00:00,-1.182842724980028,-0.3137516152718494,100,5,False,False,False,-2.000875989333333,-4.45498336,2022-01-19 15:57:00+00:00,2022-01-20 07:31:00+00:00,15.566666666666666
2022-01-20,2022-01-20 07:31:00+00:00,2022-01-20 15:59:00+00:00,2022-01-20T08:31:00+01:00,2022-01-20T16:59:00+01:00,2022-01-20 07:32:55.312526848+00:00,2022-01-20 16:03:08.404015872+00:00,-1.1910437260658038,-0.3218355057732316,100,5,False,False,False,-1.9218754474666668,-4.1400669312,2022-01-20 15:59:00+00:00,2022-01-21 07:30:00+00:00,15.516666666666667
2022-01-21,2022-01-21 07:30:00+00:00,2022-01-21 16:00:00+00:00,2022-01-21T08:30:00+01:00,2022-01-21T17:00:00+01:00,2022-01-21 07:31:47.897412352+00:00,2022-01-21 16:04:50.692255744+00:00,-1.199368222012943,-0.3300678831953797,100,5,False,False,False,-1.7982902058666668,-4.844870929066667,2022-01-21 16:00:00+00:00,2022-01-22 07:28:00+00:00,15.466666666666667
2022-01-22,2022-01-22 07:28:00+00:00,2022-01-22 16:02:00+00:00,2022-01-22T08:28:00+01:00,2022-01-22T17:02:00+01:00,2022-01-22 07:30:37.864625920+00:00,2022-01-22 16:06:34.091011072+00:00,-1.2078066513443844,-0.33844384314760106,100,5,False,False,False,-2.6310770986666667,-4.568183517866667,2022-01-22 16:02:00+00:00,2022-01-23 07:27:00+00:00,15.416666666666666
2022-01-23,2022-01-23 07:27:00+00:00,2022-01-23 16:04:00+00:00,2022-01-23T08:27:00+01:00,2022-01-23T17:04:00+01:00,2022-01-23 07:29:25.271581696+00:00,2022-01-23 16:08:18.529044736+00:00,-1.216349336981584,-0.3469583515580211,100,5,False,False,False,-2.4211930282666665,-4.3088174122666665,2022-01-23 16:04:00+00:00,2022-01-24 07:26:00+00:00,15.366666666666667
2022-01-24,2022-01-24 07:26:00+00:00,2022-01-24 16:06:00+00:00,2022-01-24T08:26:00+01:00,2022-01-24T17:06:00+01:00,2022-01-24 07:28:10.175567872+00:00,2022-01-24 16:10:03.936086528+00:00,-1.2249864976177265,-0.355606249190026,100,5,False,False,False,-2.1695927978666663,-4.0656014421333335,2022-01-24 16:06:00+00:00,2022-01-25 07:24:00+00:00,15.3
2022-01-25,2022-01-25 07:24:00+00:00,2022-01-25 16:08:00+00:00,2022-01-25T08:24:00+01:00,2022-01-25T17:08:00+01:00,2022-01-25 07:26:52.633643008+00:00,2022-01-25 16:11:50.242292992+00:00,-1.2337082592087365,-0.36438225629548016,100,5,False,False,False,-2.877227383466667,-3.8373715498666665,2022-01-25 16:08:00+00:00,2022-01-26 07:23:00+00:00,15.25
2022-01-26,2022-01-26 07:23:00+00:00,2022-01-26 16:10:00+00:00,2022-01-26T08:23:00+01:00,2022-01-26T17:10:00+01:00,2022-01-26 07:25:32.702553856+00:00,2022-01-26 16:13:37.377732864+00:00,-1.2425046665685047,-0.3732809773996394,100,5,False,False,False,-2.5450425642666668,-3.6229622143999998,2022-01-26 16:10:00+00:00,2022-01-27 07:22:00+00:00,15.2
2022-01-27,2022-01-27 07:22:00+00:00,2022-01-27 16:12:00+00:00,2022-01-27T08:22:00+01:00,2022-01-27T17:12:00+01:00,2022-01-27 07:24:10.438663680+00:00,2022-01-27 16:15:25.272043008+00:00,-1.2513656950546133,-0.3822969062125217,100,5,False,False,False,-2.1739777279999997,-3.4212007168,2022-01-27 16:12:00+00:00,2022-01-28 07:20:00+00:00,15.133333333333333
2022-01-28,2022-01-28 07:20:00+00:00,2022-01-28 16:13:00+00:00,2022-01-28T08:20:00+01:00,2022-01-28T17:13:00+01:00,2022-01-28 07:22:45.897868032+00:00,2022-01-28 16:17:13.854480640+00:00,-1.2602812623307487,-0.39142443066135696,100,5,False,False,False,-2.7649644672,-4.230908010666666,2022-01-28 16:13:00+00:00,2022-01-29 07:19:00+00:00,15.1
2022-01-29,2022-01-29 07:19:00+00:00,2022-01-29 16:15:00+00:00,2022-01-29T08:19:00+01:00,2022-01-29T17:15:00+01:00,2022-01-29 07:21:19.135463680+00:00,2022-01-29 16:19:03.054512640+00:00,-1.2692412401918929,-0.4006578380385921,100,5,False,False,False,-2.3189243946666664,-4.050908544,2022-01-29 16:15:00+00:00,2022-01-30 07:17:00+00:00,15.033333333333333
2022-01-30,2022-01-30 07:17:00+00:00,2022-01-30 16:17:00+00:00,2022-01-30T08:17:00+01:00,2022-01-30T17:17:00+01:00,2022-01-30 07:19:50.205978880+00:00,2022-01-30 16:20:52.802847744+00:00,-1.278235466438316,-0.4099913202597964,100,5,False,False,False,-2.836766314666667,-3.8800474624,2022-01-30 16:17:00+00:00,2022-01-31 07:16:00+00:00,14.983333333333333
2022-01-31,2022-01-31 07:16:00+00:00,2022-01-31 16:19:00+00:00,2022-01-31T08:16:00+01:00,2022-01-31T17:19:00+01:00,2022-01-31 07:18:19.163019776+00:00,2022-01-31 16:22:43.032556288+00:00,-1.2872537567843372,-0.4194189792256839,100,5,False,False,False,-2.3193836629333333,-3.7172092714666665,2022-01-31 16:19:00+00:00,2022-02-01 07:14:00+00:00,14.916666666666666
2022-02-01,2022-02-01 07:14:00+00:00,2022-02-01 16:21:00+00:00,2022-02-01T08:14:00+01:00,2022-02-01T17:21:00+01:00,2022-02-01 07:16:46.059251200+00:00,2022-02-01 16:24:33.679867904+00:00,-1.2962859167877754,-0.4289348322823477,100,5,False,False,False,-2.767654186666667,-3.561331131733333,2022-02-01 16:21:00+00:00,2022-02-02 07:12:00+00:00,14.85
2022-02-02,2022-02-02 07:12:00+00:00,2022-02-02 16:23:00+00:00,2022-02-02T08:12:00+01:00,2022-02-02T17:23:00+01:00,2022-02-02 07:15:10.946583040+00:00,2022-02-02 16:26:24.684432384+00:00,-1.3053217537859994,-0.43853281777368924,100,5,False,False,False,-3.182443050666667,-3.4114072064,2022-02-02 16:23:00+00:00,2022-02-03 07:11:00+00:00,14.8
2022-02-03,2022-02-03 07:11:00+00:00,2022-02-03 16:25:00+00:00,2022-02-03T08:11:00+01:00,2022-02-03T17:25:00+01:00,2022-02-03 07:13:33.876539648+00:00,2022-02-03 16:28:15.989164032+00:00,-1.3143510888244685,-0.44820680067991714,100,5,False,False,False,-2.564608994133333,-3.2664860672,2022-02-03 16:25:00+00:00,2022-02-04 07:09:00+00:00,14.733333333333333
2022-02-04,2022-02-04 07:09:00+00:00,2022-02-04 16:27:00+00:00,2022-02-04T08:09:00+01:00,2022-02-04T17:27:00+01:00,2022-02-04 07:11:54.900681216+00:00,2022-02-04 16:30:07.539975936+00:00,-1.323363768563673,-0.45795057833589053,100,5,False,False,False,-2.9150113536,-3.1256662656,2022-02-04 16:27:00+00:00,2022-02-05 07:07:00+00:00,14.666666666666666
2022-02-05,2022-02-05 07:07:00+00:00,2022-02-05 16:29:00+00:00,2022-02-05T08:07:00+01:00,2022-02-05T17:29:00+01:00,2022-02-05 07:10:14.070907648+00:00,2022-02-05 16:31:59.285669120+00:00,-1.3323496771504082,-0.46775788622299064,100,5,False,False,False,-3.2345151274666666,-2.9880944853333333,2022-02-05 16:29:00+00:00,2022-02-06 07:05:00+00:00,14.6
2022-02-06,2022-02-06 07:05:00+00:00,2022-02-06 16:31:00+00:00,2022-02-06T08:05:00+01:00,2022-02-06T17:31:00+01:00,2022-02-06 07:08:31.439552256+00:00,2022-02-06 16:33:51.178021632+00:00,-1.3412987480393634,-0.477622403828117,100,5,False,False,False,-3.5239925376000003,-2.8529670272,2022-02-06 16:31:00+00:00,2022-02-07 07:04:00+00:00,14.55
2022-02-07,2022-02-07 07:04:00+00:00,2022-02-07 16:33:00+00:00,2022-02-07T08:04:00+01:00,2022-02-07T17:33:00+01:00,2022-02-07 07:06:47.059278848+00:00,2022-02-07 16:35:43.171951360+00:00,-1.3502009757510611,-0.4875377605633292,100,5,False,False,False,-2.7843213141333334,-2.719532522666667,2022-02-07 16:33:00+00:00,2022-02-08 07:02:00+00:00,14.483333333333333
2022-02-08,2022-02-08 07:02:00+00:00,2022-02-08 16:35:00+00:00,2022-02-08T08:02:00+01:00,2022-02-08T17:35:00+01:00,2022-02-08 07:05:00.982867968+00:00,2022-02-08 16:37:35.225602304+00:00,-1.3590464275522618,-0.4974975417395836,100,5,False,False,False,-3.0163811328,-2.5870933717333333,2022-02-08 16:35:00+00:00,2022-02-09 07:00:00+00:00,14.416666666666666
2022-02-09,2022-02-09 07:00:00+00:00,2022-02-09 16:37:00+00:00,2022-02-09T08:00:00+01:00,2022-02-09T17:37:00+01:00,2022-02-09 07:03:13.262984448+00:00,2022-02-09 16:39:27.300311296+00:00,-1.3678252550450476,-0.5074952945879516,100,5,False,False,False,-3.2210497408,-2.4550051882666666,2022-02-09 16:37:00+00:00,2022-02-10 06:58:00+00:00,14.35
2022-02-10,2022-02-10 06:58:00+00:00,2022-02-10 16:39:00+00:00,2022-02-10T07:58:00+01:00,2022-02-10T17:39:00+01:00,2022-02-10 07:01:23.951967744+00:00,2022-02-10 16:41:19.360510464+00:00,-1.3765277056508998,-0.5175245343216522,100,5,False,False,False,-3.3991994624,-2.3226751743999996,2022-02-10 16:39:00+00:00,2022-02-11 06:56:00+00:00,14.283333333333333
2022-02-11,2022-02-11 06:56:00+00:00,2022-02-11 16:41:00+00:00,2022-02-11T07:56:00+01:00,2022-02-11T17:41:00+01:00,2022-02-11 06:59:33.101648384+00:00,2022-02-11 16:43:11.373637888+00:00,-1.385144133976216,-0.5275787502321849,100,5,False,False,False,-3.5516941397333333,-2.1895606314666667,2022-02-11 16:41:00+00:00,2022-02-12 06:54:00+00:00,14.216666666666667
2022-02-12,2022-02-12 06:54:00+00:00,2022-02-12 16:42:00+00:00,2022-02-12T07:54:00+01:00,2022-02-12T17:42:00+01:00,2022-02-12 06:57:40.763194368+00:00,2022-02-12 16:45:03.310092544+00:00,-1.3936650130458554,-0.5376514118128062,100,5,False,False,False,-3.6793865728,-3.0551682090666668,2022-02-12 16:42:00+00:00,2022-02-13 06:52:00+00:00,14.166666666666666
2022-02-13,2022-02-13 06:52:00+00:00,2022-02-13 16:44:00+00:00,2022-02-13T07:52:00+01:00,2022-02-13T17:44:00+01:00,2022-02-13 06:55:46.986997760+00:00,2022-02-13 16:46:55.143238144+00:00,-1.4020809453914553,-0.5477359749025673,100,5,False,False,False,-3.7831166293333336,-2.919053969066667,2022-02-13 16:44:00+00:00,2022-02-14 06:50:00+00:00,14.1
2022-02-14,2022-02-14 06:50:00+00:00,2022-02-14 16:46:00+00:00,2022-02-14T07:50:00+01:00,2022-02-14T17:46:00+01:00,2022-02-14 06:53:51.822608384+00:00,2022-02-14 16:48:46.849453568+00:00,-1.4103826739814374,-0.5578258878441034,100,5,False,False,False,-3.8637101397333335,-2.7808242261333334,2022-02-14 16:46:00+00:00,2022-02-15 06:48:00+00:00,14.033333333333333
2022-02-15,2022-02-15 06:48:00+00:00,2022-02-15 16:48:00+00:00,2022-02-15T07:48:00+01:00,2022-02-15T17:48:00+01:00,2022-02-15 06:51:55.318693120+00:00,2022-02-15 16:50:38.408228864+00:00,-1.4185610929798107,-0.5679145976483465,100,5,False,False,False,-3.9219782186666667,-2.6401371477333333,2022-02-15 16:48:00+00:00,2022-02-16 06:46:00+00:00,13.966666666666667
2022-02-16,2022-02-16 06:46:00+00:00,2022-02-16 16:50:00+00:00,2022-02-16T07:46:00+01:00,2022-02-16T17:50:00+01:00,2022-02-16 06:49:57.522993920+00:00,2022-02-16 16:52:29.802240512+00:00,-1.426607258321086,-0.5779955561593355,100,5,False,False,False,-3.9587165653333334,-2.4967040085333334,2022-02-16 16:50:00+00:00,2022-02-17 06:44:00+00:00,13.9
2022-02-17,2022-02-17 06:44:00+00:00,2022-02-17 16:52:00+00:00,2022-02-17T07:44:00+01:00,2022-02-17T17:52:00+01:00,2022-02-17 06:47:58.482267648+00:00,2022-02-17 16:54:21.017314816+00:00,-1.434512398088828,-0.5880622262122864,100,5,False,False,False,-3.9747044608,-2.3502885802666666,2022-02-17 16:52:00+00:00,2022-02-18 06:42:00+00:00,13.833333333333334
2022-02-18,2022-02-18 06:42:00+00:00,2022-02-18 16:54:00+00:00,2022-02-18T07:42:00+01:00,2022-02-18T17:54:00+01:00,2022-02-18 06:45:58.242232576+00:00,2022-02-18 16:56:12.042165760+00:00,-1.4422679226856119,-0.5981080877781014,100,5,False,False,False,-3.9707038762666667,-2.2007027626666664,2022-02-18 16:54:00+00:00,2022-02-19 06:40:00+00:00,13.766666666666667
2022-02-19,2022-02-19 06:40:00+00:00,2022-02-19 16:56:00+00:00,2022-02-19T07:40:00+01:00,2022-02-19T17:56:00+01:00,2022-02-19 06:43:56.847552256+00:00,2022-02-19 16:58:02.867879936+00:00,-1.4498654347824032,-0.6081266440875102,100,5,False,False,False,-3.9474592042666665,-2.047797998933333,2022-02-19 16:56:00+00:00,2022-02-20 06:38:00+00:00,13.7
2022-02-20,2022-02-20 06:38:00+00:00,2022-02-20 16:58:00+00:00,2022-02-20T07:38:00+01:00,2022-02-20T17:58:00+01:00,2022-02-20 06:41:54.341870848+00:00,2022-02-20 16:59:53.487217664+00:00,-1.4572967390356277,-0.6181114277280578,100,5,False,False,False,-3.905697847466667,-1.8914536277333334,2022-02-20 16:58:00+00:00,2022-02-21 06:36:00+00:00,13.633333333333333
2022-02-21,2022-02-21 06:36:00+00:00,2022-02-21 17:00:00+00:00,2022-02-21T07:36:00+01:00,2022-02-21T18:00:00+01:00,2022-02-21 06:39:50.767876096+00:00,2022-02-21 17:01:43.893844480+00:00,-1.4645538515604934,-0.6280560067071916,100,5,False,False,False,-3.846131268266667,-1.7315640746666667,2022-02-21 17:00:00+00:00,2022-02-22 06:34:00+00:00,13.566666666666666
2022-02-22,2022-02-22 06:34:00+00:00,2022-02-22 17:02:00+00:00,2022-02-22T07:34:00+01:00,2022-02-22T18:02:00+01:00,2022-02-22 06:37:46.167359744+00:00,2022-02-22 17:03:34.081607936+00:00,-1.4716290091494024,-0.6379539904747309,100,5,False,False,False,-3.7694559957333333,-1.5680267989333332,2022-02-22 17:02:00+00:00,2022-02-23 06:32:00+00:00,13.5
2022-02-23,2022-02-23 06:32:00+00:00,2022-02-23 17:04:00+00:00,2022-02-23T07:32:00+01:00,2022-02-23T18:04:00+01:00,2022-02-23 06:35:40.581253888+00:00,2022-02-23 17:05:24.043947264+00:00,-1.4785146782246024,-0.6477990358980618,100,5,False,False,False,-3.6763542314666666,-1.4007324544,2022-02-23 17:04:00+00:00,2022-02-24 06:30:00+00:00,13.433333333333334
2022-02-24,2022-02-24 06:30:00+00:00,2022-02-24 17:06:00+00:00,2022-02-24T07:30:00+01:00,2022-02-24T18:06:00+01:00,2022-02-24 06:33:34.049642240+00:00,2022-02-24 17:07:13.773524224+00:00,-1.4852035635145384,-0.6575848531834435,100,5,False,False,False,-3.5674940373333333,-1.2295587370666667,2022-02-24 17:06:00+00:00,2022-02-25 06:28:00+00:00,13.366666666666667
2022-02-25,2022-02-25 06:28:00+00:00,2022-02-25 17:07:00+00:00,2022-02-25T07:28:00+01:00,2022-02-25T18:07:00+01:00,2022-02-25 06:31:26.611757312+00:00,2022-02-25 17:09:03.262163968+00:00,-1.4916886164436982,-0.6673052117368861,100,5,False,False,False,-3.4435292885333335,-2.0543693994666667,2022-02-25 17:07:00+00:00,2022-02-26 06:25:00+00:00,13.3
2022-02-26,2022-02-26 06:25:00+00:00,2022-02-26 17:09:00+00:00,2022-02-26T07:25:00+01:00,2022-02-26T18:09:00+01:00,2022-02-26 06:29:18.305936384+00:00,2022-02-26 17:10:52.501140480+00:00,-1.4979630432260829,-0.6769539459581225,100,5,False,False,False,-4.305098939733333,-1.875019008,2022-02-26 17:09:00+00:00,2022-02-27 06:23:00+00:00,13.233333333333333
2022-02-27,2022-02-27 06:23:00+00:00,2022-02-27 17:11:00+00:00,2022-02-27T07:23:00+01:00,2022-02-27T18:11:00+01:00,2022-02-27 06:27:09.169545984+00:00,2022-02-27 17:12:41.481736192+00:00,-1.504020312652787,-0.6865249609612799,100,5,False,False,False,-4.1528257664,-1.6913622698666666,2022-02-27 17:11:00+00:00,2022-02-28 06:21:00+00:00,13.166666666666666
2022-02-28,2022-02-28 06:21:00+00:00,2022-02-28 17:13:00+00:00,2022-02-28T07:21:00+01:00,2022-02-28T18:13:00+01:00,2022-02-28 06:24:59.238885376+00:00,2022-02-28 17:14:30.195868160+00:00,-1.509854163564538,-0.6960122382159419,100,5,False,False,False,-3.987314756266667,-1.5032644693333335,2022-02-28 17:13:00+00:00,2022-03-01 06:19:00+00:00,13.1
2022-03-01,2022-03-01 06:19:00+00:00,2022-03-01 17:15:00+00:00,2022-03-01T07:19:00+01:00,2022-03-01T18:15:00+01:00,2022-03-01 06:22:48.549148928+00:00,2022-03-01 17:16:18.636562944+00:00,-1.5154586120004179,-0.7054098411023821,100,5,False,False,False,-3.8091524821333334,-1.3106093824,2022-03-01 17:15:00+00:00,2022-03-02 06:17:00+00:00,13.033333333333333
2022-03-02,2022-03-02 06:17:00+00:00,2022-03-02 17:17:00+00:00,2022-03-02T07:17:00+01:00,2022-03-02T18:17:00+01:00,2022-03-02 06:20:37.134510336+00:00,2022-03-02 17:18:06.798154496+00:00,-1.5208279580143726,-0.7147119203748555,100,5,False,False,False,-3.6189085056,-1.1133025749333332,2022-03-02 17:17:00+00:00,2022-03-03 06:14:00+00:00,12.95
2022-03-03,2022-03-03 06:14:00+00:00,2022-03-03 17:19:00+00:00,2022-03-03T07:14:00+01:00,2022-03-03T18:19:00+01:00,2022-03-03 06:18:25.028363008+00:00,2022-03-03 17:19:54.676263424+00:00,-1.5259567921515151,-0.723912719526935,100,5,False,False,False,-4.417139383466666,-0.9112710570666667,2022-03-03 17:19:00+00:00,2022-03-04 06:12:00+00:00,12.883333333333333
2022-03-04,2022-03-04 06:12:00+00:00,2022-03-04 17:21:00+00:00,2022-03-04T07:12:00+01:00,2022-03-04T18:21:00+01:00,2022-03-04 06:16:12.263667200+00:00,2022-03-04 17:21:42.267714304+00:00,-1.530840001576629,-0.7330065800530041,100,5,False,False,False,-4.204394453333333,-0.7044619050666667,2022-03-04 17:21:00+00:00,2022-03-05 06:10:00+00:00,12.816666666666666
2022-03-05,2022-03-05 06:10:00+00:00,2022-03-05 17:22:00+00:00,2022-03-05T07:10:00+01:00,2022-03-05T18:22:00+01:00,2022-03-05 06:13:58.873289472+00:00,2022-03-05 17:23:29.570535680+00:00,-1.5354727758476892,-0.7419879466001253,100,5,False,False,False,-3.9812214912000004,-1.4928422613333334,2022-03-05 17:22:00+00:00,2022-03-06 06:08:00+00:00,12.766666666666667
2022-03-06,2022-03-06 06:08:00+00:00,2022-03-06 17:24:00+00:00,2022-03-06T07:08:00+01:00,2022-03-06T18:24:00+01:00,2022-03-06 06:11:44.890251264+00:00,2022-03-06 17:25:16.584063488+00:00,-1.5398506123276454,-0.7508513720046452,100,5,False,False,False,-3.7481708544,-1.2764010581333334,2022-03-06 17:24:00+00:00,2022-03-07 06:05:00+00:00,12.683333333333334
2022-03-07,2022-03-07 06:05:00+00:00,2022-03-07 17:26:00+00:00,2022-03-07T07:05:00+01:00,2022-03-07T18:26:00+01:00,2022-03-07 06:09:30.347826176+00:00,2022-03-07 17:27:03.309074176+00:00,-1.5439693212281427,-0.759591522208022,100,5,False,False,False,-4.505797102933333,-1.0551512362666666,2022-03-07 17:26:00+00:00,2022-03-08 06:03:00+00:00,12.616666666666667
2022-03-08,2022-03-08 06:03:00+00:00,2022-03-08 17:28:00+00:00,2022-03-08T07:03:00+01:00,2022-03-08T18:28:00+01:00,2022-03-08 06:07:15.279520+00:00,2022-03-08 17:28:49.747852032+00:00,-1.5478250302792773,-0.7682031810465045,100,5,False,False,False,-4.254658666666667,-0.8291308672,2022-03-08 17:28:00+00:00,2022-03-09 06:01:00+00:00,12.55
2022-03-09,2022-03-09 06:01:00+00:00,2022-03-09 17:30:00+00:00,2022-03-09T07:01:00+01:00,2022-03-09T18:30:00+01:00,2022-03-09 06:04:59.718973696+00:00,2022-03-09 17:30:35.904163840+00:00,-1.5514141890199549,-0.7766812549094466,100,5,False,False,False,-3.9953162282666668,-0.5984027306666667,2022-03-09 17:30:00+00:00,2022-03-10 05:59:00+00:00,12.483333333333333
2022-03-10,2022-03-10 05:59:00+00:00,2022-03-10 17:32:00+00:00,2022-03-10T06:59:00+01:00,2022-03-10T18:32:00+01:00,2022-03-10 06:02:43.699846400+00:00,2022-03-10 17:32:21.783175936+00:00,-1.554733572703845,-0.7850207772611784,100,5,False,False,False,-3.7283307733333335,-0.36305293226666663,2022-03-10 17:32:00+00:00,2022-03-11 05:56:00+00:00,12.4
2022-03-11,2022-03-11 05:56:00+00:00,2022-03-11 17:33:00+00:00,2022-03-11T06:56:00+01:00,2022-03-11T18:33:00+01:00,2022-03-11 06:00:27.255705856+00:00,2022-03-11 17:34:07.391369984+00:00,-1.5577802858163943,-0.7932169130215293,99,5,False,False,False,-4.454261764266667,-1.1231894997333332,2022-03-11 17:33:00+00:00,2022-03-12 05:54:00+00:00,12.35
2022-03-12,2022-03-12 05:54:00+00:00,2022-03-12 17:35:00+00:00,2022-03-12T06:54:00+01:00,2022-03-12T18:35:00+01:00,2022-03-12 05:58:10.419941376+00:00,2022-03-12 17:35:52.736498944+00:00,-1.560551765198823,-0.8012649628002592,99,5,False,False,False,-4.1736656896,-0.8789416490666666,2022-03-12 17:35:00+00:00,2022-03-13 05:52:00+00:00,12.283333333333333
2022-03-13,2022-03-13 05:52:00+00:00,2022-03-13 17:37:00+00:00,2022-03-13T06:52:00+01:00,2022-03-13T18:37:00+01:00,2022-03-13 05:55:53.225718272+00:00,2022-03-13 17:37:37.827599616+00:00,-1.5630457827754918,-0.8091603669808151,99,5,False,False,False,-3.887095304533333,-0.6304599936,2022-03-13 17:37:00+00:00,2022-03-14 05:49:00+00:00,12.2
2022-03-14,2022-03-14 05:49:00+00:00,2022-03-14 17:39:00+00:00,2022-03-14T06:49:00+01:00,2022-03-14T18:39:00+01:00,2022-03-14 05:53:35.705956608+00:00,2022-03-14 17:39:22.675061760+00:00,-1.5652604478814958,-0.8168987096490223,99,5,False,False,False,-4.5950992768,-0.37791769599999997,2022-03-14 17:39:00+00:00,2022-03-15 05:47:00+00:00,12.133333333333333
2022-03-15,2022-03-15 05:47:00+00:00,2022-03-15 17:41:00+00:00,2022-03-15T06:47:00+01:00,2022-03-15T18:41:00+01:00,2022-03-15 05:51:17.893333504+00:00,2022-03-15 17:41:07.290763264+00:00,-1.5671942091878244,-0.8244757223624843,99,5,False,False,False,-4.298222225066667,-0.12151272106666666,2022-03-15 17:41:00+00:00,2022-03-16 05:45:00+00:00,12.066666666666666
2022-03-16,2022-03-16 05:45:00+00:00,2022-03-16 17:42:00+00:00,2022-03-16T06:45:00+01:00,2022-03-16T18:42:00+01:00,2022-03-16 05:48:59.820268800+00:00,2022-03-16 17:42:51.688215040+00:00,-1.568845856221897,-0.83188728775666,99,5,False,False,False,-3.99700448,-0.8614702506666667,2022-03-16 17:42:00+00:00,2022-03-17 05:42:00+00:00,12.0
2022-03-17,2022-03-17 05:42:00+00:00,2022-03-17 17:44:00+00:00,2022-03-17T06:42:00+01:00,2022-03-17T18:44:00+01:00,2022-03-17 05:46:41.518883584+00:00,2022-03-17 17:44:35.882613760+00:00,-1.5702145204817652,-0.8391294429837773,99,5,False,False,False,-4.6919813930666665,-0.5980435626666666,2022-03-17 17:44:00+00:00,2022-03-18 05:40:00+00:00,11.933333333333334
2022-03-18,2022-03-18 05:40:00+00:00,2022-03-18 17:46:00+00:00,2022-03-18T06:40:00+01:00,2022-03-18T18:46:00+01:00,2022-03-18 05:44:23.020936960+00:00,2022-03-18 17:46:19.890682880+00:00,-1.5712996761427565,-0.8461983829809294,99,5,False,False,False,-4.383682282666666,-0.33151138133333335,2022-03-18 17:46:00+00:00,2022-03-19 05:38:00+00:00,11.866666666666667
2022-03-19,2022-03-19 05:38:00+00:00,2022-03-19 17:48:00+00:00,2022-03-19T06:38:00+01:00,2022-03-19T18:48:00+01:00,2022-03-19 05:42:04.357781248+00:00,2022-03-19 17:48:03.730220544+00:00,-1.5721011403558212,-0.8530904635639093,99,5,False,False,False,-4.072629687466667,-0.062170342399999995,2022-03-19 17:48:00+00:00,2022-03-20 05:35:00+00:00,11.783333333333333
2022-03-20,2022-03-20 05:35:00+00:00,2022-03-20 17:49:00+00:00,2022-03-20T06:35:00+01:00,2022-03-20T18:49:00+01:00,2022-03-20 05:39:45.560383744+00:00,2022-03-20 17:49:47.419392256+00:00,-1.5726190731373195,-0.8598022043435289,99,5,False,False,False,-4.759339729066666,-0.7903232042666667,2022-03-20 17:49:00+00:00,2022-03-21 05:33:00+00:00,11.733333333333333
2022-03-21,2022-03-21 05:33:00+00:00,2022-03-21 17:51:00+00:00,2022-03-21T06:33:00+01:00,2022-03-21T18:51:00+01:00,2022-03-21 05:37:26.659431168+00:00,2022-03-21 17:51:30.975921152+00:00,-1.57285397685048,-0.8663302914613897,99,5,False,False,False,-4.4443238528,-0.5162653525333334,2022-03-21 17:51:00+00:00,2022-03-22 05:31:00+00:00,11.666666666666666
2022-03-22,2022-03-22 05:31:00+00:00,2022-03-22 17:53:00+00:00,2022-03-22T06:31:00+01:00,2022-03-22T18:53:00+01:00,2022-03-22 05:35:07.685481984+00:00,2022-03-22 17:53:14.416356864+00:00,-1.5728066952792394,-0.8726715801422668,99,5,False,False,False,-4.1280913664000005,-0.2402726144,2022-03-22 17:53:00+00:00,2022-03-23 05:29:00+00:00,11.6
2022-03-23,2022-03-23 05:29:00+00:00,2022-03-23 17:55:00+00:00,2022-03-23T06:29:00+01:00,2022-03-23T18:55:00+01:00,2022-03-23 05:32:48.669109504+00:00,2022-03-23 17:54:57.755564288+00:00,-1.5724784122956648,-0.8788230970604922,99,5,False,False,False,-3.8111518250666667,0.037407261866666666,2022-03-23 17:55:00+00:00,2022-03-24 05:26:00+00:00,11.516666666666667
2022-03-24,2022-03-24 05:26:00+00:00,2022-03-24 17:57:00+00:00,2022-03-24T06:26:00+01:00,2022-03-24T18:57:00+01:00,2022-03-24 05:30:29.640962048+00:00,2022-03-24 17:56:41.006471680+00:00,-1.5718706501226243,-0.884782042517939,99,5,False,False,False,-4.494016034133334,0.3165588053333333,2022-03-24 17:57:00+00:00,2022-03-25 05:24:00+00:00,11.45
2022-03-25,2022-03-25 05:24:00+00:00,2022-03-25 17:58:00+00:00,2022-03-25T06:24:00+01:00,2022-03-25T18:58:00+01:00,2022-03-25 05:28:10.631717120+00:00,2022-03-25 17:58:24.180040448+00:00,-1.5709852671938793,-0.890545792431416,99,5,False,False,False,-4.177195285333333,-0.40300067413333335,2022-03-25 17:58:00+00:00,2022-03-26 05:22:00+00:00,11.4
2022-03-26,2022-03-26 05:22:00+00:00,2022-03-26 18:00:00+00:00,2022-03-26T06:22:00+01:00,2022-03-26T19:00:00+01:00,2022-03-26 05:25:51.671947264+00:00,2022-03-26 18:00:07.285390848+00:00,-1.5698244556142225,-0.8961119001275198,99,5,False,False,False,-3.861199121066667,-0.12142318079999999,2022-03-26 18:00:00+00:00,2022-03-27 05:19:00+00:00,11.316666666666666
2022-03-27,2022-03-27 05:19:00+00:00,2022-03-27 18:02:00+00:00,2022-03-27T07:19:00+02:00,2022-03-27T20:02:00+02:00,2022-03-27 05:23:32.791951104+00:00,2022-03-27 18:01:50.330016512+00:00,-1.5683907382227777,-0.9014780979432022,99,5,False,False,False,-4.5465325184,0.16116639146666667,2022-03-27 18:02:00+00:00,2022-03-28 05:17:00+00:00,11.25
2022-03-28,2022-03-28 05:17:00+00:00,2022-03-28 18:04:00+00:00,2022-03-28T07:17:00+02:00,2022-03-28T20:04:00+02:00,2022-03-28 05:21:14.021608960+00:00,2022-03-28 18:03:33.320033024+00:00,-1.5666869652630382,-0.9066422986305417,97,5,False,False,False,-4.233693482666667,0.44466611626666663,2022-03-28 18:04:00+00:00,2022-03-29 05:15:00+00:00,11.183333333333334
2022-03-29,2022-03-29 05:15:00+00:00,2022-03-29 18:05:00+00:00,2022-03-29T07:15:00+02:00,2022-03-29T20:05:00+02:00,2022-03-29 05:18:55.390303232+00:00,2022-03-29 18:05:16.260403968+00:00,-1.5647163106636965,-0.9116025965644355,96,5,False,False,False,-3.9231717205333334,-0.2710067328,2022-03-29 18:05:00+00:00,2022-03-30 05:12:00+00:00,11.116666666666667
2022-03-30,2022-03-30 05:12:00+00:00,2022-03-30 18:07:00+00:00,2022-03-30T07:12:00+02:00,2022-03-30T20:07:00+02:00,2022-03-30 05:16:36.926942976+00:00,2022-03-30 18:06:59.155121408+00:00,-1.56248226793477,-0.9163572687521544,96,5,False,False,False,-4.6154490496000005,0.014081309866666667,2022-03-30 18:07:00+00:00,2022-03-31 05:10:00+00:00,11.05
2022-03-31,2022-03-31 05:10:00+00:00,2022-03-31 18:09:00+00:00,2022-03-31T07:10:00+02:00,2022-03-31T20:09:00+02:00,2022-03-31 05:14:18.660101632+00:00,2022-03-31 18:08:42.007334144+00:00,-1.5599886456839893,-0.920904775643935,97,5,False,False,False,-4.311001693866667,0.2998777642666666,2022-03-31 18:09:00+00:00,2022-04-01 05:08:00+00:00,10.983333333333333
2022-04-01,2022-04-01 05:08:00+00:00,2022-04-01 18:11:00+00:00,2022-04-01T07:08:00+02:00,2022-04-01T20:11:00+02:00,2022-04-01 05:12:00.618254848+00:00,2022-04-01 18:10:24.819462656+00:00,-1.5572395627588635,-0.9252437617440133,96,5,False,False,False,-4.010304247466666,0.5863422890666666,2022-04-01 18:11:00+00:00,2022-04-02 05:05:00+00:00,10.9
2022-04-02,2022-04-02 05:05:00+00:00,2022-04-02 18:12:00+00:00,2022-04-02T07:05:00+02:00,2022-04-02T20:12:00+02:00,2022-04-02 05:09:42.830077184+00:00,2022-04-02 18:12:07.593339136+00:00,-1.5542394430202873,-0.9293730560217356,96,5,False,False,False,-4.713834619733333,-0.12655565226666668,2022-04-02 18:12:00+00:00,2022-04-03 05:03:00+00:00,10.85
2022-04-03,2022-04-03 05:03:00+00:00,2022-04-03 18:14:00+00:00,2022-04-03T07:03:00+02:00,2022-04-03T20:14:00+02:00,2022-04-03 05:07:25.324718592+00:00,2022-04-03 18:13:50.330381312+00:00,-1.5509930097539775,-0.9332916721226109,96,5,False,False,False,-4.4220786432,0.16116031146666668,2022-04-03 18:14:00+00:00,2022-04-04 05:01:00+00:00,10.783333333333333
2022-04-04,2022-04-04 05:01:00+00:00,2022-04-04 18:16:00+00:00,2022-04-04T07:01:00+02:00,2022-04-04T20:16:00+02:00,2022-04-04 05:05:08.131994368+00:00,2022-04-04 18:15:33.031762688+00:00,-1.5475052797264728,-0.9369988083794087,96,5,False,False,False,-4.135533239466667,0.44947062186666664,2022-04-04 18:16:00+00:00,2022-04-05 04:59:00+00:00,10.716666666666667
2022-04-05,2022-04-05 04:59:00+00:00,2022-04-05 18:17:00+00:00,2022-04-05T06:59:00+02:00,2022-04-05T20:17:00+02:00,2022-04-05 05:02:51.282454272+00:00,2022-04-05 18:17:15.698518272+00:00,-1.5437815568928412,-0.940493847623627,97,5,False,False,False,-3.8547075712,-0.2616419712,2022-04-05 18:17:00+00:00,2022-04-06 04:56:00+00:00,10.65
2022-04-06,2022-04-06 04:56:00+00:00,2022-04-06 18:19:00+00:00,2022-04-06T06:56:00+02:00,2022-04-06T20:19:00+02:00,2022-04-06 05:00:34.807358976+00:00,2022-04-06 18:18:58.331567360+00:00,-1.5398274257636535,-0.9437763567978936,100,5,False,False,False,-4.5801226496,0.02780721066666667,2022-04-06 18:19:00+00:00,2022-04-07 04:54:00+00:00,10.583333333333334
2022-04-07,2022-04-07 04:54:00+00:00,2022-04-07 18:21:00+00:00,2022-04-07T06:54:00+02:00,2022-04-07T20:21:00+02:00,2022-04-07 04:58:18.738607872+00:00,2022-04-07 18:20:40.931675136+00:00,-1.5356487444391886,-0.9468460863700923,97,5,False,False,False,-4.312310131199999,0.31780541440000004,2022-04-07 18:21:00+00:00,2022-04-08 04:52:00+00:00,10.516666666666667
2022-04-08,2022-04-08 04:52:00+00:00,2022-04-08 18:23:00+00:00,2022-04-08T06:52:00+02:00,2022-04-08T20:23:00+02:00,2022-04-08 04:56:03.108665088+00:00,2022-04-08 18:22:23.499411968+00:00,-1.5312516373192337,-0.9497029695502328,99,5,False,False,False,-4.0518110848,0.6083431338666667,2022-04-08 18:23:00+00:00,2022-04-09 04:50:00+00:00,10.45
2022-04-09,2022-04-09 04:50:00+00:00,2022-04-09 18:24:00+00:00,2022-04-09T06:50:00+02:00,2022-04-09T20:24:00+02:00,2022-04-09 04:53:47.950500864+00:00,2022-04-09 18:24:06.035151360+00:00,-1.5266424874972122,-0.9523471213113125,100,5,False,False,False,-3.7991750144,-0.100585856,2022-04-09 18:24:00+00:00,2022-04-10 04:47:00+00:00,10.383333333333333
2022-04-10,2022-04-10 04:47:00+00:00,2022-04-10 18:26:00+00:00,2022-04-10T06:47:00+02:00,2022-04-10T20:26:00+02:00,2022-04-10 04:51:33.297555200+00:00,2022-04-10 18:25:48.539125504+00:00,-1.5218279288477683,-0.9547788372156449,98,5,False,False,False,-4.554959253333333,0.19101457493333335,2022-04-10 18:26:00+00:00,2022-04-11 04:45:00+00:00,10.316666666666666
2022-04-11,2022-04-11 04:45:00+00:00,2022-04-11 18:28:00+00:00,2022-04-11T06:45:00+02:00,2022-04-11T20:28:00+02:00,2022-04-11 04:49:19.183720704+00:00,2022-04-11 18:27:31.011542528+00:00,-1.5168148378172797,-0.9569985920483519,99,5,False,False,False,-4.3197286784,0.48314095786666666,2022-04-11 18:28:00+00:00,2022-04-12 04:43:00+00:00,10.25
2022-04-12,2022-04-12 04:43:00+00:00,2022-04-12 18:30:00+00:00,2022-04-12T06:43:00+02:00,2022-04-12T20:30:00+02:00,2022-04-12 04:47:05.643356672+00:00,2022-04-12 18:29:13.452761344+00:00,-1.5116103249271375,-0.959007038259942,100,5,False,False,False,-4.094055944533333,0.7757873109333333,2022-04-12 18:30:00+00:00,2022-04-13 04:41:00+00:00,10.183333333333334
2022-04-13,2022-04-13 04:41:00+00:00,2022-04-13 18:31:00+00:00,2022-04-13T06:41:00+02:00,2022-04-13T20:31:00+02:00,2022-04-13 04:44:52.711307776+00:00,2022-04-13 18:30:55.863500288+00:00,-1.5062217259999628,-0.9608050042201142,100,5,False,False,False,-3.878521796266667,0.06894166186666667,2022-04-13 18:31:00+00:00,2022-04-14 04:39:00+00:00,10.133333333333333
2022-04-14,2022-04-14 04:39:00+00:00,2022-04-14 18:33:00+00:00,2022-04-14T06:39:00+02:00,2022-04-14T20:33:00+02:00,2022-04-14 04:42:40.422885888+00:00,2022-04-14 18:32:38.244995072+00:00,-1.5006565931192628,-0.9623934922851447,99,5,False,False,False,-3.6737147648,0.36258341546666667,2022-04-14 18:33:00+00:00,2022-04-15 04:36:00+00:00,10.05
2022-04-15,2022-04-15 04:36:00+00:00,2022-04-15 18:35:00+00:00,2022-04-15T06:36:00+02:00,2022-04-15T20:35:00+02:00,2022-04-15 04:40:28.813788416+00:00,2022-04-15 18:34:20.598962432+00:00,-1.4949226853333413,-0.9637736766814315,100,5,False,False,False,-4.480229806933334,0.6566839594666667,2022-04-15 18:35:00+00:00,2022-04-16 04:34:00+00:00,9.983333333333333
2022-04-16,2022-04-16 04:34:00+00:00,2022-04-16 18:36:00+00:00,2022-04-16T06:34:00+02:00,2022-04-16T20:36:00+02:00,2022-04-16 04:38:17.919981568+00:00,2022-04-16 18:36:02.927238400+00:00,-1.4890279591145883,-0.9649469012079772,100,5,False,False,False,-4.298666359466667,-0.04878730666666666,2022-04-16 18:36:00+00:00,2022-04-17 04:32:00+00:00,9.933333333333334
2022-04-17,2022-04-17 04:32:00+00:00,2022-04-17 18:38:00+00:00,2022-04-17T06:32:00+02:00,2022-04-17T20:38:00+02:00,2022-04-17 04:36:07.777644800+00:00,2022-04-17 18:37:45.231092480+00:00,-1.4829805585855529,-0.9659146767608027,100,5,False,False,False,-4.129627413333333,0.24614845866666668,2022-04-17 18:38:00+00:00,2022-04-18 04:30:00+00:00,9.866666666666667
2022-04-18,2022-04-18 04:30:00+00:00,2022-04-18 18:40:00+00:00,2022-04-18T06:30:00+02:00,2022-04-18T20:40:00+02:00,2022-04-18 04:33:58.423272192+00:00,2022-04-18 18:39:27.510373120+00:00,-1.4767888055234906,-0.9666786786824889,100,5,False,False,False,-3.9737212032,0.5414937813333334,2022-04-18 18:40:00+00:00,2022-04-19 04:28:00+00:00,9.8
2022-04-19,2022-04-19 04:28:00+00:00,2022-04-19 18:42:00+00:00,2022-04-19T06:28:00+02:00,2022-04-19T20:42:00+02:00,2022-04-19 04:31:49.893932800+00:00,2022-04-19 18:41:09.762744064+00:00,-1.470461189155328,-0.9672407439402391,100,5,False,False,False,-3.8315655466666665,0.8372875989333333,2022-04-19 18:42:00+00:00,2022-04-20 04:26:00+00:00,9.733333333333333
2022-04-20,2022-04-20 04:26:00+00:00,2022-04-20 18:43:00+00:00,2022-04-20T06:26:00+02:00,2022-04-20T20:43:00+02:00,2022-04-20 04:29:42.227580160+00:00,2022-04-20 18:42:51.983193344+00:00,-1.4640063557552463,-0.9676028681360589,100,5,False,False,False,-3.7037930026666666,0.13361344426666666,2022-04-20 18:43:00+00:00,2022-04-21 04:24:00+00:00,9.683333333333334
2022-04-21,2022-04-21 04:24:00+00:00,2022-04-21 18:45:00+00:00,2022-04-21T06:24:00+02:00,2022-04-21T20:45:00+02:00,2022-04-21 04:27:35.463228672+00:00,2022-04-21 18:44:34.163837952+00:00,-1.4574330980573107,-0.9677672023528339,100,5,False,False,False,-3.5910538112,0.43060270079999996,2022-04-21 18:45:00+00:00,2022-04-22 04:22:00+00:00,9.616666666666667
2022-04-22,2022-04-22 04:22:00+00:00,2022-04-22 18:47:00+00:00,2022-04-22T06:22:00+02:00,2022-04-22T20:47:00+02:00,2022-04-22 04:25:29.640891904+00:00,2022-04-22 18:46:16.293887744+00:00,-1.450750344495794,-0.9677360498402796,100,5,False,False,False,-3.4940148650666667,0.7284352042666666,2022-04-22 18:47:00+00:00,2022-04-23 04:20:00+00:00,9.55
2022-04-23,2022-04-23 04:20:00+00:00,2022-04-23 18:48:00+00:00,2022-04-23T06:20:00+02:00,2022-04-23T20:48:00+02:00,2022-04-23 04:23:24.801294848+00:00,2022-04-23 18:47:58.359615488+00:00,-1.4439671482860514,-0.9675118625449155,100,5,False,False,False,-3.4133549141333335,0.027339741866666666,2022-04-23 18:48:00+00:00,2022-04-24 04:18:00+00:00,9.5
2022-04-24,2022-04-24 04:18:00+00:00,2022-04-24 18:50:00+00:00,2022-04-24T06:18:00+02:00,2022-04-24T20:50:00+02:00,2022-04-24 04:21:20.985500416+00:00,2022-04-24 18:49:40.344279552+00:00,-1.437092676358979,-0.967097237488399,100,5,False,False,False,-3.349758340266667,0.3275953408,2022-04-24 18:50:00+00:00,2022-04-25 04:16:00+00:00,9.433333333333334
2022-04-25,2022-04-25 04:16:00+00:00,2022-04-25 18:52:00+00:00,2022-04-25T06:16:00+02:00,2022-04-25T20:52:00+02:00,2022-04-25 04:19:18.234597888+00:00,2022-04-25 18:51:22.228056064+00:00,-1.4301361981622822,-0.9664949129987196,100,5,False,False,False,-3.3039099648,0.6295323989333333,2022-04-25 18:52:00+00:00,2022-04-26 04:14:00+00:00,9.366666666666667
2022-04-26,2022-04-26 04:14:00+00:00,2022-04-26 18:53:00+00:00,2022-04-26T06:14:00+02:00,2022-04-26T20:53:00+02:00,2022-04-26 04:17:16.589537536+00:00,2022-04-26 18:53:03.988066304+00:00,-1.4231070743419154,-0.9657077647989271,100,5,False,False,False,-3.2764922922666666,-0.06646777173333333,2022-04-26 18:53:00+00:00,2022-04-27 04:12:00+00:00,9.316666666666666
2022-04-27,2022-04-27 04:12:00+00:00,2022-04-27 18:55:00+00:00,2022-04-27T06:12:00+02:00,2022-04-27T20:55:00+02:00,2022-04-27 04:15:16.091116544+00:00,2022-04-27 18:54:45.598526208+00:00,-1.4160147453172098,-0.9647388019582261,100,5,False,False,False,-3.268185275733333,0.2400245632,2022-04-27 18:55:00+00:00,2022-04-28 04:10:00+00:00,9.25
2022-04-28,2022-04-28 04:10:00+00:00,2022-04-28 18:57:00+00:00,2022-04-28T06:10:00+02:00,2022-04-28T20:57:00+02:00,2022-04-28 04:13:16.780083968+00:00,2022-04-28 18:56:27.030969344+00:00,-1.4088687197633338,-0.9635911627104277,100,5,False,False,False,-3.2796680661333335,0.5494838442666666,2022-04-28 18:57:00+00:00,2022-04-29 04:08:00+00:00,9.183333333333334
2022-04-29,2022-04-29 04:08:00+00:00,2022-04-29 18:59:00+00:00,2022-04-29T06:08:00+02:00,2022-04-29T20:59:00+02:00,2022-04-29 04:11:18.697338880+00:00,2022-04-29 18:58:08.254488320+00:00,-1.40167856301482,-0.9622681101448897,100,5,False,False,False,-3.3116223146666663,0.8624251946666667,2022-04-29 18:59:00+00:00,2022-04-30 04:06:00+00:00,9.116666666666667
2022-04-30,2022-04-30 04:06:00+00:00,2022-04-30 19:00:00+00:00,2022-04-30T06:06:00+02:00,2022-04-30T21:00:00+02:00,2022-04-30 04:09:21.884184064+00:00,2022-04-30 18:59:49.235970304+00:00,-1.3944538854040174,-0.9607730277752372,100,5,False,False,False,-3.3647364010666667,0.17940049493333332,2022-04-30 19:00:00+00:00,2022-05-01 04:04:00+00:00,9.066666666666666
2022-05-01,2022-05-01 04:04:00+00:00,2022-05-01 19:02:00+00:00,2022-05-01T06:04:00+02:00,2022-05-01T21:02:00+02:00,2022-05-01 04:07:26.382588672+00:00,2022-05-01 19:01:29.940322816+00:00,-1.3872043305483703,-0.9591094149912744,100,5,False,False,False,-3.4397098111999997,0.5009946197333334,2022-05-01 19:02:00+00:00,2022-05-02 04:02:00+00:00,9.0
2022-05-02,2022-05-02 04:02:00+00:00,2022-05-02 19:04:00+00:00,2022-05-02T06:02:00+02:00,2022-05-02T21:04:00+02:00,2022-05-02 04:05:32.235389184+00:00,2022-05-02 19:03:10.330683648+00:00,-1.3799395636005125,-0.957280882399641,100,5,False,False,False,-3.5372564864,0.8278219392,2022-05-02 19:04:00+00:00,2022-05-03 04:00:00+00:00,8.933333333333334
2022-05-03,2022-05-03 04:00:00+00:00,2022-05-03 19:05:00+00:00,2022-05-03T06:00:00+02:00,2022-05-03T21:05:00+02:00,2022-05-03 04:03:39.486394112+00:00,2022-05-03 19:04:50.368571648+00:00,-1.3726692594751937,-0.9552911470588864,100,5,False,False,False,-3.6581065685333334,0.16052380586666667,2022-05-03 19:05:00+00:00,2022-05-04 03:58:00+00:00,8.883333333333333
2022-05-04,2022-05-04 03:58:00+00:00,2022-05-04 19:07:00+00:00,2022-05-04T05:58:00+02:00,2022-05-04T21:07:00+02:00,2022-05-04 04:01:48.180387840+00:00,2022-05-04 19:06:30.013960960+00:00,-1.3654030910670807,-0.9531440276147534,100,5,False,False,False,-3.803006464,0.49976731733333335,2022-05-04 19:07:00+00:00,2022-05-05 03:57:00+00:00,8.833333333333334
2022-05-05,2022-05-05 03:57:00+00:00,2022-05-05 19:09:00+00:00,2022-05-05T05:57:00+02:00,2022-05-05T21:09:00+02:00,2022-05-05 03:59:58.363083008+00:00,2022-05-05 19:08:09.225296384+00:00,-1.3581507174735032,-0.9508434393415721,100,5,False,False,False,-2.972718050133333,0.8462450602666666,2022-05-05 19:09:00+00:00,2022-05-06 03:55:00+00:00,8.766666666666667
2022-05-06,2022-05-06 03:55:00+00:00,2022-05-06 19:10:00+00:00,2022-05-06T05:55:00+02:00,2022-05-06T21:10:00+02:00,2022-05-06 03:58:10.081053184+00:00,2022-05-06 19:09:47.959523328+00:00,-1.350921772236182,-0.9483933890957718,100,5,False,False,False,-3.168017553066667,0.20067461120000002,2022-05-06 19:10:00+00:00,2022-05-07 03:53:00+00:00,8.716666666666667
2022-05-07,2022-05-07 03:53:00+00:00,2022-05-07 19:12:00+00:00,2022-05-07T05:53:00+02:00,2022-05-07T21:12:00+02:00,2022-05-07 03:56:23.381657600+00:00,2022-05-07 19:11:26.172172032+00:00,-1.3437258516159778,-0.9457979701876071,100,5,False,False,False,-3.3896942933333336,0.5637971328,2022-05-07 19:12:00+00:00,2022-05-08 03:51:00+00:00,8.65
2022-05-08,2022-05-08 03:51:00+00:00,2022-05-08 19:13:00+00:00,2022-05-08T05:51:00+02:00,2022-05-08T21:13:00+02:00,2022-05-08 03:54:38.312960256+00:00,2022-05-08 19:13:03.817513472+00:00,-1.3365725029146418,-0.9430613571772958,100,5,False,False,False,-3.6385493375999998,-0.06362522453333333,2022-05-08 19:13:00+00:00,2022-05-09 03:50:00+00:00,8.616666666666667
2022-05-09,2022-05-09 03:50:00+00:00,2022-05-09 19:15:00+00:00,2022-05-09T05:50:00+02:00,2022-05-09T21:15:00+02:00,2022-05-09 03:52:54.923670016+00:00,2022-05-09 19:14:40.848761088+00:00,-1.3294712128575035,-0.940187800601833,100,5,False,False,False,-2.9153945002666664,0.3191873152,2022-05-09 19:15:00+00:00,2022-05-10 03:48:00+00:00,8.55
2022-05-10,2022-05-10 03:48:00+00:00,2022-05-10 19:17:00+00:00,2022-05-10T05:48:00+02:00,2022-05-10T21:17:00+02:00,2022-05-10 03:51:13.263125760+00:00,2022-05-10 19:16:17.218326528+00:00,-1.3224313960509506,-0.9371816216388349,100,5,False,False,False,-3.221052096,0.7130278912,2022-05-10 19:17:00+00:00,2022-05-11 03:46:00+00:00,8.483333333333333
2022-05-11,2022-05-11 03:46:00+00:00,2022-05-11 19:18:00+00:00,2022-05-11T05:46:00+02:00,2022-05-11T21:18:00+02:00,2022-05-11 03:49:33.381318400+00:00,2022-05-11 19:17:52.878130176+00:00,-1.315462383528474,-0.9340472067138192,101,6,False,False,False,-3.5563553066666667,0.1186978304,2022-05-11 19:18:00+00:00,2022-05-12 03:45:00+00:00,8.45
2022-05-12,2022-05-12 03:45:00+00:00,2022-05-12 19:20:00+00:00,2022-05-12T05:45:00+02:00,2022-05-12T21:20:00+02:00,2022-05-12 03:47:55.328881920+00:00,2022-05-12 19:19:27.779920640+00:00,-1.308573411398936,-0.9307890020573975,102,6,False,False,False,-2.922148032,0.5370013226666667,2022-05-12 19:20:00+00:00,2022-05-13 03:43:00+00:00,8.383333333333333
2022-05-13,2022-05-13 03:43:00+00:00,2022-05-13 19:21:00+00:00,2022-05-13T05:43:00+02:00,2022-05-13T21:21:00+02:00,2022-05-13 03:46:19.156968704+00:00,2022-05-13 19:21:01.875453440+00:00,-1.3017736096106076,-0.9274115082189013,103,6,False,False,False,-3.3192828117333333,-0.03125755733333333,2022-05-13 19:21:00+00:00,2022-05-14 03:42:00+00:00,8.35
2022-05-14,2022-05-14 03:42:00+00:00,2022-05-14 19:23:00+00:00,2022-05-14T05:42:00+02:00,2022-05-14T21:23:00+02:00,2022-05-14 03:44:44.917020416+00:00,2022-05-14 19:22:35.116353536+00:00,-1.2950719908443706,-0.9239192745430095,104,6,False,False,False,-2.7486170069333338,0.4147274410666667,2022-05-14 19:23:00+00:00,2022-05-15 03:40:00+00:00,8.283333333333333
2022-05-15,2022-05-15 03:40:00+00:00,2022-05-15 19:24:00+00:00,2022-05-15T05:40:00+02:00,2022-05-15T21:24:00+02:00,2022-05-15 03:43:12.660566016+00:00,2022-05-15 19:24:07.453594368+00:00,-1.2884774395493415,-0.9203168936159776,105,6,False,False,False,-3.2110094335999997,-0.1242265728,2022-05-15 19:24:00+00:00,2022-05-16 03:39:00+00:00,8.25
2022-05-16,2022-05-16 03:39:00+00:00,2022-05-16 19:26:00+00:00,2022-05-16T05:39:00+02:00,2022-05-16T21:26:00+02:00,2022-05-16 03:41:42.439220224+00:00,2022-05-16 19:25:38.836737280+00:00,-1.2819987011339873,-0.9166089956881007,106,6,False,False,False,-2.7073203370666667,0.3527210453333333,2022-05-16 19:26:00+00:00,2022-05-17 03:37:00+00:00,8.183333333333334
2022-05-17,2022-05-17 03:37:00+00:00,2022-05-17 19:27:00+00:00,2022-05-17T05:37:00+02:00,2022-05-17T21:27:00+02:00,2022-05-17 03:40:14.304952832+00:00,2022-05-17 19:27:09.213217536+00:00,-1.2756443713256347,-0.9128002430790616,106,6,False,False,False,-3.238415880533333,-0.1535536256,2022-05-17 19:27:00+00:00,2022-05-18 03:36:00+00:00,8.15
2022-05-18,2022-05-18 03:36:00+00:00,2022-05-18 19:29:00+00:00,2022-05-18T05:36:00+02:00,2022-05-18T21:29:00+02:00,2022-05-18 03:38:48.310496256+00:00,2022-05-18 19:28:38.527919104+00:00,-1.2694228857110588,-0.908895324572823,106,6,False,False,False,-2.8051749376,0.35786801493333337,2022-05-18 19:29:00+00:00,2022-05-19 03:35:00+00:00,8.1
2022-05-19,2022-05-19 03:35:00+00:00,2022-05-19 19:30:00+00:00,2022-05-19T05:35:00+02:00,2022-05-19T21:30:00+02:00,2022-05-19 03:37:24.509609728+00:00,2022-05-19 19:30:06.723074048+00:00,-1.2633425094706319,-0.9048989498087334,106,6,False,False,False,-2.4084934954666664,-0.11205123413333333,2022-05-19 19:30:00+00:00,2022-05-20 03:33:00+00:00,8.05
2022-05-20,2022-05-20 03:33:00+00:00,2022-05-20 19:32:00+00:00,2022-05-20T05:33:00+02:00,2022-05-20T21:32:00+02:00,2022-05-20 03:36:02.956960768+00:00,2022-05-20 19:31:33.738319360+00:00,-1.257411327318277,-0.9008158436755087,107,6,False,False,False,-3.0492826794666663,0.43769467733333334,2022-05-20 19:32:00+00:00,2022-05-21 03:32:00+00:00,8.0
2022-05-21,2022-05-21 03:32:00+00:00,2022-05-21 19:33:00+00:00,2022-05-21T05:32:00+02:00,2022-05-21T21:33:00+02:00,2022-05-21 03:34:43.707594240+00:00,2022-05-21 19:32:59.510726656+00:00,-1.2516372336592296,-0.8966507407147415,108,6,False,False,False,-2.7284599039999997,0.008154555733333334,2022-05-21 19:33:00+00:00,2022-05-22 03:31:00+00:00,7.966666666666667
2022-05-22,2022-05-22 03:31:00+00:00,2022-05-22 19:34:00+00:00,2022-05-22T05:31:00+02:00,2022-05-22T21:34:00+02:00,2022-05-22 03:33:26.816166912+00:00,2022-05-22 19:34:23.974741248+00:00,-1.246027922977349,-0.8924083795405682,109,6,False,False,False,-2.4469361152,-0.3995790208,2022-05-22 19:34:00+00:00,2022-05-23 03:29:00+00:00,7.916666666666667
2022-05-23,2022-05-23 03:29:00+00:00,2022-05-23 19:36:00+00:00,2022-05-23T05:29:00+02:00,2022-05-23T21:36:00+02:00,2022-05-23 03:32:12.336222464+00:00,2022-05-23 19:35:47.062130688+00:00,-1.2405908804634462,-0.8880934972821013,110,6,False,False,False,-3.2056037077333333,0.2156311552,2022-05-23 19:36:00+00:00,2022-05-24 03:28:00+00:00,7.866666666666666
2022-05-24,2022-05-24 03:28:00+00:00,2022-05-24 19:37:00+00:00,2022-05-24T05:28:00+02:00,2022-05-24T21:37:00+02:00,2022-05-24 03:31:00.319707904+00:00,2022-05-24 19:37:08.702079744+00:00,-1.235333372895812,-0.8837108240551943,111,6,False,False,False,-3.005328465066667,-0.14503466240000001,2022-05-24 19:37:00+00:00,2022-05-25 03:27:00+00:00,7.833333333333333
2022-05-25,2022-05-25 03:27:00+00:00,2022-05-25 19:38:00+00:00,2022-05-25T05:27:00+02:00,2022-05-25T21:38:00+02:00,2022-05-25 03:29:50.816774144+00:00,2022-05-25 19:38:28.821476096+00:00,-1.2302624397838289,-0.8792650774700654,112,6,False,False,False,-2.8469462357333333,-0.48035793493333334,2022-05-25 19:38:00+00:00,2022-05-26 03:26:00+00:00,7.8
2022-05-26,2022-05-26 03:26:00+00:00,2022-05-26 19:40:00+00:00,2022-05-26T05:26:00+02:00,2022-05-26T21:40:00+02:00,2022-05-26 03:28:43.875785472+00:00,2022-05-26 19:39:47.345325568+00:00,-1.2253848847852316,-0.8747609571812586,113,6,False,False,False,-2.7312630911999998,0.21091124053333335,2022-05-26 19:40:00+00:00,2022-05-27 03:25:00+00:00,7.75
2022-05-27,2022-05-27 03:25:00+00:00,2022-05-27 19:41:00+00:00,2022-05-27T05:25:00+02:00,2022-05-27T21:41:00+02:00,2022-05-27 03:27:39.543439872+00:00,2022-05-27 19:41:04.197210112+00:00,-1.220707267407263,-0.8702031394863555,114,6,False,False,False,-2.6590573312,-0.06995350186666666,2022-05-27 19:41:00+00:00,2022-05-28 03:24:00+00:00,7.716666666666667
2022-05-28,2022-05-28 03:24:00+00:00,2022-05-28 19:42:00+00:00,2022-05-28T05:24:00+02:00,2022-05-28T21:42:00+02:00,2022-05-28 03:26:37.864912128+00:00,2022-05-28 19:42:19.299737088+00:00,-1.2162358950016292,-0.8655962719797945,115,6,False,False,False,-2.6310818688,-0.32166228480000003,2022-05-28 19:42:00+00:00,2022-05-29 03:23:00+00:00,7.683333333333334
2022-05-29,2022-05-29 03:23:00+00:00,2022-05-29 19:43:00+00:00,2022-05-29T05:23:00+02:00,2022-05-29T21:43:00+02:00,2022-05-29 03:25:38.883978240+00:00,2022-05-29 19:43:32.574983168+00:00,-1.2119768150628099,-0.86094496826807,116,6,False,False,False,-2.648066304,-0.5429163861333334,2022-05-29 19:43:00+00:00,2022-05-30 03:22:00+00:00,7.65
2022-05-30,2022-05-30 03:22:00+00:00,2022-05-30 19:44:00+00:00,2022-05-30T05:22:00+02:00,2022-05-30T21:44:00+02:00,2022-05-30 03:24:42.643086080+00:00,2022-05-30 19:44:43.944911360+00:00,-1.2079358078389182,-0.8562538027525138,117,6,False,False,False,-2.7107181013333332,-0.7324151893333333,2022-05-30 19:44:00+00:00,2022-05-31 03:21:00+00:00,7.616666666666666
2022-05-31,2022-05-31 03:21:00+00:00,2022-05-31 19:46:00+00:00,2022-05-31T05:21:00+02:00,2022-05-31T21:46:00+02:00,2022-05-31 03:23:49.183348736+00:00,2022-05-31 19:45:53.331732480+00:00,-1.2041183792639376,-0.8515273054857647,117,6,False,False,False,-2.8197224789333335,0.111137792,2022-05-31 19:46:00+00:00,2022-06-01 03:20:00+00:00,7.566666666666666
2022-06-01,2022-06-01 03:20:00+00:00,2022-06-01 19:47:00+00:00,2022-06-01T05:20:00+02:00,2022-06-01T21:47:00+02:00,2022-06-01 03:22:58.544468224+00:00,2022-06-01 19:47:00.658181888+00:00,-1.2005297542197695,-0.8467699571079419,117,6,False,False,False,-2.975741137066667,-0.010969698133333334,2022-06-01 19:47:00+00:00,2022-06-02 03:20:00+00:00,7.55
2022-06-02,2022-06-02 03:20:00+00:00,2022-06-02 19:48:00+00:00,2022-06-02T05:20:00+02:00,2022-06-02T21:48:00+02:00,2022-06-02 03:22:10.764601344+00:00,2022-06-02 19:48:05.847754496+00:00,-1.1971748701361464,-0.8419861838684308,117,6,False,False,False,-2.1794100224,-0.09746257493333334,2022-06-02 19:48:00+00:00,2022-06-03 03:19:00+00:00,7.516666666666667
2022-06-03,2022-06-03 03:19:00+00:00,2022-06-03 19:49:00+00:00,2022-06-03T05:19:00+02:00,2022-06-03T21:49:00+02:00,2022-06-03 03:21:25.880185600+00:00,2022-06-03 19:49:08.824967168+00:00,-1.1940583709360564,-0.8371803527390866,117,6,False,False,False,-2.431336426666667,-0.14708278613333334,2022-06-03 19:49:00+00:00,2022-06-04 03:18:00+00:00,7.483333333333333
2022-06-04,2022-06-04 03:18:00+00:00,2022-06-04 19:50:00+00:00,2022-06-04T05:18:00+02:00,2022-06-04T21:50:00+02:00,2022-06-04 03:20:43.925740032+00:00,2022-06-04 19:50:09.515694336+00:00,-1.1911846013339114,-0.8323567666245387,117,6,False,False,False,-2.7320956672,-0.15859490559999997,2022-06-04 19:50:00+00:00,2022-06-05 03:18:00+00:00,7.466666666666667
2022-06-05,2022-06-05 03:18:00+00:00,2022-06-05 19:51:00+00:00,2022-06-05T05:18:00+02:00,2022-06-05T21:51:00+02:00,2022-06-05 03:20:04.933656832+00:00,2022-06-05 19:51:07.847556864+00:00,-1.1885576014932804,-0.8275196596751575,116,6,False,False,False,-2.0822276138666664,-0.1307926144,2022-06-05 19:51:00+00:00,2022-06-06 03:17:00+00:00,7.433333333333334
2022-06-06,2022-06-06 03:17:00+00:00,2022-06-06 19:51:00+00:00,2022-06-06T05:17:00+02:00,2022-06-06T21:51:00+02:00,2022-06-06 03:19:28.934028032+00:00,2022-06-06 19:52:03.750328064+00:00,-1.1861811020505746,-0.8226731927081192,117,6,False,False,False,-2.4822338005333333,-1.0625054677333334,2022-06-06 19:51:00+00:00,2022-06-07 03:16:00+00:00,7.416666666666667
2022-06-07,2022-06-07 03:16:00+00:00,2022-06-07 19:52:00+00:00,2022-06-07T05:16:00+02:00,2022-06-07T21:52:00+02:00,2022-06-07 03:18:55.954550784+00:00,2022-06-07 19:52:57.156355072+00:00,-1.1840585195106335,-0.8178214487418629,118,6,False,False,False,-2.9325758464,-0.9526059178666666,2022-06-07 19:52:00+00:00,2022-06-08 03:16:00+00:00,7.4
2022-06-08,2022-06-08 03:16:00+00:00,2022-06-08 19:53:00+00:00,2022-06-08T05:16:00+02:00,2022-06-08T21:53:00+02:00,2022-06-08 03:18:26.020509696+00:00,2022-06-08 19:53:48.001034496+00:00,-1.182192952019734,-0.8129684286490949,119,6,False,False,False,-2.4336751616,-0.8000172416000001,2022-06-08 19:53:00+00:00,2022-06-09 03:16:00+00:00,7.383333333333334
2022-06-09,2022-06-09 03:16:00+00:00,2022-06-09 19:54:00+00:00,2022-06-09T05:16:00+02:00,2022-06-09T21:54:00+02:00,2022-06-09 03:17:59.154762752+00:00,2022-06-09 19:54:36.223325952+00:00,-1.1805871755210742,-0.8081180469333481,120,6,False,False,False,-1.9859127125333333,-0.6037220992000001,2022-06-09 19:54:00+00:00,2022-06-10 03:15:00+00:00,7.35
2022-06-10,2022-06-10 03:15:00+00:00,2022-06-10 19:55:00+00:00,2022-06-10T05:15:00+02:00,2022-06-10T21:55:00+02:00,2022-06-10 03:17:35.377622016+00:00,2022-06-10 19:55:21.766178048+00:00,-1.1792436402973427,-0.8032741276339457,120,6,False,False,False,-2.5896270336000002,-0.36276963413333335,2022-06-10 19:55:00+00:00,2022-06-11 03:15:00+00:00,7.333333333333333
2022-06-11,2022-06-11 03:15:00+00:00,2022-06-11 19:55:00+00:00,2022-06-11T05:15:00+02:00,2022-06-11T21:55:00+02:00,2022-06-11 03:17:14.706606080+00:00,2022-06-11 19:56:04.576670976+00:00,-1.178164467904528,-0.7984404003640647,120,6,False,False,False,-2.245110101333333,-1.0762778496,2022-06-11 19:55:00+00:00,2022-06-12 03:14:00+00:00,7.316666666666666
2022-06-12,2022-06-12 03:14:00+00:00,2022-06-12 19:56:00+00:00,2022-06-12T05:14:00+02:00,2022-06-12T21:56:00+02:00,2022-06-12 03:16:57.156179456+00:00,2022-06-12 19:56:44.605772032+00:00,-1.1773514485006364,-0.7936204964864217,120,6,False,False,False,-2.9526029909333333,-0.7434295338666667,2022-06-12 19:56:00+00:00,2022-06-13 03:14:00+00:00,7.3
2022-06-13,2022-06-13 03:14:00+00:00,2022-06-13 19:56:00+00:00,2022-06-13T05:14:00+02:00,2022-06-13T21:56:00+02:00,2022-06-13 03:16:42.737678336+00:00,2022-06-13 19:57:21.807797760+00:00,-1.176806038572545,-0.7888179454309416,120,6,False,False,False,-2.7122946389333333,-1.363463296,2022-06-13 19:56:00+00:00,2022-06-14 03:14:00+00:00,7.3
2022-06-14,2022-06-14 03:14:00+00:00,2022-06-14 19:57:00+00:00,2022-06-14T05:14:00+02:00,2022-06-14T21:57:00+02:00,2022-06-14 03:16:31.459552512+00:00,2022-06-14 19:57:56.139830784+00:00,-1.1765293590637171,-0.7840361711585858,120,6,False,False,False,-2.5243258751999997,-0.9356638464,2022-06-14 19:57:00+00:00,2022-06-15 03:14:00+00:00,7.283333333333333
2022-06-15,2022-06-15 03:14:00+00:00,2022-06-15 19:57:00+00:00,2022-06-15T05:14:00+02:00,2022-06-15T21:57:00+02:00,2022-06-15 03:16:23.327827712+00:00,2022-06-15 19:58:27.561334272+00:00,-1.1765221939050516,-0.7792784887753396,120,6,False,False,False,-2.388797128533333,-1.4593555712,2022-06-15 19:57:00+00:00,2022-06-16 03:14:00+00:00,7.283333333333333
2022-06-16,2022-06-16 03:14:00+00:00,2022-06-16 19:58:00+00:00,2022-06-16T05:14:00+02:00,2022-06-16T21:58:00+02:00,2022-06-16 03:16:18.346478336+00:00,2022-06-16 19:58:56.034027008+00:00,-1.1767849889506423,-0.7745481013001766,120,6,False,False,False,-2.3057746389333333,-0.9339004501333333,2022-06-16 19:58:00+00:00,2022-06-17 03:14:00+00:00,7.266666666666667
2022-06-17,2022-06-17 03:14:00+00:00,2022-06-17 19:58:00+00:00,2022-06-17T05:14:00+02:00,2022-06-17T21:58:00+02:00,2022-06-17 03:16:16.517383424+00:00,2022-06-17 19:59:21.521923072+00:00,-1.1773178513197537,-0.7698480965906176,120,6,False,False,False,-2.275289723733333,-1.3586987178666667,2022-06-17 19:58:00+00:00,2022-06-18 03:14:00+00:00,7.266666666666667
2022-06-18,2022-06-18 03:14:00+00:00,2022-06-18 19:59:00+00:00,2022-06-18T05:14:00+02:00,2022-06-18T21:59:00+02:00,2022-06-18 03:16:17.839721984+00:00,2022-06-18 19:59:43.991382272+00:00,-1.1781205491458269,-0.7651814444293199,120,6,False,False,False,-2.2973286997333333,-0.7331897045333334,2022-06-18 19:59:00+00:00,2022-06-19 03:14:00+00:00,7.25
2022-06-19,2022-06-19 03:14:00+00:00,2022-06-19 19:59:00+00:00,2022-06-19T05:14:00+02:00,2022-06-19T21:59:00+02:00,2022-06-19 03:16:22.308989696+00:00,2022-06-19 20:00:03.411117568+00:00,-1.1791925117328532,-0.760550993774926,120,6,False,False,False,-2.3718164949333334,-1.0568519594666668,2022-06-19 19:59:00+00:00,2022-06-20 03:14:00+00:00,7.25
2022-06-20,2022-06-20 03:14:00+00:00,2022-06-20 19:59:00+00:00,2022-06-20T05:14:00+02:00,2022-06-20T21:59:00+02:00,2022-06-20 03:16:29.916001792+00:00,2022-06-20 20:00:19.752198912+00:00,-1.1805328301189661,-0.7559594701802013,120,6,False,False,False,-2.4986000298666666,-1.3292033152,2022-06-20 19:59:00+00:00,2022-06-21 03:14:00+00:00,7.25
2022-06-21,2022-06-21 03:14:00+00:00,2022-06-21 19:59:00+00:00,2022-06-21T05:14:00+02:00,2022-06-21T21:59:00+02:00,2022-06-21 03:16:40.646231040+00:00,2022-06-21 20:00:32.988127744+00:00,-1.1821402580466112,-0.7514094733802871,120,6,False,False,False,-2.677437184,-1.5498021290666666,2022-06-21 19:59:00+00:00,2022-06-22 03:14:00+00:00,7.25
2022-06-22,2022-06-22 03:14:00+00:00,2022-06-22 19:59:00+00:00,2022-06-22T05:14:00+02:00,2022-06-22T21:59:00+02:00,2022-06-22 03:16:54.479623680+00:00,2022-06-22 20:00:43.095001344+00:00,-1.1840132133381835,-0.7469034750536836,120,6,False,False,False,-2.907993728,-1.7182500224,2022-06-22 19:59:00+00:00,2022-06-23 03:15:00+00:00,7.266666666666667
2022-06-23,2022-06-23 03:15:00+00:00,2022-06-23 20:00:00+00:00,2022-06-23T05:15:00+02:00,2022-06-23T22:00:00+02:00,2022-06-23 03:17:11.390799872+00:00,2022-06-23 20:00:50.051730944+00:00,-1.1861497796755271,-0.7424438167583659,120,6,False,False,False,-2.1898466645333334,-0.8341955157333333,2022-06-23 20:00:00+00:00,2022-06-24 03:15:00+00:00,7.25
2022-06-24,2022-06-24 03:15:00+00:00,2022-06-24 20:00:00+00:00,2022-06-24T05:15:00+02:00,2022-06-24T22:00:00+02:00,2022-06-24 03:17:31.349434880+00:00,2022-06-24 20:00:53.840278272+00:00,-1.1885477087812153,-0.7380327080452262,120,6,False,False,False,-2.5224905813333334,-0.8973379712,2022-06-24 20:00:00+00:00,2022-06-25 03:15:00+00:00,7.25
2022-06-25,2022-06-25 03:15:00+00:00,2022-06-25 20:00:00+00:00,2022-06-25T05:15:00+02:00,2022-06-25T22:00:00+02:00,2022-06-25 03:17:54.320674304+00:00,2022-06-25 20:00:54.445891072+00:00,-1.19120442299906,-0.7336722247508107,120,6,False,False,False,-2.905344571733333,-0.9074315178666666,2022-06-25 20:00:00+00:00,2022-06-26 03:16:00+00:00,7.266666666666667
2022-06-26,2022-06-26 03:16:00+00:00,2022-06-26 19:59:00+00:00,2022-06-26T05:16:00+02:00,2022-06-26T21:59:00+02:00,2022-06-26 03:18:20.265501952+00:00,2022-06-26 20:00:51.857326080+00:00,-1.1941170182708054,-0.7293643074711067,120,6,False,False,False,-2.3377583658666667,-1.8642887680000002,2022-06-26 19:59:00+00:00,2022-06-27 03:16:00+00:00,7.283333333333333
2022-06-27,2022-06-27 03:16:00+00:00,2022-06-27 19:59:00+00:00,2022-06-27T05:16:00+02:00,2022-06-27T21:59:00+02:00,2022-06-27 03:18:49.141076736+00:00,2022-06-27 20:00:46.067018240+00:00,-1.1972822675055135,-0.7251107602179124,120,6,False,False,False,-2.8190179456,-1.7677836373333333,2022-06-27 19:59:00+00:00,2022-06-28 03:17:00+00:00,7.3
2022-06-28,2022-06-28 03:17:00+00:00,2022-06-28 19:59:00+00:00,2022-06-28T05:17:00+02:00,2022-06-28T21:59:00+02:00,2022-06-28 03:19:20.901037312+00:00,2022-06-28 20:00:37.071162880+00:00,-1.2006966243376604,-0.7209132492590973,120,6,False,False,False,-2.3483506218666665,-1.6178527146666668,2022-06-28 19:59:00+00:00,2022-06-29 03:17:00+00:00,7.3
2022-06-29,2022-06-29 03:17:00+00:00,2022-06-29 19:59:00+00:00,2022-06-29T05:17:00+02:00,2022-06-29T21:59:00+02:00,2022-06-29 03:19:55.495767040+00:00,2022-06-29 20:00:24.869700096+00:00,-1.2043562272695119,-0.7167733021438374,120,6,False,False,False,-2.9249294506666668,-1.4144950016,2022-06-29 19:59:00+00:00,2022-06-30 03:18:00+00:00,7.316666666666666
2022-06-30,2022-06-30 03:18:00+00:00,2022-06-30 19:59:00+00:00,2022-06-30T05:18:00+02:00,2022-06-30T21:59:00+02:00,2022-06-30 03:20:32.872610816+00:00,2022-06-30 20:00:09.466261248+00:00,-1.2082569041928888,-0.7126923069136872,120,6,False,False,False,-2.5478768469333333,-1.1577710207999998,2022-06-30 19:59:00+00:00,2022-07-01 03:18:00+00:00,7.316666666666666
2022-07-01,2022-07-01 03:18:00+00:00,2022-07-01 19:58:00+00:00,2022-07-01T05:18:00+02:00,2022-07-01T21:58:00+02:00,2022-07-01 03:21:12.976040960+00:00,2022-07-01 19:59:50.868135168+00:00,-1.2123941772849776,-0.7086715115001163,120,6,False,False,False,-3.2162673493333336,-1.8478022528,2022-07-01 19:58:00+00:00,2022-07-02 03:19:00+00:00,7.35
2022-07-02,2022-07-02 03:19:00+00:00,2022-07-02 19:58:00+00:00,2022-07-02T05:19:00+02:00,2022-07-02T21:58:00+02:00,2022-07-02 03:21:55.747807488+00:00,2022-07-02 19:59:29.086280192+00:00,-1.2167632682723963,-0.7047120233089188,120,6,False,False,False,-2.9291301248,-1.4847713365333335,2022-07-02 19:58:00+00:00,2022-07-03 03:20:00+00:00,7.366666666666666
2022-07-03,2022-07-03 03:20:00+00:00,2022-07-03 19:57:00+00:00,2022-07-03T05:20:00+02:00,2022-07-03T21:57:00+02:00,2022-07-03 03:22:41.127104256+00:00,2022-07-03 19:59:04.135343360+00:00,-1.2213591040572942,-0.7008148089916733,120,6,False,False,False,-2.6854517375999998,-2.0689223893333333,2022-07-03 19:57:00+00:00,2022-07-04 03:21:00+00:00,7.4
2022-07-04,2022-07-04 03:21:00+00:00,2022-07-04 19:57:00+00:00,2022-07-04T05:21:00+02:00,2022-07-04T21:57:00+02:00,2022-07-04 03:23:29.050790912+00:00,2022-07-04 19:58:36.033669632+00:00,-1.2261763226988225,-0.6969806944041993,120,6,False,False,False,-2.484179848533333,-1.6005611605333334,2022-07-04 19:57:00+00:00,2022-07-05 03:21:00+00:00,7.4
2022-07-05,2022-07-05 03:21:00+00:00,2022-07-05 19:56:00+00:00,2022-07-05T05:21:00+02:00,2022-07-05T21:56:00+02:00,2022-07-05 03:24:19.453694464+00:00,2022-07-05 19:58:04.803312128+00:00,-1.2312092797429006,-0.6932103647517389,120,6,False,False,False,-3.3242282410666664,-2.0800552021333334,2022-07-05 19:56:00+00:00,2022-07-06 03:22:00+00:00,7.433333333333334
2022-07-06,2022-07-06 03:22:00+00:00,2022-07-06 19:56:00+00:00,2022-07-06T05:22:00+02:00,2022-07-06T21:56:00+02:00,2022-07-06 03:25:12.268995840+00:00,2022-07-06 19:57:30.470083328+00:00,-1.2364520548927835,-0.6895043649203496,120,6,False,False,False,-3.204483264,-1.5078347221333332,2022-07-06 19:56:00+00:00,2022-07-07 03:23:00+00:00,7.45
2022-07-07,2022-07-07 03:23:00+00:00,2022-07-07 19:55:00+00:00,2022-07-07T05:23:00+02:00,2022-07-07T21:55:00+02:00,2022-07-07 03:26:07.428649984+00:00,2022-07-07 19:56:53.063646464+00:00,-1.2418984590125235,-0.6858630999937861,120,6,False,False,False,-3.1238108330666665,-1.8843941077333333,2022-07-07 19:55:00+00:00,2022-07-08 03:24:00+00:00,7.483333333333333
2022-07-08,2022-07-08 03:24:00+00:00,2022-07-08 19:54:00+00:00,2022-07-08T05:24:00+02:00,2022-07-08T21:54:00+02:00,2022-07-08 03:27:04.863766784+00:00,2022-07-08 19:56:12.617545728+00:00,-1.247542041455039,-0.6822868359549061,120,6,False,False,False,-3.0810627797333336,-2.2102924288000003,2022-07-08 19:54:00+00:00,2022-07-09 03:25:00+00:00,7.516666666666667
2022-07-09,2022-07-09 03:25:00+00:00,2022-07-09 19:54:00+00:00,2022-07-09T05:25:00+02:00,2022-07-09T21:54:00+02:00,2022-07-09 03:28:04.504881664+00:00,2022-07-09 19:55:29.169054208+00:00,-1.2533760977061017,-0.6787757005704238,120,6,False,False,False,-3.0750813610666667,-1.4861509034666667,2022-07-09 19:54:00+00:00,2022-07-10 03:26:00+00:00,7.533333333333333
2022-07-10,2022-07-10 03:26:00+00:00,2022-07-10 19:53:00+00:00,2022-07-10T05:26:00+02:00,2022-07-10T21:53:00+02:00,2022-07-10 03:29:06.282155264+00:00,2022-07-10 19:54:42.758776064+00:00,-1.2593936773351828,-0.6753296844576037,120,6,False,False,False,-3.1047025877333336,-1.7126462677333334,2022-07-10 19:53:00+00:00,2022-07-11 03:27:00+00:00,7.566666666666666
2022-07-11,2022-07-11 03:27:00+00:00,2022-07-11 19:52:00+00:00,2022-07-11T05:27:00+02:00,2022-07-11T21:52:00+02:00,2022-07-11 03:30:10.125635328+00:00,2022-07-11 19:53:53.430056448+00:00,-1.2655875922437354,-0.671948642331273,120,6,False,False,False,-3.1687605887999997,-1.8905009408,2022-07-11 19:52:00+00:00,2022-07-12 03:28:00+00:00,7.6
2022-07-12,2022-07-12 03:28:00+00:00,2022-07-12 19:51:00+00:00,2022-07-12T05:28:00+02:00,2022-07-12T21:51:00+02:00,2022-07-12 03:31:15.965703424+00:00,2022-07-12 19:53:01.228333568+00:00,-1.2719504252011344,-0.6686322944293044,120,6,False,False,False,-3.2660950570666665,-2.020472226133333,2022-07-12 19:51:00+00:00,2022-07-13 03:29:00+00:00,7.633333333333334
2022-07-13,2022-07-13 03:29:00+00:00,2022-07-13 19:50:00+00:00,2022-07-13T05:29:00+02:00,2022-07-13T21:50:00+02:00,2022-07-13 03:32:23.733687808+00:00,2022-07-13 19:52:06.200556544+00:00,-1.2784745386581498,-0.6653802281145103,120,6,False,False,False,-3.395561463466667,-2.1033426090666665,2022-07-13 19:50:00+00:00,2022-07-14 03:30:00+00:00,7.666666666666667
2022-07-14,2022-07-14 03:30:00+00:00,2022-07-14 19:49:00+00:00,2022-07-14T05:30:00+02:00,2022-07-14T21:49:00+02:00,2022-07-14 03:33:33.362416640+00:00,2022-07-14 19:51:08.394716416+00:00,-1.2851520838275037,-0.662191899650675,120,6,False,False,False,-3.556040277333333,-2.1399119402666664,2022-07-14 19:49:00+00:00,2022-07-15 03:31:00+00:00,7.7
2022-07-15,2022-07-15 03:31:00+00:00,2022-07-15 19:48:00+00:00,2022-07-15T05:31:00+02:00,2022-07-15T21:48:00+02:00,2022-07-15 03:34:44.786383616+00:00,2022-07-15 19:50:07.859484416+00:00,-1.291975010020738,-0.6590666361502366,120,6,False,False,False,-3.746439726933333,-2.1309914069333336,2022-07-15 19:48:00+00:00,2022-07-16 03:33:00+00:00,7.75
2022-07-16,2022-07-16 03:33:00+00:00,2022-07-16 19:47:00+00:00,2022-07-16T05:33:00+02:00,2022-07-16T21:47:00+02:00,2022-07-16 03:35:57.941348352+00:00,2022-07-16 19:49:04.643936768+00:00,-1.2989350742303172,-0.6560036376909225,120,6,False,False,False,-2.9656891392,-2.0773989461333335,2022-07-16 19:47:00+00:00,2022-07-17 03:34:00+00:00,7.783333333333333
2022-07-17,2022-07-17 03:34:00+00:00,2022-07-17 19:46:00+00:00,2022-07-17T05:34:00+02:00,2022-07-17T21:46:00+02:00,2022-07-17 03:37:12.763478784+00:00,2022-07-17 19:47:58.797374464+00:00,-1.3060238509456021,-0.6530019795984439,120,6,False,False,False,-3.2127246464,-1.9799562410666667,2022-07-17 19:46:00+00:00,2022-07-18 03:35:00+00:00,7.816666666666666
2022-07-18,2022-07-18 03:35:00+00:00,2022-07-18 19:45:00+00:00,2022-07-18T05:35:00+02:00,2022-07-18T21:45:00+02:00,2022-07-18 03:38:29.188399104+00:00,2022-07-18 19:46:50.369222144+00:00,-1.313232742191034,-0.6500606148921442,120,6,False,False,False,-3.4864733184000003,-1.8394870357333335,2022-07-18 19:45:00+00:00,2022-07-19 03:36:00+00:00,7.85
2022-07-19,2022-07-19 03:36:00+00:00,2022-07-19 19:44:00+00:00,2022-07-19T05:36:00+02:00,2022-07-19T21:44:00+02:00,2022-07-19 03:39:47.150540800+00:00,2022-07-19 19:45:39.408990720+00:00,-1.3205529877746351,-0.6471783768903026,120,6,False,False,False,-3.7858423466666666,-1.656816512,2022-07-19 19:44:00+00:00,2022-07-20 03:38:00+00:00,7.9
2022-07-20,2022-07-20 03:38:00+00:00,2022-07-20 19:42:00+00:00,2022-07-20T05:38:00+02:00,2022-07-20T21:42:00+02:00,2022-07-20 03:41:06.582988544+00:00,2022-07-20 19:44:25.966247936+00:00,-1.327975675734646,-0.6443539819716047,120,6,False,False,False,-3.1097164757333333,-2.4327707989333334,2022-07-20 19:42:00+00:00,2022-07-21 03:39:00+00:00,7.95
2022-07-21,2022-07-21 03:39:00+00:00,2022-07-21 19:41:00+00:00,2022-07-21T05:39:00+02:00,2022-07-21T21:41:00+02:00,2022-07-21 03:42:27.417748992+00:00,2022-07-21 19:43:10.090589184+00:00,-1.335491752971905,-0.6415860324890948,120,6,False,False,False,-3.4569624832000003,-2.1681764864,2022-07-21 19:41:00+00:00,2022-07-22 03:40:00+00:00,7.983333333333333
2022-07-22,2022-07-22 03:40:00+00:00,2022-07-22 19:40:00+00:00,2022-07-22T05:40:00+02:00,2022-07-22T21:40:00+02:00,2022-07-22 03:43:49.586229248+00:00,2022-07-22 19:41:51.831615488+00:00,-1.3430920360553518,-0.6388730198327448,120,6,False,False,False,-3.826437154133333,-1.8638602581333332,2022-07-22 19:40:00+00:00,2022-07-23 03:42:00+00:00,8.033333333333333
2022-07-23,2022-07-23 03:42:00+00:00,2022-07-23 19:38:00+00:00,2022-07-23T05:42:00+02:00,2022-07-23T21:38:00+02:00,2022-07-23 03:45:13.019724800+00:00,2022-07-23 19:40:31.238947072+00:00,-1.350767222187817,-0.636213327636594,120,6,False,False,False,-3.2169954133333336,-2.520649117866667,2022-07-23 19:38:00+00:00,2022-07-24 03:43:00+00:00,8.083333333333334
2022-07-24,2022-07-24 03:43:00+00:00,2022-07-24 19:37:00+00:00,2022-07-24T05:43:00+02:00,2022-07-24T21:37:00+02:00,2022-07-24 03:46:37.649848576+00:00,2022-07-24 19:39:08.362264064+00:00,-1.3585079003190874,-0.6336052351262376,120,6,False,False,False,-3.627497476266667,-2.1393710677333333,2022-07-24 19:37:00+00:00,2022-07-25 03:44:00+00:00,8.116666666666667
2022-07-25,2022-07-25 03:44:00+00:00,2022-07-25 19:36:00+00:00,2022-07-25T05:44:00+02:00,2022-07-25T21:36:00+02:00,2022-07-25 03:48:03.408901888+00:00,2022-07-25 19:37:43.251328768+00:00,-1.3663045623930383,-0.6310469206022724,120,6,False,False,False,-4.056815031466667,-1.7208554794666666,2022-07-25 19:36:00+00:00,2022-07-26 03:46:00+00:00,8.166666666666666
2022-07-26,2022-07-26 03:46:00+00:00,2022-07-26 19:34:00+00:00,2022-07-26T05:46:00+02:00,2022-07-26T21:34:00+02:00,2022-07-26 03:49:30.230196736+00:00,2022-07-26 19:36:15.955963648+00:00,-1.374147614715487,-0.6285364650551425,120,6,False,False,False,-3.503836612266667,-2.2659327274666667,2022-07-26 19:34:00+00:00,2022-07-27 03:47:00+00:00,8.216666666666667
2022-07-27,2022-07-27 03:47:00+00:00,2022-07-27 19:33:00+00:00,2022-07-27T05:47:00+02:00,2022-07-27T21:33:00+02:00,2022-07-27 03:50:58.048311552+00:00,2022-07-27 19:34:46.525984768+00:00,-1.3820273894292554,-0.6260718559066705,120,6,False,False,False,-3.9674718592000002,-1.7754330794666666,2022-07-27 19:33:00+00:00,2022-07-28 03:49:00+00:00,8.266666666666667
2022-07-28,2022-07-28 03:49:00+00:00,2022-07-28 19:31:00+00:00,2022-07-28T05:49:00+02:00,2022-07-28T21:31:00+02:00,2022-07-28 03:52:26.799254784+00:00,2022-07-28 19:33:15.011131648+00:00,-1.389934156082815,-0.6236509908734047,120,6,False,False,False,-3.4466542464,-2.250185527466667,2022-07-28 19:31:00+00:00,2022-07-29 03:50:00+00:00,8.316666666666666
2022-07-29,2022-07-29 03:50:00+00:00,2022-07-29 19:30:00+00:00,2022-07-29T05:50:00+02:00,2022-07-29T21:30:00+02:00,2022-07-29 03:53:56.420562432+00:00,2022-07-29 19:31:41.461026816+00:00,-1.397858133278772,-0.6212716819467641,120,6,False,False,False,-3.9403427072,-1.6910171136,2022-07-29 19:30:00+00:00,2022-07-30 03:52:00+00:00,8.366666666666667
2022-07-30,2022-07-30 03:52:00+00:00,2022-07-30 19:28:00+00:00,2022-07-30T05:52:00+02:00,2022-07-30T21:28:00+02:00,2022-07-30 03:55:26.851362816+00:00,2022-07-30 19:30:05.925161728+00:00,-1.4057895003883476,-0.618931659484825,120,6,False,False,False,-3.4475227136,-2.0987526954666667,2022-07-30 19:28:00+00:00,2022-07-31 03:53:00+00:00,8.416666666666666
2022-07-31,2022-07-31 03:53:00+00:00,2022-07-31 19:26:00+00:00,2022-07-31T05:53:00+02:00,2022-07-31T21:26:00+02:00,2022-07-31 03:56:58.032458752+00:00,2022-07-31 19:28:28.452889856+00:00,-1.4137184093179367,-0.6166285764104541,120,6,False,False,False,-3.9672076458666665,-2.4742148309333336,2022-07-31 19:26:00+00:00,2022-08-01 03:55:00+00:00,8.483333333333333
2022-08-01,2022-08-01 03:55:00+00:00,2022-08-01 19:25:00+00:00,2022-08-01T05:55:00+02:00,2022-08-01T21:25:00+02:00,2022-08-01 03:58:29.906438400+00:00,2022-08-01 19:26:49.093435648+00:00,-1.4216349963137616,-0.6143600125103663,120,6,False,False,False,-3.49844064,-1.8182239274666665,2022-08-01 19:25:00+00:00,2022-08-02 03:56:00+00:00,8.516666666666667
2022-08-02,2022-08-02 03:56:00+00:00,2022-08-02 19:23:00+00:00,2022-08-02T05:56:00+02:00,2022-08-02T21:23:00+02:00,2022-08-02 04:00:02.417820416+00:00,2022-08-02 19:25:07.895940608+00:00,-1.429529393790589,-0.6121234788295618,120,6,False,False,False,-4.040297006933334,-2.1315990101333333,2022-08-02 19:23:00+00:00,2022-08-03 03:58:00+00:00,8.583333333333334
2022-08-03,2022-08-03 03:58:00+00:00,2022-08-03 19:21:00+00:00,2022-08-03T05:58:00+02:00,2022-08-03T21:21:00+02:00,2022-08-03 04:01:35.513256704+00:00,2022-08-03 19:23:24.909564928+00:00,-1.4373917421704525,-0.6099164221554819,120,6,False,False,False,-3.5918876117333336,-2.415159415466667,2022-08-03 19:21:00+00:00,2022-08-04 03:59:00+00:00,8.633333333333333
2022-08-04,2022-08-04 03:59:00+00:00,2022-08-04 19:19:00+00:00,2022-08-04T05:59:00+02:00,2022-08-04T21:19:00+02:00,2022-08-04 04:03:09.141787648+00:00,2022-08-04 19:21:40.183622912+00:00,-1.4452122017173024,-0.6077362295861162,120,6,False,False,False,-4.152363127466667,-2.6697270485333333,2022-08-04 19:19:00+00:00,2022-08-05 04:01:00+00:00,8.7
2022-08-05,2022-08-05 04:01:00+00:00,2022-08-05 19:18:00+00:00,2022-08-05T06:01:00+02:00,2022-08-05T21:18:00+02:00,2022-08-05 04:04:43.255119872+00:00,2022-08-05 19:19:53.767681024+00:00,-1.4529809643535172,-0.6055802331761861,120,6,False,False,False,-3.7209186645333334,-1.8961280170666666,2022-08-05 19:18:00+00:00,2022-08-06 04:02:00+00:00,8.733333333333333
2022-08-06,2022-08-06 04:02:00+00:00,2022-08-06 19:16:00+00:00,2022-08-06T06:02:00+02:00,2022-08-06T21:16:00+02:00,2022-08-06 04:06:17.807862016+00:00,2022-08-06 19:18:05.711580160+00:00,-1.4606882654442246,-0.6034457146554445,120,6,False,False,False,-4.296797700266667,-2.0951930026666665,2022-08-06 19:16:00+00:00,2022-08-07 04:04:00+00:00,8.8
2022-08-07,2022-08-07 04:04:00+00:00,2022-08-07 19:14:00+00:00,2022-08-07T06:04:00+02:00,2022-08-07T21:14:00+02:00,2022-08-07 04:07:52.757692416+00:00,2022-08-07 19:16:16.065360640+00:00,-1.4683243955354115,-0.601329910213032,120,6,False,False,False,-3.8792948736,-2.2677560106666665,2022-08-07 19:14:00+00:00,2022-08-08 04:05:00+00:00,8.85
2022-08-08,2022-08-08 04:05:00+00:00,2022-08-08 19:12:00+00:00,2022-08-08T06:05:00+02:00,2022-08-08T21:12:00+02:00,2022-08-08 04:09:28.065498880+00:00,2022-08-08 19:14:24.879125248+00:00,-1.4758797120318774,-0.5992300153417616,120,6,False,False,False,-4.467758314666667,-2.4146520874666666,2022-08-08 19:12:00+00:00,2022-08-09 04:07:00+00:00,8.916666666666666
2022-08-09,2022-08-09 04:07:00+00:00,2022-08-09 19:10:00+00:00,2022-08-09T06:07:00+02:00,2022-08-09T21:10:00+02:00,2022-08-09 04:11:03.695575808+00:00,2022-08-09 19:12:32.202843392+00:00,-1.4833446508011205,-0.5971431897361228,120,6,False,False,False,-4.061592930133333,-2.5367140565333335,2022-08-09 19:10:00+00:00,2022-08-10 04:08:00+00:00,8.966666666666667
2022-08-10,2022-08-10 04:08:00+00:00,2022-08-10 19:08:00+00:00,2022-08-10T06:08:00+02:00,2022-08-10T21:08:00+02:00,2022-08-10 04:12:39.615885056+00:00,2022-08-10 19:10:38.086081792+00:00,-1.490709737689369,-0.5950665622377344,120,6,False,False,False,-4.660264750933334,-2.6347680298666663,2022-08-10 19:08:00+00:00,2022-08-11 04:10:00+00:00,9.033333333333333
2022-08-11,2022-08-11 04:10:00+00:00,2022-08-11 19:06:00+00:00,2022-08-11T06:10:00+02:00,2022-08-11T21:06:00+02:00,2022-08-11 04:14:15.798245632+00:00,2022-08-11 19:08:42.577661696+00:00,-1.4979655999360417,-0.5929972358219154,120,6,False,False,False,-4.263304093866667,-2.7096276949333333,2022-08-11 19:06:00+00:00,2022-08-12 04:12:00+00:00,9.1
2022-08-12,2022-08-12 04:12:00+00:00,2022-08-12 19:05:00+00:00,2022-08-12T06:12:00+02:00,2022-08-12T21:05:00+02:00,2022-08-12 04:15:52.218224128+00:00,2022-08-12 19:06:45.725299712+00:00,-1.5051029774730662,-0.590932292618998,120,6,False,False,False,-3.8703037354666665,-1.7620883285333333,2022-08-12 19:05:00+00:00,2022-08-13 04:13:00+00:00,9.133333333333333
2022-08-13,2022-08-13 04:13:00+00:00,2022-08-13 19:03:00+00:00,2022-08-13T06:13:00+02:00,2022-08-13T21:03:00+02:00,2022-08-13 04:17:28.854568960+00:00,2022-08-13 19:04:47.575331840+00:00,-1.5121127340955953,-0.5888687989639563,120,6,False,False,False,-4.480909482666666,-1.7929221973333334,2022-08-13 19:03:00+00:00,2022-08-14 04:15:00+00:00,9.2
2022-08-14,2022-08-14 04:15:00+00:00,2022-08-14 19:01:00+00:00,2022-08-14T06:15:00+02:00,2022-08-14T21:01:00+02:00,2022-08-14 04:19:05.688266240+00:00,2022-08-14 19:02:48.172622080+00:00,-1.5189858684908342,-0.586803810467898,120,6,False,False,False,-4.094804437333333,-1.8028770346666667,2022-08-14 19:01:00+00:00,2022-08-15 04:16:00+00:00,9.25
2022-08-15,2022-08-15 04:16:00+00:00,2022-08-15 18:59:00+00:00,2022-08-15T06:16:00+02:00,2022-08-15T20:59:00+02:00,2022-08-15 04:20:42.701481216+00:00,2022-08-15 19:00:47.560653056+00:00,-1.5257135251118386,-0.5847343771049354,120,6,False,False,False,-4.7116913536,-1.7926775509333335,2022-08-15 18:59:00+00:00,2022-08-16 04:18:00+00:00,9.316666666666666
2022-08-16,2022-08-16 04:18:00+00:00,2022-08-16 18:56:00+00:00,2022-08-16T06:18:00+02:00,2022-08-16T20:56:00+02:00,2022-08-16 04:22:19.876728576+00:00,2022-08-16 18:58:45.781713920+00:00,-1.5322870048833428,-0.5826575483079305,120,6,False,False,False,-4.3312788096,-2.7630285653333333,2022-08-16 18:56:00+00:00,2022-08-17 04:19:00+00:00,9.383333333333333
2022-08-17,2022-08-17 04:19:00+00:00,2022-08-17 18:54:00+00:00,2022-08-17T06:19:00+02:00,2022-08-17T20:54:00+02:00,2022-08-17 04:23:57.196446208+00:00,2022-08-17 18:56:42.877077504+00:00,-1.538697775726861,-0.5805703780666055,120,6,False,False,False,-4.953274103466667,-2.7146179584,2022-08-17 18:54:00+00:00,2022-08-18 04:21:00+00:00,9.45
2022-08-18,2022-08-18 04:21:00+00:00,2022-08-18 18:52:00+00:00,2022-08-18T06:21:00+02:00,2022-08-18T20:52:00+02:00,2022-08-18 04:25:34.642958336+00:00,2022-08-18 18:54:38.887104512+00:00,-1.5449374828925286,-0.5784699300214976,120,6,False,False,False,-4.577382638933333,-2.6481184085333336,2022-08-18 18:52:00+00:00,2022-08-19 04:23:00+00:00,9.516666666666667
2022-08-19,2022-08-19 04:23:00+00:00,2022-08-19 18:50:00+00:00,2022-08-19T06:23:00+02:00,2022-08-19T20:50:00+02:00,2022-08-19 04:27:12.198658304+00:00,2022-08-19 18:52:33.851293184+00:00,-1.55099795908537,-0.5763532825472486,120,6,False,False,False,-4.203310971733333,-2.5641882197333334,2022-08-19 18:50:00+00:00,2022-08-20 04:24:00+00:00,9.566666666666666
2022-08-20,2022-08-20 04:24:00+00:00,2022-08-20 18:48:00+00:00,2022-08-20T06:24:00+02:00,2022-08-20T20:48:00+02:00,2022-08-20 04:28:49.846260480+00:00,2022-08-20 18:50:27.808325120+00:00,-1.556871234373925,-0.574217533818729,120,6,False,False,False,-4.830771008,-2.4634720853333336,2022-08-20 18:48:00+00:00,2022-08-21 04:26:00+00:00,9.633333333333333
2022-08-21,2022-08-21 04:26:00+00:00,2022-08-21 18:46:00+00:00,2022-08-21T06:26:00+02:00,2022-08-21T20:46:00+02:00,2022-08-21 04:30:27.569038848+00:00,2022-08-21 18:48:20.796130304+00:00,-1.5625495458694247,-0.5720598068535165,120,6,False,False,False,-4.4594839808,-2.346602171733333,2022-08-21 18:46:00+00:00,2022-08-22 04:27:00+00:00,9.683333333333334
2022-08-22,2022-08-22 04:27:00+00:00,2022-08-22 18:44:00+00:00,2022-08-22T06:27:00+02:00,2022-08-22T20:44:00+02:00,2022-08-22 04:32:05.351030528+00:00,2022-08-22 18:46:12.851955200+00:00,-1.5680253471639727,-0.5698772545242781,120,6,False,False,False,-5.089183842133334,-2.2141992533333332,2022-08-22 18:44:00+00:00,2022-08-23 04:29:00+00:00,9.75
2022-08-23,2022-08-23 04:29:00+00:00,2022-08-23 18:42:00+00:00,2022-08-23T06:29:00+02:00,2022-08-23T20:42:00+02:00,2022-08-23 04:33:43.177201152+00:00,2022-08-23 18:44:04.012411648+00:00,-1.5732913175164782,-0.5676670645346402,120,6,False,False,False,-4.7196200192,-2.0668735274666665,2022-08-23 18:42:00+00:00,2022-08-24 04:31:00+00:00,9.816666666666666
2022-08-24,2022-08-24 04:31:00+00:00,2022-08-24 18:40:00+00:00,2022-08-24T06:31:00+02:00,2022-08-24T20:40:00+02:00,2022-08-24 04:35:21.033543168+00:00,2022-08-24 18:41:54.313504+00:00,-1.5783403707753807,-0.5654264643521734,120,6,False,False,False,-4.3505590527999995,-1.9052250666666666,2022-08-24 18:40:00+00:00,2022-08-25 04:32:00+00:00,9.866666666666667
2022-08-25,2022-08-25 04:32:00+00:00,2022-08-25 18:37:00+00:00,2022-08-25T06:32:00+02:00,2022-08-25T20:37:00+02:00,2022-08-25 04:36:58.907102464+00:00,2022-08-25 18:39:43.790643712+00:00,-1.5831656640275165,-0.563152726092175,120,6,False,False,False,-4.981785041066667,-2.7298440618666664,2022-08-25 18:37:00+00:00,2022-08-26 04:34:00+00:00,9.95
2022-08-26,2022-08-26 04:34:00+00:00,2022-08-26 18:35:00+00:00,2022-08-26T06:34:00+02:00,2022-08-26T20:35:00+02:00,2022-08-26 04:38:36.785948416+00:00,2022-08-26 18:37:32.478663936+00:00,-1.5877606059628058,-0.5608431713459824,120,6,False,False,False,-4.613099140266667,-2.5413110656,2022-08-26 18:35:00+00:00,2022-08-27 04:36:00+00:00,10.016666666666667
2022-08-27,2022-08-27 04:36:00+00:00,2022-08-27 18:33:00+00:00,2022-08-27T06:36:00+02:00,2022-08-27T20:33:00+02:00,2022-08-27 04:40:14.659136768+00:00,2022-08-27 18:35:20.411825152+00:00,-1.5921188649447688,-0.5584951759476264,120,6,False,False,False,-4.244318946133333,-2.340197085866667,2022-08-27 18:33:00+00:00,2022-08-28 04:37:00+00:00,10.066666666666666
2022-08-28,2022-08-28 04:37:00+00:00,2022-08-28 18:31:00+00:00,2022-08-28T06:37:00+02:00,2022-08-28T20:31:00+02:00,2022-08-28 04:41:52.516680448+00:00,2022-08-28 18:33:07.623816192+00:00,-1.5962343767772293,-0.5561061746727018,120,6,False,False,False,-4.875278007466666,-2.1270636032000003,2022-08-28 18:31:00+00:00,2022-08-29 04:39:00+00:00,10.133333333333333
2022-08-29,2022-08-29 04:39:00+00:00,2022-08-29 18:29:00+00:00,2022-08-29T06:39:00+02:00,2022-08-29T20:29:00+02:00,2022-08-29 04:43:30.349551616+00:00,2022-08-29 18:30:54.147769344+00:00,-1.600101352157922,-0.5536736658634138,120,6,False,False,False,-4.5058258602666665,-1.9024628224,2022-08-29 18:29:00+00:00,2022-08-30 04:40:00+00:00,10.183333333333334
2022-08-30,2022-08-30 04:40:00+00:00,2022-08-30 18:26:00+00:00,2022-08-30T06:40:00+02:00,2022-08-30T20:26:00+02:00,2022-08-30 04:45:08.149702912+00:00,2022-08-30 18:28:40.016332032+00:00,-1.6037142838100944,-0.5511952159738513,120,6,False,False,False,-5.135828381866667,-2.6669388672000003,2022-08-30 18:26:00+00:00,2022-08-31 04:42:00+00:00,10.266666666666667
2022-08-31,2022-08-31 04:42:00+00:00,2022-08-31 18:24:00+00:00,2022-08-31T06:42:00+02:00,2022-08-31T20:24:00+02:00,2022-08-31 04:46:45.910141440+00:00,2022-08-31 18:26:25.261804288+00:00,-1.6070679532835657,-0.5486684640296322,120,6,False,False,False,-4.765169024,-2.421030071466667,2022-08-31 18:24:00+00:00,2022-09-01 04:44:00+00:00,10.333333333333334
2022-09-01,2022-09-01 04:44:00+00:00,2022-09-01 18:22:00+00:00,2022-09-01T06:44:00+02:00,2022-09-01T20:22:00+02:00,2022-09-01 04:48:23.625075968+00:00,2022-09-01 18:24:09.916327424+00:00,-1.6101574374171048,-0.546091125996164,120,6,False,False,False,-4.393751266133333,-2.165272123733333,2022-09-01 18:22:00+00:00,2022-09-02 04:45:00+00:00,10.383333333333333
2022-09-02,2022-09-02 04:45:00+00:00,2022-09-02 18:19:00+00:00,2022-09-02T06:45:00+02:00,2022-09-02T20:19:00+02:00,2022-09-02 04:50:01.290148096+00:00,2022-09-02 18:21:54.012070400+00:00,-1.6129781144543838,-0.5434609990498834,120,6,False,False,False,-5.021502468266666,-2.9002011733333335,2022-09-02 18:19:00+00:00,2022-09-03 04:47:00+00:00,10.466666666666667
2022-09-03,2022-09-03 04:47:00+00:00,2022-09-03 18:17:00+00:00,2022-09-03T06:47:00+02:00,2022-09-03T20:17:00+02:00,2022-09-03 04:51:38.902707712+00:00,2022-09-03 18:19:37.581391616+00:00,-1.6155256698061768,-0.540775965746944,120,6,False,False,False,-4.648378461866667,-2.6263565269333333,2022-09-03 18:17:00+00:00,2022-09-04 04:49:00+00:00,10.533333333333333
2022-09-04,2022-09-04 04:49:00+00:00,2022-09-04 18:15:00+00:00,2022-09-04T06:49:00+02:00,2022-09-04T20:15:00+02:00,2022-09-04 04:53:16.462098176+00:00,2022-09-04 18:17:20.656960256+00:00,-1.617796101451889,-0.538033998083952,120,6,False,False,False,-4.2743683029333335,-2.344282670933333,2022-09-04 18:15:00+00:00,2022-09-05 04:50:00+00:00,10.583333333333334
2022-09-05,2022-09-05 04:50:00+00:00,2022-09-05 18:13:00+00:00,2022-09-05T06:50:00+02:00,2022-09-05T20:13:00+02:00,2022-09-05 04:54:53.969924096+00:00,2022-09-05 18:15:03.271835648+00:00,-1.6197857249739296,-0.5352331614454777,120,6,False,False,False,-4.899498734933333,-2.0545305941333334,2022-09-05 18:13:00+00:00,2022-09-06 04:52:00+00:00,10.65
2022-09-06,2022-09-06 04:52:00+00:00,2022-09-06 18:10:00+00:00,2022-09-06T06:52:00+02:00,2022-09-06T20:10:00+02:00,2022-09-06 04:56:31.430311168+00:00,2022-09-06 18:12:45.459450368+00:00,-1.6214911782188741,-0.5323716184332066,120,6,False,False,False,-4.523838519466667,-2.7576575061333335,2022-09-06 18:10:00+00:00,2022-09-07 04:53:00+00:00,10.716666666666667
2022-09-07,2022-09-07 04:53:00+00:00,2022-09-07 18:08:00+00:00,2022-09-07T06:53:00+02:00,2022-09-07T20:08:00+02:00,2022-09-07 04:58:08.850129920+00:00,2022-09-07 18:10:27.253452544+00:00,-1.6229094255798087,-0.5294476325717339,120,6,False,False,False,-5.147502165333333,-2.4542242090666666,2022-09-07 18:08:00+00:00,2022-09-08 04:55:00+00:00,10.783333333333333
2022-09-08,2022-09-08 04:55:00+00:00,2022-09-08 18:06:00+00:00,2022-09-08T06:55:00+02:00,2022-09-08T20:06:00+02:00,2022-09-08 04:59:46.239087104+00:00,2022-09-08 18:08:08.687384320+00:00,-1.624037761894686,-0.5264595718861629,120,6,False,False,False,-4.770651451733333,-2.144789738666667,2022-09-08 18:06:00+00:00,2022-09-09 04:57:00+00:00,10.85
2022-09-09,2022-09-09 04:57:00+00:00,2022-09-09 18:03:00+00:00,2022-09-09T06:57:00+02:00,2022-09-09T20:03:00+02:00,2022-09-09 05:01:23.609547264+00:00,2022-09-09 18:05:49.794275840+00:00,-1.6248738159559897,-0.5234059123468108,120,6,False,False,False,-4.3934924544000005,-2.8299045973333334,2022-09-09 18:03:00+00:00,2022-09-10 04:58:00+00:00,10.916666666666666
2022-09-10,2022-09-10 04:58:00+00:00,2022-09-10 18:01:00+00:00,2022-09-10T06:58:00+02:00,2022-09-10T20:01:00+02:00,2022-09-10 05:03:00.976005376+00:00,2022-09-10 18:03:30.606309632+00:00,-1.625415553627454,-0.5202852411764974,120,6,False,False,False,-5.016266756266666,-2.5101051605333335,2022-09-10 18:01:00+00:00,2022-09-11 05:00:00+00:00,10.983333333333333
2022-09-11,2022-09-11 05:00:00+00:00,2022-09-11 17:59:00+00:00,2022-09-11T07:00:00+02:00,2022-09-11T19:59:00+02:00,2022-09-11 05:04:38.354260224+00:00,2022-09-11 18:01:11.154693376+00:00,-1.625661280564056,-0.5170962600160467,120,6,False,False,False,-4.639237670399999,-2.185911556266667,2022-09-11 17:59:00+00:00,2022-09-12 05:02:00+00:00,11.05
2022-09-12,2022-09-12 05:02:00+00:00,2022-09-12 17:56:00+00:00,2022-09-12T07:02:00+02:00,2022-09-12T19:56:00+02:00,2022-09-12 05:06:15.760487424+00:00,2022-09-12 17:58:51.469767936+00:00,-1.6256096445319625,-0.5138377879438117,120,6,False,False,False,-4.2626747904,-2.8578294656,2022-09-12 17:56:00+00:00,2022-09-13 05:03:00+00:00,11.116666666666667
2022-09-13,2022-09-13 05:03:00+00:00,2022-09-13 17:54:00+00:00,2022-09-13T07:03:00+02:00,2022-09-13T19:54:00+02:00,2022-09-13 05:07:53.210450176+00:00,2022-09-13 17:56:31.581267200+00:00,-1.6252596373255936,-0.5105087643452039,120,6,False,False,False,-4.886840836266667,-2.5263544533333335,2022-09-13 17:54:00+00:00,2022-09-14 05:05:00+00:00,11.183333333333334
2022-09-14,2022-09-14 05:05:00+00:00,2022-09-14 17:52:00+00:00,2022-09-14T07:05:00+02:00,2022-09-14T19:52:00+02:00,2022-09-14 05:09:30.719003648+00:00,2022-09-14 17:54:11.518584064+00:00,-1.6246105962794335,-0.5071082516283897,120,6,False,False,False,-4.511983394133334,-2.191976401066667,2022-09-14 17:52:00+00:00,2022-09-15 05:06:00+00:00,11.233333333333333
2022-09-15,2022-09-15 05:06:00+00:00,2022-09-15 17:49:00+00:00,2022-09-15T07:06:00+02:00,2022-09-15T19:49:00+02:00,2022-09-15 05:11:08.299908864+00:00,2022-09-15 17:51:51.310935808+00:00,-1.623662205372705,-0.5036354377825045,120,6,False,False,False,-5.1383318144,-2.855182263466667,2022-09-15 17:49:00+00:00,2022-09-16 05:08:00+00:00,11.316666666666666
2022-09-16,2022-09-16 05:08:00+00:00,2022-09-16 17:47:00+00:00,2022-09-16T07:08:00+02:00,2022-09-16T19:47:00+02:00,2022-09-16 05:12:45.965866496+00:00,2022-09-16 17:49:30.987424512+00:00,-1.6224144959255047,-0.5000896387749234,120,6,False,False,False,-4.766097774933333,-2.5164570752,2022-09-16 17:47:00+00:00,2022-09-17 05:10:00+00:00,11.383333333333333
2022-09-17,2022-09-17 05:10:00+00:00,2022-09-17 17:44:00+00:00,2022-09-17T07:10:00+02:00,2022-09-17T19:44:00+02:00,2022-09-17 05:14:23.728657664+00:00,2022-09-17 17:47:10.577042688+00:00,-1.6208678468854754,-0.4964703007843194,120,6,False,False,False,-4.395477627733333,-3.1762840448,2022-09-17 17:44:00+00:00,2022-09-18 05:11:00+00:00,11.45
2022-09-18,2022-09-18 05:11:00+00:00,2022-09-18 17:42:00+00:00,2022-09-18T07:11:00+02:00,2022-09-18T19:42:00+02:00,2022-09-18 05:16:01.599309312+00:00,2022-09-18 17:44:50.108679424+00:00,-1.6190229847045834,-0.4927770022664476,120,6,False,False,False,-5.0266551552,-2.8351446570666665,2022-09-18 17:42:00+00:00,2022-09-19 05:13:00+00:00,11.516666666666667
2022-09-19,2022-09-19 05:13:00+00:00,2022-09-19 17:40:00+00:00,2022-09-19T07:13:00+02:00,2022-09-19T19:40:00+02:00,2022-09-19 05:17:39.588246784+00:00,2022-09-19 17:42:29.611154176+00:00,-1.6168809828060489,-0.4890094558497804,120,6,False,False,False,-4.6598041130666665,-2.4935192362666667,2022-09-19 17:40:00+00:00,2022-09-20 05:15:00+00:00,11.583333333333334
2022-09-20,2022-09-20 05:15:00+00:00,2022-09-20 17:37:00+00:00,2022-09-20T07:15:00+02:00,2022-09-20T19:37:00+02:00,2022-09-20 05:19:17.705411840+00:00,2022-09-20 17:40:09.113249024+00:00,-1.6144432606419623,-0.4851675100583418,120,6,False,False,False,-4.295090197333334,-3.1518874837333333,2022-09-20 17:37:00+00:00,2022-09-21 05:16:00+00:00,11.65
2022-09-21,2022-09-21 05:16:00+00:00,2022-09-21 17:35:00+00:00,2022-09-21T07:16:00+02:00,2022-09-21T19:35:00+02:00,2022-09-21 05:20:55.960325632+00:00,2022-09-21 17:37:48.643734528+00:00,-1.6117115823426087,-0.48125115085928283,120,6,False,False,False,-4.932672093866667,-2.8107289088000003,2022-09-21 17:35:00+00:00,2022-09-22 05:18:00+00:00,11.716666666666667
2022-09-22,2022-09-22 05:18:00+00:00,2022-09-22 17:33:00+00:00,2022-09-22T07:18:00+02:00,2022-09-22T19:33:00+02:00,2022-09-22 05:22:34.362089472+00:00,2022-09-22 17:35:28.231368960+00:00,-1.6086880549590017,-0.47726050303296363,120,6,False,False,False,-4.572701491199999,-2.470522816,2022-09-22 17:33:00+00:00,2022-09-23 05:20:00+00:00,11.783333333333333
2022-09-23,2022-09-23 05:20:00+00:00,2022-09-23 17:30:00+00:00,2022-09-23T07:20:00+02:00,2022-09-23T19:30:00+02:00,2022-09-23 05:24:12.919337728+00:00,2022-09-23 17:33:07.904878848+00:00,-1.6053751263006089,-0.47319583136351256,118,6,False,False,False,-4.215322295466667,-3.1317479808,2022-09-23 17:30:00+00:00,2022-09-24 05:21:00+00:00,11.85
2022-09-24,2022-09-24 05:21:00+00:00,2022-09-24 17:28:00+00:00,2022-09-24T07:21:00+02:00,2022-09-24T19:28:00+02:00,2022-09-24 05:25:51.640176896+00:00,2022-09-24 17:30:47.692911616+00:00,-1.601775582370737,-0.4690575416480596,119,6,False,False,False,-4.860669614933333,-2.7948818602666665,2022-09-24 17:28:00+00:00,2022-09-25 05:23:00+00:00,11.916666666666666
2022-09-25,2022-09-25 05:23:00+00:00,2022-09-25 17:26:00+00:00,2022-09-25T07:23:00+02:00,2022-09-25T19:26:00+02:00,2022-09-25 05:27:30.532126464+00:00,2022-09-25 17:28:27.623970560+00:00,-1.5978925444025105,-0.4648461815230511,120,6,False,False,False,-4.5088687744,-2.4603995093333335,2022-09-25 17:26:00+00:00,2022-09-26 05:25:00+00:00,11.983333333333333
2022-09-26,2022-09-26 05:25:00+00:00,2022-09-26 17:23:00+00:00,2022-09-26T07:25:00+02:00,2022-09-26T19:23:00+02:00,2022-09-26 05:29:09.602078720+00:00,2022-09-26 17:26:07.726351360+00:00,-1.5937294654988639,-0.46056244110628297,118,6,False,False,False,-4.160034645333334,-3.1287725226666665,2022-09-26 17:23:00+00:00,2022-09-27 05:26:00+00:00,12.05
2022-09-27,2022-09-27 05:26:00+00:00,2022-09-27 17:21:00+00:00,2022-09-27T07:26:00+02:00,2022-09-27T19:21:00+02:00,2022-09-27 05:30:48.856269312+00:00,2022-09-27 17:23:48.028135680+00:00,-1.589290126880419,-0.45620715345350527,120,6,False,False,False,-4.8142711552,-2.800468928,2022-09-27 17:21:00+00:00,2022-09-28 05:28:00+00:00,12.116666666666667
2022-09-28,2022-09-28 05:28:00+00:00,2022-09-28 17:18:00+00:00,2022-09-28T07:28:00+02:00,2022-09-28T19:18:00+02:00,2022-09-28 05:32:28.300288+00:00,2022-09-28 17:21:28.557297408+00:00,-1.5845786337456078,-0.4517812948286848,118,6,False,False,False,-4.471671466666667,-3.4759549568000003,2022-09-28 17:18:00+00:00,2022-09-29 05:30:00+00:00,12.2
2022-09-29,2022-09-29 05:30:00+00:00,2022-09-29 17:16:00+00:00,2022-09-29T07:30:00+02:00,2022-09-29T19:16:00+02:00,2022-09-29 05:34:07.939157760+00:00,2022-09-29 17:19:09.341933312+00:00,-1.5795994107478308,-0.44728598478722426,118,6,False,False,False,-4.132319296,-3.1556988885333337,2022-09-29 17:16:00+00:00,2022-09-30 05:31:00+00:00,12.25
2022-09-30,2022-09-30 05:31:00+00:00,2022-09-30 17:14:00+00:00,2022-09-30T07:31:00+02:00,2022-09-30T19:14:00+02:00,2022-09-30 05:35:47.777535488+00:00,2022-09-30 17:16:50.410589696+00:00,-1.5743571970949213,-0.44272248607168246,118,6,False,False,False,-4.796292258133334,-2.840176494933333,2022-09-30 17:14:00+00:00,2022-10-01 05:33:00+00:00,12.316666666666666
2022-10-01,2022-10-01 05:33:00+00:00,2022-10-01 17:11:00+00:00,2022-10-01T07:33:00+02:00,2022-10-01T19:11:00+02:00,2022-10-01 05:37:27.820040448+00:00,2022-10-01 17:14:31.792598016+00:00,-1.568857041276615,-0.4380922043197455,117,6,False,False,False,-4.4636673408,-3.5298766336,2022-10-01 17:11:00+00:00,2022-10-02 05:35:00+00:00,12.4
2022-10-02,2022-10-02 05:35:00+00:00,2022-10-02 17:09:00+00:00,2022-10-02T07:35:00+02:00,2022-10-02T19:09:00+02:00,2022-10-02 05:39:08.071687168+00:00,2022-10-02 17:12:13.518334976+00:00,-1.5631042954261785,-0.4333966875844487,116,6,False,False,False,-4.134528119466667,-3.2253055829333332,2022-10-02 17:09:00+00:00,2022-10-03 05:37:00+00:00,12.466666666666667
2022-10-03,2022-10-03 05:37:00+00:00,2022-10-03 17:07:00+00:00,2022-10-03T07:37:00+02:00,2022-10-03T19:07:00+02:00,2022-10-03 05:40:48.538362624+00:00,2022-10-03 17:09:55.619347200+00:00,-1.5571046093227667,-0.4286376256668579,116,6,False,False,False,-3.8089727104,-2.92698912,2022-10-03 17:07:00+00:00,2022-10-04 05:38:00+00:00,12.516666666666667
2022-10-04,2022-10-04 05:38:00+00:00,2022-10-04 17:04:00+00:00,2022-10-04T07:38:00+02:00,2022-10-04T19:04:00+02:00,2022-10-04 05:42:29.227258624+00:00,2022-10-04 17:07:38.128307968+00:00,-1.5508639240415296,-0.4238168492616613,118,6,False,False,False,-4.487120977066667,-3.6354717994666665,2022-10-04 17:04:00+00:00,2022-10-05 05:40:00+00:00,12.6
2022-10-05,2022-10-05 05:40:00+00:00,2022-10-05 17:02:00+00:00,2022-10-05T07:40:00+02:00,2022-10-05T19:02:00+02:00,2022-10-05 05:44:10.147178240+00:00,2022-10-05 17:05:21.078813184+00:00,-1.5443884652588744,-0.41893632891634014,116,6,False,False,False,-4.169119637333333,-3.351313553066667,2022-10-05 17:02:00+00:00,2022-10-06 05:42:00+00:00,12.666666666666666
2022-10-06,2022-10-06 05:42:00+00:00,2022-10-06 17:00:00+00:00,2022-10-06T07:42:00+02:00,2022-10-06T19:00:00+02:00,2022-10-06 05:45:51.308628480+00:00,2022-10-06 17:03:04.505046016+00:00,-1.5376847362207333,-0.4139981738048192,117,6,False,False,False,-3.8551438080000002,-3.0750841002666665,2022-10-06 17:00:00+00:00,2022-10-07 05:43:00+00:00,12.716666666666667
2022-10-07,2022-10-07 05:43:00+00:00,2022-10-07 16:58:00+00:00,2022-10-07T07:43:00+02:00,2022-10-07T18:58:00+02:00,2022-10-07 05:47:32.723637248+00:00,2022-10-07 17:00:48.441399040+00:00,-1.530759510382051,-0.40900463031672074,116,6,False,False,False,-4.545393954133333,-2.8073566506666667,2022-10-07 16:58:00+00:00,2022-10-08 05:45:00+00:00,12.783333333333333
2022-10-08,2022-10-08 05:45:00+00:00,2022-10-08 16:55:00+00:00,2022-10-08T07:45:00+02:00,2022-10-08T18:55:00+02:00,2022-10-08 05:49:14.405276928+00:00,2022-10-08 16:58:32.922164736+00:00,-1.5236198237261265,-0.40395808046357456,117,6,False,False,False,-4.2400879488,-3.5487027456000004,2022-10-08 16:55:00+00:00,2022-10-09 05:47:00+00:00,12.866666666666667
2022-10-09,2022-10-09 05:47:00+00:00,2022-10-09 16:53:00+00:00,2022-10-09T07:47:00+02:00,2022-10-09T18:53:00+02:00,2022-10-09 05:50:56.366956544+00:00,2022-10-09 16:56:17.981407744+00:00,-1.516272966772798,-0.3988610401035497,119,6,False,False,False,-3.9394492757333333,-3.2996901290666667,2022-10-09 16:53:00+00:00,2022-10-10 05:49:00+00:00,12.933333333333334
2022-10-10,2022-10-10 05:49:00+00:00,2022-10-10 16:51:00+00:00,2022-10-10T07:49:00+02:00,2022-10-10T18:51:00+02:00,2022-10-10 05:52:38.621610496+00:00,2022-10-10 16:54:03.653059840+00:00,-1.508726476284853,-0.3937161569865101,117,6,False,False,False,-3.6436935082666664,-3.0608843306666667,2022-10-10 16:51:00+00:00,2022-10-11 05:50:00+00:00,12.983333333333333
2022-10-11,2022-10-11 05:50:00+00:00,2022-10-11 16:48:00+00:00,2022-10-11T07:50:00+02:00,2022-10-11T18:48:00+02:00,2022-10-11 05:54:21.180948224+00:00,2022-10-11 16:51:49.971176960+00:00,-1.5009881266823728,-0.38852620862139775,120,6,False,False,False,-4.353015803733333,-3.8328529493333336,2022-10-11 16:48:00+00:00,2022-10-12 05:52:00+00:00,13.066666666666666
2022-10-12,2022-10-12 05:52:00+00:00,2022-10-12 16:46:00+00:00,2022-10-12T07:52:00+02:00,2022-10-12T18:46:00+02:00,2022-10-12 05:56:04.054891008+00:00,2022-10-12 16:49:36.970227200+00:00,-1.4930659211751047,-0.3832940999681819,120,6,False,False,False,-4.0675815168,-3.6161704533333334,2022-10-12 16:46:00+00:00,2022-10-13 05:54:00+00:00,13.133333333333333
2022-10-13,2022-10-13 05:54:00+00:00,2022-10-13 16:44:00+00:00,2022-10-13T07:54:00+02:00,2022-10-13T18:44:00+02:00,2022-10-13 05:57:47.251250688+00:00,2022-10-13 16:47:24.685293824+00:00,-1.4849680826232483,-0.37802286095681004,120,6,False,False,False,-3.7875208448,-3.4114215637333336,2022-10-13 16:44:00+00:00,2022-10-14 05:56:00+00:00,13.2
2022-10-14,2022-10-14 05:56:00+00:00,2022-10-14 16:42:00+00:00,2022-10-14T07:56:00+02:00,2022-10-14T18:42:00+02:00,2022-10-14 05:59:30.775616768+00:00,2022-10-14 16:45:13.152148736+00:00,-1.4767030441374063,-0.3727156438358231,120,6,False,False,False,-3.5129269461333332,-3.219202478933333,2022-10-14 16:42:00+00:00,2022-10-15 05:58:00+00:00,13.266666666666667
2022-10-15,2022-10-15 05:58:00+00:00,2022-10-15 16:39:00+00:00,2022-10-15T07:58:00+02:00,2022-10-15T18:39:00+02:00,2022-10-15 06:01:14.631374848+00:00,2022-10-15 16:43:02.407240960+00:00,-1.4682794394287162,-0.367375720353494,120,6,False,False,False,-3.243856247466667,-4.040120682666666,2022-10-15 16:39:00+00:00,2022-10-16 05:59:00+00:00,13.333333333333334
2022-10-16,2022-10-16 05:59:00+00:00,2022-10-16 16:37:00+00:00,2022-10-16T07:59:00+02:00,2022-10-16T18:37:00+02:00,2022-10-16 06:02:58.819779840+00:00,2022-10-16 16:40:52.487673600+00:00,-1.459706092920519,-0.36200647877456094,120,6,False,False,False,-3.980329664,-3.8747945599999998,2022-10-16 16:37:00+00:00,2022-10-17 06:01:00+00:00,13.4
2022-10-17,2022-10-17 06:01:00+00:00,2022-10-17 16:35:00+00:00,2022-10-17T08:01:00+02:00,2022-10-17T18:35:00+02:00,2022-10-17 06:04:43.340029696+00:00,2022-10-17 16:38:43.431202560+00:00,-1.4509920096331639,-0.3566114207358251,120,6,False,False,False,-3.7223338282666663,-3.723853376,2022-10-17 16:35:00+00:00,2022-10-18 06:03:00+00:00,13.466666666666667
2022-10-18,2022-10-18 06:03:00+00:00,2022-10-18 16:33:00+00:00,2022-10-18T08:03:00+02:00,2022-10-18T18:33:00+02:00,2022-10-18 06:06:28.189315072+00:00,2022-10-18 16:36:35.276251904+00:00,-1.4421463648538517,-0.3511941579440838,120,6,False,False,False,-3.4698219178666667,-3.587937531733333,2022-10-18 16:33:00+00:00,2022-10-19 06:05:00+00:00,13.533333333333333
2022-10-19,2022-10-19 06:05:00+00:00,2022-10-19 16:31:00+00:00,2022-10-19T08:05:00+02:00,2022-10-19T18:31:00+02:00,2022-10-19 06:08:13.362828288+00:00,2022-10-19 16:34:28.061905664+00:00,-1.4331784936036436,-0.34575840872005664,120,6,False,False,False,-3.2227138048,-3.467698427733333,2022-10-19 16:31:00+00:00,2022-10-20 06:07:00+00:00,13.6
2022-10-20,2022-10-20 06:07:00+00:00,2022-10-20 16:29:00+00:00,2022-10-20T08:07:00+02:00,2022-10-20T18:29:00+02:00,2022-10-20 06:09:58.853719808+00:00,2022-10-20 16:32:21.827869696+00:00,-1.4240978799140334,-0.3403079943921622,120,6,False,False,False,-2.9808953301333334,-3.3637978282666667,2022-10-20 16:29:00+00:00,2022-10-21 06:08:00+00:00,13.65
2022-10-21,2022-10-21 06:08:00+00:00,2022-10-21 16:26:00+00:00,2022-10-21T08:08:00+02:00,2022-10-21T18:26:00+02:00,2022-10-21 06:11:44.653006336+00:00,2022-10-21 16:30:16.614406400+00:00,-1.4149141459256764,-0.33484683554417594,120,6,False,False,False,-3.744216772266667,-4.276906773333334,2022-10-21 16:26:00+00:00,2022-10-22 06:10:00+00:00,13.733333333333333
2022-10-22,2022-10-22 06:10:00+00:00,2022-10-22 16:24:00+00:00,2022-10-22T08:10:00+02:00,2022-10-22T18:24:00+02:00,2022-10-22 06:13:30.749452800+00:00,2022-10-22 16:28:12.462231040+00:00,-1.4056370408221082,-0.32937894812099366,120,6,False,False,False,-3.51249088,-4.207703850666666,2022-10-22 16:24:00+00:00,2022-10-23 06:12:00+00:00,13.8
2022-10-23,2022-10-23 06:12:00+00:00,2022-10-23 16:22:00+00:00,2022-10-23T08:12:00+02:00,2022-10-23T18:22:00+02:00,2022-10-23 06:15:17.129454080+00:00,2022-10-23 16:26:09.412364288+00:00,-1.3962764296114558,-0.3239084393968849,120,6,False,False,False,-3.285490901333333,-4.156872738133333,2022-10-23 16:22:00+00:00,2022-10-24 06:14:00+00:00,13.866666666666667
2022-10-24,2022-10-24 06:14:00+00:00,2022-10-24 16:20:00+00:00,2022-10-24T08:14:00+02:00,2022-10-24T18:20:00+02:00,2022-10-24 06:17:03.776936192+00:00,2022-10-24 16:24:07.505944576+00:00,-1.386842281769353,-0.3184395038108063,120,6,False,False,False,-3.062948936533333,-4.125099076266666,2022-10-24 16:20:00+00:00,2022-10-25 06:16:00+00:00,13.933333333333334
2022-10-25,2022-10-25 06:16:00+00:00,2022-10-25 16:18:00+00:00,2022-10-25T08:16:00+02:00,2022-10-25T18:18:00+02:00,2022-10-25 06:18:50.673271808+00:00,2022-10-25 16:22:06.784077568+00:00,-1.3773446597564039,-0.31297641867349774,120,6,False,False,False,-2.8445545301333337,-4.113067959466666,2022-10-25 16:18:00+00:00,2022-10-26 06:17:00+00:00,13.983333333333333
2022-10-26,2022-10-26 06:17:00+00:00,2022-10-26 16:16:00+00:00,2022-10-26T08:17:00+02:00,2022-10-26T18:16:00+02:00,2022-10-26 06:20:37.797209344+00:00,2022-10-26 16:20:07.287857920+00:00,-1.3677937074237183,-0.3075235397512502,120,6,False,False,False,-3.6299534890666667,-4.121464298666667,2022-10-26 16:16:00+00:00,2022-10-27 06:19:00+00:00,14.05
2022-10-27,2022-10-27 06:19:00+00:00,2022-10-27 16:14:00+00:00,2022-10-27T08:19:00+02:00,2022-10-27T18:14:00+02:00,2022-10-27 06:22:25.124846848+00:00,2022-10-27 16:18:09.058655744+00:00,-1.3581996383201558,-0.30208529673138446,120,6,False,False,False,-3.4187474474666666,-4.150977595733333,2022-10-27 16:14:00+00:00,2022-10-28 06:21:00+00:00,14.116666666666667
2022-10-28,2022-10-28 06:21:00+00:00,2022-10-28 16:12:00+00:00,2022-10-28T08:21:00+02:00,2022-10-28T18:12:00+02:00,2022-10-28 06:24:12.629738240+00:00,2022-10-28 16:16:12.138643968+00:00,-1.3485727239150431,-0.2966661885746327,120,6,False,False,False,-3.210495637333333,-4.2023107328,2022-10-28 16:12:00+00:00,2022-10-29 06:23:00+00:00,14.183333333333334
2022-10-29,2022-10-29 06:23:00+00:00,2022-10-29 16:10:00+00:00,2022-10-29T08:23:00+02:00,2022-10-29T18:10:00+02:00,2022-10-29 06:26:00.283196416+00:00,2022-10-29 16:14:16.571390976+00:00,-1.3389232817502181,-0.29127077875974616,120,6,True,False,False,-3.004719940266667,-4.2761898496,2022-10-29 16:10:00+00:00,2022-10-30 06:25:00+00:00,14.25
2022-10-30,2022-10-30 06:25:00+00:00,2022-10-30 16:08:00+00:00,2022-10-30T07:25:00+01:00,2022-10-30T17:08:00+01:00,2022-10-30 06:27:48.054821888+00:00,2022-10-30 16:12:22.402283008+00:00,-1.3292616635353607,-0.2859036904258017,120,6,False,False,False,-2.8009136981333334,-4.373371383466666,2022-10-30 16:08:00+00:00,2022-10-31 06:27:00+00:00,14.316666666666666
2022-10-31,2022-10-31 06:27:00+00:00,2022-10-31 16:06:00+00:00,2022-10-31T07:27:00+01:00,2022-10-31T17:06:00+01:00,2022-10-31 06:29:35.913167616+00:00,2022-10-31 16:10:29.678635264+00:00,-1.319598243200605,-0.28056960141779363,120,6,False,False,False,-2.5985527936,-4.494643921066666,2022-10-31 16:06:00+00:00,2022-11-01 06:29:00+00:00,14.383333333333333
2022-11-01,2022-11-01 06:29:00+00:00,2022-11-01 16:04:00+00:00,2022-11-01T07:29:00+01:00,2022-11-01T17:04:00+01:00,2022-11-01 06:31:23.826374656+00:00,2022-11-01 16:08:38.449488896+00:00,-1.3099434049205163,-0.2752732392412358,120,6,False,False,False,-2.397106244266667,-4.6408248149333335,2022-11-01 16:04:00+00:00,2022-11-02 06:30:00+00:00,14.433333333333334
2022-11-02,2022-11-02 06:30:00+00:00,2022-11-02 16:02:00+00:00,2022-11-02T07:30:00+01:00,2022-11-02T17:02:00+01:00,2022-11-02 06:33:11.762620928+00:00,2022-11-02 16:06:48.765233664+00:00,-1.3003075311235175,-0.2700193759315958,120,6,False,False,False,-3.1960436821333333,-4.8127538944,2022-11-02 16:02:00+00:00,2022-11-03 06:32:00+00:00,14.5
2022-11-03,2022-11-03 06:32:00+00:00,2022-11-03 16:00:00+00:00,2022-11-03T07:32:00+01:00,2022-11-03T17:00:00+01:00,2022-11-03 06:34:59.690284032+00:00,2022-11-03 16:05:00.677207040+00:00,-1.290700990500893,-0.26481282284451285,120,6,False,False,False,-2.9948380672,-5.011286784,2022-11-03 16:00:00+00:00,2022-11-04 06:34:00+00:00,14.566666666666666
2022-11-04,2022-11-04 06:34:00+00:00,2022-11-04 15:59:00+00:00,2022-11-04T07:34:00+01:00,2022-11-04T16:59:00+01:00,2022-11-04 06:36:47.577805824+00:00,2022-11-04 16:03:14.237370624+00:00,-1.28113412602948,-0.25965842537283246,120,6,False,False,False,-2.7929634304,-4.2372895104,2022-11-04 15:59:00+00:00,2022-11-05 06:36:00+00:00,14.616666666666667
2022-11-05,2022-11-05 06:36:00+00:00,2022-11-05 15:57:00+00:00,2022-11-05T07:36:00+01:00,2022-11-05T16:57:00+01:00,2022-11-05 06:38:35.393303040+00:00,2022-11-05 16:01:29.498105344+00:00,-1.2716172430221588,-0.25456105759660147,120,6,False,False,False,-2.589888384,-4.4916350890666665,2022-11-05 15:57:00+00:00,2022-11-06 06:38:00+00:00,14.683333333333334
2022-11-06,2022-11-06 06:38:00+00:00,2022-11-06 15:55:00+00:00,2022-11-06T07:38:00+01:00,2022-11-06T16:55:00+01:00,2022-11-06 06:40:23.103988224+00:00,2022-11-06 15:59:46.512134912+00:00,-1.2621605972202037,-0.24952561687224267,120,6,False,False,False,-2.3850664704,-4.775202248533334,2022-11-06 15:55:00+00:00,2022-11-07 06:40:00+00:00,14.75
2022-11-07,2022-11-07 06:40:00+00:00,2022-11-07 15:53:00+00:00,2022-11-07T07:40:00+01:00,2022-11-07T16:53:00+01:00,2022-11-07 06:42:10.675491840+00:00,2022-11-07 15:58:05.332584704+00:00,-1.2527743829415274,-0.24455701836722032,120,6,False,False,False,-2.177924864,-5.088876411733334,2022-11-07 15:53:00+00:00,2022-11-08 06:42:00+00:00,14.816666666666666
2022-11-08,2022-11-08 06:42:00+00:00,2022-11-08 15:52:00+00:00,2022-11-08T07:42:00+01:00,2022-11-08T16:52:00+01:00,2022-11-08 06:43:58.071177984+00:00,2022-11-08 15:56:26.013140224+00:00,-1.2434687212987638,-0.23966018954656454,120,6,False,False,False,-1.9678529664,-4.433552337066667,2022-11-08 15:52:00+00:00,2022-11-09 06:43:00+00:00,14.85
2022-11-09,2022-11-09 06:43:00+00:00,2022-11-09 15:50:00+00:00,2022-11-09T07:43:00+01:00,2022-11-09T16:50:00+01:00,2022-11-09 06:45:45.251570688+00:00,2022-11-09 15:54:48.608236288+00:00,-1.2342536485010782,-0.23484006461770635,120,6,False,False,False,-2.7541928448,-4.810137271466667,2022-11-09 15:50:00+00:00,2022-11-10 06:45:00+00:00,14.916666666666666
2022-11-10,2022-11-10 06:45:00+00:00,2022-11-10 15:48:00+00:00,2022-11-10T07:45:00+01:00,2022-11-10T16:48:00+01:00,2022-11-10 06:47:32.173971968+00:00,2022-11-10 15:53:13.173185536+00:00,-1.225139104253464,-0.23010157894011382,120,6,False,False,False,-2.536232866133333,-5.219553092266667,2022-11-10 15:48:00+00:00,2022-11-11 06:47:00+00:00,14.983333333333333
2022-11-11,2022-11-11 06:47:00+00:00,2022-11-11 15:47:00+00:00,2022-11-11T07:47:00+01:00,2022-11-11T16:47:00+01:00,2022-11-11 06:49:18.792278272+00:00,2022-11-11 15:51:39.764196608+00:00,-1.216134920267207,-0.22544966340628747,120,6,False,False,False,-2.313204637866667,-4.662736610133334,2022-11-11 15:47:00+00:00,2022-11-12 06:49:00+00:00,15.033333333333333
2022-11-12,2022-11-12 06:49:00+00:00,2022-11-12 15:45:00+00:00,2022-11-12T07:49:00+01:00,2022-11-12T16:45:00+01:00,2022-11-12 06:51:05.056958208+00:00,2022-11-12 15:50:08.438307072+00:00,-1.2072508088950313,-0.22088923880069702,120,6,False,False,False,-2.0842826368,-5.1406384512,2022-11-12 15:45:00+00:00,2022-11-13 06:51:00+00:00,15.1
2022-11-13,2022-11-13 06:51:00+00:00,2022-11-13 15:44:00+00:00,2022-11-13T07:51:00+01:00,2022-11-13T16:44:00+01:00,2022-11-13 06:52:50.915107072+00:00,2022-11-13 15:48:39.253284352+00:00,-1.1984963519043244,-0.2164252101432952,120,6,False,False,False,-1.8485851178666666,-4.654221405866666,2022-11-13 15:44:00+00:00,2022-11-14 06:52:00+00:00,15.133333333333333
2022-11-14,2022-11-14 06:52:00+00:00,2022-11-14 15:42:00+00:00,2022-11-14T07:52:00+01:00,2022-11-14T16:42:00+01:00,2022-11-14 06:54:36.310538240+00:00,2022-11-14 15:47:12.267533056+00:00,-1.1898809894016533,-0.21206246102425078,120,6,False,False,False,-2.6051756373333332,-5.204458884266667,2022-11-14 15:42:00+00:00,2022-11-15 06:54:00+00:00,15.2
2022-11-15,2022-11-15 06:54:00+00:00,2022-11-15 15:41:00+00:00,2022-11-15T07:54:00+01:00,2022-11-15T16:41:00+01:00,2022-11-15 06:56:21.183879424+00:00,2022-11-15 15:45:47.539986688+00:00,-1.1814140089216236,-0.20780584793657922,120,6,False,False,False,-2.3530646570666667,-4.792333111466666,2022-11-15 15:41:00+00:00,2022-11-16 06:56:00+00:00,15.25
2022-11-16,2022-11-16 06:56:00+00:00,2022-11-16 15:39:00+00:00,2022-11-16T07:56:00+01:00,2022-11-16T16:39:00+01:00,2022-11-16 06:58:05.472659968+00:00,2022-11-16 15:44:25.129961472+00:00,-1.1731045346929212,-0.20366019461334645,120,6,False,False,False,-2.0912109994666666,-5.4188326911999996,2022-11-16 15:39:00+00:00,2022-11-17 06:58:00+00:00,15.316666666666666
2022-11-17,2022-11-17 06:58:00+00:00,2022-11-17 15:38:00+00:00,2022-11-17T07:58:00+01:00,2022-11-17T16:38:00+01:00,2022-11-17 06:59:49.111367424+00:00,2022-11-17 15:43:05.096958208+00:00,-1.1649615170941905,-0.199630286376135,120,6,False,False,False,-1.8185227903999999,-5.084949303466667,2022-11-17 15:38:00+00:00,2022-11-18 07:00:00+00:00,15.366666666666667
2022-11-18,2022-11-18 07:00:00+00:00,2022-11-18 15:36:00+00:00,2022-11-18T08:00:00+01:00,2022-11-18T16:36:00+01:00,2022-11-18 07:01:32.031453184+00:00,2022-11-18 15:41:47.500430080+00:00,-1.1569937223121527,-0.19572086450144532,120,6,False,False,False,-1.5338575530666667,-5.791673834666667,2022-11-18 15:36:00+00:00,2022-11-19 07:01:00+00:00,15.416666666666666
2022-11-19,2022-11-19 07:01:00+00:00,2022-11-19 15:35:00+00:00,2022-11-19T08:01:00+01:00,2022-11-19T16:35:00+01:00,2022-11-19 07:03:14.161316352+00:00,2022-11-19 15:40:32.399503616+00:00,-1.149209722214152,-0.1919366206117041,120,6,False,False,False,-2.2360219392,-5.539991726933334,2022-11-19 15:35:00+00:00,2022-11-20 07:03:00+00:00,15.466666666666667
2022-11-20,2022-11-20 07:03:00+00:00,2022-11-20 15:34:00+00:00,2022-11-20T08:03:00+01:00,2022-11-20T16:34:00+01:00,2022-11-20 07:04:55.426306304+00:00,2022-11-20 15:39:19.852609024+00:00,-1.1416178844470493,-0.18828219109751881,120,6,False,False,False,-1.9237717717333331,-5.330876817066667,2022-11-20 15:34:00+00:00,2022-11-21 07:05:00+00:00,15.516666666666667
2022-11-21,2022-11-21 07:05:00+00:00,2022-11-21 15:33:00+00:00,2022-11-21T08:05:00+01:00,2022-11-21T16:33:00+01:00,2022-11-21 07:06:35.748784896+00:00,2022-11-21 15:38:09.917002752+00:00,-1.1342263627741278,-0.18476215157779893,120,6,False,False,False,-1.5958130816,-5.1652833792,2022-11-21 15:33:00+00:00,2022-11-22 07:07:00+00:00,15.566666666666666
2022-11-22,2022-11-22 07:07:00+00:00,2022-11-22 15:31:00+00:00,2022-11-22T08:07:00+01:00,2022-11-22T16:31:00+01:00,2022-11-22 07:08:15.048226560+00:00,2022-11-22 15:37:02.648286976+00:00,-1.127043087661378,-0.1813810114043185,120,6,False,False,False,-1.2508037760000001,-6.044138116266667,2022-11-22 15:31:00+00:00,2022-11-23 07:08:00+00:00,15.616666666666667
2022-11-23,2022-11-23 07:08:00+00:00,2022-11-23 15:30:00+00:00,2022-11-23T08:08:00+01:00,2022-11-23T16:30:00+01:00,2022-11-23 07:09:53.241309184+00:00,2022-11-23 15:35:58.100148480+00:00,-1.120075757124257,-0.17814320821725982,120,6,False,False,False,-1.8873551530666668,-5.968335808,2022-11-23 15:30:00+00:00,2022-11-24 07:10:00+00:00,15.666666666666666
2022-11-24,2022-11-24 07:10:00+00:00,2022-11-24 15:29:00+00:00,2022-11-24T08:10:00+01:00,2022-11-24T16:29:00+01:00,2022-11-24 07:11:30.241996288+00:00,2022-11-24 15:34:56.324520960+00:00,-1.1133318278456892,-0.17505310255821543,120,6,False,False,False,-1.5040332714666667,-5.938742016,2022-11-24 15:29:00+00:00,2022-11-25 07:11:00+00:00,15.7
2022-11-25,2022-11-25 07:11:00+00:00,2022-11-25 15:28:00+00:00,2022-11-25T08:11:00+01:00,2022-11-25T16:28:00+01:00,2022-11-25 07:13:05.961698048+00:00,2022-11-25 15:33:57.372189184+00:00,-1.1068185065757659,-0.17211497254707467,120,6,False,False,False,-2.0993616341333334,-5.956203153066666,2022-11-25 15:28:00+00:00,2022-11-26 07:13:00+00:00,15.75
2022-11-26,2022-11-26 07:13:00+00:00,2022-11-26 15:27:00+00:00,2022-11-26T08:13:00+01:00,2022-11-26T16:27:00+01:00,2022-11-26 07:14:40.309659648+00:00,2022-11-26 15:33:01.293555200+00:00,-1.100542741823266,-0.16933300862914724,120,6,False,False,False,-1.6718276607999998,-6.021559253333334,2022-11-26 15:27:00+00:00,2022-11-27 07:15:00+00:00,15.8
2022-11-27,2022-11-27 07:15:00+00:00,2022-11-27 15:26:00+00:00,2022-11-27T08:15:00+01:00,2022-11-27T16:26:00+01:00,2022-11-27 07:16:13.193673472+00:00,2022-11-27 15:32:08.139174912+00:00,-1.0945112158487822,-0.16671130839880616,120,6,False,False,False,-1.2198945578666667,-6.1356529152,2022-11-27 15:26:00+00:00,2022-11-28 07:16:00+00:00,15.833333333333334
2022-11-28,2022-11-28 07:16:00+00:00,2022-11-28 15:25:00+00:00,2022-11-28T08:16:00+01:00,2022-11-28T16:25:00+01:00,2022-11-28 07:17:44.521058048+00:00,2022-11-28 15:31:17.959771904+00:00,-1.088730336968861,-0.16425387150584403,120,6,False,False,False,-1.7420176341333333,-6.299329531733333,2022-11-28 15:25:00+00:00,2022-11-29 07:18:00+00:00,15.883333333333333
2022-11-29,2022-11-29 07:18:00+00:00,2022-11-29 15:25:00+00:00,2022-11-29T08:18:00+01:00,2022-11-29T16:25:00+01:00,2022-11-29 07:19:14.199705088+00:00,2022-11-29 15:30:30.805740032+00:00,-1.083206232180228,-0.16196459465065283,120,6,False,False,False,-1.2366617514666667,-5.513429000533334,2022-11-29 15:25:00+00:00,2022-11-30 07:19:00+00:00,15.9
2022-11-30,2022-11-30 07:19:00+00:00,2022-11-30 15:24:00+00:00,2022-11-30T08:19:00+01:00,2022-11-30T16:24:00+01:00,2022-11-30 07:20:42.138958592+00:00,2022-11-30 15:29:46.726409216+00:00,-1.0779447401127604,-0.159847266674235,120,6,False,False,False,-1.7023159765333333,-5.778773486933333,2022-11-30 15:24:00+00:00,2022-12-01 07:21:00+00:00,15.95
2022-12-01,2022-12-01 07:21:00+00:00,2022-12-01 15:23:00+00:00,2022-12-01T08:21:00+01:00,2022-12-01T16:23:00+01:00,2022-12-01 07:22:08.250172928+00:00,2022-12-01 15:29:05.769394176+00:00,-1.0729514043195072,-0.1579055637489536,120,6,False,False,False,-1.1375028821333333,-6.0961565696,2022-12-01 15:23:00+00:00,2022-12-02 07:22:00+00:00,15.983333333333333
2022-12-02,2022-12-02 07:22:00+00:00,2022-12-02 15:22:00+00:00,2022-12-02T08:22:00+01:00,2022-12-02T16:22:00+01:00,2022-12-02 07:23:32.446932224+00:00,2022-12-02 15:28:27.980203264+00:00,-1.068231466911636,-0.15614304467581414,120,6,False,False,False,-1.5407822037333332,-6.466336721066667,2022-12-02 15:22:00+00:00,2022-12-03 07:24:00+00:00,16.033333333333335
2022-12-03,2022-12-03 07:24:00+00:00,2022-12-03 15:22:00+00:00,2022-12-03T08:24:00+01:00,2022-12-03T16:22:00+01:00,2022-12-03 07:24:54.645002496+00:00,2022-12-03 15:27:53.402079744+00:00,-1.0637898625458029,-0.15456314629395573,120,6,False,False,False,-0.9107500416,-5.8900346624,2022-12-03 15:22:00+00:00,2022-12-04 07:25:00+00:00,16.05
2022-12-04,2022-12-04 07:25:00+00:00,2022-12-04 15:21:00+00:00,2022-12-04T08:25:00+01:00,2022-12-04T16:21:00+01:00,2022-12-04 07:26:14.762098944+00:00,2022-12-04 15:27:22.075945728+00:00,-1.0596312127709977,-0.15316917900790056,120,6,False,False,False,-1.2460349824,-6.3679324288000005,2022-12-04 15:21:00+00:00,2022-12-05 07:26:00+00:00,16.083333333333332
2022-12-05,2022-12-05 07:26:00+00:00,2022-12-05 15:21:00+00:00,2022-12-05T08:26:00+01:00,2022-12-05T16:21:00+01:00,2022-12-05 07:27:32.717561088+00:00,2022-12-05 15:26:54.040342784+00:00,-1.0557598207415189,-0.15196432243798358,120,6,False,False,False,-1.5452926848,-5.900672379733334,2022-12-05 15:21:00+00:00,2022-12-06 07:28:00+00:00,16.116666666666667
2022-12-06,2022-12-06 07:28:00+00:00,2022-12-06 15:20:00+00:00,2022-12-06T08:28:00+01:00,2022-12-06T16:20:00+01:00,2022-12-06 07:28:48.432003840+00:00,2022-12-06 15:26:29.331348736+00:00,-1.0521796663022807,-0.1509516211992425,120,6,False,False,False,-0.807200064,-6.488855812266666,2022-12-06 15:20:00+00:00,2022-12-07 07:29:00+00:00,16.15
2022-12-07,2022-12-07 07:29:00+00:00,2022-12-07 15:20:00+00:00,2022-12-07T08:29:00+01:00,2022-12-07T16:20:00+01:00,2022-12-07 07:30:01.827041280+00:00,2022-12-07 15:26:07.982468352+00:00,-1.0488944014522266,-0.1501339808139045,120,6,False,False,False,-1.030450688,-6.1330411392,2022-12-07 15:20:00+00:00,2022-12-08 07:30:00+00:00,16.166666666666668
2022-12-08,2022-12-08 07:30:00+00:00,2022-12-08 15:20:00+00:00,2022-12-08T08:30:00+01:00,2022-12-08T16:20:00+01:00,2022-12-08 07:31:12.825146624+00:00,2022-12-08 15:25:50.024508160+00:00,-1.0459073461911674,-0.14951416376245735,120,6,False,False,False,-1.2137524437333334,-5.833741802666666,2022-12-08 15:20:00+00:00,2022-12-09 07:31:00+00:00,16.183333333333334
2022-12-09,2022-12-09 07:31:00+00:00,2022-12-09 15:19:00+00:00,2022-12-09T08:31:00+01:00,2022-12-09T16:19:00+01:00,2022-12-09 07:32:21.349673472+00:00,2022-12-09 15:25:35.485418240+00:00,-1.0432214847549208,-0.1490947856781345,120,6,False,False,False,-1.3558278912000001,-6.5914236373333335,2022-12-09 15:19:00+00:00,2022-12-10 07:32:00+00:00,16.216666666666665
2022-12-10,2022-12-10 07:32:00+00:00,2022-12-10 15:19:00+00:00,2022-12-10T08:32:00+01:00,2022-12-10T16:19:00+01:00,2022-12-10 07:33:27.325007872+00:00,2022-12-10 15:25:24.390103040+00:00,-1.0408394622431594,-0.1488783116894809,120,6,False,False,False,-1.4554167978666668,-6.406501717333333,2022-12-10 15:19:00+00:00,2022-12-11 07:33:00+00:00,16.233333333333334
2022-12-11,2022-12-11 07:33:00+00:00,2022-12-11 15:19:00+00:00,2022-12-11T08:33:00+01:00,2022-12-11T16:19:00+01:00,2022-12-11 07:34:30.676805888+00:00,2022-12-11 15:25:16.760220160+00:00,-1.0387635816439167,-0.14886705291550195,120,6,False,False,False,-1.5112800981333334,-6.279337002666667,2022-12-11 15:19:00+00:00,2022-12-12 07:34:00+00:00,16.25
2022-12-12,2022-12-12 07:34:00+00:00,2022-12-12 15:19:00+00:00,2022-12-12T08:34:00+01:00,2022-12-12T16:19:00+01:00,2022-12-12 07:35:31.332278784+00:00,2022-12-12 15:25:12.613970944+00:00,-1.0369958012582292,-0.14906316311771933,120,6,False,False,False,-1.5222046463999999,-6.210232849066667,2022-12-12 15:19:00+00:00,2022-12-13 07:35:00+00:00,16.266666666666666
2022-12-13,2022-12-13 07:35:00+00:00,2022-12-13 15:19:00+00:00,2022-12-13T08:35:00+01:00,2022-12-13T16:19:00+01:00,2022-12-13 07:36:29.220512+00:00,2022-12-13 15:25:11.965875968+00:00,-1.0355377325279242,-0.14946863551328382,120,6,False,False,False,-1.4870085333333334,-6.199431266133333,2022-12-13 15:19:00+00:00,2022-12-14 07:36:00+00:00,16.283333333333335
2022-12-14,2022-12-14 07:36:00+00:00,2022-12-14 15:19:00+00:00,2022-12-14T08:36:00+01:00,2022-12-14T16:19:00+01:00,2022-12-14 07:37:24.272781056+00:00,2022-12-14 15:25:14.826499584+00:00,-1.0343906382690804,-0.15008529975311075,120,6,False,False,False,-1.4045463509333334,-6.247108326399999,2022-12-14 15:19:00+00:00,2022-12-15 07:37:00+00:00,16.3
2022-12-15,2022-12-15 07:37:00+00:00,2022-12-15 15:19:00+00:00,2022-12-15T08:37:00+01:00,2022-12-15T16:19:00+01:00,2022-12-15 07:38:16.422826752+00:00,2022-12-15 15:25:21.202141184+00:00,-1.0335554313132138,-0.15091481906881332,120,6,False,False,False,-1.2737137792000002,-6.353369019733334,2022-12-15 15:19:00+00:00,2022-12-16 07:38:00+00:00,16.316666666666666
2022-12-16,2022-12-16 07:38:00+00:00,2022-12-16 15:19:00+00:00,2022-12-16T08:38:00+01:00,2022-12-16T16:19:00+01:00,2022-12-16 07:39:05.607044864+00:00,2022-12-16 15:25:31.094497792+00:00,-1.0330326735577584,-0.1519586875920188,120,6,False,False,False,-1.0934507477333333,-6.518241629866667,2022-12-16 15:19:00+00:00,2022-12-17 07:39:00+00:00,16.333333333333332
2022-12-17,2022-12-17 07:39:00+00:00,2022-12-17 15:20:00+00:00,2022-12-17T08:39:00+01:00,2022-12-17T16:20:00+01:00,2022-12-17 07:39:51.764630272+00:00,2022-12-17 15:25:44.500300800+00:00,-1.0328225754269296,-0.15321822784945605,120,6,False,False,False,-0.8627438378666666,-5.74167168,2022-12-17 15:20:00+00:00,2022-12-18 07:39:00+00:00,16.316666666666666
2022-12-18,2022-12-18 07:39:00+00:00,2022-12-18 15:20:00+00:00,2022-12-18T08:39:00+01:00,2022-12-18T16:20:00+01:00,2022-12-18 07:40:34.837724160+00:00,2022-12-18 15:26:01.410867968+00:00,-1.0329249957435682,-0.15469458843699818,120,6,False,False,False,-1.580628736,-6.023514466133333,2022-12-18 15:20:00+00:00,2022-12-19 07:40:00+00:00,16.333333333333332
2022-12-19,2022-12-19 07:40:00+00:00,2022-12-19 15:20:00+00:00,2022-12-19T08:40:00+01:00,2022-12-19T16:20:00+01:00,2022-12-19 07:41:14.771618560+00:00,2022-12-19 15:26:21.811544576+00:00,-1.0333394420120838,-0.15638874187564494,120,6,False,False,False,-1.2461936426666667,-6.363525742933334,2022-12-19 15:20:00+00:00,2022-12-20 07:41:00+00:00,16.35
2022-12-20,2022-12-20 07:41:00+00:00,2022-12-20 15:21:00+00:00,2022-12-20T08:41:00+01:00,2022-12-20T16:21:00+01:00,2022-12-20 07:41:51.514978816+00:00,2022-12-20 15:26:45.681143808+00:00,-1.0340650711121273,-0.15830148265221572,120,6,False,False,False,-0.8585829802666667,-5.7613523968,2022-12-20 15:21:00+00:00,2022-12-21 07:41:00+00:00,16.333333333333332
2022-12-21,2022-12-21 07:41:00+00:00,2022-12-21 15:21:00+00:00,2022-12-21T08:41:00+01:00,2022-12-21T16:21:00+01:00,2022-12-21 07:42:25.019998720+00:00,2022-12-21 15:27:12.991650560+00:00,-1.0351006904021363,-0.16043342544731387,120,6,False,False,False,-1.4169999786666667,-6.216527509333333,2022-12-21 15:21:00+00:00,2022-12-22 07:42:00+00:00,16.35
2022-12-22,2022-12-22 07:42:00+00:00,2022-12-22 15:22:00+00:00,2022-12-22T08:42:00+01:00,2022-12-22T16:22:00+01:00,2022-12-22 07:42:55.242437376+00:00,2022-12-22 15:27:43.708489728+00:00,-1.036444759231417,-0.1627850035529121,120,6,False,False,False,-0.9207072895999999,-5.7284748288000005,2022-12-22 15:22:00+00:00,2022-12-23 07:42:00+00:00,16.333333333333332
2022-12-23,2022-12-23 07:42:00+00:00,2022-12-23 15:22:00+00:00,2022-12-23T08:42:00+01:00,2022-12-23T16:22:00+01:00,2022-12-23 07:43:22.141590784+00:00,2022-12-23 15:28:17.791426304+00:00,-1.0380953908589405,-0.1653564674816822,119,6,False,False,False,-1.3690265130666668,-6.296523771733334,2022-12-23 15:22:00+00:00,2022-12-24 07:43:00+00:00,16.35
2022-12-24,2022-12-24 07:43:00+00:00,2022-12-24 15:23:00+00:00,2022-12-24T08:43:00+01:00,2022-12-24T16:23:00+01:00,2022-12-24 07:43:45.680367104+00:00,2022-12-24 15:28:55.195824640+00:00,-1.0400503547765498,-0.1681478837699822,118,6,False,False,False,-0.7613394517333333,-5.919930410666667,2022-12-24 15:23:00+00:00,2022-12-25 07:43:00+00:00,16.333333333333332
2022-12-25,2022-12-25 07:43:00+00:00,2022-12-25 15:24:00+00:00,2022-12-25T08:43:00+01:00,2022-12-25T16:24:00+01:00,2022-12-25 07:44:05.825618432+00:00,2022-12-25 15:29:35.873747712+00:00,-1.0423070794338014,-0.1711591339761836,117,6,False,False,False,-1.0970936405333334,-5.5978957952,2022-12-25 15:24:00+00:00,2022-12-26 07:43:00+00:00,16.316666666666666
2022-12-26,2022-12-26 07:43:00+00:00,2022-12-26 15:24:00+00:00,2022-12-26T08:43:00+01:00,2022-12-26T16:24:00+01:00,2022-12-26 07:44:22.548771584+00:00,2022-12-26 15:30:19.774466048+00:00,-1.0448626553611855,-0.17438991387580016,116,6,False,False,False,-1.3758128597333332,-6.329574434133334,2022-12-26 15:24:00+00:00,2022-12-27 07:43:00+00:00,16.316666666666666
2022-12-27,2022-12-27 07:43:00+00:00,2022-12-27 15:25:00+00:00,2022-12-27T08:43:00+01:00,2022-12-27T16:25:00+01:00,2022-12-27 07:44:35.826617600+00:00,2022-12-27 15:31:06.844320256+00:00,-1.0477138386880025,-0.17783973285465066,114,6,False,False,False,-1.5971102933333334,-6.114072004266666,2022-12-27 15:25:00+00:00,2022-12-28 07:43:00+00:00,16.3
2022-12-28,2022-12-28 07:43:00+00:00,2022-12-28 15:26:00+00:00,2022-12-28T08:43:00+01:00,2022-12-28T16:26:00+01:00,2022-12-28 07:44:45.642035712+00:00,2022-12-28 15:31:57.026264064+00:00,-1.0508570550507037,-0.1815079135010655,113,6,False,False,False,-1.7607005951999999,-5.9504377343999995,2022-12-28 15:26:00+00:00,2022-12-29 07:44:00+00:00,16.3
2022-12-29,2022-12-29 07:44:00+00:00,2022-12-29 15:27:00+00:00,2022-12-29T08:44:00+01:00,2022-12-29T16:27:00+01:00,2022-12-29 07:44:51.984436480+00:00,2022-12-29 15:32:50.259555840+00:00,-1.0542884038870486,-0.1853935913979083,112,6,False,False,False,-0.8664072746666667,-5.837659264,2022-12-29 15:27:00+00:00,2022-12-30 07:44:00+00:00,16.283333333333335
2022-12-30,2022-12-30 07:44:00+00:00,2022-12-30 15:28:00+00:00,2022-12-30T08:44:00+01:00,2022-12-30T16:28:00+01:00,2022-12-30 07:44:54.849820416+00:00,2022-12-30 15:33:46.479865600+00:00,-1.058003663110969,-0.18949571511496427,111,6,False,False,False,-0.9141636736,-5.774664426666666,2022-12-30 15:28:00+00:00,2022-12-31 07:44:00+00:00,16.266666666666666
2022-12-31,2022-12-31 07:44:00+00:00,2022-12-31 15:29:00+00:00,2022-12-31T08:44:00+01:00,2022-12-31T16:29:00+01:00,2022-12-31 07:44:54.240484608+00:00,2022-12-31 15:34:45.619742976+00:00,-1.0619982941625832,-0.19381304640200342,110,6,False,False,False,-0.9040080768000001,-5.7603290496,2022-12-31 15:29:00+00:00,2023-01-01 07:43:00+00:00,16.233333333333334
2023-01-01,2023-01-01 07:43:00+00:00,2023-01-01 15:30:00+00:00,2023-01-01T08:43:00+01:00,2023-01-01T16:30:00+01:00,2023-01-01 07:44:50.164491520+00:00,2023-01-01 15:35:47.609185024+00:00,-1.0662674474273675,-0.19834416058260979,108,6,False,False,False,-1.8360748586666666,-5.793486417066666,2023-01-01 15:30:00+00:00,2023-01-02 07:43:00+00:00,16.216666666666665
2023-01-02,2023-01-02 07:43:00+00:00,2023-01-02 15:31:00+00:00,2023-01-02T08:43:00+01:00,2023-01-02T16:31:00+01:00,2023-01-02 07:44:42.635034880+00:00,2023-01-02 15:36:52.376070656+00:00,-1.070805968018042,-0.20308744714861998,107,6,False,False,False,-1.7105839146666668,-5.872934510933334,2023-01-02 15:31:00+00:00,2023-01-03 07:43:00+00:00,16.2
2023-01-03,2023-01-03 07:43:00+00:00,2023-01-03 15:32:00+00:00,2023-01-03T08:43:00+01:00,2023-01-03T16:32:00+01:00,2023-01-03 07:44:31.669820672+00:00,2023-01-03 15:37:59.846411264+00:00,-1.075608401912314,-0.20804111055479818,106,6,False,False,False,-1.5278303445333334,-5.997440187733333,2023-01-03 15:32:00+00:00,2023-01-04 07:43:00+00:00,16.183333333333334
2023-01-04,2023-01-04 07:43:00+00:00,2023-01-04 15:34:00+00:00,2023-01-04T08:43:00+01:00,2023-01-04T16:34:00+01:00,2023-01-04 07:44:17.290512384+00:00,2023-01-04 15:39:09.944498176+00:00,-1.0806690024391932,-0.21320317121312965,105,6,False,False,False,-1.2881752063999998,-5.1657416362666675,2023-01-04 15:34:00+00:00,2023-01-05 07:42:00+00:00,16.133333333333333
2023-01-05,2023-01-05 07:42:00+00:00,2023-01-05 15:35:00+00:00,2023-01-05T08:42:00+01:00,2023-01-05T16:35:00+01:00,2023-01-05 07:43:59.522267392+00:00,2023-01-05 15:40:22.593061632+00:00,-1.085981737106187,-0.21857146668589483,104,6,False,False,False,-1.9920377898666668,-5.3765510272,2023-01-05 15:35:00+00:00,2023-01-06 07:42:00+00:00,16.116666666666667
2023-01-06,2023-01-06 07:42:00+00:00,2023-01-06 15:36:00+00:00,2023-01-06T08:42:00+01:00,2023-01-06T16:36:00+01:00,2023-01-06 07:43:38.393350912+00:00,2023-01-06 15:41:37.713465088+00:00,-1.0915402947592772,-0.22414365307644823,103,6,False,False,False,-1.6398891818666668,-5.628557751466667,2023-01-06 15:36:00+00:00,2023-01-07 07:42:00+00:00,16.1
2023-01-07,2023-01-07 07:42:00+00:00,2023-01-07 15:37:00+00:00,2023-01-07T08:42:00+01:00,2023-01-07T16:37:00+01:00,2023-01-07 07:43:13.934821632+00:00,2023-01-07 15:42:55.225931776+00:00,-1.0973380930671868,-0.2299172066164044,102,6,False,False,False,-1.2322470272,-5.920432196266666,2023-01-07 15:37:00+00:00,2023-01-08 07:41:00+00:00,16.066666666666666
2023-01-08,2023-01-08 07:41:00+00:00,2023-01-08 15:39:00+00:00,2023-01-08T08:41:00+01:00,2023-01-08T16:39:00+01:00,2023-01-08 07:42:46.180287232+00:00,2023-01-08 15:44:15.049770752+00:00,-1.103368286321075,-0.23588942544770009,101,6,False,False,False,-1.7696714538666667,-5.250829512533333,2023-01-08 15:39:00+00:00,2023-01-09 07:41:00+00:00,16.033333333333335
2023-01-09,2023-01-09 07:41:00+00:00,2023-01-09 15:40:00+00:00,2023-01-09T08:41:00+01:00,2023-01-09T16:40:00+01:00,2023-01-09 07:42:15.165730304+00:00,2023-01-09 15:45:37.103588608+00:00,-1.109623773540404,-0.2420574315977791,100,6,False,False,False,-1.2527621717333333,-5.618393143466666,2023-01-09 15:40:00+00:00,2023-01-10 07:40:00+00:00,16.0
2023-01-10,2023-01-10 07:40:00+00:00,2023-01-10 15:42:00+00:00,2023-01-10T08:40:00+01:00,2023-01-10T16:42:00+01:00,2023-01-10 07:41:40.929390080+00:00,2023-01-10 15:47:01.305468672+00:00,-1.1160972068753818,-0.24841817314592507,99,5,False,False,False,-1.6821565013333335,-5.0217578112000005,2023-01-10 15:42:00+00:00,2023-01-11 07:39:00+00:00,15.95
2023-01-11,2023-01-11 07:39:00+00:00,2023-01-11 15:43:00+00:00,2023-01-11T08:39:00+01:00,2023-01-11T16:43:00+01:00,2023-01-11 07:41:03.511656192+00:00,2023-01-11 15:48:27.573080064+00:00,-1.1227810002960228,-0.2549684265785389,99,5,False,False,False,-2.0585276032,-5.4595513344,2023-01-11 15:43:00+00:00,2023-01-12 07:39:00+00:00,15.933333333333334
2023-01-12,2023-01-12 07:39:00+00:00,2023-01-12 15:45:00+00:00,2023-01-12T08:39:00+01:00,2023-01-12T16:45:00+01:00,2023-01-12 07:40:22.954934272+00:00,2023-01-12 15:49:55.823699200+00:00,-1.1296673385575347,-0.26170479933094837,99,5,False,False,False,-1.3825822378666668,-4.930394986666667,2023-01-12 15:45:00+00:00,2023-01-13 07:38:00+00:00,15.883333333333333
2023-01-13,2023-01-13 07:38:00+00:00,2023-01-13 15:46:00+00:00,2023-01-13T08:38:00+01:00,2023-01-13T16:46:00+01:00,2023-01-13 07:39:39.303463168+00:00,2023-01-13 15:51:25.974153984+00:00,-1.1367481864314124,-0.26862373251311156,99,5,False,False,False,-1.6550577194666665,-5.4329025664,2023-01-13 15:46:00+00:00,2023-01-14 07:37:00+00:00,15.85
2023-01-14,2023-01-14 07:37:00+00:00,2023-01-14 15:48:00+00:00,2023-01-14T08:37:00+01:00,2023-01-14T16:48:00+01:00,2023-01-14 07:38:52.603107072+00:00,2023-01-14 15:52:57.940699904+00:00,-1.144015298191311,-0.27572150381637134,99,5,False,False,False,-1.8767184512,-4.965678331733333,2023-01-14 15:48:00+00:00,2023-01-15 07:36:00+00:00,15.8
2023-01-15,2023-01-15 07:36:00+00:00,2023-01-15 15:50:00+00:00,2023-01-15T08:36:00+01:00,2023-01-15T16:50:00+01:00,2023-01-15 07:38:02.901158912+00:00,2023-01-15 15:54:31.638817536+00:00,-1.1514602273424603,-0.28299423059820095,100,5,False,False,False,-2.048352648533333,-4.5273136256,2023-01-15 15:50:00+00:00,2023-01-16 07:35:00+00:00,15.75
2023-01-16,2023-01-16 07:35:00+00:00,2023-01-16 15:51:00+00:00,2023-01-16T08:35:00+01:00,2023-01-16T16:51:00+01:00,2023-01-16 07:37:10.246185984+00:00,2023-01-16 15:56:06.982903296+00:00,-1.1590743365831084,-0.2904378731416815,100,5,False,False,False,-2.1707697664,-5.116381721600001,2023-01-16 15:51:00+00:00,2023-01-17 07:34:00+00:00,15.716666666666667
2023-01-17,2023-01-17 07:34:00+00:00,2023-01-17 15:53:00+00:00,2023-01-17T08:34:00+01:00,2023-01-17T16:53:00+01:00,2023-01-17 07:36:14.687900160+00:00,2023-01-17 15:57:43.885927680+00:00,-1.1668488079861998,-0.29804823808624176,100,5,False,False,False,-2.244798336,-4.731432128,2023-01-17 15:53:00+00:00,2023-01-18 07:33:00+00:00,15.666666666666666
2023-01-18,2023-01-18 07:33:00+00:00,2023-01-18 15:55:00+00:00,2023-01-18T08:33:00+01:00,2023-01-18T16:55:00+01:00,2023-01-18 07:35:16.277004800+00:00,2023-01-18 15:59:22.259279616+00:00,-1.1747746533892365,-0.3058209820260004,100,5,False,False,False,-2.2712834133333333,-4.3709879936,2023-01-18 15:55:00+00:00,2023-01-19 07:32:00+00:00,15.616666666666667
2023-01-19,2023-01-19 07:32:00+00:00,2023-01-19 15:56:00+00:00,2023-01-19T08:32:00+01:00,2023-01-19T16:56:00+01:00,2023-01-19 07:34:15.064968192+00:00,2023-01-19 16:01:02.013091072+00:00,-1.182842724980028,-0.3137516152718494,100,5,False,False,False,-2.2510828032,-5.033551517866667,2023-01-19 15:56:00+00:00,2023-01-20 07:31:00+00:00,15.583333333333334
2023-01-20,2023-01-20 07:31:00+00:00,2023-01-20 15:58:00+00:00,2023-01-20T08:31:00+01:00,2023-01-20T16:58:00+01:00,2023-01-20 07:33:11.103724032+00:00,2023-01-20 16:02:43.057169664+00:00,-1.1910437260658038,-0.3218355057732316,100,5,False,False,False,-2.1850620672,-4.7176194944,2023-01-20 15:58:00+00:00,2023-01-21 07:30:00+00:00,15.533333333333333
2023-01-21,2023-01-21 07:30:00+00:00,2023-01-21 16:00:00+00:00,2023-01-21T08:30:00+01:00,2023-01-21T17:00:00+01:00,2023-01-21 07:32:04.445377792+00:00,2023-01-21 16:04:25.302339584+00:00,-1.199368222012943,-0.3300678831953797,100,5,False,False,False,-2.0740896298666667,-4.421705659733333,2023-01-21 16:00:00+00:00,2023-01-22 07:29:00+00:00,15.483333333333333
2023-01-22,2023-01-22 07:29:00+00:00,2023-01-22 16:02:00+00:00,2023-01-22T08:29:00+01:00,2023-01-22T17:02:00+01:00,2023-01-22 07:30:55.142043392+00:00,2023-01-22 16:06:08.661695488+00:00,-1.2078066513443844,-0.33844384314760106,100,5,False,False,False,-1.9190340565333335,-4.144361591466667,2023-01-22 16:02:00+00:00,2023-01-23 07:27:00+00:00,15.416666666666666
2023-01-23,2023-01-23 07:27:00+00:00,2023-01-23 16:04:00+00:00,2023-01-23T08:27:00+01:00,2023-01-23T17:04:00+01:00,2023-01-23 07:29:43.245926912+00:00,2023-01-23 16:07:53.051307776+00:00,-1.216349336981584,-0.3469583515580211,100,5,False,False,False,-2.7207654485333332,-3.884188462933333,2023-01-23 16:04:00+00:00,2023-01-24 07:26:00+00:00,15.366666666666667
2023-01-24,2023-01-24 07:26:00+00:00,2023-01-24 16:05:00+00:00,2023-01-24T08:26:00+01:00,2023-01-24T17:05:00+01:00,2023-01-24 07:28:28.809668864+00:00,2023-01-24 16:09:38.390245376+00:00,-1.2249864976177265,-0.355606249190026,100,5,False,False,False,-2.4801611477333334,-4.639837422933334,2023-01-24 16:05:00+00:00,2023-01-25 07:25:00+00:00,15.333333333333334
2023-01-25,2023-01-25 07:25:00+00:00,2023-01-25 16:07:00+00:00,2023-01-25T08:25:00+01:00,2023-01-25T17:07:00+01:00,2023-01-25 07:27:11.886830592+00:00,2023-01-25 16:11:24.600218624+00:00,-1.2337082592087365,-0.36438225629548016,100,5,False,False,False,-2.1981138432,-4.410003643733333,2023-01-25 16:07:00+00:00,2023-01-26 07:23:00+00:00,15.266666666666667
2023-01-26,2023-01-26 07:23:00+00:00,2023-01-26 16:09:00+00:00,2023-01-26T08:23:00+01:00,2023-01-26T17:09:00+01:00,2023-01-26 07:25:52.532317440+00:00,2023-01-26 16:13:11.605308672+00:00,-1.2425046665685047,-0.3732809773996394,100,5,False,False,False,-2.8755386240000003,-4.1934218112,2023-01-26 16:09:00+00:00,2023-01-27 07:22:00+00:00,15.216666666666667
2023-01-27,2023-01-27 07:22:00+00:00,2023-01-27 16:11:00+00:00,2023-01-27T08:22:00+01:00,2023-01-27T17:11:00+01:00,2023-01-27 07:24:30.802554880+00:00,2023-01-27 16:14:59.332089088+00:00,-1.2513656950546133,-0.3822969062125217,100,5,False,False,False,-2.5133759146666668,-3.988868151466667,2023-01-27 16:11:00+00:00,2023-01-28 07:20:00+00:00,15.15
2023-01-28,2023-01-28 07:20:00+00:00,2023-01-28 16:13:00+00:00,2023-01-28T08:20:00+01:00,2023-01-28T17:13:00+01:00,2023-01-28 07:23:06.755346688+00:00,2023-01-28 16:16:47.710076416+00:00,-1.2602812623307487,-0.39142443066135696,100,5,False,False,False,-3.112589111466667,-3.7951679402666665,2023-01-28 16:13:00+00:00,2023-01-29 07:19:00+00:00,15.1
2023-01-29,2023-01-29 07:19:00+00:00,2023-01-29 16:15:00+00:00,2023-01-29T08:19:00+01:00,2023-01-29T17:15:00+01:00,2023-01-29 07:21:40.449491712+00:00,2023-01-29 16:18:36.672217344+00:00,-1.2692412401918929,-0.4006578380385921,100,5,False,False,False,-2.6741581952,-3.6112036223999997,2023-01-29 16:15:00+00:00,2023-01-30 07:17:00+00:00,15.033333333333333
2023-01-30,2023-01-30 07:17:00+00:00,2023-01-30 16:17:00+00:00,2023-01-30T08:17:00+01:00,2023-01-30T17:17:00+01:00,2023-01-30 07:20:11.944311808+00:00,2023-01-30 16:20:26.155156480+00:00,-1.278235466438316,-0.4099913202597964,100,5,False,False,False,-3.1990718634666666,-3.4359192746666665,2023-01-30 16:17:00+00:00,2023-01-31 07:16:00+00:00,14.983333333333333
2023-01-31,2023-01-31 07:16:00+00:00,2023-01-31 16:19:00+00:00,2023-01-31T08:16:00+01:00,2023-01-31T17:19:00+01:00,2023-01-31 07:18:41.299222016+00:00,2023-01-31 16:22:16.099216640+00:00,-1.2872537567843372,-0.4194189792256839,100,5,False,False,False,-2.688320366933333,-3.2683202773333333,2023-01-31 16:19:00+00:00,2023-02-01 07:14:00+00:00,14.916666666666666
2023-02-01,2023-02-01 07:14:00+00:00,2023-02-01 16:21:00+00:00,2023-02-01T08:14:00+01:00,2023-02-01T17:21:00+01:00,2023-02-01 07:17:08.573392128+00:00,2023-02-01 16:24:06.448231168+00:00,-1.2962859167877754,-0.4289348322823477,100,5,False,False,False,-3.1428898687999998,-3.1074705194666667,2023-02-01 16:21:00+00:00,2023-02-02 07:13:00+00:00,14.866666666666667
2023-02-02,2023-02-02 07:13:00+00:00,2023-02-02 16:23:00+00:00,2023-02-02T08:13:00+01:00,2023-02-02T17:23:00+01:00,2023-02-02 07:15:33.825485056+00:00,2023-02-02 16:25:57.149358848+00:00,-1.3053217537859994,-0.43853281777368924,100,5,False,False,False,-2.5637580842666665,-2.952489314133333,2023-02-02 16:23:00+00:00,2023-02-03 07:11:00+00:00,14.8
2023-02-03,2023-02-03 07:11:00+00:00,2023-02-03 16:24:00+00:00,2023-02-03T08:11:00+01:00,2023-02-03T17:24:00+01:00,2023-02-03 07:13:57.113439488+00:00,2023-02-03 16:27:48.152958720+00:00,-1.3143510888244685,-0.44820680067991714,100,5,False,False,False,-2.9518906581333337,-3.8025493119999996,2023-02-03 16:24:00+00:00,2023-02-04 07:09:00+00:00,14.75
2023-02-04,2023-02-04 07:09:00+00:00,2023-02-04 16:26:00+00:00,2023-02-04T08:09:00+01:00,2023-02-04T17:26:00+01:00,2023-02-04 07:12:18.494302976+00:00,2023-02-04 16:29:39.412509696+00:00,-1.323363768563673,-0.45795057833589053,100,5,False,False,False,-3.3082383829333333,-3.6568751616,2023-02-04 16:26:00+00:00,2023-02-05 07:08:00+00:00,14.7
2023-02-05,2023-02-05 07:08:00+00:00,2023-02-05 16:28:00+00:00,2023-02-05T08:08:00+01:00,2023-02-05T17:28:00+01:00,2023-02-05 07:10:38.024125440+00:00,2023-02-05 16:31:30.884557056+00:00,-1.3323496771504082,-0.46775788622299064,100,5,False,False,False,-2.633735424,-3.5147426176,2023-02-05 16:28:00+00:00,2023-02-06 07:06:00+00:00,14.633333333333333
2023-02-06,2023-02-06 07:06:00+00:00,2023-02-06 16:30:00+00:00,2023-02-06T08:06:00+01:00,2023-02-06T17:30:00+01:00,2023-02-06 07:08:55.757924864+00:00,2023-02-06 16:33:22.528669696+00:00,-1.3412987480393634,-0.477622403828117,100,5,False,False,False,-2.929298747733333,-3.375477828266667,2023-02-06 16:30:00+00:00,2023-02-07 07:04:00+00:00,14.566666666666666
2023-02-07,2023-02-07 07:04:00+00:00,2023-02-07 16:32:00+00:00,2023-02-07T08:04:00+01:00,2023-02-07T17:32:00+01:00,2023-02-07 07:07:11.749698304+00:00,2023-02-07 16:35:14.307382016+00:00,-1.3502009757510611,-0.4875377605633292,100,5,False,False,False,-3.1958283050666667,-3.2384563669333333,2023-02-07 16:32:00+00:00,2023-02-08 07:02:00+00:00,14.5
2023-02-08,2023-02-08 07:02:00+00:00,2023-02-08 16:34:00+00:00,2023-02-08T08:02:00+01:00,2023-02-08T17:34:00+01:00,2023-02-08 07:05:26.052448+00:00,2023-02-08 16:37:06.186059776+00:00,-1.3590464275522618,-0.4974975417395836,100,5,False,False,False,-3.4342074666666664,-3.103100996266667,2023-02-08 16:34:00+00:00,2023-02-09 07:00:00+00:00,14.433333333333334
2023-02-09,2023-02-09 07:00:00+00:00,2023-02-09 16:36:00+00:00,2023-02-09T08:00:00+01:00,2023-02-09T17:36:00+01:00,2023-02-09 07:03:38.718205440+00:00,2023-02-09 16:38:58.132643840+00:00,-1.3678252550450476,-0.5074952945879516,100,5,False,False,False,-3.6453034239999997,-2.968877397333333,2023-02-09 16:36:00+00:00,2023-02-10 06:59:00+00:00,14.383333333333333
2023-02-10,2023-02-10 06:59:00+00:00,2023-02-10 16:38:00+00:00,2023-02-10T07:59:00+01:00,2023-02-10T17:38:00+01:00,2023-02-10 07:01:49.798049792+00:00,2023-02-10 16:40:50.117278464+00:00,-1.3765277056508998,-0.5175245343216522,100,5,False,False,False,-2.8299674965333335,-2.8352879744000004,2023-02-10 16:38:00+00:00,2023-02-11 06:57:00+00:00,14.316666666666666
2023-02-11,2023-02-11 06:57:00+00:00,2023-02-11 16:40:00+00:00,2023-02-11T07:57:00+01:00,2023-02-11T17:40:00+01:00,2023-02-11 06:59:59.342127872+00:00,2023-02-11 16:42:42.111865344+00:00,-1.385144133976216,-0.5275787502321849,100,5,False,False,False,-2.989035464533333,-2.7018644224,2023-02-11 16:40:00+00:00,2023-02-12 06:55:00+00:00,14.25
2023-02-12,2023-02-12 06:55:00+00:00,2023-02-12 16:42:00+00:00,2023-02-12T07:55:00+01:00,2023-02-12T17:42:00+01:00,2023-02-12 06:58:07.399663360+00:00,2023-02-12 16:44:34.089575424+00:00,-1.3936650130458554,-0.5376514118128062,100,5,False,False,False,-3.1233277226666667,-2.5681595904,2023-02-12 16:42:00+00:00,2023-02-13 06:53:00+00:00,14.183333333333334
2023-02-13,2023-02-13 06:53:00+00:00,2023-02-13 16:44:00+00:00,2023-02-13T07:53:00+01:00,2023-02-13T17:44:00+01:00,2023-02-13 06:56:14.018954496+00:00,2023-02-13 16:46:26.024309760+00:00,-1.4020809453914553,-0.5477359749025673,100,5,False,False,False,-3.2336492416,-2.4337384959999997,2023-02-13 16:44:00+00:00,2023-02-14 06:51:00+00:00,14.116666666666667
2023-02-14,2023-02-14 06:51:00+00:00,2023-02-14 16:46:00+00:00,2023-02-14T07:51:00+01:00,2023-02-14T17:46:00+01:00,2023-02-14 06:54:19.247368960+00:00,2023-02-14 16:48:17.890148608+00:00,-1.4103826739814374,-0.5578258878441034,100,5,False,False,False,-3.3207894826666666,-2.2981691434666667,2023-02-14 16:46:00+00:00,2023-02-15 06:49:00+00:00,14.05
2023-02-15,2023-02-15 06:49:00+00:00,2023-02-15 16:48:00+00:00,2023-02-15T07:49:00+01:00,2023-02-15T17:48:00+01:00,2023-02-15 06:52:23.131344640+00:00,2023-02-15 16:50:09.660939264+00:00,-1.4185610929798107,-0.5679145976483465,100,5,False,False,False,-3.385522410666667,-2.1610156544000003,2023-02-15 16:48:00+00:00,2023-02-16 06:47:00+00:00,13.983333333333333
2023-02-16,2023-02-16 06:47:00+00:00,2023-02-16 16:50:00+00:00,2023-02-16T07:47:00+01:00,2023-02-16T17:50:00+01:00,2023-02-16 06:50:25.716377344+00:00,2023-02-16 16:52:01.310256640+00:00,-1.426607258321086,-0.5779955561593355,100,5,False,False,False,-3.4286062890666664,-2.0218376106666667,2023-02-16 16:50:00+00:00,2023-02-17 06:45:00+00:00,13.916666666666666
2023-02-17,2023-02-17 06:45:00+00:00,2023-02-17 16:52:00+00:00,2023-02-17T07:45:00+01:00,2023-02-17T17:52:00+01:00,2023-02-17 06:48:27.046959616+00:00,2023-02-17 16:53:52.811867904+00:00,-1.434512398088828,-0.5880622262122864,100,5,False,False,False,-3.450782660266667,-1.8801977984,2023-02-17 16:52:00+00:00,2023-02-18 06:43:00+00:00,13.85
2023-02-18,2023-02-18 06:43:00+00:00,2023-02-18 16:54:00+00:00,2023-02-18T07:43:00+01:00,2023-02-18T17:54:00+01:00,2023-02-18 06:46:27.166447616+00:00,2023-02-18 16:55:44.140570368+00:00,-1.4422679226856119,-0.5981080877781014,100,5,False,False,False,-3.4527741269333334,-1.7356761728,2023-02-18 16:54:00+00:00,2023-02-19 06:41:00+00:00,13.783333333333333
2023-02-19,2023-02-19 06:41:00+00:00,2023-02-19 16:56:00+00:00,2023-02-19T07:41:00+01:00,2023-02-19T17:56:00+01:00,2023-02-19 06:44:26.116904448+00:00,2023-02-19 16:57:35.273027328+00:00,-1.4498654347824032,-0.6081266440875102,100,5,False,False,False,-3.4352817408000003,-1.5878837888,2023-02-19 16:56:00+00:00,2023-02-20 06:39:00+00:00,13.716666666666667
2023-02-20,2023-02-20 06:39:00+00:00,2023-02-20 16:57:00+00:00,2023-02-20T07:39:00+01:00,2023-02-20T17:57:00+01:00,2023-02-20 06:42:23.939052544+00:00,2023-02-20 16:59:26.188212992+00:00,-1.4572967390356277,-0.6181114277280578,100,5,False,False,False,-3.3989842090666667,-2.436470216533333,2023-02-20 16:57:00+00:00,2023-02-21 06:37:00+00:00,13.666666666666666
2023-02-21,2023-02-21 06:37:00+00:00,2023-02-21 16:59:00+00:00,2023-02-21T07:37:00+01:00,2023-02-21T17:59:00+01:00,2023-02-21 06:40:20.672442624+00:00,2023-02-21 17:01:16.867349248+00:00,-1.4645538515604934,-0.6280560067071916,100,5,False,False,False,-3.3445407104,-2.281122487466667,2023-02-21 16:59:00+00:00,2023-02-22 06:34:00+00:00,13.583333333333334
2023-02-22,2023-02-22 06:34:00+00:00,2023-02-22 17:01:00+00:00,2023-02-22T07:34:00+01:00,2023-02-22T18:01:00+01:00,2023-02-22 06:38:16.355864320+00:00,2023-02-22 17:03:07.293568256+00:00,-1.4716290091494024,-0.6379539904747309,100,5,False,False,False,-4.272597738666667,-2.121559470933333,2023-02-22 17:01:00+00:00,2023-02-23 06:32:00+00:00,13.516666666666667
2023-02-23,2023-02-23 06:32:00+00:00,2023-02-23 17:03:00+00:00,2023-02-23T07:32:00+01:00,2023-02-23T18:03:00+01:00,2023-02-23 06:36:11.027860224+00:00,2023-02-23 17:04:57.451679488+00:00,-1.4785146782246024,-0.6477990358980618,100,5,False,False,False,-4.1837976704,-1.9575279914666666,2023-02-23 17:03:00+00:00,2023-02-24 06:30:00+00:00,13.45
2023-02-24,2023-02-24 06:30:00+00:00,2023-02-24 17:05:00+00:00,2023-02-24T07:30:00+01:00,2023-02-24T18:05:00+01:00,2023-02-24 06:34:04.727147008+00:00,2023-02-24 17:06:47.328274688+00:00,-1.4852035635145384,-0.6575848531834435,100,5,False,False,False,-4.0787857834666665,-1.7888045781333333,2023-02-24 17:05:00+00:00,2023-02-25 06:28:00+00:00,13.383333333333333
2023-02-25,2023-02-25 06:28:00+00:00,2023-02-25 17:07:00+00:00,2023-02-25T07:28:00+01:00,2023-02-25T18:07:00+01:00,2023-02-25 06:31:57.492793088+00:00,2023-02-25 17:08:36.912104448+00:00,-1.4916886164436982,-0.6673052117368861,100,5,False,False,False,-3.9582132181333334,-1.6152017408,2023-02-25 17:07:00+00:00,2023-02-26 06:26:00+00:00,13.316666666666666
2023-02-26,2023-02-26 06:26:00+00:00,2023-02-26 17:09:00+00:00,2023-02-26T07:26:00+01:00,2023-02-26T18:09:00+01:00,2023-02-26 06:29:49.364145408+00:00,2023-02-26 17:10:26.194465280+00:00,-1.4979630432260829,-0.6769539459581225,100,5,False,False,False,-3.8227357568,-1.4365744213333334,2023-02-26 17:09:00+00:00,2023-02-27 06:24:00+00:00,13.25
2023-02-27,2023-02-27 06:24:00+00:00,2023-02-27 17:11:00+00:00,2023-02-27T07:24:00+01:00,2023-02-27T18:11:00+01:00,2023-02-27 06:27:40.380611072+00:00,2023-02-27 17:12:15.169373696+00:00,-1.504020312652787,-0.6865249609612799,100,5,False,False,False,-3.673010184533333,-1.2528228949333333,2023-02-27 17:11:00+00:00,2023-02-28 06:22:00+00:00,13.183333333333334
2023-02-28,2023-02-28 06:22:00+00:00,2023-02-28 17:13:00+00:00,2023-02-28T07:22:00+01:00,2023-02-28T18:13:00+01:00,2023-02-28 06:25:30.581414400+00:00,2023-02-28 17:14:03.833475072+00:00,-1.509854163564538,-0.6960122382159419,100,5,False,False,False,-3.50969024,-1.0638912512,2023-02-28 17:13:00+00:00,2023-03-01 06:19:00+00:00,13.1
2023-03-01,2023-03-01 06:19:00+00:00,2023-03-01 17:15:00+00:00,2023-03-01T07:19:00+01:00,2023-03-01T18:15:00+01:00,2023-03-01 06:23:20.005406720+00:00,2023-03-01 17:15:52.185804288+00:00,-1.5154586120004179,-0.7054098411023821,100,5,False,False,False,-4.333423445333334,-0.8697634048,2023-03-01 17:15:00+00:00,2023-03-02 06:17:00+00:00,13.033333333333333
2023-03-02,2023-03-02 06:17:00+00:00,2023-03-02 17:16:00+00:00,2023-03-02T07:17:00+01:00,2023-03-02T18:16:00+01:00,2023-03-02 06:21:08.690926592+00:00,2023-03-02 17:17:40.227523840+00:00,-1.5208279580143726,-0.7147119203748555,100,5,False,False,False,-4.144848776533333,-1.6704587306666667,2023-03-02 17:16:00+00:00,2023-03-03 06:15:00+00:00,12.983333333333333
2023-03-03,2023-03-03 06:15:00+00:00,2023-03-03 17:18:00+00:00,2023-03-03T07:15:00+01:00,2023-03-03T18:18:00+01:00,2023-03-03 06:18:56.675697664+00:00,2023-03-03 17:19:27.961710848+00:00,-1.5259567921515151,-0.723912719526935,100,5,False,False,False,-3.944594961066667,-1.4660285141333333,2023-03-03 17:18:00+00:00,2023-03-04 06:13:00+00:00,12.916666666666666
2023-03-04,2023-03-04 06:13:00+00:00,2023-03-04 17:20:00+00:00,2023-03-04T07:13:00+01:00,2023-03-04T18:20:00+01:00,2023-03-04 06:16:43.996760832+00:00,2023-03-04 17:21:15.393205760+00:00,-1.530840001576629,-0.7330065800530041,100,5,False,False,False,-3.7332793472000003,-1.2565534293333334,2023-03-04 17:20:00+00:00,2023-03-05 06:10:00+00:00,12.833333333333334
2023-03-05,2023-03-05 06:10:00+00:00,2023-03-05 17:22:00+00:00,2023-03-05T07:10:00+01:00,2023-03-05T18:22:00+01:00,2023-03-05 06:14:30.690448640+00:00,2023-03-05 17:23:02.528513536+00:00,-1.5354727758476892,-0.7419879466001253,100,5,False,False,False,-4.511507477333334,-1.0421418922666665,2023-03-05 17:22:00+00:00,2023-03-06 06:08:00+00:00,12.766666666666667
2023-03-06,2023-03-06 06:08:00+00:00,2023-03-06 17:24:00+00:00,2023-03-06T07:08:00+01:00,2023-03-06T18:24:00+01:00,2023-03-06 06:12:16.792399104+00:00,2023-03-06 17:24:49.375757056+00:00,-1.5398506123276454,-0.7508513720046452,100,5,False,False,False,-4.279873318400001,-0.8229292842666667,2023-03-06 17:24:00+00:00,2023-03-07 06:06:00+00:00,12.7
2023-03-07,2023-03-07 06:06:00+00:00,2023-03-07 17:26:00+00:00,2023-03-07T07:06:00+01:00,2023-03-07T18:26:00+01:00,2023-03-07 06:10:02.337589760+00:00,2023-03-07 17:26:35.944635136+00:00,-1.5439693212281427,-0.759591522208022,100,5,False,False,False,-4.038959829333333,-0.5990772522666667,2023-03-07 17:26:00+00:00,2023-03-08 06:04:00+00:00,12.633333333333333
2023-03-08,2023-03-08 06:04:00+00:00,2023-03-08 17:27:00+00:00,2023-03-08T07:04:00+01:00,2023-03-08T18:27:00+01:00,2023-03-08 06:07:47.360372992+00:00,2023-03-08 17:28:22.246309376+00:00,-1.5478250302792773,-0.7682031810465045,100,5,False,False,False,-3.789339549866667,-1.3707718229333332,2023-03-08 17:27:00+00:00,2023-03-09 06:01:00+00:00,12.566666666666666
2023-03-09,2023-03-09 06:01:00+00:00,2023-03-09 17:29:00+00:00,2023-03-09T07:01:00+01:00,2023-03-09T18:29:00+01:00,2023-03-09 06:05:31.894524160+00:00,2023-03-09 17:30:08.293150976+00:00,-1.5514141890199549,-0.7766812549094466,100,5,False,False,False,-4.531575402666666,-1.1382191829333335,2023-03-09 17:29:00+00:00,2023-03-10 05:59:00+00:00,12.5
2023-03-10,2023-03-10 05:59:00+00:00,2023-03-10 17:31:00+00:00,2023-03-10T06:59:00+01:00,2023-03-10T18:31:00+01:00,2023-03-10 06:03:15.973310976+00:00,2023-03-10 17:31:54.098351360+00:00,-1.554733572703845,-0.7850207772611784,100,5,False,False,False,-4.2662218496,-0.9016391893333334,2023-03-10 17:31:00+00:00,2023-03-11 05:57:00+00:00,12.433333333333334
2023-03-11,2023-03-11 05:57:00+00:00,2023-03-11 17:33:00+00:00,2023-03-11T06:57:00+01:00,2023-03-11T18:33:00+01:00,2023-03-11 06:00:59.629587456+00:00,2023-03-11 17:33:39.675442944+00:00,-1.5577802858163943,-0.7932169130215293,99,5,False,False,False,-3.9938264576,-0.6612573824,2023-03-11 17:33:00+00:00,2023-03-12 05:55:00+00:00,12.366666666666667
2023-03-12,2023-03-12 05:55:00+00:00,2023-03-12 17:35:00+00:00,2023-03-12T06:55:00+01:00,2023-03-12T18:35:00+01:00,2023-03-12 05:58:42.895874560+00:00,2023-03-12 17:35:25.037785344+00:00,-1.560551765198823,-0.8012649628002592,99,5,False,False,False,-3.7149312426666667,-0.4172964224,2023-03-12 17:35:00+00:00,2023-03-13 05:52:00+00:00,12.283333333333333
2023-03-13,2023-03-13 05:52:00+00:00,2023-03-13 17:36:00+00:00,2023-03-13T06:52:00+01:00,2023-03-13T18:36:00+01:00,2023-03-13 05:56:25.804409600+00:00,2023-03-13 17:37:10.198051328+00:00,-1.5630457827754918,-0.8091603669808151,99,5,False,False,False,-4.4300734933333334,-1.1699675221333334,2023-03-13 17:36:00+00:00,2023-03-14 05:50:00+00:00,12.233333333333333
2023-03-14,2023-03-14 05:50:00+00:00,2023-03-14 17:38:00+00:00,2023-03-14T06:50:00+01:00,2023-03-14T18:38:00+01:00,2023-03-14 05:54:08.387161856+00:00,2023-03-14 17:38:55.167730944+00:00,-1.5652604478814958,-0.8168987096490223,99,5,False,False,False,-4.139786030933333,-0.9194621824,2023-03-14 17:38:00+00:00,2023-03-15 05:48:00+00:00,12.166666666666666
2023-03-15,2023-03-15 05:48:00+00:00,2023-03-15 17:40:00+00:00,2023-03-15T06:48:00+01:00,2023-03-15T18:40:00+01:00,2023-03-15 05:51:50.675838208+00:00,2023-03-15 17:40:39.956748800+00:00,-1.5671942091878244,-0.8244757223624843,99,5,False,False,False,-3.8445973034666663,-0.6659458133333334,2023-03-15 17:40:00+00:00,2023-03-16 05:45:00+00:00,12.083333333333334
2023-03-16,2023-03-16 05:45:00+00:00,2023-03-16 17:42:00+00:00,2023-03-16T06:45:00+01:00,2023-03-16T18:42:00+01:00,2023-03-16 05:49:32.701886976+00:00,2023-03-16 17:42:24.573344512+00:00,-1.568845856221897,-0.83188728775666,99,5,False,False,False,-4.545031449600001,-0.40955574186666666,2023-03-16 17:42:00+00:00,2023-03-17 05:43:00+00:00,12.016666666666667
2023-03-17,2023-03-17 05:43:00+00:00,2023-03-17 17:44:00+00:00,2023-03-17T06:43:00+01:00,2023-03-17T18:44:00+01:00,2023-03-17 05:47:14.496460544+00:00,2023-03-17 17:44:09.024297984+00:00,-1.5702145204817652,-0.8391294429837773,99,5,False,False,False,-4.241607675733333,-0.1504049664,2023-03-17 17:44:00+00:00,2023-03-18 05:41:00+00:00,11.95
2023-03-18,2023-03-18 05:41:00+00:00,2023-03-18 17:45:00+00:00,2023-03-18T06:41:00+01:00,2023-03-18T18:45:00+01:00,2023-03-18 05:44:56.090293504+00:00,2023-03-18 17:45:53.315420928+00:00,-1.5712996761427565,-0.8461983829809294,99,5,False,False,False,-3.9348382250666663,-0.8885903488,2023-03-18 17:45:00+00:00,2023-03-19 05:38:00+00:00,11.883333333333333
2023-03-19,2023-03-19 05:38:00+00:00,2023-03-19 17:47:00+00:00,2023-03-19T06:38:00+01:00,2023-03-19T18:47:00+01:00,2023-03-19 05:42:37.513503232+00:00,2023-03-19 17:47:37.452064256+00:00,-1.5721011403558212,-0.8530904635639093,99,5,False,False,False,-4.625225053866667,-0.6242010709333333,2023-03-19 17:47:00+00:00,2023-03-20 05:36:00+00:00,11.816666666666666
2023-03-20,2023-03-20 05:36:00+00:00,2023-03-20 17:49:00+00:00,2023-03-20T06:36:00+01:00,2023-03-20T18:49:00+01:00,2023-03-20 05:40:18.795410944+00:00,2023-03-20 17:49:21.439403776+00:00,-1.5726190731373195,-0.8598022043435289,99,5,False,False,False,-4.313256849066667,-0.35732339626666665,2023-03-20 17:49:00+00:00,2023-03-21 05:34:00+00:00,11.75
2023-03-21,2023-03-21 05:34:00+00:00,2023-03-21 17:51:00+00:00,2023-03-21T06:34:00+01:00,2023-03-21T18:51:00+01:00,2023-03-21 05:37:59.964522496+00:00,2023-03-21 17:51:05.282427648+00:00,-1.57285397685048,-0.8663302914613897,99,5,False,False,False,-3.9994087082666665,-0.0880404608,2023-03-21 17:51:00+00:00,2023-03-22 05:31:00+00:00,11.666666666666666
2023-03-22,2023-03-22 05:31:00+00:00,2023-03-22 17:53:00+00:00,2023-03-22T06:31:00+01:00,2023-03-22T18:53:00+01:00,2023-03-22 05:35:41.048757504+00:00,2023-03-22 17:52:48.985798400+00:00,-1.5728066952792394,-0.8726715801422668,99,5,False,False,False,-4.684145958399999,0.18357002666666666,2023-03-22 17:53:00+00:00,2023-03-23 05:29:00+00:00,11.6
2023-03-23,2023-03-23 05:29:00+00:00,2023-03-23 17:54:00+00:00,2023-03-23T06:29:00+01:00,2023-03-23T18:54:00+01:00,2023-03-23 05:33:22.075874048+00:00,2023-03-23 17:54:32.553837312+00:00,-1.5724784122956648,-0.8788230970604922,99,5,False,False,False,-4.367931234133334,-0.5425639552,2023-03-23 17:54:00+00:00,2023-03-24 05:27:00+00:00,11.55
2023-03-24,2023-03-24 05:27:00+00:00,2023-03-24 17:56:00+00:00,2023-03-24T06:27:00+01:00,2023-03-24T18:56:00+01:00,2023-03-24 05:31:03.073940224+00:00,2023-03-24 17:56:15.990773760+00:00,-1.5718706501226243,-0.884782042517939,99,5,False,False,False,-4.051232337066667,-0.266512896,2023-03-24 17:56:00+00:00,2023-03-25 05:24:00+00:00,11.466666666666667
2023-03-25,2023-03-25 05:24:00+00:00,2023-03-25 17:58:00+00:00,2023-03-25T06:24:00+01:00,2023-03-25T18:58:00+01:00,2023-03-25 05:28:44.071670528+00:00,2023-03-25 17:57:59.301184512+00:00,-1.5709852671938793,-0.890545792431416,99,5,False,False,False,-4.734527842133334,0.011646924800000001,2023-03-25 17:58:00+00:00,2023-03-26 05:22:00+00:00,11.4
2023-03-26,2023-03-26 05:22:00+00:00,2023-03-26 18:00:00+00:00,2023-03-26T07:22:00+02:00,2023-03-26T20:00:00+02:00,2023-03-26 05:26:25.098545152+00:00,2023-03-26 17:59:42.490419200+00:00,-1.5698244556142225,-0.8961119001275198,99,5,False,False,False,-4.4183090858666665,0.2918263466666666,2023-03-26 18:00:00+00:00,2023-03-27 05:20:00+00:00,11.333333333333334
2023-03-27,2023-03-27 05:20:00+00:00,2023-03-27 18:01:00+00:00,2023-03-27T07:20:00+02:00,2023-03-27T20:01:00+02:00,2023-03-27 05:24:06.184735744+00:00,2023-03-27 18:01:25.564832256+00:00,-1.5683907382227777,-0.9014780979432022,99,5,False,False,False,-4.103078929066666,-0.4260805376,2023-03-27 18:01:00+00:00,2023-03-28 05:18:00+00:00,11.283333333333333
2023-03-28,2023-03-28 05:18:00+00:00,2023-03-28 18:03:00+00:00,2023-03-28T07:18:00+02:00,2023-03-28T20:03:00+02:00,2023-03-28 05:21:47.360934656+00:00,2023-03-28 18:03:08.531784448+00:00,-1.5666869652630382,-0.9066422986305417,97,5,False,False,False,-3.7893489109333336,-0.14219640746666667,2023-03-28 18:03:00+00:00,2023-03-29 05:15:00+00:00,11.2
2023-03-29,2023-03-29 05:15:00+00:00,2023-03-29 18:05:00+00:00,2023-03-29T07:15:00+02:00,2023-03-29T20:05:00+02:00,2023-03-29 05:19:28.658179328+00:00,2023-03-29 18:04:51.399490304+00:00,-1.5647163106636965,-0.9116025965644355,96,5,False,False,False,-4.477636322133334,0.14334182826666667,2023-03-29 18:05:00+00:00,2023-03-30 05:13:00+00:00,11.133333333333333
2023-03-30,2023-03-30 05:13:00+00:00,2023-03-30 18:07:00+00:00,2023-03-30T07:13:00+02:00,2023-03-30T20:07:00+02:00,2023-03-30 05:17:10.107715840+00:00,2023-03-30 18:06:34.176822272+00:00,-1.56248226793477,-0.9163572687521544,96,5,False,False,False,-4.168461930666667,0.4303862954666667,2023-03-30 18:07:00+00:00,2023-03-31 05:11:00+00:00,11.066666666666666
2023-03-31,2023-03-31 05:11:00+00:00,2023-03-31 18:08:00+00:00,2023-03-31T07:11:00+02:00,2023-03-31T20:08:00+02:00,2023-03-31 05:14:51.740911104+00:00,2023-03-31 18:08:16.873135872+00:00,-1.5599886456839893,-0.920904775643935,97,5,False,False,False,-3.8623485183999997,-0.28121893119999997,2023-03-31 18:08:00+00:00,2023-04-01 05:08:00+00:00,11.0
2023-04-01,2023-04-01 05:08:00+00:00,2023-04-01 18:10:00+00:00,2023-04-01T07:08:00+02:00,2023-04-01T20:10:00+02:00,2023-04-01 05:12:33.589201408+00:00,2023-04-01 18:09:59.498152960+00:00,-1.5572395627588635,-0.9252437617440133,96,5,False,False,False,-4.559820023466667,0.008364117333333334,2023-04-01 18:10:00+00:00,2023-04-02 05:06:00+00:00,10.933333333333334
2023-04-02,2023-04-02 05:06:00+00:00,2023-04-02 18:12:00+00:00,2023-04-02T07:06:00+02:00,2023-04-02T20:12:00+02:00,2023-04-02 05:10:15.684075264+00:00,2023-04-02 18:11:42.061906688+00:00,-1.5542394430202873,-0.9293730560217356,96,5,False,False,False,-4.2614012544,0.29896822186666666,2023-04-02 18:12:00+00:00,2023-04-03 05:04:00+00:00,10.866666666666667
2023-04-03,2023-04-03 05:04:00+00:00,2023-04-03 18:14:00+00:00,2023-04-03T07:04:00+02:00,2023-04-03T20:14:00+02:00,2023-04-03 05:07:58.057076480+00:00,2023-04-03 18:13:24.574748160+00:00,-1.5509930097539775,-0.9332916721226109,96,5,False,False,False,-3.9676179413333332,0.590420864,2023-04-03 18:14:00+00:00,2023-04-04 05:01:00+00:00,10.783333333333333
2023-04-04,2023-04-04 05:01:00+00:00,2023-04-04 18:15:00+00:00,2023-04-04T07:01:00+02:00,2023-04-04T20:15:00+02:00,2023-04-04 05:05:40.739820544+00:00,2023-04-04 18:15:07.047374080+00:00,-1.5475052797264728,-0.9369988083794087,96,5,False,False,False,-4.678997009066666,-0.11745623466666667,2023-04-04 18:15:00+00:00,2023-04-05 04:59:00+00:00,10.733333333333333
2023-04-05,2023-04-05 04:59:00+00:00,2023-04-05 18:17:00+00:00,2023-04-05T06:59:00+02:00,2023-04-05T20:17:00+02:00,2023-04-05 05:03:23.764012288+00:00,2023-04-05 18:16:49.490779392+00:00,-1.5437815568928412,-0.940493847623627,97,5,False,False,False,-4.396066871466667,0.1751536768,2023-04-05 18:17:00+00:00,2023-04-06 04:57:00+00:00,10.666666666666666
2023-04-06,2023-04-06 04:57:00+00:00,2023-04-06 18:19:00+00:00,2023-04-06T06:57:00+02:00,2023-04-06T20:19:00+02:00,2023-04-06 05:01:07.161477376+00:00,2023-04-06 18:18:31.916072192+00:00,-1.5398274257636535,-0.9437763567978936,100,5,False,False,False,-4.119357956266667,0.46806546346666666,2023-04-06 18:19:00+00:00,2023-04-07 04:55:00+00:00,10.6
2023-04-07,2023-04-07 04:55:00+00:00,2023-04-07 18:20:00+00:00,2023-04-07T06:55:00+02:00,2023-04-07T20:20:00+02:00,2023-04-07 04:58:50.964220672+00:00,2023-04-07 18:20:14.334110208+00:00,-1.5356487444391886,-0.9468460863700923,97,5,False,False,False,-3.849403677866667,-0.23890183680000002,2023-04-07 18:20:00+00:00,2023-04-08 04:52:00+00:00,10.533333333333333
2023-04-08,2023-04-08 04:52:00+00:00,2023-04-08 18:22:00+00:00,2023-04-08T06:52:00+02:00,2023-04-08T20:22:00+02:00,2023-04-08 04:56:35.204531712+00:00,2023-04-08 18:21:56.755019008+00:00,-1.5312516373192337,-0.9497029695502328,99,5,False,False,False,-4.5867421952,0.054083016533333333,2023-04-08 18:22:00+00:00,2023-04-09 04:50:00+00:00,10.466666666666667
2023-04-09,2023-04-09 04:50:00+00:00,2023-04-09 18:24:00+00:00,2023-04-09T06:50:00+02:00,2023-04-09T20:24:00+02:00,2023-04-09 04:54:19.915119872+00:00,2023-04-09 18:23:39.187662336+00:00,-1.5266424874972122,-0.9523471213113125,100,5,False,False,False,-4.331918664533333,0.3468722944,2023-04-09 18:24:00+00:00,2023-04-10 04:48:00+00:00,10.4
2023-04-10,2023-04-10 04:48:00+00:00,2023-04-10 18:26:00+00:00,2023-04-10T06:48:00+02:00,2023-04-10T20:26:00+02:00,2023-04-10 04:52:05.129245440+00:00,2023-04-10 18:25:21.639137024+00:00,-1.5218279288477683,-0.9547788372156449,98,5,False,False,False,-4.085487424,0.6393477162666666,2023-04-10 18:26:00+00:00,2023-04-11 04:46:00+00:00,10.333333333333334
2023-04-11,2023-04-11 04:46:00+00:00,2023-04-11 18:27:00+00:00,2023-04-11T06:46:00+02:00,2023-04-11T20:27:00+02:00,2023-04-11 04:49:50.880809984+00:00,2023-04-11 18:27:04.114336512+00:00,-1.5168148378172797,-0.9569985920483519,99,5,False,False,False,-3.8480134997333333,-0.0685722752,2023-04-11 18:27:00+00:00,2023-04-12 04:44:00+00:00,10.283333333333333
2023-04-12,2023-04-12 04:44:00+00:00,2023-04-12 18:29:00+00:00,2023-04-12T06:44:00+02:00,2023-04-12T20:29:00+02:00,2023-04-12 04:47:37.204372736+00:00,2023-04-12 18:28:46.615621120+00:00,-1.5116103249271375,-0.959007038259942,100,5,False,False,False,-3.6200728789333336,0.22307298133333334,2023-04-12 18:29:00+00:00,2023-04-13 04:41:00+00:00,10.2
2023-04-13,2023-04-13 04:41:00+00:00,2023-04-13 18:31:00+00:00,2023-04-13T06:41:00+02:00,2023-04-13T20:31:00+02:00,2023-04-13 04:45:24.135085568+00:00,2023-04-13 18:30:29.142640384+00:00,-1.5062217259999628,-0.9608050042201142,100,5,False,False,False,-4.402251426133334,0.5142893269333333,2023-04-13 18:31:00+00:00,2023-04-14 04:39:00+00:00,10.133333333333333
2023-04-14,2023-04-14 04:39:00+00:00,2023-04-14 18:33:00+00:00,2023-04-14T06:39:00+02:00,2023-04-14T20:33:00+02:00,2023-04-14 04:43:11.708546048+00:00,2023-04-14 18:32:11.692334848+00:00,-1.5006565931192628,-0.9623934922851447,99,5,False,False,False,-4.195142434133333,0.8051277525333334,2023-04-14 18:33:00+00:00,2023-04-15 04:37:00+00:00,10.066666666666666
2023-04-15,2023-04-15 04:37:00+00:00,2023-04-15 18:34:00+00:00,2023-04-15T06:37:00+02:00,2023-04-15T20:34:00+02:00,2023-04-15 04:40:59.960569856+00:00,2023-04-15 18:33:54.259070208+00:00,-1.4949226853333413,-0.9637736766814315,100,5,False,False,False,-3.9993428309333336,0.0956821632,2023-04-15 18:34:00+00:00,2023-04-16 04:35:00+00:00,10.016666666666667
2023-04-16,2023-04-16 04:35:00+00:00,2023-04-16 18:36:00+00:00,2023-04-16T06:35:00+02:00,2023-04-16T20:36:00+02:00,2023-04-16 04:38:48.926919680+00:00,2023-04-16 18:35:36.834809088+00:00,-1.4890279591145883,-0.9649469012079772,100,5,False,False,False,-3.8154486613333334,0.3860865152,2023-04-16 18:36:00+00:00,2023-04-17 04:33:00+00:00,9.95
2023-04-17,2023-04-17 04:33:00+00:00,2023-04-17 18:38:00+00:00,2023-04-17T06:33:00+02:00,2023-04-17T20:38:00+02:00,2023-04-17 04:36:38.643060480+00:00,2023-04-17 18:37:19.409222912+00:00,-1.4829805585855529,-0.9659146767608027,100,5,False,False,False,-3.644051008,0.6765129514666667,2023-04-17 18:38:00+00:00,2023-04-18 04:31:00+00:00,9.883333333333333
2023-04-18,2023-04-18 04:31:00+00:00,2023-04-18 18:39:00+00:00,2023-04-18T06:31:00+02:00,2023-04-18T20:39:00+02:00,2023-04-18 04:34:29.144049664+00:00,2023-04-18 18:39:01.969720832+00:00,-1.4767888055234906,-0.9666786786824889,100,5,False,False,False,-3.4857341610666666,-0.032828680533333335,2023-04-18 18:39:00+00:00,2023-04-19 04:28:00+00:00,9.816666666666666
2023-04-19,2023-04-19 04:28:00+00:00,2023-04-19 18:41:00+00:00,2023-04-19T06:28:00+02:00,2023-04-19T20:41:00+02:00,2023-04-19 04:32:20.464644352+00:00,2023-04-19 18:40:44.501484032+00:00,-1.470461189155328,-0.9672407439402391,100,5,False,False,False,-4.341077405866667,0.2583085994666667,2023-04-19 18:41:00+00:00,2023-04-20 04:26:00+00:00,9.75
2023-04-20,2023-04-20 04:26:00+00:00,2023-04-20 18:43:00+00:00,2023-04-20T06:26:00+02:00,2023-04-20T20:43:00+02:00,2023-04-20 04:30:12.639633920+00:00,2023-04-20 18:42:26.987617024+00:00,-1.4640063557552463,-0.9676028681360589,100,5,False,False,False,-4.210660565333333,0.5502063829333333,2023-04-20 18:43:00+00:00,2023-04-21 04:24:00+00:00,9.683333333333334
2023-04-21,2023-04-21 04:24:00+00:00,2023-04-21 18:45:00+00:00,2023-04-21T06:24:00+02:00,2023-04-21T20:45:00+02:00,2023-04-21 04:28:05.704300544+00:00,2023-04-21 18:44:09.409471488+00:00,-1.4574330980573107,-0.9677672023528339,100,5,False,False,False,-4.095071675733333,0.8431754752,2023-04-21 18:45:00+00:00,2023-04-22 04:22:00+00:00,9.616666666666667
2023-04-22,2023-04-22 04:22:00+00:00,2023-04-22 18:46:00+00:00,2023-04-22T06:22:00+02:00,2023-04-22T20:46:00+02:00,2023-04-22 04:25:59.694851840+00:00,2023-04-22 18:45:51.747089920+00:00,-1.450750344495794,-0.9677360498402796,100,5,False,False,False,-3.9949141973333337,0.13754850133333332,2023-04-22 18:46:00+00:00,2023-04-23 04:20:00+00:00,9.566666666666666
2023-04-23,2023-04-23 04:20:00+00:00,2023-04-23 18:48:00+00:00,2023-04-23T06:20:00+02:00,2023-04-23T20:48:00+02:00,2023-04-23 04:23:54.648682496+00:00,2023-04-23 18:47:33.979623680+00:00,-1.4439671482860514,-0.9675118625449155,100,5,False,False,False,-3.910811374933333,0.4336729386666667,2023-04-23 18:48:00+00:00,2023-04-24 04:18:00+00:00,9.5
2023-04-24,2023-04-24 04:18:00+00:00,2023-04-24 18:50:00+00:00,2023-04-24T06:18:00+02:00,2023-04-24T20:50:00+02:00,2023-04-24 04:21:50.604426752+00:00,2023-04-24 18:49:16.085611264+00:00,-1.437092676358979,-0.967097237488399,100,5,False,False,False,-3.8434071125333333,0.7319064789333333,2023-04-24 18:50:00+00:00,2023-04-25 04:16:00+00:00,9.433333333333334
2023-04-25,2023-04-25 04:16:00+00:00,2023-04-25 18:51:00+00:00,2023-04-25T06:16:00+02:00,2023-04-25T20:51:00+02:00,2023-04-25 04:19:47.601849088+00:00,2023-04-25 18:50:58.043065600+00:00,-1.4301361981622822,-0.9664949129987196,100,5,False,False,False,-3.7933641514666667,0.032615573333333335,2023-04-25 18:51:00+00:00,2023-04-26 04:14:00+00:00,9.383333333333333
2023-04-26,2023-04-26 04:14:00+00:00,2023-04-26 18:53:00+00:00,2023-04-26T06:14:00+02:00,2023-04-26T20:53:00+02:00,2023-04-26 04:17:45.681679360+00:00,2023-04-26 18:52:39.829411328+00:00,-1.4231070743419154,-0.9657077647989271,100,5,False,False,False,-3.7613613226666667,0.33617647786666666,2023-04-26 18:53:00+00:00,2023-04-27 04:12:00+00:00,9.316666666666666
2023-04-27,2023-04-27 04:12:00+00:00,2023-04-27 18:55:00+00:00,2023-04-27T06:12:00+02:00,2023-04-27T20:55:00+02:00,2023-04-27 04:15:44.885465088+00:00,2023-04-27 18:54:21.421363200+00:00,-1.4160147453172098,-0.9647388019582261,100,5,False,False,False,-3.7480910848,0.64297728,2023-04-27 18:55:00+00:00,2023-04-28 04:10:00+00:00,9.25
2023-04-28,2023-04-28 04:10:00+00:00,2023-04-28 18:56:00+00:00,2023-04-28T06:10:00+02:00,2023-04-28T20:56:00+02:00,2023-04-28 04:13:45.255465472+00:00,2023-04-28 18:56:02.794805248+00:00,-1.4088687197633338,-0.9635911627104277,100,5,False,False,False,-3.7542577578666667,-0.04658008746666666,2023-04-28 18:56:00+00:00,2023-04-29 04:08:00+00:00,9.2
2023-04-29,2023-04-29 04:08:00+00:00,2023-04-29 18:58:00+00:00,2023-04-29T06:08:00+02:00,2023-04-29T20:58:00+02:00,2023-04-29 04:11:46.834582272+00:00,2023-04-29 18:57:43.924724736+00:00,-1.40167856301482,-0.9622681101448897,100,5,False,False,False,-3.7805763712,0.2679212544,2023-04-29 18:58:00+00:00,2023-04-30 04:06:00+00:00,9.133333333333333
2023-04-30,2023-04-30 04:06:00+00:00,2023-04-30 19:00:00+00:00,2023-04-30T06:06:00+02:00,2023-04-30T21:00:00+02:00,2023-04-30 04:09:49.666312704+00:00,2023-04-30 18:59:24.785209344+00:00,-1.3944538854040174,-0.9607730277752372,100,5,False,False,False,-3.8277718784,0.5869131776,2023-04-30 19:00:00+00:00,2023-05-01 04:04:00+00:00,9.066666666666666
2023-05-01,2023-05-01 04:04:00+00:00,2023-05-01 19:01:00+00:00,2023-05-01T06:04:00+02:00,2023-05-01T21:01:00+02:00,2023-05-01 04:07:53.794728448+00:00,2023-05-01 19:01:05.349509888+00:00,-1.3872043305483703,-0.9591094149912744,100,5,False,False,False,-3.8965788074666667,-0.08915849813333333,2023-05-01 19:01:00+00:00,2023-05-02 04:03:00+00:00,9.033333333333333
2023-05-02,2023-05-02 04:03:00+00:00,2023-05-02 19:03:00+00:00,2023-05-02T06:03:00+02:00,2023-05-02T21:03:00+02:00,2023-05-02 04:05:59.264478464+00:00,2023-05-02 19:02:45.590129408+00:00,-1.3799395636005125,-0.957280882399641,100,5,False,False,False,-2.9877413077333332,0.24016450986666668,2023-05-02 19:03:00+00:00,2023-05-03 04:01:00+00:00,8.966666666666667
2023-05-03,2023-05-03 04:01:00+00:00,2023-05-03 19:05:00+00:00,2023-05-03T06:01:00+02:00,2023-05-03T21:05:00+02:00,2023-05-03 04:04:06.120797440+00:00,2023-05-03 19:04:25.478870016+00:00,-1.3726692594751937,-0.9552911470588864,100,5,False,False,False,-3.1020132906666666,0.5753521664,2023-05-03 19:05:00+00:00,2023-05-04 03:59:00+00:00,8.9
2023-05-04,2023-05-04 03:59:00+00:00,2023-05-04 19:06:00+00:00,2023-05-04T05:59:00+02:00,2023-05-04T21:06:00+02:00,2023-05-04 04:02:14.409508352+00:00,2023-05-04 19:06:04.986745856+00:00,-1.3654030910670807,-0.9531440276147534,100,5,False,False,False,-3.240158472533333,-0.08311243093333333,2023-05-04 19:06:00+00:00,2023-05-05 03:57:00+00:00,8.85
2023-05-05,2023-05-05 03:57:00+00:00,2023-05-05 19:08:00+00:00,2023-05-05T05:57:00+02:00,2023-05-05T21:08:00+02:00,2023-05-05 04:00:24.177027328+00:00,2023-05-05 19:07:44.083705344+00:00,-1.3581507174735032,-0.9508434393415721,100,5,False,False,False,-3.4029504554666667,0.2652715776,2023-05-05 19:08:00+00:00,2023-05-06 03:55:00+00:00,8.783333333333333
2023-05-06,2023-05-06 03:55:00+00:00,2023-05-06 19:10:00+00:00,2023-05-06T05:55:00+02:00,2023-05-06T21:10:00+02:00,2023-05-06 03:58:35.470426624+00:00,2023-05-06 19:09:22.738175232+00:00,-1.350921772236182,-0.9483933890957718,100,5,False,False,False,-3.5911737770666665,0.6210304127999999,2023-05-06 19:10:00+00:00,2023-05-07 03:54:00+00:00,8.733333333333333
2023-05-07,2023-05-07 03:54:00+00:00,2023-05-07 19:11:00+00:00,2023-05-07T05:54:00+02:00,2023-05-07T21:11:00+02:00,2023-05-07 03:56:48.337593088+00:00,2023-05-07 19:11:00.916523520+00:00,-1.3437258516159778,-0.9457979701876071,100,5,False,False,False,-2.8056265514666667,-0.015275392,2023-05-07 19:11:00+00:00,2023-05-08 03:52:00+00:00,8.683333333333334
2023-05-08,2023-05-08 03:52:00+00:00,2023-05-08 19:13:00+00:00,2023-05-08T05:52:00+02:00,2023-05-08T21:13:00+02:00,2023-05-08 03:55:02.827457792+00:00,2023-05-08 19:12:38.582564864+00:00,-1.3365725029146418,-0.9430613571772958,100,5,False,False,False,-3.047124296533333,0.3569572522666667,2023-05-08 19:13:00+00:00,2023-05-09 03:50:00+00:00,8.616666666666667
2023-05-09,2023-05-09 03:50:00+00:00,2023-05-09 19:15:00+00:00,2023-05-09T05:50:00+02:00,2023-05-09T21:15:00+02:00,2023-05-09 03:53:18.990197504+00:00,2023-05-09 19:14:15.697196544+00:00,-1.3294712128575035,-0.940187800601833,100,5,False,False,False,-3.3165032917333335,0.7383800576,2023-05-09 19:15:00+00:00,2023-05-10 03:48:00+00:00,8.55
2023-05-10,2023-05-10 03:48:00+00:00,2023-05-10 19:16:00+00:00,2023-05-10T05:48:00+02:00,2023-05-10T21:16:00+02:00,2023-05-10 03:51:36.877266176+00:00,2023-05-10 19:15:52.218175232+00:00,-1.3224313960509506,-0.9371816216388349,100,5,False,False,False,-3.6146211029333335,0.12969707946666667,2023-05-10 19:16:00+00:00,2023-05-11 03:47:00+00:00,8.516666666666667
2023-05-11,2023-05-11 03:47:00+00:00,2023-05-11 19:18:00+00:00,2023-05-11T05:47:00+02:00,2023-05-11T21:18:00+02:00,2023-05-11 03:49:56.541188864+00:00,2023-05-11 19:17:28.099990784+00:00,-1.315462383528474,-0.9340472067138192,101,6,False,False,False,-2.9423531477333333,0.5316668202666667,2023-05-11 19:18:00+00:00,2023-05-12 03:45:00+00:00,8.45
2023-05-12,2023-05-12 03:45:00+00:00,2023-05-12 19:19:00+00:00,2023-05-12T05:45:00+02:00,2023-05-12T21:19:00+02:00,2023-05-12 03:48:18.035132928+00:00,2023-05-12 19:19:03.293781760+00:00,-1.308573411398936,-0.9307890020573975,102,6,False,False,False,-3.3005855488,-0.054896362666666663,2023-05-12 19:19:00+00:00,2023-05-13 03:44:00+00:00,8.416666666666666
2023-05-13,2023-05-13 03:44:00+00:00,2023-05-13 19:21:00+00:00,2023-05-13T05:44:00+02:00,2023-05-13T21:21:00+02:00,2023-05-13 03:46:41.412369920+00:00,2023-05-13 19:20:37.747278336+00:00,-1.3017736096106076,-0.9274115082189013,103,6,False,False,False,-2.6902061653333336,0.3708786944,2023-05-13 19:21:00+00:00,2023-05-14 03:42:00+00:00,8.35
2023-05-14,2023-05-14 03:42:00+00:00,2023-05-14 19:22:00+00:00,2023-05-14T05:42:00+02:00,2023-05-14T21:22:00+02:00,2023-05-14 03:45:06.725763584+00:00,2023-05-14 19:22:11.404799232+00:00,-1.2950719908443706,-0.9239192745430095,104,6,False,False,False,-3.112096059733333,-0.1900799872,2023-05-14 19:22:00+00:00,2023-05-15 03:41:00+00:00,8.316666666666666
2023-05-15,2023-05-15 03:41:00+00:00,2023-05-15 19:24:00+00:00,2023-05-15T05:41:00+02:00,2023-05-15T21:24:00+02:00,2023-05-15 03:43:34.027373568+00:00,2023-05-15 19:23:44.207331584+00:00,-1.2884774395493415,-0.9203168936159776,105,6,False,False,False,-2.5671228928,0.26321114026666664,2023-05-15 19:24:00+00:00,2023-05-16 03:39:00+00:00,8.25
2023-05-16,2023-05-16 03:39:00+00:00,2023-05-16 19:25:00+00:00,2023-05-16T05:39:00+02:00,2023-05-16T21:25:00+02:00,2023-05-16 03:42:03.368246272+00:00,2023-05-16 19:25:16.092713728+00:00,-1.2819987011339873,-0.9166089956881007,106,6,False,False,False,-3.0561374378666666,-0.2682118954666667,2023-05-16 19:25:00+00:00,2023-05-17 03:38:00+00:00,8.216666666666667
2023-05-17,2023-05-17 03:38:00+00:00,2023-05-17 19:27:00+00:00,2023-05-17T05:38:00+02:00,2023-05-17T21:27:00+02:00,2023-05-17 03:40:34.798422272+00:00,2023-05-17 19:26:46.995909632+00:00,-1.2756443713256347,-0.9128002430790616,106,6,False,False,False,-2.5799737045333333,0.21673483946666666,2023-05-17 19:27:00+00:00,2023-05-18 03:36:00+00:00,8.15
2023-05-18,2023-05-18 03:36:00+00:00,2023-05-18 19:28:00+00:00,2023-05-18T05:36:00+02:00,2023-05-18T21:28:00+02:00,2023-05-18 03:39:08.367153664+00:00,2023-05-18 19:28:16.849377280+00:00,-1.2694228857110588,-0.908895324572823,106,6,False,False,False,-3.139452561066667,-0.2808229546666666,2023-05-18 19:28:00+00:00,2023-05-19 03:35:00+00:00,8.116666666666667
2023-05-19,2023-05-19 03:35:00+00:00,2023-05-19 19:30:00+00:00,2023-05-19T05:35:00+02:00,2023-05-19T21:30:00+02:00,2023-05-19 03:37:44.123267328+00:00,2023-05-19 19:29:45.583520512+00:00,-1.2633425094706319,-0.9048989498087334,106,6,False,False,False,-2.7353877887999998,0.24027465813333335,2023-05-19 19:30:00+00:00,2023-05-20 03:34:00+00:00,8.066666666666666
2023-05-20,2023-05-20 03:34:00+00:00,2023-05-20 19:31:00+00:00,2023-05-20T05:34:00+02:00,2023-05-20T21:31:00+02:00,2023-05-20 03:36:22.115552256+00:00,2023-05-20 19:31:13.127202816+00:00,-1.257411327318277,-0.9008158436755087,107,6,False,False,False,-2.3685925376,-0.21878671360000002,2023-05-20 19:31:00+00:00,2023-05-21 03:32:00+00:00,8.016666666666667
2023-05-21,2023-05-21 03:32:00+00:00,2023-05-21 19:33:00+00:00,2023-05-21T05:32:00+02:00,2023-05-21T21:33:00+02:00,2023-05-21 03:35:02.393022720+00:00,2023-05-21 19:32:39.408262656+00:00,-1.2516372336592296,-0.8966507407147415,108,6,False,False,False,-3.039883712,0.34319562239999996,2023-05-21 19:33:00+00:00,2023-05-22 03:31:00+00:00,7.966666666666667
2023-05-22,2023-05-22 03:31:00+00:00,2023-05-22 19:34:00+00:00,2023-05-22T05:31:00+02:00,2023-05-22T21:34:00+02:00,2023-05-22 03:33:45.004982528+00:00,2023-05-22 19:34:04.353947136+00:00,-1.246027922977349,-0.8924083795405682,109,6,False,False,False,-2.7500830421333333,-0.0725657856,2023-05-22 19:34:00+00:00,2023-05-23 03:30:00+00:00,7.933333333333334
2023-05-23,2023-05-23 03:30:00+00:00,2023-05-23 19:35:00+00:00,2023-05-23T05:30:00+02:00,2023-05-23T21:35:00+02:00,2023-05-23 03:32:30.000901376+00:00,2023-05-23 19:35:27.891213824+00:00,-1.2405908804634462,-0.8880934972821013,110,6,False,False,False,-2.5000150229333333,-0.46485356373333336,2023-05-23 19:35:00+00:00,2023-05-24 03:29:00+00:00,7.9
2023-05-24,2023-05-24 03:29:00+00:00,2023-05-24 19:37:00+00:00,2023-05-24T05:29:00+02:00,2023-05-24T21:37:00+02:00,2023-05-24 03:31:17.430190592+00:00,2023-05-24 19:36:49.946903808+00:00,-1.235333372895812,-0.8837108240551943,111,6,False,False,False,-2.2905031765333335,0.1675516032,2023-05-24 19:37:00+00:00,2023-05-25 03:27:00+00:00,7.833333333333333
2023-05-25,2023-05-25 03:27:00+00:00,2023-05-25 19:38:00+00:00,2023-05-25T05:27:00+02:00,2023-05-25T21:38:00+02:00,2023-05-25 03:30:07.341953024+00:00,2023-05-25 19:38:10.447854848+00:00,-1.2302624397838289,-0.8792650774700654,112,6,False,False,False,-3.122365883733333,-0.17413091413333334,2023-05-25 19:38:00+00:00,2023-05-26 03:26:00+00:00,7.8
2023-05-26,2023-05-26 03:26:00+00:00,2023-05-26 19:39:00+00:00,2023-05-26T05:26:00+02:00,2023-05-26T21:39:00+02:00,2023-05-26 03:28:59.784749568+00:00,2023-05-26 19:39:29.321025280+00:00,-1.2253848847852316,-0.8747609571812586,113,6,False,False,False,-2.9964124927999998,-0.4886837546666667,2023-05-26 19:39:00+00:00,2023-05-27 03:25:00+00:00,7.766666666666667
2023-05-27,2023-05-27 03:25:00+00:00,2023-05-27 19:41:00+00:00,2023-05-27T05:25:00+02:00,2023-05-27T21:41:00+02:00,2023-05-27 03:27:54.806377472+00:00,2023-05-27 19:40:46.493661440+00:00,-1.220707267407263,-0.8702031394863555,114,6,False,True,False,-2.9134396245333334,0.22510564266666666,2023-05-27 19:41:00+00:00,2023-05-28 03:24:00+00:00,7.716666666666667
2023-05-28,2023-05-28 03:24:00+00:00,2023-05-28 19:42:00+00:00,2023-05-28T05:24:00+02:00,2023-05-28T21:42:00+02:00,2023-05-28 03:26:52.453672704+00:00,2023-05-28 19:42:01.893517312+00:00,-1.2162358950016292,-0.8655962719797945,115,6,False,True,False,-2.8742278784,-0.031558621866666664,2023-05-28 19:42:00+00:00,2023-05-29 03:23:00+00:00,7.683333333333334
2023-05-29,2023-05-29 03:23:00+00:00,2023-05-29 19:43:00+00:00,2023-05-29T05:23:00+02:00,2023-05-29T21:43:00+02:00,2023-05-29 03:25:52.772364032+00:00,2023-05-29 19:43:15.449117952+00:00,-1.2119768150628099,-0.86094496826807,116,6,False,True,False,-2.8795394005333335,-0.2574852992,2023-05-29 19:43:00+00:00,2023-05-30 03:22:00+00:00,7.65
2023-05-30,2023-05-30 03:22:00+00:00,2023-05-30 19:44:00+00:00,2023-05-30T05:22:00+02:00,2023-05-30T21:44:00+02:00,2023-05-30 03:24:55.806981632+00:00,2023-05-30 19:44:27.090056192+00:00,-1.2079358078389182,-0.8562538027525138,117,6,False,False,False,-2.9301163605333334,-0.4515009365333333,2023-05-30 19:44:00+00:00,2023-05-31 03:21:00+00:00,7.616666666666666
2023-05-31,2023-05-31 03:21:00+00:00,2023-05-31 19:45:00+00:00,2023-05-31T05:21:00+02:00,2023-05-31T21:45:00+02:00,2023-05-31 03:24:01.600784640+00:00,2023-05-31 19:45:36.747288576+00:00,-1.2041183792639376,-0.8515273054857647,117,6,False,False,False,-3.026679744,-0.6124548096000001,2023-05-31 19:45:00+00:00,2023-06-01 03:21:00+00:00,7.6
2023-06-01,2023-06-01 03:21:00+00:00,2023-06-01 19:46:00+00:00,2023-06-01T05:21:00+02:00,2023-06-01T21:46:00+02:00,2023-06-01 03:23:10.195657472+00:00,2023-06-01 19:46:44.353338112+00:00,-1.2005297542197695,-0.8467699571079419,117,6,False,False,False,-2.1699276245333334,-0.7392223018666667,2023-06-01 19:46:00+00:00,2023-06-02 03:20:00+00:00,7.566666666666666
2023-06-02,2023-06-02 03:20:00+00:00,2023-06-02 19:47:00+00:00,2023-06-02T05:20:00+02:00,2023-06-02T21:47:00+02:00,2023-06-02 03:22:21.631970816+00:00,2023-06-02 19:47:49.842303488+00:00,-1.1971748701361464,-0.8419861838684308,117,6,False,False,False,-2.3605328469333333,-0.8307050581333333,2023-06-02 19:47:00+00:00,2023-06-03 03:19:00+00:00,7.533333333333333
2023-06-03,2023-06-03 03:19:00+00:00,2023-06-03 19:48:00+00:00,2023-06-03T05:19:00+02:00,2023-06-03T21:48:00+02:00,2023-06-03 03:21:35.948494080+00:00,2023-06-03 19:48:53.149635584+00:00,-1.1940583709360564,-0.8371803527390866,117,6,False,False,False,-2.599141568,-0.8858272597333333,2023-06-03 19:48:00+00:00,2023-06-04 03:18:00+00:00,7.5
2023-06-04,2023-06-04 03:18:00+00:00,2023-06-04 19:49:00+00:00,2023-06-04T05:18:00+02:00,2023-06-04T21:49:00+02:00,2023-06-04 03:20:53.182460672+00:00,2023-06-04 19:49:54.211763456+00:00,-1.1911846013339114,-0.8323567666245387,117,6,False,False,False,-2.886374344533333,-0.9035293909333333,2023-06-04 19:49:00+00:00,2023-06-05 03:18:00+00:00,7.483333333333333
2023-06-05,2023-06-05 03:18:00+00:00,2023-06-05 19:50:00+00:00,2023-06-05T05:18:00+02:00,2023-06-05T21:50:00+02:00,2023-06-05 03:20:13.369796608+00:00,2023-06-05 19:50:52.965750016+00:00,-1.1885576014932804,-0.8275196596751575,116,6,False,False,False,-2.2228299434666665,-0.8827625002666667,2023-06-05 19:50:00+00:00,2023-06-06 03:17:00+00:00,7.45
2023-06-06,2023-06-06 03:17:00+00:00,2023-06-06 19:51:00+00:00,2023-06-06T05:17:00+02:00,2023-06-06T21:51:00+02:00,2023-06-06 03:19:36.545358592+00:00,2023-06-06 19:51:49.349121536+00:00,-1.1861811020505746,-0.8226731927081192,117,6,False,False,False,-2.609089309866667,-0.8224853589333333,2023-06-06 19:51:00+00:00,2023-06-07 03:17:00+00:00,7.433333333333334
2023-06-07,2023-06-07 03:17:00+00:00,2023-06-07 19:52:00+00:00,2023-06-07T05:17:00+02:00,2023-06-07T21:52:00+02:00,2023-06-07 03:19:02.742938368+00:00,2023-06-07 19:52:43.299899904+00:00,-1.1840585195106335,-0.8178214487418629,118,6,False,False,False,-2.0457156394666667,-0.7216649984,2023-06-07 19:52:00+00:00,2023-06-08 03:16:00+00:00,7.4
2023-06-08,2023-06-08 03:16:00+00:00,2023-06-08 19:53:00+00:00,2023-06-08T05:16:00+02:00,2023-06-08T21:53:00+02:00,2023-06-08 03:18:31.994845184+00:00,2023-06-08 19:53:34.756728576+00:00,-1.182192952019734,-0.8129684286490949,119,6,False,False,False,-2.5332474197333337,-0.5792788096,2023-06-08 19:53:00+00:00,2023-06-09 03:16:00+00:00,7.383333333333334
2023-06-09,2023-06-09 03:16:00+00:00,2023-06-09 19:54:00+00:00,2023-06-09T05:16:00+02:00,2023-06-09T21:54:00+02:00,2023-06-09 03:18:04.331085568+00:00,2023-06-09 19:54:23.658986752+00:00,-1.1805871755210742,-0.8081180469333481,120,6,False,False,False,-2.072184759466667,-0.3943164458666667,2023-06-09 19:54:00+00:00,2023-06-10 03:15:00+00:00,7.35
2023-06-10,2023-06-10 03:15:00+00:00,2023-06-10 19:54:00+00:00,2023-06-10T05:15:00+02:00,2023-06-10T21:54:00+02:00,2023-06-10 03:17:39.778345472+00:00,2023-06-10 19:55:09.946848+00:00,-1.1792436402973427,-0.8032741276339457,120,6,False,False,False,-2.6629724245333337,-1.1657808,2023-06-10 19:54:00+00:00,2023-06-11 03:15:00+00:00,7.35
2023-06-11,2023-06-11 03:15:00+00:00,2023-06-11 19:55:00+00:00,2023-06-11T05:15:00+02:00,2023-06-11T21:55:00+02:00,2023-06-11 03:17:18.359056896+00:00,2023-06-11 19:55:53.561363456+00:00,-1.178164467904528,-0.7984404003640647,120,6,False,False,False,-2.3059842816,-0.8926893909333333,2023-06-11 19:55:00+00:00,2023-06-12 03:15:00+00:00,7.333333333333333
2023-06-12,2023-06-12 03:15:00+00:00,2023-06-12 19:56:00+00:00,2023-06-12T05:15:00+02:00,2023-06-12T21:56:00+02:00,2023-06-12 03:17:00.090759936+00:00,2023-06-12 19:56:34.444646912+00:00,-1.1773514485006364,-0.7936204964864217,120,6,False,False,False,-2.0015126656,-0.5740774485333334,2023-06-12 19:56:00+00:00,2023-06-13 03:14:00+00:00,7.3
2023-06-13,2023-06-13 03:14:00+00:00,2023-06-13 19:56:00+00:00,2023-06-13T05:14:00+02:00,2023-06-13T21:56:00+02:00,2023-06-13 03:16:44.985830400+00:00,2023-06-13 19:57:12.540189696+00:00,-1.176806038572545,-0.7888179454309416,120,6,False,False,False,-2.74976384,-1.2090031615999999,2023-06-13 19:56:00+00:00,2023-06-14 03:14:00+00:00,7.3
2023-06-14,2023-06-14 03:14:00+00:00,2023-06-14 19:57:00+00:00,2023-06-14T05:14:00+02:00,2023-06-14T21:57:00+02:00,2023-06-14 03:16:33.051520256+00:00,2023-06-14 19:57:47.793268736+00:00,-1.1765293590637171,-0.7840361711585858,120,6,False,False,False,-2.550858670933333,-0.7965544789333333,2023-06-14 19:57:00+00:00,2023-06-15 03:14:00+00:00,7.283333333333333
2023-06-15,2023-06-15 03:14:00+00:00,2023-06-15 19:57:00+00:00,2023-06-15T05:14:00+02:00,2023-06-15T21:57:00+02:00,2023-06-15 03:16:24.290226944+00:00,2023-06-15 19:58:20.151383552+00:00,-1.1765221939050516,-0.7792784887753396,120,6,False,False,False,-2.4048371157333337,-1.3358563925333333,2023-06-15 19:57:00+00:00,2023-06-16 03:14:00+00:00,7.283333333333333
2023-06-16,2023-06-16 03:14:00+00:00,2023-06-16 19:58:00+00:00,2023-06-16T05:14:00+02:00,2023-06-16T21:58:00+02:00,2023-06-16 03:16:18.699877376+00:00,2023-06-16 19:58:49.564710912+00:00,-1.1767849889506423,-0.7745481013001766,120,6,False,False,False,-2.3116646229333333,-0.8260785152000001,2023-06-16 19:58:00+00:00,2023-06-17 03:14:00+00:00,7.266666666666667
2023-06-17,2023-06-17 03:14:00+00:00,2023-06-17 19:58:00+00:00,2023-06-17T05:14:00+02:00,2023-06-17T21:58:00+02:00,2023-06-17 03:16:16.274345472+00:00,2023-06-17 19:59:15.986569472+00:00,-1.1773178513197537,-0.7698480965906176,120,6,False,False,False,-2.2712390912,-1.2664428245333332,2023-06-17 19:58:00+00:00,2023-06-18 03:14:00+00:00,7.266666666666667
2023-06-18,2023-06-18 03:14:00+00:00,2023-06-18 19:59:00+00:00,2023-06-18T05:14:00+02:00,2023-06-18T21:59:00+02:00,2023-06-18 03:16:17.003796224+00:00,2023-06-18 19:59:39.373870592+00:00,-1.1781205491458269,-0.7651814444293199,120,6,False,False,False,-2.2833966037333338,-0.6562311765333334,2023-06-18 19:59:00+00:00,2023-06-19 03:14:00+00:00,7.25
2023-06-19,2023-06-19 03:14:00+00:00,2023-06-19 19:59:00+00:00,2023-06-19T05:14:00+02:00,2023-06-19T21:59:00+02:00,2023-06-19 03:16:20.874917376+00:00,2023-06-19 19:59:59.687496192+00:00,-1.1791925117328532,-0.760550993774926,120,6,False,False,False,-2.3479152896000004,-0.9947916031999999,2023-06-19 19:59:00+00:00,2023-06-20 03:14:00+00:00,7.25
2023-06-20,2023-06-20 03:14:00+00:00,2023-06-20 19:59:00+00:00,2023-06-20T05:14:00+02:00,2023-06-20T21:59:00+02:00,2023-06-20 03:16:27.871007488+00:00,2023-06-20 20:00:16.892550912+00:00,-1.1805328301189661,-0.7559594701802013,120,6,False,False,False,-2.4645167914666666,-1.2815425152000002,2023-06-20 19:59:00+00:00,2023-06-21 03:14:00+00:00,7.25
2023-06-21,2023-06-21 03:14:00+00:00,2023-06-21 19:59:00+00:00,2023-06-21T05:14:00+02:00,2023-06-21T21:59:00+02:00,2023-06-21 03:16:37.971973376+00:00,2023-06-21 20:00:30.958500864+00:00,-1.1821402580466112,-0.7514094733802871,120,6,False,False,False,-2.632866222933333,-1.5159750144,2023-06-21 19:59:00+00:00,2023-06-22 03:14:00+00:00,7.25
2023-06-22,2023-06-22 03:14:00+00:00,2023-06-22 19:59:00+00:00,2023-06-22T05:14:00+02:00,2023-06-22T21:59:00+02:00,2023-06-22 03:16:51.154270976+00:00,2023-06-22 20:00:41.859248896+00:00,-1.1840132133381835,-0.7469034750536836,120,6,False,False,False,-2.852571182933333,-1.6976541482666667,2023-06-22 19:59:00+00:00,2023-06-23 03:15:00+00:00,7.266666666666667
2023-06-23,2023-06-23 03:15:00+00:00,2023-06-23 20:00:00+00:00,2023-06-23T05:15:00+02:00,2023-06-23T22:00:00+02:00,2023-06-23 03:17:07.390836480+00:00,2023-06-23 20:00:49.573201664+00:00,-1.1861497796755271,-0.7424438167583659,120,6,False,False,False,-2.123180608,-0.8262200277333334,2023-06-23 20:00:00+00:00,2023-06-24 03:15:00+00:00,7.25
2023-06-24,2023-06-24 03:15:00+00:00,2023-06-24 20:00:00+00:00,2023-06-24T05:15:00+02:00,2023-06-24T22:00:00+02:00,2023-06-24 03:17:26.651038976+00:00,2023-06-24 20:00:54.083334656+00:00,-1.1885477087812153,-0.7380327080452262,120,6,False,False,False,-2.444183982933333,-0.9013889109333333,2023-06-24 20:00:00+00:00,2023-06-25 03:15:00+00:00,7.25
2023-06-25,2023-06-25 03:15:00+00:00,2023-06-25 20:00:00+00:00,2023-06-25T05:15:00+02:00,2023-06-25T22:00:00+02:00,2023-06-25 03:17:48.900693504+00:00,2023-06-25 20:00:55.377238272+00:00,-1.19120442299906,-0.7336722247508107,120,6,False,False,False,-2.8150115584,-0.9229539712,2023-06-25 20:00:00+00:00,2023-06-26 03:16:00+00:00,7.266666666666667
2023-06-26,2023-06-26 03:16:00+00:00,2023-06-26 19:59:00+00:00,2023-06-26T05:16:00+02:00,2023-06-26T21:59:00+02:00,2023-06-26 03:18:14.102172928+00:00,2023-06-26 20:00:53.447148288+00:00,-1.1941170182708054,-0.7293643074711067,120,6,False,False,False,-2.2350362154666663,-1.8907858048,2023-06-26 19:59:00+00:00,2023-06-27 03:16:00+00:00,7.283333333333333
2023-06-27,2023-06-27 03:16:00+00:00,2023-06-27 19:59:00+00:00,2023-06-27T05:16:00+02:00,2023-06-27T21:59:00+02:00,2023-06-27 03:18:42.214626560+00:00,2023-06-27 20:00:48.289988864+00:00,-1.1972822675055135,-0.7251107602179124,120,6,False,False,False,-2.703577109333333,-1.8048331477333333,2023-06-27 19:59:00+00:00,2023-06-28 03:17:00+00:00,7.3
2023-06-28,2023-06-28 03:17:00+00:00,2023-06-28 19:59:00+00:00,2023-06-28T05:17:00+02:00,2023-06-28T21:59:00+02:00,2023-06-28 03:19:13.194253568+00:00,2023-06-28 20:00:39.907426816+00:00,-1.2006966243376604,-0.7209132492590973,120,6,False,False,False,-2.219904226133333,-1.6651237802666665,2023-06-28 19:59:00+00:00,2023-06-29 03:17:00+00:00,7.3
2023-06-29,2023-06-29 03:17:00+00:00,2023-06-29 19:59:00+00:00,2023-06-29T05:17:00+02:00,2023-06-29T21:59:00+02:00,2023-06-29 03:19:46.994560+00:00,2023-06-29 20:00:28.305868800+00:00,-1.2043562272695119,-0.7167733021438374,120,6,False,False,False,-2.7832426666666668,-1.47176448,2023-06-29 19:59:00+00:00,2023-06-30 03:18:00+00:00,7.316666666666666
2023-06-30,2023-06-30 03:18:00+00:00,2023-06-30 19:59:00+00:00,2023-06-30T05:18:00+02:00,2023-06-30T21:59:00+02:00,2023-06-30 03:20:23.566572544+00:00,2023-06-30 20:00:13.496283136+00:00,-1.2082569041928888,-0.7126923069136872,120,6,False,False,False,-2.3927762090666667,-1.2249380522666666,2023-06-30 19:59:00+00:00,2023-07-01 03:18:00+00:00,7.316666666666666
2023-07-01,2023-07-01 03:18:00+00:00,2023-07-01 19:58:00+00:00,2023-07-01T05:18:00+02:00,2023-07-01T21:58:00+02:00,2023-07-01 03:21:02.859080192+00:00,2023-07-01 19:59:55.493788928+00:00,-1.2123941772849776,-0.7086715115001163,120,6,False,False,False,-3.0476513365333333,-1.9248964821333334,2023-07-01 19:58:00+00:00,2023-07-02 03:19:00+00:00,7.35
2023-07-02,2023-07-02 03:19:00+00:00,2023-07-02 19:58:00+00:00,2023-07-02T05:19:00+02:00,2023-07-02T21:58:00+02:00,2023-07-02 03:21:44.819012352+00:00,2023-07-02 19:59:34.317078272+00:00,-1.2167632682723963,-0.7047120233089188,120,6,False,False,False,-2.7469835392,-1.5719513045333333,2023-07-02 19:58:00+00:00,2023-07-03 03:20:00+00:00,7.366666666666666
2023-07-03,2023-07-03 03:20:00+00:00,2023-07-03 19:58:00+00:00,2023-07-03T05:20:00+02:00,2023-07-03T21:58:00+02:00,2023-07-03 03:22:29.391994880+00:00,2023-07-03 19:59:09.987831296+00:00,-1.2213591040572942,-0.7008148089916733,120,6,False,False,False,-2.489866581333333,-1.1664638549333333,2023-07-03 19:58:00+00:00,2023-07-04 03:20:00+00:00,7.366666666666666
2023-07-04,2023-07-04 03:20:00+00:00,2023-07-04 19:57:00+00:00,2023-07-04T05:20:00+02:00,2023-07-04T21:57:00+02:00,2023-07-04 03:23:16.522951680+00:00,2023-07-04 19:58:42.530270976+00:00,-1.2261763226988225,-0.6969806944041993,120,6,False,False,False,-3.275382528,-1.7088378495999998,2023-07-04 19:57:00+00:00,2023-07-05 03:21:00+00:00,7.4
2023-07-05,2023-07-05 03:21:00+00:00,2023-07-05 19:56:00+00:00,2023-07-05T05:21:00+02:00,2023-07-05T21:56:00+02:00,2023-07-05 03:24:06.156475392+00:00,2023-07-05 19:58:11.970884864+00:00,-1.2312092797429006,-0.6932103647517389,120,6,False,False,False,-3.1026079232,-2.199514747733333,2023-07-05 19:56:00+00:00,2023-07-06 03:22:00+00:00,7.433333333333334
2023-07-06,2023-07-06 03:22:00+00:00,2023-07-06 19:56:00+00:00,2023-07-06T05:22:00+02:00,2023-07-06T21:56:00+02:00,2023-07-06 03:24:58.236711424+00:00,2023-07-06 19:57:38.338240256+00:00,-1.2364520548927835,-0.6895043649203496,120,6,False,False,False,-2.9706118570666664,-1.6389706709333334,2023-07-06 19:56:00+00:00,2023-07-07 03:23:00+00:00,7.45
2023-07-07,2023-07-07 03:23:00+00:00,2023-07-07 19:55:00+00:00,2023-07-07T05:23:00+02:00,2023-07-07T21:55:00+02:00,2023-07-07 03:25:52.706704128+00:00,2023-07-07 19:57:01.662801664+00:00,-1.2418984590125235,-0.6858630999937861,120,6,False,False,False,-2.8784450688,-2.0277133610666667,2023-07-07 19:55:00+00:00,2023-07-08 03:24:00+00:00,7.483333333333333
2023-07-08,2023-07-08 03:24:00+00:00,2023-07-08 19:55:00+00:00,2023-07-08T05:24:00+02:00,2023-07-08T21:55:00+02:00,2023-07-08 03:26:49.507435008+00:00,2023-07-08 19:56:21.976730624+00:00,-1.247542041455039,-0.6822868359549061,120,6,False,False,False,-2.8251239168,-1.3662788437333333,2023-07-08 19:55:00+00:00,2023-07-09 03:25:00+00:00,7.5
2023-07-09,2023-07-09 03:25:00+00:00,2023-07-09 19:54:00+00:00,2023-07-09T05:25:00+02:00,2023-07-09T21:54:00+02:00,2023-07-09 03:27:48.576932096+00:00,2023-07-09 19:55:39.313698048+00:00,-1.2533760977061017,-0.6787757005704238,120,6,False,False,False,-2.8096155349333336,-1.6552283008000002,2023-07-09 19:54:00+00:00,2023-07-10 03:26:00+00:00,7.533333333333333
2023-07-10,2023-07-10 03:26:00+00:00,2023-07-10 19:53:00+00:00,2023-07-10T05:26:00+02:00,2023-07-10T21:53:00+02:00,2023-07-10 03:28:49.849787648+00:00,2023-07-10 19:54:53.708758784+00:00,-1.2593936773351828,-0.6753296844576037,120,6,False,False,False,-2.8308297941333334,-1.8951459797333332,2023-07-10 19:53:00+00:00,2023-07-11 03:27:00+00:00,7.566666666666666
2023-07-11,2023-07-11 03:27:00+00:00,2023-07-11 19:52:00+00:00,2023-07-11T05:27:00+02:00,2023-07-11T21:52:00+02:00,2023-07-11 03:29:53.257193472+00:00,2023-07-11 19:54:05.198276096+00:00,-1.2655875922437354,-0.671948642331273,120,6,False,False,False,-2.8876198912000004,-2.0866379349333335,2023-07-11 19:52:00+00:00,2023-07-12 03:28:00+00:00,7.6
2023-07-12,2023-07-12 03:28:00+00:00,2023-07-12 19:51:00+00:00,2023-07-12T05:28:00+02:00,2023-07-12T21:51:00+02:00,2023-07-12 03:30:58.727396096+00:00,2023-07-12 19:53:13.819881216+00:00,-1.2719504252011344,-0.6686322944293044,120,6,False,False,False,-2.9787899349333333,-2.2303313536,2023-07-12 19:51:00+00:00,2023-07-13 03:29:00+00:00,7.633333333333334
2023-07-13,2023-07-13 03:29:00+00:00,2023-07-13 19:50:00+00:00,2023-07-13T05:29:00+02:00,2023-07-13T21:50:00+02:00,2023-07-13 03:32:06.186352896+00:00,2023-07-13 19:52:19.612453888+00:00,-1.2784745386581498,-0.6653802281145103,120,6,False,False,False,-3.1031058816,-2.326874231466667,2023-07-13 19:50:00+00:00,2023-07-14 03:30:00+00:00,7.666666666666667
2023-07-14,2023-07-14 03:30:00+00:00,2023-07-14 19:49:00+00:00,2023-07-14T05:30:00+02:00,2023-07-14T21:49:00+02:00,2023-07-14 03:33:15.558429440+00:00,2023-07-14 19:51:22.616139776+00:00,-1.2851520838275037,-0.662191899650675,120,6,False,False,False,-3.259307157333333,-2.3769356629333336,2023-07-14 19:49:00+00:00,2023-07-15 03:31:00+00:00,7.7
2023-07-15,2023-07-15 03:31:00+00:00,2023-07-15 19:48:00+00:00,2023-07-15T05:31:00+02:00,2023-07-15T21:48:00+02:00,2023-07-15 03:34:26.767045376+00:00,2023-07-15 19:50:22.872410880+00:00,-1.291975010020738,-0.6590666361502366,120,6,False,False,False,-3.4461174229333333,-2.3812068479999997,2023-07-15 19:48:00+00:00,2023-07-16 03:32:00+00:00,7.733333333333333
2023-07-16,2023-07-16 03:32:00+00:00,2023-07-16 19:47:00+00:00,2023-07-16T05:32:00+02:00,2023-07-16T21:47:00+02:00,2023-07-16 03:35:39.735263488+00:00,2023-07-16 19:49:20.424130048+00:00,-1.2989350742303172,-0.6560036376909225,120,6,False,False,False,-3.6622543914666665,-2.3404021674666664,2023-07-16 19:47:00+00:00,2023-07-17 03:34:00+00:00,7.783333333333333
2023-07-17,2023-07-17 03:34:00+00:00,2023-07-17 19:46:00+00:00,2023-07-17T05:34:00+02:00,2023-07-17T21:46:00+02:00,2023-07-17 03:36:54.386298624+00:00,2023-07-17 19:48:15.315567360+00:00,-1.3060238509456021,-0.6530019795984439,120,6,False,False,False,-2.9064383104,-2.2552594559999997,2023-07-17 19:46:00+00:00,2023-07-18 03:35:00+00:00,7.816666666666666
2023-07-18,2023-07-18 03:35:00+00:00,2023-07-18 19:45:00+00:00,2023-07-18T05:35:00+02:00,2023-07-18T21:45:00+02:00,2023-07-18 03:38:10.643918848+00:00,2023-07-18 19:47:07.592343552+00:00,-1.313232742191034,-0.6500606148921442,120,6,False,False,False,-3.1773986474666667,-2.1265390592,2023-07-18 19:45:00+00:00,2023-07-19 03:36:00+00:00,7.85
2023-07-19,2023-07-19 03:36:00+00:00,2023-07-19 19:44:00+00:00,2023-07-19T05:36:00+02:00,2023-07-19T21:44:00+02:00,2023-07-19 03:39:28.432719104+00:00,2023-07-19 19:45:57.301328640+00:00,-1.3205529877746351,-0.6471783768903026,120,6,False,False,False,-3.4738786517333335,-1.955022144,2023-07-19 19:44:00+00:00,2023-07-20 03:37:00+00:00,7.883333333333334
2023-07-20,2023-07-20 03:37:00+00:00,2023-07-20 19:43:00+00:00,2023-07-20T05:37:00+02:00,2023-07-20T21:43:00+02:00,2023-07-20 03:40:47.678277376+00:00,2023-07-20 19:44:44.490538240+00:00,-1.327975675734646,-0.6443539819716047,120,6,False,False,False,-3.794637956266667,-1.7415089706666669,2023-07-20 19:43:00+00:00,2023-07-21 03:39:00+00:00,7.933333333333334
2023-07-21,2023-07-21 03:39:00+00:00,2023-07-21 19:41:00+00:00,2023-07-21T05:39:00+02:00,2023-07-21T21:41:00+02:00,2023-07-21 03:42:08.307239424+00:00,2023-07-21 19:43:29.209047808+00:00,-1.335491752971905,-0.6415860324890948,120,6,False,False,False,-3.1384539904,-2.4868174634666667,2023-07-21 19:41:00+00:00,2023-07-22 03:40:00+00:00,7.983333333333333
2023-07-22,2023-07-22 03:40:00+00:00,2023-07-22 19:40:00+00:00,2023-07-22T05:40:00+02:00,2023-07-22T21:40:00+02:00,2023-07-22 03:43:30.247385600+00:00,2023-07-22 19:42:11.506906368+00:00,-1.3430920360553518,-0.6388730198327448,120,6,False,False,False,-3.5041230933333334,-2.1917817727999998,2023-07-22 19:40:00+00:00,2023-07-23 03:41:00+00:00,8.016666666666667
2023-07-23,2023-07-23 03:41:00+00:00,2023-07-23 19:39:00+00:00,2023-07-23T05:41:00+02:00,2023-07-23T21:39:00+02:00,2023-07-23 03:44:53.427733760+00:00,2023-07-23 19:40:51.435034368+00:00,-1.350767222187817,-0.636213327636594,120,6,False,False,False,-3.890462229333333,-1.8572505728000002,2023-07-23 19:39:00+00:00,2023-07-24 03:43:00+00:00,8.066666666666666
2023-07-24,2023-07-24 03:43:00+00:00,2023-07-24 19:37:00+00:00,2023-07-24T05:43:00+02:00,2023-07-24T21:37:00+02:00,2023-07-24 03:46:17.778707456+00:00,2023-07-24 19:39:29.045127680+00:00,-1.3585079003190874,-0.6336052351262376,120,6,False,False,False,-3.2963117909333333,-2.4840854613333336,2023-07-24 19:37:00+00:00,2023-07-25 03:44:00+00:00,8.116666666666667
2023-07-25,2023-07-25 03:44:00+00:00,2023-07-25 19:36:00+00:00,2023-07-25T05:44:00+02:00,2023-07-25T21:36:00+02:00,2023-07-25 03:47:43.232378368+00:00,2023-07-25 19:38:04.389605888+00:00,-1.3663045623930383,-0.6310469206022724,120,6,False,False,False,-3.7205396394666668,-2.0731600981333336,2023-07-25 19:36:00+00:00,2023-07-26 03:45:00+00:00,8.15
2023-07-26,2023-07-26 03:45:00+00:00,2023-07-26 19:35:00+00:00,2023-07-26T05:45:00+02:00,2023-07-26T21:35:00+02:00,2023-07-26 03:49:09.722762752+00:00,2023-07-26 19:36:37.521603072+00:00,-1.374147614715487,-0.6285364650551425,120,6,False,False,False,-4.162046045866666,-1.6253600512000002,2023-07-26 19:35:00+00:00,2023-07-27 03:47:00+00:00,8.2
2023-07-27,2023-07-27 03:47:00+00:00,2023-07-27 19:33:00+00:00,2023-07-27T05:47:00+02:00,2023-07-27T21:33:00+02:00,2023-07-27 03:50:37.186116352+00:00,2023-07-27 19:35:08.494951424+00:00,-1.3820273894292554,-0.6260718559066705,120,6,False,False,False,-3.6197686058666667,-2.1415825237333332,2023-07-27 19:33:00+00:00,2023-07-28 03:48:00+00:00,8.25
2023-07-28,2023-07-28 03:48:00+00:00,2023-07-28 19:31:00+00:00,2023-07-28T05:48:00+02:00,2023-07-28T21:31:00+02:00,2023-07-28 03:52:05.561180160+00:00,2023-07-28 19:33:37.364081920+00:00,-1.389934156082815,-0.6236509908734047,120,6,False,False,False,-4.092686336,-2.6227346986666666,2023-07-28 19:31:00+00:00,2023-07-29 03:50:00+00:00,8.316666666666666
2023-07-29,2023-07-29 03:50:00+00:00,2023-07-29 19:30:00+00:00,2023-07-29T05:50:00+02:00,2023-07-29T21:30:00+02:00,2023-07-29 03:53:34.789389824+00:00,2023-07-29 19:32:04.183813120+00:00,-1.397858133278772,-0.6212716819467641,120,6,False,False,False,-3.5798231637333333,-2.0697302186666664,2023-07-29 19:30:00+00:00,2023-07-30 03:51:00+00:00,8.35
2023-07-30,2023-07-30 03:51:00+00:00,2023-07-30 19:28:00+00:00,2023-07-30T05:51:00+02:00,2023-07-30T21:28:00+02:00,2023-07-30 03:55:04.815122688+00:00,2023-07-30 19:30:29.009064448+00:00,-1.4057895003883476,-0.618931659484825,120,6,False,False,False,-4.0802520448,-2.483484407466667,2023-07-30 19:28:00+00:00,2023-07-31 03:53:00+00:00,8.416666666666666
2023-07-31,2023-07-31 03:53:00+00:00,2023-07-31 19:27:00+00:00,2023-07-31T05:53:00+02:00,2023-07-31T21:27:00+02:00,2023-07-31 03:56:35.586042880+00:00,2023-07-31 19:28:51.894554880+00:00,-1.4137184093179367,-0.6166285764104541,120,6,False,False,False,-3.593100714666667,-1.864909248,2023-07-31 19:27:00+00:00,2023-08-01 03:54:00+00:00,8.45
2023-08-01,2023-08-01 03:54:00+00:00,2023-08-01 19:25:00+00:00,2023-08-01T05:54:00+02:00,2023-08-01T21:25:00+02:00,2023-08-01 03:58:07.053479168+00:00,2023-08-01 19:27:12.894516736+00:00,-1.4216349963137616,-0.6143600125103663,120,6,False,False,False,-4.117557986133333,-2.214908612266667,2023-08-01 19:25:00+00:00,2023-08-02 03:56:00+00:00,8.516666666666667
2023-08-02,2023-08-02 03:56:00+00:00,2023-08-02 19:23:00+00:00,2023-08-02T05:56:00+02:00,2023-08-02T21:23:00+02:00,2023-08-02 03:59:39.172624384+00:00,2023-08-02 19:25:32.062426368+00:00,-1.429529393790589,-0.6121234788295618,120,6,False,False,False,-3.6528770730666666,-2.5343737728,2023-08-02 19:23:00+00:00,2023-08-03 03:57:00+00:00,8.566666666666666
2023-08-03,2023-08-03 03:57:00+00:00,2023-08-03 19:22:00+00:00,2023-08-03T05:57:00+02:00,2023-08-03T21:22:00+02:00,2023-08-03 04:01:11.902296832+00:00,2023-08-03 19:23:49.450758144+00:00,-1.4373917421704525,-0.6099164221554819,120,6,False,False,False,-4.198371613866667,-1.8241793024000001,2023-08-03 19:22:00+00:00,2023-08-04 03:59:00+00:00,8.616666666666667
2023-08-04,2023-08-04 03:59:00+00:00,2023-08-04 19:20:00+00:00,2023-08-04T05:59:00+02:00,2023-08-04T21:20:00+02:00,2023-08-04 04:02:45.204161536+00:00,2023-08-04 19:22:05.110809344+00:00,-1.4452122017173024,-0.6077362295861162,120,6,False,False,False,-3.7534026922666666,-2.0851801557333336,2023-08-04 19:20:00+00:00,2023-08-05 04:00:00+00:00,8.666666666666666
2023-08-05,2023-08-05 04:00:00+00:00,2023-08-05 19:18:00+00:00,2023-08-05T06:00:00+02:00,2023-08-05T21:18:00+02:00,2023-08-05 04:04:19.041577472+00:00,2023-08-05 19:20:19.092646144+00:00,-1.4529809643535172,-0.6055802331761861,120,6,False,False,False,-4.317359624533333,-2.318210769066667,2023-08-05 19:18:00+00:00,2023-08-06 04:02:00+00:00,8.733333333333333
2023-08-06,2023-08-06 04:02:00+00:00,2023-08-06 19:16:00+00:00,2023-08-06T06:02:00+02:00,2023-08-06T21:16:00+02:00,2023-08-06 04:05:53.378446592+00:00,2023-08-06 19:18:31.445178624+00:00,-1.4606882654442246,-0.6034457146554445,120,6,False,False,False,-3.889640776533333,-2.5240863104,2023-08-06 19:16:00+00:00,2023-08-07 04:03:00+00:00,8.783333333333333
2023-08-07,2023-08-07 04:03:00+00:00,2023-08-07 19:14:00+00:00,2023-08-07T06:03:00+02:00,2023-08-07T21:14:00+02:00,2023-08-07 04:07:28.178441984+00:00,2023-08-07 19:16:42.216287488+00:00,-1.4683243955354115,-0.601329910213032,120,6,False,False,False,-4.4696406997333336,-2.7036047914666668,2023-08-07 19:14:00+00:00,2023-08-08 04:05:00+00:00,8.85
2023-08-08,2023-08-08 04:05:00+00:00,2023-08-08 19:13:00+00:00,2023-08-08T06:05:00+02:00,2023-08-08T21:13:00+02:00,2023-08-08 04:09:03.404774656+00:00,2023-08-08 19:14:51.452915456+00:00,-1.4758797120318774,-0.5992300153417616,120,6,False,False,False,-4.056746244266667,-1.8575485909333334,2023-08-08 19:13:00+00:00,2023-08-09 04:06:00+00:00,8.883333333333333
2023-08-09,2023-08-09 04:06:00+00:00,2023-08-09 19:11:00+00:00,2023-08-09T06:06:00+02:00,2023-08-09T21:11:00+02:00,2023-08-09 04:10:39.020393728+00:00,2023-08-09 19:12:59.201082112+00:00,-1.4833446508011205,-0.5971431897361228,120,6,False,False,False,-4.650339895466667,-1.9866847018666667,2023-08-09 19:11:00+00:00,2023-08-10 04:08:00+00:00,8.95
2023-08-10,2023-08-10 04:08:00+00:00,2023-08-10 19:09:00+00:00,2023-08-10T06:08:00+02:00,2023-08-10T21:09:00+02:00,2023-08-10 04:12:14.988393728+00:00,2023-08-10 19:11:05.505869312+00:00,-1.490709737689369,-0.5950665622377344,120,6,False,False,False,-4.249806562133333,-2.0917644885333333,2023-08-10 19:09:00+00:00,2023-08-11 04:10:00+00:00,9.016666666666667
2023-08-11,2023-08-11 04:10:00+00:00,2023-08-11 19:07:00+00:00,2023-08-11T06:10:00+02:00,2023-08-11T21:07:00+02:00,2023-08-11 04:13:51.272435456+00:00,2023-08-11 19:09:10.411441408+00:00,-1.4979655999360417,-0.5929972358219154,120,6,False,False,False,-3.8545405909333335,-2.173524023466667,2023-08-11 19:07:00+00:00,2023-08-12 04:11:00+00:00,9.066666666666666
2023-08-12,2023-08-12 04:11:00+00:00,2023-08-12 19:05:00+00:00,2023-08-12T06:11:00+02:00,2023-08-12T21:05:00+02:00,2023-08-12 04:15:27.837115904+00:00,2023-08-12 19:07:13.961136128+00:00,-1.5051029774730662,-0.590932292618998,120,6,False,False,False,-4.463951931733333,-2.232685602133333,2023-08-12 19:05:00+00:00,2023-08-13 04:13:00+00:00,9.133333333333333
2023-08-13,2023-08-13 04:13:00+00:00,2023-08-13 19:03:00+00:00,2023-08-13T06:13:00+02:00,2023-08-13T21:03:00+02:00,2023-08-13 04:17:04.648298496+00:00,2023-08-13 19:05:16.197582080+00:00,-1.5121127340955953,-0.5888687989639563,120,6,False,False,False,-4.0774716416,-2.2699597013333332,2023-08-13 19:03:00+00:00,2023-08-14 04:14:00+00:00,9.183333333333334
2023-08-14,2023-08-14 04:14:00+00:00,2023-08-14 19:01:00+00:00,2023-08-14T06:14:00+02:00,2023-08-14T21:01:00+02:00,2023-08-14 04:18:41.673406976+00:00,2023-08-14 19:03:17.162787072+00:00,-1.5189858684908342,-0.586803810467898,120,6,False,False,False,-4.694556782933334,-2.2860464512,2023-08-14 19:01:00+00:00,2023-08-15 04:16:00+00:00,9.25
2023-08-15,2023-08-15 04:16:00+00:00,2023-08-15 18:59:00+00:00,2023-08-15T06:16:00+02:00,2023-08-15T20:59:00+02:00,2023-08-15 04:20:18.881655552+00:00,2023-08-15 19:01:16.898181376+00:00,-1.5257135251118386,-0.5847343771049354,120,6,False,False,False,-4.3146942591999995,-2.2816363562666666,2023-08-15 18:59:00+00:00,2023-08-16 04:17:00+00:00,9.3
2023-08-16,2023-08-16 04:17:00+00:00,2023-08-16 18:57:00+00:00,2023-08-16T06:17:00+02:00,2023-08-16T20:57:00+02:00,2023-08-16 04:21:56.244161536+00:00,2023-08-16 18:59:15.444636160+00:00,-1.5322870048833428,-0.5826575483079305,120,6,False,False,False,-4.937402692266667,-2.2574106026666665,2023-08-16 18:57:00+00:00,2023-08-17 04:19:00+00:00,9.366666666666667
2023-08-17,2023-08-17 04:19:00+00:00,2023-08-17 18:55:00+00:00,2023-08-17T06:19:00+02:00,2023-08-17T20:55:00+02:00,2023-08-17 04:23:33.733954048+00:00,2023-08-17 18:57:12.842487552+00:00,-1.538697775726861,-0.5805703780666055,120,6,False,False,False,-4.562232567466666,-2.2140414591999997,2023-08-17 18:55:00+00:00,2023-08-18 04:21:00+00:00,9.433333333333334
2023-08-18,2023-08-18 04:21:00+00:00,2023-08-18 18:53:00+00:00,2023-08-18T06:21:00+02:00,2023-08-18T20:53:00+02:00,2023-08-18 04:25:11.325906944+00:00,2023-08-18 18:55:09.131566592+00:00,-1.5449374828925286,-0.5784699300214976,120,6,False,False,False,-4.188765115733333,-2.1521927765333335,2023-08-18 18:53:00+00:00,2023-08-19 04:22:00+00:00,9.483333333333333
2023-08-19,2023-08-19 04:22:00+00:00,2023-08-19 18:51:00+00:00,2023-08-19T06:22:00+02:00,2023-08-19T20:51:00+02:00,2023-08-19 04:26:48.996656896+00:00,2023-08-19 18:53:04.351216640+00:00,-1.55099795908537,-0.5763532825472486,120,6,False,False,False,-4.816610948266667,-2.0725202773333335,2023-08-19 18:51:00+00:00,2023-08-20 04:24:00+00:00,9.55
2023-08-20,2023-08-20 04:24:00+00:00,2023-08-20 18:49:00+00:00,2023-08-20T06:24:00+02:00,2023-08-20T20:49:00+02:00,2023-08-20 04:28:26.724538112+00:00,2023-08-20 18:50:58.540303872+00:00,-1.556871234373925,-0.574217533818729,120,6,False,False,False,-4.445408968533333,-1.9756717311999998,2023-08-20 18:49:00+00:00,2023-08-21 04:25:00+00:00,9.6
2023-08-21,2023-08-21 04:25:00+00:00,2023-08-21 18:47:00+00:00,2023-08-21T06:25:00+02:00,2023-08-21T20:47:00+02:00,2023-08-21 04:30:04.489567488+00:00,2023-08-21 18:48:51.737248768+00:00,-1.5625495458694247,-0.5720598068535165,120,6,False,False,False,-5.0748261247999995,-1.8622874794666666,2023-08-21 18:47:00+00:00,2023-08-22 04:27:00+00:00,9.666666666666666
2023-08-22,2023-08-22 04:27:00+00:00,2023-08-22 18:44:00+00:00,2023-08-22T06:27:00+02:00,2023-08-22T20:44:00+02:00,2023-08-22 04:31:42.273502464+00:00,2023-08-22 18:46:43.980100864+00:00,-1.5680253471639727,-0.5698772545242781,120,6,False,False,False,-4.7045583743999995,-2.733001681066667,2023-08-22 18:44:00+00:00,2023-08-23 04:29:00+00:00,9.75
2023-08-23,2023-08-23 04:29:00+00:00,2023-08-23 18:42:00+00:00,2023-08-23T06:29:00+02:00,2023-08-23T20:42:00+02:00,2023-08-23 04:33:20.059986944+00:00,2023-08-23 18:44:35.306648320+00:00,-1.5732913175164782,-0.5676670645346402,120,6,False,False,False,-4.334333115733333,-2.5884441386666666,2023-08-23 18:42:00+00:00,2023-08-24 04:30:00+00:00,9.8
2023-08-24,2023-08-24 04:30:00+00:00,2023-08-24 18:40:00+00:00,2023-08-24T06:30:00+02:00,2023-08-24T20:40:00+02:00,2023-08-24 04:34:57.834755840+00:00,2023-08-24 18:42:25.754512640+00:00,-1.5783403707753807,-0.5654264643521734,120,6,False,False,False,-4.963912597333334,-2.4292418773333333,2023-08-24 18:40:00+00:00,2023-08-25 04:32:00+00:00,9.866666666666667
2023-08-25,2023-08-25 04:32:00+00:00,2023-08-25 18:38:00+00:00,2023-08-25T06:32:00+02:00,2023-08-25T20:38:00+02:00,2023-08-25 04:36:35.585846016+00:00,2023-08-25 18:40:15.361213952+00:00,-1.5831656640275165,-0.563152726092175,120,6,False,False,False,-4.5930974336,-2.2560202325333334,2023-08-25 18:38:00+00:00,2023-08-26 04:34:00+00:00,9.933333333333334
2023-08-26,2023-08-26 04:34:00+00:00,2023-08-26 18:36:00+00:00,2023-08-26T06:34:00+02:00,2023-08-26T20:36:00+02:00,2023-08-26 04:38:13.303780608+00:00,2023-08-26 18:38:04.164214272+00:00,-1.5877606059628058,-0.5608431713459824,120,6,False,False,False,-4.2217296768,-2.0694035712,2023-08-26 18:36:00+00:00,2023-08-27 04:35:00+00:00,9.983333333333333
2023-08-27,2023-08-27 04:35:00+00:00,2023-08-27 18:33:00+00:00,2023-08-27T06:35:00+02:00,2023-08-27T20:33:00+02:00,2023-08-27 04:39:50.981756160+00:00,2023-08-27 18:35:52.200945664+00:00,-1.5921188649447688,-0.5584951759476264,120,6,False,False,False,-4.849695936,-2.8700157610666666,2023-08-27 18:33:00+00:00,2023-08-28 04:37:00+00:00,10.066666666666666
2023-08-28,2023-08-28 04:37:00+00:00,2023-08-28 18:31:00+00:00,2023-08-28T06:37:00+02:00,2023-08-28T20:31:00+02:00,2023-08-28 04:41:28.615880448+00:00,2023-08-28 18:33:39.508787968+00:00,-1.5962343767772293,-0.5561061746727018,120,6,False,False,False,-4.476931340799999,-2.658479799466667,2023-08-28 18:31:00+00:00,2023-08-29 04:38:00+00:00,10.116666666666667
2023-08-29,2023-08-29 04:38:00+00:00,2023-08-29 18:29:00+00:00,2023-08-29T06:38:00+02:00,2023-08-29T20:29:00+02:00,2023-08-29 04:43:06.205426432+00:00,2023-08-29 18:31:26.124915712+00:00,-1.600101352157922,-0.5536736658634138,120,6,False,False,False,-5.103423773866667,-2.4354152618666665,2023-08-29 18:29:00+00:00,2023-08-30 04:40:00+00:00,10.183333333333334
2023-08-30,2023-08-30 04:40:00+00:00,2023-08-30 18:27:00+00:00,2023-08-30T06:40:00+02:00,2023-08-30T20:27:00+02:00,2023-08-30 04:44:43.752952320+00:00,2023-08-30 18:29:12.085989888+00:00,-1.6037142838100944,-0.5511952159738513,120,6,False,False,False,-4.729215872,-2.2014331648,2023-08-30 18:27:00+00:00,2023-08-31 04:42:00+00:00,10.25
2023-08-31,2023-08-31 04:42:00+00:00,2023-08-31 18:25:00+00:00,2023-08-31T06:42:00+02:00,2023-08-31T20:25:00+02:00,2023-08-31 04:46:21.264055552+00:00,2023-08-31 18:26:57.427773440+00:00,-1.6070679532835657,-0.5486684640296322,120,6,False,False,False,-4.354400925866667,-1.9571295573333332,2023-08-31 18:25:00+00:00,2023-09-01 04:43:00+00:00,10.3
2023-09-01,2023-09-01 04:43:00+00:00,2023-09-01 18:22:00+00:00,2023-09-01T06:43:00+02:00,2023-09-01T20:22:00+02:00,2023-09-01 04:47:58.746643712+00:00,2023-09-01 18:24:42.184863488+00:00,-1.6101574374171048,-0.546091125996164,120,6,False,False,False,-4.979110728533333,-2.7030810581333333,2023-09-01 18:22:00+00:00,2023-09-02 04:45:00+00:00,10.383333333333333
2023-09-02,2023-09-02 04:45:00+00:00,2023-09-02 18:20:00+00:00,2023-09-02T06:45:00+02:00,2023-09-02T20:20:00+02:00,2023-09-02 04:49:36.209840384+00:00,2023-09-02 18:22:26.390683136+00:00,-1.6129781144543838,-0.5434609990498834,120,6,False,False,False,-4.603497339733334,-2.4398447189333337,2023-09-02 18:20:00+00:00,2023-09-03 04:47:00+00:00,10.45
2023-09-03,2023-09-03 04:47:00+00:00,2023-09-03 18:18:00+00:00,2023-09-03T06:47:00+02:00,2023-09-03T20:18:00+02:00,2023-09-03 04:51:13.662840576+00:00,2023-09-03 18:20:10.077732608+00:00,-1.6155256698061768,-0.540775965746944,120,6,False,False,False,-4.2277140096000005,-2.167962210133333,2023-09-03 18:18:00+00:00,2023-09-04 04:48:00+00:00,10.5
2023-09-04,2023-09-04 04:48:00+00:00,2023-09-04 18:15:00+00:00,2023-09-04T06:48:00+02:00,2023-09-04T20:15:00+02:00,2023-09-04 04:52:51.114067200+00:00,2023-09-04 18:17:53.277935616+00:00,-1.617796101451889,-0.538033998083952,120,6,False,False,False,-4.85190112,-2.8879655936,2023-09-04 18:15:00+00:00,2023-09-05 04:50:00+00:00,10.583333333333334
2023-09-05,2023-09-05 04:50:00+00:00,2023-09-05 18:13:00+00:00,2023-09-05T06:50:00+02:00,2023-09-05T20:13:00+02:00,2023-09-05 04:54:28.570785024+00:00,2023-09-05 18:15:36.022883840+00:00,-1.6197857249739296,-0.5352331614454777,120,6,False,False,False,-4.476179750399999,-2.6003813973333334,2023-09-05 18:13:00+00:00,2023-09-06 04:51:00+00:00,10.633333333333333
2023-09-06,2023-09-06 04:51:00+00:00,2023-09-06 18:11:00+00:00,2023-09-06T06:51:00+02:00,2023-09-06T20:11:00+02:00,2023-09-06 04:56:06.039122688+00:00,2023-09-06 18:13:18.343888896+00:00,-1.6214911782188741,-0.5323716184332066,120,6,False,False,False,-5.1006520448,-2.3057314816,2023-09-06 18:11:00+00:00,2023-09-07 04:53:00+00:00,10.7
2023-09-07,2023-09-07 04:53:00+00:00,2023-09-07 18:08:00+00:00,2023-09-07T06:53:00+02:00,2023-09-07T20:08:00+02:00,2023-09-07 04:57:43.524300544+00:00,2023-09-07 18:11:00.271907072+00:00,-1.6229094255798087,-0.5294476325717339,120,6,False,False,False,-4.725405009066667,-3.0045317845333335,2023-09-07 18:08:00+00:00,2023-09-08 04:55:00+00:00,10.783333333333333
2023-09-08,2023-09-08 04:55:00+00:00,2023-09-08 18:06:00+00:00,2023-09-08T06:55:00+02:00,2023-09-08T20:06:00+02:00,2023-09-08 04:59:21.030902272+00:00,2023-09-08 18:08:41.837458944+00:00,-1.624037761894686,-0.5264595718861629,120,6,False,False,False,-4.350515037866667,-2.6972909823999998,2023-09-08 18:06:00+00:00,2023-09-09 04:56:00+00:00,10.833333333333334
2023-09-09,2023-09-09 04:56:00+00:00,2023-09-09 18:04:00+00:00,2023-09-09T06:56:00+02:00,2023-09-09T20:04:00+02:00,2023-09-09 05:00:58.563126528+00:00,2023-09-09 18:06:23.070630912+00:00,-1.6248738159559897,-0.5234059123468108,120,6,False,False,False,-4.9760521088,-2.3845105152,2023-09-09 18:04:00+00:00,2023-09-10 04:58:00+00:00,10.9
2023-09-10,2023-09-10 04:58:00+00:00,2023-09-10 18:02:00+00:00,2023-09-10T06:58:00+02:00,2023-09-10T20:02:00+02:00,2023-09-10 05:02:36.125023744+00:00,2023-09-10 18:04:04.001140480+00:00,-1.625415553627454,-0.5202852411764974,120,6,False,False,False,-4.602083729066666,-2.0666856746666666,2023-09-10 18:02:00+00:00,2023-09-11 05:00:00+00:00,10.966666666666667
2023-09-11,2023-09-11 05:00:00+00:00,2023-09-11 17:59:00+00:00,2023-09-11T07:00:00+02:00,2023-09-11T19:59:00+02:00,2023-09-11 05:04:13.720718848+00:00,2023-09-11 18:01:44.658414336+00:00,-1.625661280564056,-0.5170962600160467,120,6,False,False,False,-4.228678647466666,-2.7443069056,2023-09-11 17:59:00+00:00,2023-09-12 05:01:00+00:00,11.033333333333333
2023-09-12,2023-09-12 05:01:00+00:00,2023-09-12 17:57:00+00:00,2023-09-12T07:01:00+02:00,2023-09-12T19:57:00+02:00,2023-09-12 05:05:51.354593536+00:00,2023-09-12 17:59:25.071636736+00:00,-1.6256096445319625,-0.5138377879438117,120,6,False,False,False,-4.855909892266666,-2.4178606122666664,2023-09-12 17:57:00+00:00,2023-09-13 05:03:00+00:00,11.1
2023-09-13,2023-09-13 05:03:00+00:00,2023-09-13 17:54:00+00:00,2023-09-13T07:03:00+02:00,2023-09-13T19:54:00+02:00,2023-09-13 05:07:29.031385600+00:00,2023-09-13 17:57:05.269774080+00:00,-1.6252596373255936,-0.5105087643452039,120,6,False,False,False,-4.483856426666667,-3.0878295679999996,2023-09-13 17:54:00+00:00,2023-09-14 05:04:00+00:00,11.166666666666666
2023-09-14,2023-09-14 05:04:00+00:00,2023-09-14 17:52:00+00:00,2023-09-14T07:04:00+02:00,2023-09-14T19:52:00+02:00,2023-09-14 05:09:06.756201216+00:00,2023-09-14 17:54:45.281591296+00:00,-1.6246105962794335,-0.5071082516283897,120,6,False,False,False,-5.1126033536,-2.7546931882666663,2023-09-14 17:52:00+00:00,2023-09-15 05:06:00+00:00,11.233333333333333
2023-09-15,2023-09-15 05:06:00+00:00,2023-09-15 17:50:00+00:00,2023-09-15T07:06:00+02:00,2023-09-15T19:50:00+02:00,2023-09-15 05:10:44.534463232+00:00,2023-09-15 17:52:25.135653888+00:00,-1.623662205372705,-0.5036354377825045,120,6,False,False,False,-4.742241053866667,-2.4189275648,2023-09-15 17:50:00+00:00,2023-09-16 05:08:00+00:00,11.3
2023-09-16,2023-09-16 05:08:00+00:00,2023-09-16 17:47:00+00:00,2023-09-16T07:08:00+02:00,2023-09-16T19:47:00+02:00,2023-09-16 05:12:22.371828480+00:00,2023-09-16 17:50:04.860326400+00:00,-1.6224144959255047,-0.5000896387749234,120,6,False,False,False,-4.372863808,-3.0810054399999998,2023-09-16 17:47:00+00:00,2023-09-17 05:09:00+00:00,11.366666666666667
2023-09-17,2023-09-17 05:09:00+00:00,2023-09-17 17:45:00+00:00,2023-09-17T07:09:00+02:00,2023-09-17T19:45:00+02:00,2023-09-17 05:14:00.274105600+00:00,2023-09-17 17:47:44.483777280+00:00,-1.6208678468854754,-0.4964703007843194,120,6,False,False,False,-5.004568426666666,-2.741396288,2023-09-17 17:45:00+00:00,2023-09-18 05:11:00+00:00,11.433333333333334
2023-09-18,2023-09-18 05:11:00+00:00,2023-09-18 17:43:00+00:00,2023-09-18T07:11:00+02:00,2023-09-18T19:43:00+02:00,2023-09-18 05:15:38.247195904+00:00,2023-09-18 17:45:24.034031616+00:00,-1.6190229847045834,-0.4927770022664476,120,6,False,False,False,-4.637453265066667,-2.4005671935999997,2023-09-18 17:43:00+00:00,2023-09-19 05:13:00+00:00,11.5
2023-09-19,2023-09-19 05:13:00+00:00,2023-09-19 17:40:00+00:00,2023-09-19T07:13:00+02:00,2023-09-19T19:40:00+02:00,2023-09-19 05:17:16.297111040+00:00,2023-09-19 17:43:03.539083520+00:00,-1.6168809828060489,-0.4890094558497804,120,6,False,False,False,-4.271618517333334,-3.058984725333333,2023-09-19 17:40:00+00:00,2023-09-20 05:14:00+00:00,11.566666666666666
2023-09-20,2023-09-20 05:14:00+00:00,2023-09-20 17:38:00+00:00,2023-09-20T07:14:00+02:00,2023-09-20T19:38:00+02:00,2023-09-20 05:18:54.430095872+00:00,2023-09-20 17:40:43.027046912+00:00,-1.6144432606419623,-0.4851675100583418,120,6,False,False,False,-4.907168264533333,-2.7171174485333336,2023-09-20 17:38:00+00:00,2023-09-21 05:16:00+00:00,11.633333333333333
2023-09-21,2023-09-21 05:16:00+00:00,2023-09-21 17:36:00+00:00,2023-09-21T07:16:00+02:00,2023-09-21T19:36:00+02:00,2023-09-21 05:20:32.652858880+00:00,2023-09-21 17:38:22.526307072+00:00,-1.6117115823426087,-0.48125115085928283,120,6,False,False,False,-4.544214314666666,-2.3754384512,2023-09-21 17:36:00+00:00,2023-09-22 05:18:00+00:00,11.7
2023-09-22,2023-09-22 05:18:00+00:00,2023-09-22 17:33:00+00:00,2023-09-22T07:18:00+02:00,2023-09-22T19:33:00+02:00,2023-09-22 05:22:10.972864256+00:00,2023-09-22 17:36:02.065666560+00:00,-1.6086880549590017,-0.47726050303296363,120,6,False,False,False,-4.182881070933333,-3.0344277760000002,2023-09-22 17:33:00+00:00,2023-09-23 05:19:00+00:00,11.766666666666667
2023-09-23,2023-09-23 05:19:00+00:00,2023-09-23 17:31:00+00:00,2023-09-23T07:19:00+02:00,2023-09-23T19:31:00+02:00,2023-09-23 05:23:49.398637824+00:00,2023-09-23 17:33:41.674496512+00:00,-1.6053751263006089,-0.47319583136351256,118,6,False,False,False,-4.8233106304,-2.6945749418666667,2023-09-23 17:31:00+00:00,2023-09-24 05:21:00+00:00,11.833333333333334
2023-09-24,2023-09-24 05:21:00+00:00,2023-09-24 17:28:00+00:00,2023-09-24T07:21:00+02:00,2023-09-24T19:28:00+02:00,2023-09-24 05:25:27.940079104+00:00,2023-09-24 17:31:21.382891776+00:00,-1.601775582370737,-0.4690575416480596,119,6,False,False,False,-4.465667985066667,-3.3563815296,2023-09-24 17:28:00+00:00,2023-09-25 05:23:00+00:00,11.916666666666666
2023-09-25,2023-09-25 05:23:00+00:00,2023-09-25 17:26:00+00:00,2023-09-25T07:23:00+02:00,2023-09-25T19:26:00+02:00,2023-09-25 05:27:06.608788224+00:00,2023-09-25 17:29:01.221733888+00:00,-1.5978925444025105,-0.4648461815230511,120,6,False,False,False,-4.1101464704,-3.0203622314666663,2023-09-25 17:26:00+00:00,2023-09-26 05:24:00+00:00,11.966666666666667
2023-09-26,2023-09-26 05:24:00+00:00,2023-09-26 17:24:00+00:00,2023-09-26T07:24:00+02:00,2023-09-26T19:24:00+02:00,2023-09-26 05:28:45.418365696+00:00,2023-09-26 17:26:41.222557952+00:00,-1.5937294654988639,-0.46056244110628297,118,6,False,False,False,-4.7569727616,-2.687042632533333,2023-09-26 17:24:00+00:00,2023-09-27 05:26:00+00:00,12.033333333333333
2023-09-27,2023-09-27 05:26:00+00:00,2023-09-27 17:21:00+00:00,2023-09-27T07:26:00+02:00,2023-09-27T19:21:00+02:00,2023-09-27 05:30:24.384566016+00:00,2023-09-27 17:24:21.417174784+00:00,-1.589290126880419,-0.45620715345350527,120,6,False,False,False,-4.4064094336,-3.3569529130666664,2023-09-27 17:21:00+00:00,2023-09-28 05:28:00+00:00,12.116666666666667
2023-09-28,2023-09-28 05:28:00+00:00,2023-09-28 17:19:00+00:00,2023-09-28T07:28:00+02:00,2023-09-28T19:19:00+02:00,2023-09-28 05:32:03.525115136+00:00,2023-09-28 17:22:01.837180416+00:00,-1.5845786337456078,-0.4517812948286848,118,6,False,False,False,-4.058751918933334,-3.0306196736,2023-09-28 17:19:00+00:00,2023-09-29 05:29:00+00:00,12.166666666666666
2023-09-29,2023-09-29 05:29:00+00:00,2023-09-29 17:17:00+00:00,2023-09-29T07:29:00+02:00,2023-09-29T19:17:00+02:00,2023-09-29 05:33:42.859097600+00:00,2023-09-29 17:19:42.513597184+00:00,-1.5795994107478308,-0.44728598478722426,118,6,False,False,False,-4.714318293333333,-2.7085599530666666,2023-09-29 17:17:00+00:00,2023-09-30 05:31:00+00:00,12.233333333333333
2023-09-30,2023-09-30 05:31:00+00:00,2023-09-30 17:14:00+00:00,2023-09-30T07:31:00+02:00,2023-09-30T19:14:00+02:00,2023-09-30 05:35:22.406001408+00:00,2023-09-30 17:17:23.476851456+00:00,-1.5743571970949213,-0.44272248607168246,118,6,False,False,False,-4.373433356800001,-3.3912808576,2023-09-30 17:14:00+00:00,2023-10-01 05:33:00+00:00,12.316666666666666
2023-10-01,2023-10-01 05:33:00+00:00,2023-10-01 17:12:00+00:00,2023-10-01T07:33:00+02:00,2023-10-01T19:12:00+02:00,2023-10-01 05:37:02.184665600+00:00,2023-10-01 17:15:04.757097216+00:00,-1.568857041276615,-0.4380922043197455,117,6,False,False,False,-4.036411093333333,-3.0792849536,2023-10-01 17:12:00+00:00,2023-10-02 05:34:00+00:00,12.366666666666667
2023-10-02,2023-10-02 05:34:00+00:00,2023-10-02 17:10:00+00:00,2023-10-02T07:34:00+02:00,2023-10-02T19:10:00+02:00,2023-10-02 05:38:42.212430592+00:00,2023-10-02 17:12:46.384692224+00:00,-1.5631042954261785,-0.4333966875844487,116,6,False,False,False,-4.7035405098666665,-2.7730782037333332,2023-10-02 17:10:00+00:00,2023-10-03 05:36:00+00:00,12.433333333333334
2023-10-03,2023-10-03 05:36:00+00:00,2023-10-03 17:07:00+00:00,2023-10-03T07:36:00+02:00,2023-10-03T19:07:00+02:00,2023-10-03 05:40:22.504646400+00:00,2023-10-03 17:10:28.390554112+00:00,-1.5571046093227667,-0.4286376256668579,116,6,False,False,False,-4.37507744,-3.4731759018666666,2023-10-03 17:07:00+00:00,2023-10-04 05:38:00+00:00,12.516666666666667
2023-10-04,2023-10-04 05:38:00+00:00,2023-10-04 17:05:00+00:00,2023-10-04T07:38:00+02:00,2023-10-04T19:05:00+02:00,2023-10-04 05:42:03.074527744+00:00,2023-10-04 17:08:10.806258688+00:00,-1.5508639240415296,-0.4238168492616613,118,6,False,False,False,-4.051242129066667,-3.1801043114666667,2023-10-04 17:05:00+00:00,2023-10-05 05:40:00+00:00,12.583333333333334
2023-10-05,2023-10-05 05:40:00+00:00,2023-10-05 17:03:00+00:00,2023-10-05T07:40:00+02:00,2023-10-05T19:03:00+02:00,2023-10-05 05:43:43.933222656+00:00,2023-10-05 17:05:53.663910912+00:00,-1.5443884652588744,-0.41893632891634014,116,6,False,False,False,-3.7322203776,-2.8943985152000002,2023-10-05 17:03:00+00:00,2023-10-06 05:41:00+00:00,12.633333333333333
2023-10-06,2023-10-06 05:41:00+00:00,2023-10-06 17:00:00+00:00,2023-10-06T07:41:00+02:00,2023-10-06T19:00:00+02:00,2023-10-06 05:45:25.089955584+00:00,2023-10-06 17:03:36.995957504+00:00,-1.5376847362207333,-0.4139981738048192,117,6,False,False,False,-4.4181659263999995,-3.616599291733333,2023-10-06 17:00:00+00:00,2023-10-07 05:43:00+00:00,12.716666666666667
2023-10-07,2023-10-07 05:43:00+00:00,2023-10-07 16:58:00+00:00,2023-10-07T07:43:00+02:00,2023-10-07T18:58:00+02:00,2023-10-07 05:47:06.552183552+00:00,2023-10-07 17:01:20.835072768+00:00,-1.530759510382051,-0.40900463031672074,116,6,False,False,False,-4.1092030592,-3.3472512128000003,2023-10-07 16:58:00+00:00,2023-10-08 05:45:00+00:00,12.783333333333333
2023-10-08,2023-10-08 05:45:00+00:00,2023-10-08 16:56:00+00:00,2023-10-08T07:45:00+02:00,2023-10-08T18:56:00+02:00,2023-10-08 05:48:48.325750784+00:00,2023-10-08 16:59:05.214149376+00:00,-1.5236198237261265,-0.40395808046357456,117,6,False,False,False,-3.8054291797333333,-3.0869024896,2023-10-08 16:56:00+00:00,2023-10-09 05:47:00+00:00,12.85
2023-10-09,2023-10-09 05:47:00+00:00,2023-10-09 16:53:00+00:00,2023-10-09T07:47:00+02:00,2023-10-09T18:53:00+02:00,2023-10-09 05:50:30.415041024+00:00,2023-10-09 16:56:50.166349824+00:00,-1.516272966772798,-0.3988610401035497,119,6,False,False,False,-3.5069173504,-3.8361058304,2023-10-09 16:53:00+00:00,2023-10-10 05:48:00+00:00,12.916666666666666
2023-10-10,2023-10-10 05:48:00+00:00,2023-10-10 16:51:00+00:00,2023-10-10T07:48:00+02:00,2023-10-10T18:51:00+02:00,2023-10-10 05:52:12.823103488+00:00,2023-10-10 16:54:35.725146112+00:00,-1.508726476284853,-0.3937161569865101,117,6,False,False,False,-4.213718391466666,-3.595419101866667,2023-10-10 16:51:00+00:00,2023-10-11 05:50:00+00:00,12.983333333333333
2023-10-11,2023-10-11 05:50:00+00:00,2023-10-11 16:49:00+00:00,2023-10-11T07:50:00+02:00,2023-10-11T18:49:00+02:00,2023-10-11 05:53:55.551725056+00:00,2023-10-11 16:52:21.924328448+00:00,-1.5009881266823728,-0.38852620862139775,120,6,False,False,False,-3.925862084266667,-3.3654054741333335,2023-10-11 16:49:00+00:00,2023-10-12 05:52:00+00:00,13.05
2023-10-12,2023-10-12 05:52:00+00:00,2023-10-12 16:47:00+00:00,2023-10-12T07:52:00+02:00,2023-10-12T18:47:00+02:00,2023-10-12 05:55:38.601432320+00:00,2023-10-12 16:50:08.797982720+00:00,-1.4930659211751047,-0.3832940999681819,120,6,False,False,False,-3.643357205333333,-3.146633045333333,2023-10-12 16:47:00+00:00,2023-10-13 05:54:00+00:00,13.116666666666667
2023-10-13,2023-10-13 05:54:00+00:00,2023-10-13 16:44:00+00:00,2023-10-13T07:54:00+02:00,2023-10-13T18:44:00+02:00,2023-10-13 05:57:21.971432448+00:00,2023-10-13 16:47:56.380447488+00:00,-1.4849680826232483,-0.37802286095681004,120,6,False,False,False,-3.3661905408,-3.9396741248,2023-10-13 16:44:00+00:00,2023-10-14 05:55:00+00:00,13.183333333333334
2023-10-14,2023-10-14 05:55:00+00:00,2023-10-14 16:42:00+00:00,2023-10-14T07:55:00+02:00,2023-10-14T18:42:00+02:00,2023-10-14 05:59:05.659510272+00:00,2023-10-14 16:45:44.706262528+00:00,-1.4767030441374063,-0.3727156438358231,120,6,False,False,False,-4.0943251712,-3.7451043754666666,2023-10-14 16:42:00+00:00,2023-10-15 05:57:00+00:00,13.25
2023-10-15,2023-10-15 05:57:00+00:00,2023-10-15 16:40:00+00:00,2023-10-15T07:57:00+02:00,2023-10-15T18:40:00+02:00,2023-10-15 06:00:49.661901824+00:00,2023-10-15 16:43:33.810140672+00:00,-1.4682794394287162,-0.367375720353494,120,6,False,False,False,-3.8276983637333335,-3.563502344533333,2023-10-15 16:40:00+00:00,2023-10-16 05:59:00+00:00,13.316666666666666
2023-10-16,2023-10-16 05:59:00+00:00,2023-10-16 16:38:00+00:00,2023-10-16T07:59:00+02:00,2023-10-16T18:38:00+02:00,2023-10-16 06:02:33.973175808+00:00,2023-10-16 16:41:23.727002368+00:00,-1.459706092920519,-0.36200647877456094,120,6,False,False,False,-3.5662195968000003,-3.3954500394666667,2023-10-16 16:38:00+00:00,2023-10-17 06:01:00+00:00,13.383333333333333
2023-10-17,2023-10-17 06:01:00+00:00,2023-10-17 16:36:00+00:00,2023-10-17T08:01:00+02:00,2023-10-17T18:36:00+02:00,2023-10-17 06:04:18.586182656+00:00,2023-10-17 16:39:14.492109568+00:00,-1.4509920096331639,-0.3566114207358251,120,6,False,False,False,-3.3097697109333333,-3.2415351594666664,2023-10-17 16:36:00+00:00,2023-10-18 06:02:00+00:00,13.433333333333334
2023-10-18,2023-10-18 06:02:00+00:00,2023-10-18 16:33:00+00:00,2023-10-18T08:02:00+02:00,2023-10-18T18:33:00+02:00,2023-10-18 06:06:03.492115968+00:00,2023-10-18 16:37:06.141288704+00:00,-1.4421463648538517,-0.3511941579440838,120,6,False,False,False,-4.0582019328,-4.102354811733333,2023-10-18 16:33:00+00:00,2023-10-19 06:04:00+00:00,13.516666666666667
2023-10-19,2023-10-19 06:04:00+00:00,2023-10-19 16:31:00+00:00,2023-10-19T08:04:00+02:00,2023-10-19T18:31:00+02:00,2023-10-19 06:07:48.680719104+00:00,2023-10-19 16:34:58.711198464+00:00,-1.4331784936036436,-0.34575840872005664,120,6,False,False,False,-3.8113453184,-3.9785199744,2023-10-19 16:31:00+00:00,2023-10-20 06:06:00+00:00,13.583333333333334
2023-10-20,2023-10-20 06:06:00+00:00,2023-10-20 16:29:00+00:00,2023-10-20T08:06:00+02:00,2023-10-20T18:29:00+02:00,2023-10-20 06:09:34.140615936+00:00,2023-10-20 16:32:52.239596800+00:00,-1.4240978799140334,-0.3403079943921622,120,6,False,False,False,-3.5690102656,-3.8706599466666662,2023-10-20 16:29:00+00:00,2023-10-21 06:08:00+00:00,13.65
2023-10-21,2023-10-21 06:08:00+00:00,2023-10-21 16:27:00+00:00,2023-10-21T08:08:00+02:00,2023-10-21T18:27:00+02:00,2023-10-21 06:11:19.859721216+00:00,2023-10-21 16:30:46.765569024+00:00,-1.4149141459256764,-0.33484683554417594,120,6,False,False,False,-3.3309953536,-3.7794261504,2023-10-21 16:27:00+00:00,2023-10-22 06:10:00+00:00,13.716666666666667
2023-10-22,2023-10-22 06:10:00+00:00,2023-10-22 16:25:00+00:00,2023-10-22T08:10:00+02:00,2023-10-22T18:25:00+02:00,2023-10-22 06:13:05.825690624+00:00,2023-10-22 16:28:42.329683456+00:00,-1.4056370408221082,-0.32937894812099366,120,6,False,False,False,-3.097094843733333,-3.7054947242666665,2023-10-22 16:25:00+00:00,2023-10-23 06:12:00+00:00,13.783333333333333
2023-10-23,2023-10-23 06:12:00+00:00,2023-10-23 16:23:00+00:00,2023-10-23T08:12:00+02:00,2023-10-23T18:23:00+02:00,2023-10-23 06:14:52.026363136+00:00,2023-10-23 16:26:38.974017280+00:00,-1.3962764296114558,-0.3239084393968849,120,6,False,False,False,-2.8671060522666663,-3.6495669546666667,2023-10-23 16:23:00+00:00,2023-10-24 06:13:00+00:00,13.833333333333334
2023-10-24,2023-10-24 06:13:00+00:00,2023-10-24 16:21:00+00:00,2023-10-24T08:13:00+02:00,2023-10-24T18:21:00+02:00,2023-10-24 06:16:38.450128896+00:00,2023-10-24 16:24:36.741974272+00:00,-1.386842281769353,-0.3184395038108063,120,6,False,False,False,-3.6408354816,-3.6123662378666666,2023-10-24 16:21:00+00:00,2023-10-25 06:15:00+00:00,13.9
2023-10-25,2023-10-25 06:15:00+00:00,2023-10-25 16:19:00+00:00,2023-10-25T08:15:00+02:00,2023-10-25T18:19:00+02:00,2023-10-25 06:18:25.086113024+00:00,2023-10-25 16:22:35.677902592+00:00,-1.3773446597564039,-0.31297641867349774,120,6,False,False,False,-3.4181018837333337,-3.594631709866667,2023-10-25 16:19:00+00:00,2023-10-26 06:17:00+00:00,13.966666666666667
2023-10-26,2023-10-26 06:17:00+00:00,2023-10-26 16:16:00+00:00,2023-10-26T08:17:00+02:00,2023-10-26T18:16:00+02:00,2023-10-26 06:20:11.924048128+00:00,2023-10-26 16:20:35.826617600+00:00,-1.3677937074237183,-0.3075235397512502,120,6,False,False,False,-3.1987341354666667,-4.597110293333333,2023-10-26 16:16:00+00:00,2023-10-27 06:19:00+00:00,14.05
2023-10-27,2023-10-27 06:19:00+00:00,2023-10-27 16:14:00+00:00,2023-10-27T08:19:00+02:00,2023-10-27T18:14:00+02:00,2023-10-27 06:21:58.953768192+00:00,2023-10-27 16:18:37.233056512+00:00,-1.3581996383201558,-0.30208529673138446,120,6,False,False,False,-2.9825628032,-4.620550941866667,2023-10-27 16:14:00+00:00,2023-10-28 06:21:00+00:00,14.116666666666667
2023-10-28,2023-10-28 06:21:00+00:00,2023-10-28 16:12:00+00:00,2023-10-28T08:21:00+02:00,2023-10-28T18:12:00+02:00,2023-10-28 06:23:46.164387072+00:00,2023-10-28 16:16:39.942250240+00:00,-1.3485727239150431,-0.2966661885746327,120,6,True,False,False,-2.7694064512,-4.665704170666667,2023-10-28 16:12:00+00:00,2023-10-29 06:23:00+00:00,14.183333333333334
2023-10-29,2023-10-29 06:23:00+00:00,2023-10-29 16:10:00+00:00,2023-10-29T07:23:00+01:00,2023-10-29T17:10:00+01:00,2023-10-29 06:25:33.543336192+00:00,2023-10-29 16:14:43.999642880+00:00,-1.3389232817502181,-0.29127077875974616,120,6,False,False,False,-2.5590556032,-4.733327381333334,2023-10-29 16:10:00+00:00,2023-10-30 06:24:00+00:00,14.233333333333333
2023-10-30,2023-10-30 06:24:00+00:00,2023-10-30 16:08:00+00:00,2023-10-30T07:24:00+01:00,2023-10-30T17:08:00+01:00,2023-10-30 06:27:21.075494912+00:00,2023-10-30 16:12:49.451584768+00:00,-1.3292616635353607,-0.2859036904258017,120,6,False,False,False,-3.3512582485333335,-4.824193079466666,2023-10-30 16:08:00+00:00,2023-10-31 06:26:00+00:00,14.3
2023-10-31,2023-10-31 06:26:00+00:00,2023-10-31 16:07:00+00:00,2023-10-31T07:26:00+01:00,2023-10-31T17:07:00+01:00,2023-10-31 06:29:08.742573056+00:00,2023-10-31 16:10:56.345726976+00:00,-1.319598243200605,-0.28056960141779363,120,6,False,False,False,-3.1457095509333333,-3.9390954496000004,2023-10-31 16:07:00+00:00,2023-11-01 06:28:00+00:00,14.35
2023-11-01,2023-11-01 06:28:00+00:00,2023-11-01 16:05:00+00:00,2023-11-01T07:28:00+01:00,2023-11-01T17:05:00+01:00,2023-11-01 06:30:56.522787584+00:00,2023-11-01 16:09:04.731134208+00:00,-1.3099434049205163,-0.2752732392412358,120,6,False,False,False,-2.9420464597333336,-4.0788522367999995,2023-11-01 16:05:00+00:00,2023-11-02 06:30:00+00:00,14.416666666666666
2023-11-02,2023-11-02 06:30:00+00:00,2023-11-02 16:03:00+00:00,2023-11-02T07:30:00+01:00,2023-11-02T17:03:00+01:00,2023-11-02 06:32:44.390777088+00:00,2023-11-02 16:07:14.658117120+00:00,-1.3003075311235175,-0.2700193759315958,120,6,False,False,False,-2.7398462848,-4.244301952,2023-11-02 16:03:00+00:00,2023-11-03 06:32:00+00:00,14.483333333333333
2023-11-03,2023-11-03 06:32:00+00:00,2023-11-03 16:01:00+00:00,2023-11-03T07:32:00+01:00,2023-11-03T17:01:00+01:00,2023-11-03 06:34:32.317645056+00:00,2023-11-03 16:05:26.177940480+00:00,-1.290700990500893,-0.26481282284451285,120,6,False,False,False,-2.5386274176,-4.436299008000001,2023-11-03 16:01:00+00:00,2023-11-04 06:34:00+00:00,14.55
2023-11-04,2023-11-04 06:34:00+00:00,2023-11-04 15:59:00+00:00,2023-11-04T07:34:00+01:00,2023-11-04T16:59:00+01:00,2023-11-04 06:36:20.271053568+00:00,2023-11-04 16:03:39.342579712+00:00,-1.28113412602948,-0.25965842537283246,120,6,False,False,False,-2.3378508928,-4.655709661866666,2023-11-04 15:59:00+00:00,2023-11-05 06:36:00+00:00,14.616666666666667
2023-11-05,2023-11-05 06:36:00+00:00,2023-11-05 15:57:00+00:00,2023-11-05T07:36:00+01:00,2023-11-05T16:57:00+01:00,2023-11-05 06:38:08.215332608+00:00,2023-11-05 16:01:54.204600064+00:00,-1.2716172430221588,-0.25456105759660147,120,6,False,False,False,-2.1369222101333336,-4.903410001066666,2023-11-05 15:57:00+00:00,2023-11-06 06:37:00+00:00,14.666666666666666
2023-11-06,2023-11-06 06:37:00+00:00,2023-11-06 15:55:00+00:00,2023-11-06T07:37:00+01:00,2023-11-06T16:55:00+01:00,2023-11-06 06:39:56.111595264+00:00,2023-11-06 16:00:10.817121280+00:00,-1.2621605972202037,-0.24952561687224267,120,6,False,False,False,-2.9351932543999997,-5.180285354666666,2023-11-06 15:55:00+00:00,2023-11-07 06:39:00+00:00,14.733333333333333
2023-11-07,2023-11-07 06:39:00+00:00,2023-11-07 15:54:00+00:00,2023-11-07T07:39:00+01:00,2023-11-07T16:54:00+01:00,2023-11-07 06:41:43.917845760+00:00,2023-11-07 15:58:29.233787136+00:00,-1.2527743829415274,-0.24455701836722032,120,6,False,False,False,-2.731964096,-4.487229785599999,2023-11-07 15:54:00+00:00,2023-11-08 06:41:00+00:00,14.783333333333333
2023-11-08,2023-11-08 06:41:00+00:00,2023-11-08 15:52:00+00:00,2023-11-08T07:41:00+01:00,2023-11-08T16:52:00+01:00,2023-11-08 06:43:31.589068288+00:00,2023-11-08 15:56:49.508694272+00:00,-1.2434687212987638,-0.23966018954656454,120,6,False,False,False,-2.5264844714666665,-4.8251449045333334,2023-11-08 15:52:00+00:00,2023-11-09 06:43:00+00:00,14.85
2023-11-09,2023-11-09 06:43:00+00:00,2023-11-09 15:50:00+00:00,2023-11-09T07:43:00+01:00,2023-11-09T16:50:00+01:00,2023-11-09 06:45:19.077265152+00:00,2023-11-09 15:55:11.696273920+00:00,-1.2342536485010782,-0.23484006461770635,120,6,False,False,False,-2.3179544192,-5.194937898666667,2023-11-09 15:50:00+00:00,2023-11-10 06:45:00+00:00,14.916666666666666
2023-11-10,2023-11-10 06:45:00+00:00,2023-11-10 15:49:00+00:00,2023-11-10T07:45:00+01:00,2023-11-10T16:49:00+01:00,2023-11-10 06:47:06.331445248+00:00,2023-11-10 15:53:35.851139072+00:00,-1.225139104253464,-0.23010157894011382,120,6,False,False,False,-2.1055240874666667,-4.597518984533334,2023-11-10 15:49:00+00:00,2023-11-11 06:47:00+00:00,14.966666666666667
2023-11-11,2023-11-11 06:47:00+00:00,2023-11-11 15:47:00+00:00,2023-11-11T07:47:00+01:00,2023-11-11T16:47:00+01:00,2023-11-11 06:48:53.297561600+00:00,2023-11-11 15:52:02.027906304+00:00,-1.216134920267207,-0.22544966340628747,120,6,False,False,False,-1.8882926933333333,-5.0337984384,2023-11-11 15:47:00+00:00,2023-11-12 06:48:00+00:00,15.016666666666667
2023-11-12,2023-11-12 06:48:00+00:00,2023-11-12 15:45:00+00:00,2023-11-12T07:48:00+01:00,2023-11-12T16:45:00+01:00,2023-11-12 06:50:39.918427392+00:00,2023-11-12 15:50:30.281019392+00:00,-1.2072508088950313,-0.22088923880069702,120,6,False,False,False,-2.6653071232000003,-5.5046836565333335,2023-11-12 15:45:00+00:00,2023-11-13 06:50:00+00:00,15.083333333333334
2023-11-13,2023-11-13 06:50:00+00:00,2023-11-13 15:44:00+00:00,2023-11-13T07:50:00+01:00,2023-11-13T16:44:00+01:00,2023-11-13 06:52:26.133636096+00:00,2023-11-13 15:49:00.664638976+00:00,-1.1984963519043244,-0.2164252101432952,120,6,False,False,False,-2.4355606016,-5.011077316266666,2023-11-13 15:44:00+00:00,2023-11-14 06:52:00+00:00,15.133333333333333
2023-11-14,2023-11-14 06:52:00+00:00,2023-11-14 15:42:00+00:00,2023-11-14T07:52:00+01:00,2023-11-14T16:42:00+01:00,2023-11-14 06:54:11.879531264+00:00,2023-11-14 15:47:33.232684800+00:00,-1.1898809894016533,-0.21206246102425078,120,6,False,False,False,-2.1979921877333335,-5.5538780800000005,2023-11-14 15:42:00+00:00,2023-11-15 06:54:00+00:00,15.2
2023-11-15,2023-11-15 06:54:00+00:00,2023-11-15 15:41:00+00:00,2023-11-15T07:54:00+01:00,2023-11-15T16:41:00+01:00,2023-11-15 06:55:57.089276928+00:00,2023-11-15 15:46:08.039070720+00:00,-1.1814140089216236,-0.20780584793657922,120,6,False,False,False,-1.9514879488,-5.133984512,2023-11-15 15:41:00+00:00,2023-11-16 06:56:00+00:00,15.25
2023-11-16,2023-11-16 06:56:00+00:00,2023-11-16 15:39:00+00:00,2023-11-16T07:56:00+01:00,2023-11-16T16:39:00+01:00,2023-11-16 06:57:41.693080064+00:00,2023-11-16 15:44:45.138081536+00:00,-1.1731045346929212,-0.20366019461334645,120,6,False,False,False,-1.6948846677333333,-5.752301358933334,2023-11-16 15:39:00+00:00,2023-11-17 06:57:00+00:00,15.3
2023-11-17,2023-11-17 06:57:00+00:00,2023-11-17 15:38:00+00:00,2023-11-17T07:57:00+01:00,2023-11-17T16:38:00+01:00,2023-11-17 06:59:25.618604544+00:00,2023-11-17 15:43:24.584746496+00:00,-1.1649615170941905,-0.199630286376135,120,6,False,False,False,-2.4269767424,-5.409745774933333,2023-11-17 15:38:00+00:00,2023-11-18 06:59:00+00:00,15.35
2023-11-18,2023-11-18 06:59:00+00:00,2023-11-18 15:37:00+00:00,2023-11-18T07:59:00+01:00,2023-11-18T16:37:00+01:00,2023-11-18 07:01:08.791572992+00:00,2023-11-18 15:42:06.435071232+00:00,-1.1569937223121527,-0.19572086450144532,120,6,False,False,False,-2.146526216533333,-5.1072511872,2023-11-18 15:37:00+00:00,2023-11-19 07:01:00+00:00,15.4
2023-11-19,2023-11-19 07:01:00+00:00,2023-11-19 15:35:00+00:00,2023-11-19T08:01:00+01:00,2023-11-19T16:35:00+01:00,2023-11-19 07:02:51.136489216+00:00,2023-11-19 15:40:50.746033152+00:00,-1.149209722214152,-0.1919366206117041,120,6,False,False,False,-1.8522748202666668,-5.8457672192,2023-11-19 15:35:00+00:00,2023-11-20 07:03:00+00:00,15.466666666666667
2023-11-20,2023-11-20 07:03:00+00:00,2023-11-20 15:34:00+00:00,2023-11-20T08:03:00+01:00,2023-11-20T16:34:00+01:00,2023-11-20 07:04:32.577371904+00:00,2023-11-20 15:39:37.575359232+00:00,-1.1416178844470493,-0.18828219109751881,120,6,False,False,False,-1.5429561984,-5.6262559871999995,2023-11-20 15:34:00+00:00,2023-11-21 07:04:00+00:00,15.5
2023-11-21,2023-11-21 07:04:00+00:00,2023-11-21 15:33:00+00:00,2023-11-21T08:04:00+01:00,2023-11-21T16:33:00+01:00,2023-11-21 07:06:13.038378752+00:00,2023-11-21 15:38:26.981136640+00:00,-1.1342263627741278,-0.18476215157779893,120,6,False,False,False,-2.217306312533333,-5.449685610666666,2023-11-21 15:33:00+00:00,2023-11-22 07:06:00+00:00,15.55
2023-11-22,2023-11-22 07:06:00+00:00,2023-11-22 15:32:00+00:00,2023-11-22T08:06:00+01:00,2023-11-22T16:32:00+01:00,2023-11-22 07:07:52.444203264+00:00,2023-11-22 15:37:19.021348096+00:00,-1.127043087661378,-0.1813810114043185,120,6,False,False,False,-1.8740700544,-5.317022468266667,2023-11-22 15:32:00+00:00,2023-11-23 07:08:00+00:00,15.6
2023-11-23,2023-11-23 07:08:00+00:00,2023-11-23 15:31:00+00:00,2023-11-23T08:08:00+01:00,2023-11-23T16:31:00+01:00,2023-11-23 07:09:30.720179200+00:00,2023-11-23 15:36:13.753429760+00:00,-1.120075757124257,-0.17814320821725982,120,6,False,False,False,-1.5120029866666667,-5.229223829333334,2023-11-23 15:31:00+00:00,2023-11-24 07:09:00+00:00,15.633333333333333
2023-11-24,2023-11-24 07:09:00+00:00,2023-11-24 15:30:00+00:00,2023-11-24T08:09:00+01:00,2023-11-24T16:30:00+01:00,2023-11-24 07:11:07.792070912+00:00,2023-11-24 15:35:11.233955840+00:00,-1.1133318278456892,-0.17505310255821543,120,6,False,False,False,-2.1298678485333333,-5.187232597333334,2023-11-24 15:30:00+00:00,2023-11-25 07:11:00+00:00,15.683333333333334
2023-11-25,2023-11-25 07:11:00+00:00,2023-11-25 15:28:00+00:00,2023-11-25T08:11:00+01:00,2023-11-25T16:28:00+01:00,2023-11-25 07:12:43.585602048+00:00,2023-11-25 15:34:11.518545920+00:00,-1.1068185065757659,-0.17211497254707467,120,6,False,False,False,-1.7264267008,-6.191975765333334,2023-11-25 15:28:00+00:00,2023-11-26 07:13:00+00:00,15.75
2023-11-26,2023-11-26 07:13:00+00:00,2023-11-26 15:27:00+00:00,2023-11-26T08:13:00+01:00,2023-11-26T16:27:00+01:00,2023-11-26 07:14:18.025819648+00:00,2023-11-26 15:33:14.661996544+00:00,-1.100542741823266,-0.16933300862914724,120,6,False,False,False,-1.3004303274666666,-6.244366609066666,2023-11-26 15:27:00+00:00,2023-11-27 07:14:00+00:00,15.783333333333333
2023-11-27,2023-11-27 07:14:00+00:00,2023-11-27 15:27:00+00:00,2023-11-27T08:14:00+01:00,2023-11-27T16:27:00+01:00,2023-11-27 07:15:51.036460032+00:00,2023-11-27 15:32:20.718525440+00:00,-1.0945112158487822,-0.16671130839880616,120,6,False,False,False,-1.8506076671999998,-5.345308757333333,2023-11-27 15:27:00+00:00,2023-11-28 07:16:00+00:00,15.816666666666666
2023-11-28,2023-11-28 07:16:00+00:00,2023-11-28 15:26:00+00:00,2023-11-28T08:16:00+01:00,2023-11-28T16:26:00+01:00,2023-11-28 07:17:22.539468032+00:00,2023-11-28 15:31:29.741925376+00:00,-1.088730336968861,-0.16425387150584403,120,6,False,False,False,-1.3756578005333333,-5.495698756266666,2023-11-28 15:26:00+00:00,2023-11-29 07:17:00+00:00,15.85
2023-11-29,2023-11-29 07:17:00+00:00,2023-11-29 15:25:00+00:00,2023-11-29T08:17:00+01:00,2023-11-29T16:25:00+01:00,2023-11-29 07:18:52.454775808+00:00,2023-11-29 15:30:41.785472256+00:00,-1.083206232180228,-0.16196459465065283,120,6,False,False,False,-1.8742462634666666,-5.6964245376,2023-11-29 15:25:00+00:00,2023-11-30 07:19:00+00:00,15.9
2023-11-30,2023-11-30 07:19:00+00:00,2023-11-30 15:24:00+00:00,2023-11-30T08:19:00+01:00,2023-11-30T16:24:00+01:00,2023-11-30 07:20:20.700343040+00:00,2023-11-30 15:29:56.901560320+00:00,-1.0779447401127604,-0.159847266674235,120,6,False,False,False,-1.3450057173333334,-5.948359338666666,2023-11-30 15:24:00+00:00,2023-12-01 07:20:00+00:00,15.933333333333334
2023-12-01,2023-12-01 07:20:00+00:00,2023-12-01 15:23:00+00:00,2023-12-01T08:20:00+01:00,2023-12-01T16:23:00+01:00,2023-12-01 07:21:47.192388608+00:00,2023-12-01 15:29:15.141192704+00:00,-1.0729514043195072,-0.1579055637489536,120,6,False,False,False,-1.7865398101333334,-6.252353211733333,2023-12-01 15:23:00+00:00,2023-12-02 07:22:00+00:00,15.983333333333333
2023-12-02,2023-12-02 07:22:00+00:00,2023-12-02 15:23:00+00:00,2023-12-02T08:22:00+01:00,2023-12-02T16:23:00+01:00,2023-12-02 07:23:11.845716736+00:00,2023-12-02 15:28:36.553488128+00:00,-1.068231466911636,-0.15614304467581414,120,6,False,False,False,-1.1974286122666666,-5.609224802133334,2023-12-02 15:23:00+00:00,2023-12-03 07:23:00+00:00,16.0
2023-12-03,2023-12-03 07:23:00+00:00,2023-12-03 15:22:00+00:00,2023-12-03T08:23:00+01:00,2023-12-03T16:22:00+01:00,2023-12-03 07:24:34.574081024+00:00,2023-12-03 15:28:01.185297664+00:00,-1.0637898625458029,-0.15456314629395573,120,6,False,False,False,-1.5762346837333332,-6.019754961066667,2023-12-03 15:22:00+00:00,2023-12-04 07:25:00+00:00,16.05
2023-12-04,2023-12-04 07:25:00+00:00,2023-12-04 15:21:00+00:00,2023-12-04T08:25:00+01:00,2023-12-04T16:21:00+01:00,2023-12-04 07:25:55.290564352+00:00,2023-12-04 15:27:29.080912128+00:00,-1.0596312127709977,-0.15316917900790056,120,6,False,False,False,-0.9215094058666666,-6.4846818688,2023-12-04 15:21:00+00:00,2023-12-05 07:26:00+00:00,16.083333333333332
2023-12-05,2023-12-05 07:26:00+00:00,2023-12-05 15:21:00+00:00,2023-12-05T08:26:00+01:00,2023-12-05T16:21:00+01:00,2023-12-05 07:27:13.907972608+00:00,2023-12-05 15:27:00.281793280+00:00,-1.0557598207415189,-0.15196432243798358,120,6,False,False,False,-1.2317995434666666,-6.004696554666666,2023-12-05 15:21:00+00:00,2023-12-06 07:27:00+00:00,16.1
2023-12-06,2023-12-06 07:27:00+00:00,2023-12-06 15:20:00+00:00,2023-12-06T08:27:00+01:00,2023-12-06T16:20:00+01:00,2023-12-06 07:28:30.339222272+00:00,2023-12-06 15:26:34.826276864+00:00,-1.0521796663022807,-0.1509516211992425,120,6,False,False,False,-1.5056537045333334,-6.5804379477333335,2023-12-06 15:20:00+00:00,2023-12-07 07:29:00+00:00,16.15
2023-12-07,2023-12-07 07:29:00+00:00,2023-12-07 15:20:00+00:00,2023-12-07T08:29:00+01:00,2023-12-07T16:20:00+01:00,2023-12-07 07:29:44.497683968+00:00,2023-12-07 15:26:12.749241600+00:00,-1.0488944014522266,-0.1501339808139045,120,6,False,False,False,-0.7416280661333333,-6.21248736,2023-12-07 15:20:00+00:00,2023-12-08 07:30:00+00:00,16.166666666666668
2023-12-08,2023-12-08 07:30:00+00:00,2023-12-08 15:20:00+00:00,2023-12-08T08:30:00+01:00,2023-12-08T16:20:00+01:00,2023-12-08 07:30:56.297466112+00:00,2023-12-08 15:25:54.081746176+00:00,-1.0459073461911674,-0.14951416376245735,120,6,False,False,False,-0.9382911018666668,-5.901362436266667,2023-12-08 15:20:00+00:00,2023-12-09 07:31:00+00:00,16.183333333333334
2023-12-09,2023-12-09 07:31:00+00:00,2023-12-09 15:19:00+00:00,2023-12-09T08:31:00+01:00,2023-12-09T16:19:00+01:00,2023-12-09 07:32:05.653652224+00:00,2023-12-09 15:25:38.850618624+00:00,-1.0432214847549208,-0.1490947856781345,120,6,False,False,False,-1.0942275370666665,-6.6475103103999995,2023-12-09 15:19:00+00:00,2023-12-10 07:32:00+00:00,16.216666666666665
2023-12-10,2023-12-10 07:32:00+00:00,2023-12-10 15:19:00+00:00,2023-12-10T08:32:00+01:00,2023-12-10T16:19:00+01:00,2023-12-10 07:33:12.482520064+00:00,2023-12-10 15:25:27.078020096+00:00,-1.0408394622431594,-0.1488783116894809,120,6,False,False,False,-1.2080420010666666,-6.451300334933333,2023-12-10 15:19:00+00:00,2023-12-11 07:33:00+00:00,16.233333333333334
2023-12-11,2023-12-11 07:33:00+00:00,2023-12-11 15:19:00+00:00,2023-12-11T08:33:00+01:00,2023-12-11T16:19:00+01:00,2023-12-11 07:34:16.701756416+00:00,2023-12-11 15:25:18.781077248+00:00,-1.0387635816439167,-0.14886705291550195,120,6,False,False,False,-1.2783626069333331,-6.313017954133333,2023-12-11 15:19:00+00:00,2023-12-12 07:34:00+00:00,16.25
2023-12-12,2023-12-12 07:34:00+00:00,2023-12-12 15:19:00+00:00,2023-12-12T08:34:00+01:00,2023-12-12T16:19:00+01:00,2023-12-12 07:35:18.230657280+00:00,2023-12-12 15:25:13.971745536+00:00,-1.0369958012582292,-0.14906316311771933,120,6,False,False,False,-1.303844288,-6.2328624256000005,2023-12-12 15:19:00+00:00,2023-12-13 07:35:00+00:00,16.266666666666666
2023-12-13,2023-12-13 07:35:00+00:00,2023-12-13 15:19:00+00:00,2023-12-13T08:35:00+01:00,2023-12-13T16:19:00+01:00,2023-12-13 07:36:16.990328320+00:00,2023-12-13 15:25:12.657031680+00:00,-1.0355377325279242,-0.14946863551328382,120,6,False,False,False,-1.2831721386666668,-6.210950528,2023-12-13 15:19:00+00:00,2023-12-14 07:36:00+00:00,16.283333333333335
2023-12-14,2023-12-14 07:36:00+00:00,2023-12-14 15:19:00+00:00,2023-12-14T08:36:00+01:00,2023-12-14T16:19:00+01:00,2023-12-14 07:37:12.903952384+00:00,2023-12-14 15:25:14.839527424+00:00,-1.0343906382690804,-0.15008529975311075,120,6,False,False,False,-1.2150658730666666,-6.247325457066666,2023-12-14 15:19:00+00:00,2023-12-15 07:37:00+00:00,16.3
2023-12-15,2023-12-15 07:37:00+00:00,2023-12-15 15:19:00+00:00,2023-12-15T08:37:00+01:00,2023-12-15T16:19:00+01:00,2023-12-15 07:38:05.897229568+00:00,2023-12-15 15:25:20.518020352+00:00,-1.0335554313132138,-0.15091481906881332,120,6,False,False,False,-1.0982871594666668,-6.341967005866667,2023-12-15 15:19:00+00:00,2023-12-16 07:38:00+00:00,16.316666666666666
2023-12-16,2023-12-16 07:38:00+00:00,2023-12-16 15:19:00+00:00,2023-12-16T08:38:00+01:00,2023-12-16T16:19:00+01:00,2023-12-16 07:38:55.899062272+00:00,2023-12-16 15:25:29.687895552+00:00,-1.0330326735577584,-0.1519586875920188,120,6,False,False,False,-0.9316510378666667,-6.4947982591999995,2023-12-16 15:19:00+00:00,2023-12-17 07:39:00+00:00,16.333333333333332
2023-12-17,2023-12-17 07:39:00+00:00,2023-12-17 15:19:00+00:00,2023-12-17T08:39:00+01:00,2023-12-17T16:19:00+01:00,2023-12-17 07:39:42.842438912+00:00,2023-12-17 15:25:42.341154304+00:00,-1.0328225754269296,-0.15321822784945605,120,6,False,False,False,-0.7140406485333333,-6.705685905066667,2023-12-17 15:19:00+00:00,2023-12-18 07:39:00+00:00,16.333333333333332
2023-12-18,2023-12-18 07:39:00+00:00,2023-12-18 15:20:00+00:00,2023-12-18T08:39:00+01:00,2023-12-18T16:20:00+01:00,2023-12-18 07:40:26.665371392+00:00,2023-12-18 15:25:58.466109440+00:00,-1.0329249957435682,-0.15469458843699818,120,6,False,False,False,-1.4444228565333332,-5.974435157333334,2023-12-18 15:20:00+00:00,2023-12-19 07:40:00+00:00,16.333333333333332
2023-12-19,2023-12-19 07:40:00+00:00,2023-12-19 15:20:00+00:00,2023-12-19T08:40:00+01:00,2023-12-19T16:20:00+01:00,2023-12-19 07:41:07.311677440+00:00,2023-12-19 15:26:18.046980864+00:00,-1.0333394420120838,-0.15638874187564494,120,6,False,False,False,-1.1218612906666665,-6.300783014399999,2023-12-19 15:20:00+00:00,2023-12-20 07:41:00+00:00,16.35
2023-12-20,2023-12-20 07:41:00+00:00,2023-12-20 15:20:00+00:00,2023-12-20T08:41:00+01:00,2023-12-20T16:20:00+01:00,2023-12-20 07:41:44.731472128+00:00,2023-12-20 15:26:41.063616768+00:00,-1.0340650711121273,-0.15830148265221572,120,6,False,False,False,-0.7455245354666666,-6.684393612799999,2023-12-20 15:20:00+00:00,2023-12-21 07:41:00+00:00,16.35
2023-12-21,2023-12-21 07:41:00+00:00,2023-12-21 15:21:00+00:00,2023-12-21T08:41:00+01:00,2023-12-21T16:21:00+01:00,2023-12-21 07:42:18.881312768+00:00,2023-12-21 15:27:07.491452672+00:00,-1.0351006904021363,-0.16043342544731387,120,6,False,False,False,-1.3146885461333333,-6.124857544533333,2023-12-21 15:21:00+00:00,2023-12-22 07:42:00+00:00,16.35
2023-12-22,2023-12-22 07:42:00+00:00,2023-12-22 15:21:00+00:00,2023-12-22T08:42:00+01:00,2023-12-22T16:21:00+01:00,2023-12-22 07:42:49.724032768+00:00,2023-12-22 15:27:37.301678080+00:00,-1.036444759231417,-0.1627850035529121,120,6,False,False,False,-0.8287338794666667,-6.6216946346666665,2023-12-22 15:21:00+00:00,2023-12-23 07:42:00+00:00,16.35
2023-12-23,2023-12-23 07:42:00+00:00,2023-12-23 15:22:00+00:00,2023-12-23T08:42:00+01:00,2023-12-23T16:22:00+01:00,2023-12-23 07:43:17.228323328+00:00,2023-12-23 15:28:10.461518336+00:00,-1.0380953908589405,-0.1653564674816822,119,6,False,False,False,-1.2871387221333335,-6.174358638933333,2023-12-23 15:22:00+00:00,2023-12-24 07:42:00+00:00,16.333333333333332
2023-12-24,2023-12-24 07:42:00+00:00,2023-12-24 15:23:00+00:00,2023-12-24T08:42:00+01:00,2023-12-24T16:23:00+01:00,2023-12-24 07:43:41.368167168+00:00,2023-12-24 15:28:46.934538752+00:00,-1.0400503547765498,-0.1681478837699822,118,6,False,False,False,-1.6894694528,-5.782242312533333,2023-12-24 15:23:00+00:00,2023-12-25 07:43:00+00:00,16.333333333333332
2023-12-25,2023-12-25 07:43:00+00:00,2023-12-25 15:23:00+00:00,2023-12-25T08:43:00+01:00,2023-12-25T16:23:00+01:00,2023-12-25 07:44:02.122219776+00:00,2023-12-25 15:29:26.680911104+00:00,-1.0423070794338014,-0.1711591339761836,117,6,False,False,False,-1.0353703296,-6.444681851733334,2023-12-25 15:23:00+00:00,2023-12-26 07:43:00+00:00,16.333333333333332
2023-12-26,2023-12-26 07:43:00+00:00,2023-12-26 15:24:00+00:00,2023-12-26T08:43:00+01:00,2023-12-26T16:24:00+01:00,2023-12-26 07:44:19.473263104+00:00,2023-12-26 15:30:09.657575168+00:00,-1.0448626553611855,-0.17438991387580016,116,6,False,False,False,-1.3245543850666666,-6.160959586133333,2023-12-26 15:24:00+00:00,2023-12-27 07:43:00+00:00,16.316666666666666
2023-12-27,2023-12-27 07:43:00+00:00,2023-12-27 15:25:00+00:00,2023-12-27T08:43:00+01:00,2023-12-27T16:25:00+01:00,2023-12-27 07:44:33.407817728+00:00,2023-12-27 15:30:55.818268416+00:00,-1.0477138386880025,-0.17783973285465066,114,6,False,False,False,-1.5567969621333333,-5.930304473600001,2023-12-27 15:25:00+00:00,2023-12-28 07:43:00+00:00,16.3
2023-12-28,2023-12-28 07:43:00+00:00,2023-12-28 15:26:00+00:00,2023-12-28T08:43:00+01:00,2023-12-28T16:26:00+01:00,2023-12-28 07:44:43.915940352+00:00,2023-12-28 15:31:45.113421056+00:00,-1.0508570550507037,-0.1815079135010655,113,6,False,False,False,-1.7319323392000001,-5.7518903509333335,2023-12-28 15:26:00+00:00,2023-12-29 07:44:00+00:00,16.3
2023-12-29,2023-12-29 07:44:00+00:00,2023-12-29 15:27:00+00:00,2023-12-29T08:44:00+01:00,2023-12-29T16:27:00+01:00,2023-12-29 07:44:50.991164160+00:00,2023-12-29 15:32:37.489986560+00:00,-1.0542884038870486,-0.1853935913979083,112,6,False,False,False,-0.849852736,-5.624833109333333,2023-12-29 15:27:00+00:00,2023-12-30 07:44:00+00:00,16.283333333333335
2023-12-30,2023-12-30 07:44:00+00:00,2023-12-30 15:28:00+00:00,2023-12-30T08:44:00+01:00,2023-12-30T16:28:00+01:00,2023-12-30 07:44:54.630514688+00:00,2023-12-30 15:33:32.891305728+00:00,-1.058003663110969,-0.18949571511496427,111,6,False,False,False,-0.9105085781333333,-5.5481884288000005,2023-12-30 15:28:00+00:00,2023-12-31 07:44:00+00:00,16.266666666666666
2023-12-31,2023-12-31 07:44:00+00:00,2023-12-31 15:29:00+00:00,2023-12-31T08:44:00+01:00,2023-12-31T16:29:00+01:00,2023-12-31 07:44:54.834557952+00:00,2023-12-31 15:34:31.257061376+00:00,-1.0619982941625832,-0.19381304640200342,110,6,False,False,False,-0.9139092992,-5.520951022933334,2023-12-31 15:29:00+00:00,2024-01-01 07:43:00+00:00,16.233333333333334
2024-01-01,2024-01-01 07:43:00+00:00,2024-01-01 15:30:00+00:00,2024-01-01T08:43:00+01:00,2024-01-01T16:30:00+01:00,2024-01-01 07:44:51.607462144+00:00,2024-01-01 15:35:32.523331840+00:00,-1.0662614303000435,-0.19833782541962708,109,6,False,False,False,-1.8601243690666667,-5.5420555306666675,2024-01-01 15:30:00+00:00,2024-01-02 07:43:00+00:00,16.216666666666665
2024-01-02,2024-01-02 07:43:00+00:00,2024-01-02 15:31:00+00:00,2024-01-02T08:43:00+01:00,2024-01-02T16:31:00+01:00,2024-01-02 07:44:44.957050624+00:00,2024-01-02 15:36:36.622690816+00:00,-1.070786825108272,-0.20306757682697985,107,6,False,False,False,-1.7492841770666667,-5.610378180266666,2024-01-02 15:31:00+00:00,2024-01-03 07:43:00+00:00,16.2
2024-01-03,2024-01-03 07:43:00+00:00,2024-01-03 15:32:00+00:00,2024-01-03T08:43:00+01:00,2024-01-03T16:32:00+01:00,2024-01-03 07:44:34.894821376+00:00,2024-01-03 15:37:43.484319232+00:00,-1.075574716002499,-0.20800656482094065,106,6,False,False,False,-1.5815803562666666,-5.724738653866667,2024-01-03 15:32:00+00:00,2024-01-04 07:43:00+00:00,16.183333333333334
2024-01-04,2024-01-04 07:43:00+00:00,2024-01-04 15:33:00+00:00,2024-01-04T08:43:00+01:00,2024-01-04T16:33:00+01:00,2024-01-04 07:44:21.435891712+00:00,2024-01-04 15:38:53.034098176+00:00,-1.0806194048504008,-0.21315282698896731,106,6,False,False,False,-1.3572648618666667,-5.883901636266667,2024-01-04 15:33:00+00:00,2024-01-05 07:43:00+00:00,16.166666666666668
2024-01-05,2024-01-05 07:43:00+00:00,2024-01-05 15:35:00+00:00,2024-01-05T08:43:00+01:00,2024-01-05T16:35:00+01:00,2024-01-05 07:44:04.598866944+00:00,2024-01-05 15:40:05.194668544+00:00,-1.085914910761552,-0.21850422005009157,105,6,False,False,False,-1.0766477823999998,-5.086577809066667,2024-01-05 15:35:00+00:00,2024-01-06 07:42:00+00:00,16.116666666666667
2024-01-06,2024-01-06 07:42:00+00:00,2024-01-06 15:36:00+00:00,2024-01-06T08:42:00+01:00,2024-01-06T16:36:00+01:00,2024-01-06 07:43:44.405672448+00:00,2024-01-06 15:41:19.885421056+00:00,-1.0914549771474749,-0.2240584212252104,104,6,False,False,False,-1.7400945408000001,-5.3314236842666665,2024-01-06 15:36:00+00:00,2024-01-07 07:42:00+00:00,16.1
2024-01-07,2024-01-07 07:42:00+00:00,2024-01-07 15:37:00+00:00,2024-01-07T08:42:00+01:00,2024-01-07T16:37:00+01:00,2024-01-07 07:43:20.881372672+00:00,2024-01-07 15:42:37.022424832+00:00,-1.0972330791007816,-0.22981292980059892,103,6,False,False,False,-1.3480228778666665,-5.6170404138666665,2024-01-07 15:37:00+00:00,2024-01-08 07:41:00+00:00,16.066666666666666
2024-01-08,2024-01-08 07:41:00+00:00,2024-01-08 15:39:00+00:00,2024-01-08T08:41:00+01:00,2024-01-08T16:39:00+01:00,2024-01-08 07:42:54.053984768+00:00,2024-01-08 15:43:56.518395648+00:00,-1.1032424310847135,-0.2357650688831467,102,6,False,False,False,-1.9008997461333335,-4.9419732608,2024-01-08 15:39:00+00:00,2024-01-09 07:41:00+00:00,16.033333333333335
2024-01-09,2024-01-09 07:41:00+00:00,2024-01-09 15:40:00+00:00,2024-01-09T08:41:00+01:00,2024-01-09T16:40:00+01:00,2024-01-09 07:42:23.954237696+00:00,2024-01-09 15:45:18.282892800+00:00,-1.1094759949240136,-0.24191198734560204,101,6,False,False,False,-1.3992372949333334,-5.304714880000001,2024-01-09 15:40:00+00:00,2024-01-10 07:40:00+00:00,16.0
2024-01-10,2024-01-10 07:40:00+00:00,2024-01-10 15:41:00+00:00,2024-01-10T08:40:00+01:00,2024-01-10T16:41:00+01:00,2024-01-10 07:41:50.615265280+00:00,2024-01-10 15:46:42.222932992+00:00,-1.1159264880877129,-0.24825066195988554,99,5,False,False,False,-1.8435877546666668,-5.703715549866667,2024-01-10 15:41:00+00:00,2024-01-11 07:39:00+00:00,15.966666666666667
2024-01-11,2024-01-11 07:39:00+00:00,2024-01-11 15:43:00+00:00,2024-01-11T08:39:00+01:00,2024-01-11T16:43:00+01:00,2024-01-11 07:41:14.072277504+00:00,2024-01-11 15:48:08.244014080+00:00,-1.1225863922540749,-0.2547778997163223,99,5,False,False,False,-2.2345379584,-5.137400234666667,2024-01-11 15:43:00+00:00,2024-01-12 07:39:00+00:00,15.933333333333334
2024-01-12,2024-01-12 07:39:00+00:00,2024-01-12 15:44:00+00:00,2024-01-12T08:39:00+01:00,2024-01-12T16:44:00+01:00,2024-01-12 07:40:34.362334976+00:00,2024-01-12 15:49:36.251293440+00:00,-1.1294479621476046,-0.26149034032642354,99,5,False,False,False,-1.5727055829333334,-5.604188224,2024-01-12 15:44:00+00:00,2024-01-13 07:38:00+00:00,15.9
2024-01-13,2024-01-13 07:38:00+00:00,2024-01-13 15:46:00+00:00,2024-01-13T08:38:00+01:00,2024-01-13T16:46:00+01:00,2024-01-13 07:39:51.524350464+00:00,2024-01-13 15:51:06.150544896+00:00,-1.1365032346377169,-0.26838445890664175,99,5,False,False,False,-1.8587391744,-5.1025090816,2024-01-13 15:46:00+00:00,2024-01-14 07:37:00+00:00,15.85
2024-01-14,2024-01-14 07:37:00+00:00,2024-01-14 15:48:00+00:00,2024-01-14T08:37:00+01:00,2024-01-14T16:48:00+01:00,2024-01-14 07:39:05.599343360+00:00,2024-01-14 15:52:37.848620544+00:00,-1.1437440380883435,-0.2754565688403085,99,5,False,False,False,-2.0933223893333333,-4.6308103424,2024-01-14 15:48:00+00:00,2024-01-15 07:36:00+00:00,15.8
2024-01-15,2024-01-15 07:36:00+00:00,2024-01-15 15:49:00+00:00,2024-01-15T08:36:00+01:00,2024-01-15T16:49:00+01:00,2024-01-15 07:38:16.630859008+00:00,2024-01-15 15:54:11.253456640+00:00,-1.1511620019474742,-0.28270282481476816,100,5,False,False,False,-2.2771809834666663,-5.187557610666667,2024-01-15 15:49:00+00:00,2024-01-16 07:35:00+00:00,15.766666666666667
2024-01-16,2024-01-16 07:35:00+00:00,2024-01-16 15:51:00+00:00,2024-01-16T08:35:00+01:00,2024-01-16T16:51:00+01:00,2024-01-16 07:37:24.665371648+00:00,2024-01-16 15:55:46.273928704+00:00,-1.1587485665653368,-0.2901192260305062,100,5,False,False,False,-2.4110895274666664,-4.771232145066667,2024-01-16 15:51:00+00:00,2024-01-17 07:34:00+00:00,15.716666666666667
2024-01-17,2024-01-17 07:34:00+00:00,2024-01-17 15:53:00+00:00,2024-01-17T08:34:00+01:00,2024-01-17T16:53:00+01:00,2024-01-17 07:36:29.752491776+00:00,2024-01-17 15:57:22.819910400+00:00,-1.1664949932296602,-0.29770161957888575,100,5,False,False,False,-2.4958748629333334,-4.38033184,2024-01-17 15:53:00+00:00,2024-01-18 07:33:00+00:00,15.666666666666666
2024-01-18,2024-01-18 07:33:00+00:00,2024-01-18 15:54:00+00:00,2024-01-18T08:33:00+01:00,2024-01-18T16:54:00+01:00,2024-01-18 07:35:31.944879360+00:00,2024-01-18 15:59:00.802686720+00:00,-1.1743923744062057,-0.3054457039849009,100,5,False,False,False,-2.532414656,-5.013378112,2024-01-18 15:54:00+00:00,2024-01-19 07:32:00+00:00,15.633333333333333
2024-01-19,2024-01-19 07:32:00+00:00,2024-01-19 15:56:00+00:00,2024-01-19T08:32:00+01:00,2024-01-19T16:56:00+01:00,2024-01-19 07:34:31.297869056+00:00,2024-01-19 16:00:40.135596800+00:00,-1.182431644172515,-0.3133470329111724,100,5,False,False,False,-2.521631150933333,-4.6689266133333325,2024-01-19 15:56:00+00:00,2024-01-20 07:31:00+00:00,15.583333333333334
2024-01-20,2024-01-20 07:31:00+00:00,2024-01-20 15:58:00+00:00,2024-01-20T08:31:00+01:00,2024-01-20T16:58:00+01:00,2024-01-20 07:33:27.868902912+00:00,2024-01-20 16:02:20.734639360+00:00,-1.1906035888325932,-0.3214010190192195,100,5,False,False,False,-2.4644817152000003,-4.345577322666667,2024-01-20 15:58:00+00:00,2024-01-21 07:30:00+00:00,15.533333333333333
2024-01-21,2024-01-21 07:30:00+00:00,2024-01-21 16:00:00+00:00,2024-01-21T08:30:00+01:00,2024-01-21T17:00:00+01:00,2024-01-21 07:32:21.716891648+00:00,2024-01-21 16:04:02.518841856+00:00,-1.1988988577000401,-0.32960293798386603,100,5,False,False,False,-2.3619481941333333,-4.0419806976,2024-01-21 16:00:00+00:00,2024-01-22 07:29:00+00:00,15.483333333333333
2024-01-22,2024-01-22 07:29:00+00:00,2024-01-22 16:01:00+00:00,2024-01-22T08:29:00+01:00,2024-01-22T17:01:00+01:00,2024-01-22 07:31:12.901614336+00:00,2024-01-22 16:05:45.410352384+00:00,-1.207307974036939,-0.3379479326564576,100,5,False,False,False,-2.2150269056,-4.7568392064000005,2024-01-22 16:01:00+00:00,2024-01-23 07:28:00+00:00,15.45
2024-01-23,2024-01-23 07:28:00+00:00,2024-01-23 16:03:00+00:00,2024-01-23T08:28:00+01:00,2024-01-23T17:03:00+01:00,2024-01-23 07:30:01.483219456+00:00,2024-01-23 16:07:29.334351360+00:00,-1.2158213461356326,-0.34643101737239623,100,5,False,False,False,-2.0247203242666667,-4.488905856000001,2024-01-23 16:03:00+00:00,2024-01-24 07:26:00+00:00,15.383333333333333
2024-01-24,2024-01-24 07:26:00+00:00,2024-01-24 16:05:00+00:00,2024-01-24T08:26:00+01:00,2024-01-24T17:05:00+01:00,2024-01-24 07:28:47.521839616+00:00,2024-01-24 16:09:14.218882048+00:00,-1.224429278530354,-0.35504708239833477,100,5,False,False,False,-2.7920306602666667,-4.236981367466667,2024-01-24 16:05:00+00:00,2024-01-25 07:25:00+00:00,15.333333333333334
2024-01-25,2024-01-25 07:25:00+00:00,2024-01-25 16:07:00+00:00,2024-01-25T08:25:00+01:00,2024-01-25T17:07:00+01:00,2024-01-25 07:27:31.077315584+00:00,2024-01-25 16:10:59.994658816+00:00,-1.2331219833255205,-0.3637908985142094,100,5,False,False,False,-2.5179552597333332,-3.999910980266667,2024-01-25 16:07:00+00:00,2024-01-26 07:24:00+00:00,15.283333333333333
2024-01-26,2024-01-26 07:24:00+00:00,2024-01-26 16:09:00+00:00,2024-01-26T08:24:00+01:00,2024-01-26T17:09:00+01:00,2024-01-26 07:26:12.209009408+00:00,2024-01-26 16:12:46.594863360+00:00,-1.2418895916273693,-0.3726571217251329,100,5,False,False,False,-2.203483490133333,-3.776581056,2024-01-26 16:09:00+00:00,2024-01-27 07:22:00+00:00,15.216666666666667
2024-01-27,2024-01-27 07:22:00+00:00,2024-01-27 16:11:00+00:00,2024-01-27T08:22:00+01:00,2024-01-27T17:11:00+01:00,2024-01-27 07:24:50.975705344+00:00,2024-01-27 16:14:33.954958080+00:00,-1.250722165065493,-0.3816402980980239,100,5,False,False,False,-2.849595089066667,-3.565915968,2024-01-27 16:11:00+00:00,2024-01-28 07:21:00+00:00,15.166666666666666
2024-01-28,2024-01-28 07:21:00+00:00,2024-01-28 16:13:00+00:00,2024-01-28T08:21:00+01:00,2024-01-28T17:13:00+01:00,2024-01-28 07:23:27.435588352+00:00,2024-01-28 16:16:22.012540672+00:00,-1.2596097073907198,-0.39073486871770186,100,5,False,False,False,-2.457259805866667,-3.3668756778666666,2024-01-28 16:13:00+00:00,2024-01-29 07:19:00+00:00,15.1
2024-01-29,2024-01-29 07:19:00+00:00,2024-01-29 16:14:00+00:00,2024-01-29T08:19:00+01:00,2024-01-29T17:14:00+01:00,2024-01-29 07:22:01.646276096+00:00,2024-01-29 16:18:10.707256576+00:00,-1.2685421761357125,-0.3999351747570389,100,5,False,False,False,-3.0274379349333334,-4.178454276266667,2024-01-29 16:14:00+00:00,2024-01-30 07:18:00+00:00,15.066666666666666
2024-01-30,2024-01-30 07:18:00+00:00,2024-01-30 16:16:00+00:00,2024-01-30T08:18:00+01:00,2024-01-30T17:16:00+01:00,2024-01-30 07:20:33.664873728+00:00,2024-01-30 16:19:59.980735744+00:00,-1.2775094943245673,-0.40923546265563016,100,5,False,False,False,-2.5610812288,-3.9996789290666666,2024-01-30 16:16:00+00:00,2024-01-31 07:16:00+00:00,15.0
2024-01-31,2024-01-31 07:16:00+00:00,2024-01-31 16:18:00+00:00,2024-01-31T08:16:00+01:00,2024-01-31T17:18:00+01:00,2024-01-31 07:19:03.548009472+00:00,2024-01-31 16:21:49.776515840+00:00,-1.2865015622176554,-0.41862988940131707,100,5,False,False,False,-3.0591334912,-3.8296085973333334,2024-01-31 16:18:00+00:00,2024-02-01 07:15:00+00:00,14.95
2024-02-01,2024-02-01 07:15:00+00:00,2024-02-01 16:20:00+00:00,2024-02-01T08:15:00+01:00,2024-02-01T17:20:00+01:00,2024-02-01 07:17:31.351826688+00:00,2024-02-01 16:23:40.039919872+00:00,-1.2955082690778994,-0.42811252790878157,100,5,False,False,False,-2.5225304447999997,-3.667331997866667,2024-02-01 16:20:00+00:00,2024-02-02 07:13:00+00:00,14.883333333333333
2024-02-02,2024-02-02 07:13:00+00:00,2024-02-02 16:22:00+00:00,2024-02-02T08:13:00+01:00,2024-02-02T17:22:00+01:00,2024-02-02 07:15:57.131944192+00:00,2024-02-02 16:25:30.717872128+00:00,-1.3045195049446539,-0.4376773724893134,100,5,False,False,False,-2.9521990698666665,-3.511964535466667,2024-02-02 16:22:00+00:00,2024-02-03 07:11:00+00:00,14.816666666666666
2024-02-03,2024-02-03 07:11:00+00:00,2024-02-03 16:24:00+00:00,2024-02-03T08:11:00+01:00,2024-02-03T17:24:00+01:00,2024-02-03 07:14:20.943397888+00:00,2024-02-03 16:27:21.758640896+00:00,-1.3135251724013588,-0.44731834440575263,100,5,False,False,False,-3.3490566314666665,-3.362644014933333,2024-02-03 16:24:00+00:00,2024-02-04 07:10:00+00:00,14.766666666666667
2024-02-04,2024-02-04 07:10:00+00:00,2024-02-04 16:26:00+00:00,2024-02-04T08:10:00+01:00,2024-02-04T17:26:00+01:00,2024-02-04 07:12:42.840584704+00:00,2024-02-04 16:29:13.111499520+00:00,-1.3225151983231374,-0.4570292975065085,100,5,False,False,False,-2.714009745066667,-3.218524992,2024-02-04 16:26:00+00:00,2024-02-05 07:08:00+00:00,14.7
2024-02-05,2024-02-05 07:08:00+00:00,2024-02-05 16:28:00+00:00,2024-02-05T08:08:00+01:00,2024-02-05T17:28:00+01:00,2024-02-05 07:11:02.877206784+00:00,2024-02-05 16:31:04.726378496+00:00,-1.3314795455905333,-0.4668040239324632,100,5,False,False,False,-3.0479534464,-3.0787729749333335,2024-02-05 16:28:00+00:00,2024-02-06 07:06:00+00:00,14.633333333333333
2024-02-06,2024-02-06 07:06:00+00:00,2024-02-06 16:30:00+00:00,2024-02-06T08:06:00+01:00,2024-02-06T17:30:00+01:00,2024-02-06 07:09:21.106195968+00:00,2024-02-06 16:32:56.553681152+00:00,-1.3404082247556317,-0.4766362598904877,100,5,False,False,False,-3.3517699328000004,-2.942561352533333,2024-02-06 16:30:00+00:00,2024-02-07 07:04:00+00:00,14.566666666666666
2024-02-07,2024-02-07 07:04:00+00:00,2024-02-07 16:32:00+00:00,2024-02-07T08:04:00+01:00,2024-02-07T17:32:00+01:00,2024-02-07 07:07:37.579594496+00:00,2024-02-07 16:34:48.544466688+00:00,-1.3492913056468598,-0.48651969148722013,100,5,False,False,False,-3.626326574933333,-2.8090744448,2024-02-07 16:32:00+00:00,2024-02-08 07:03:00+00:00,14.516666666666667
2024-02-08,2024-02-08 07:03:00+00:00,2024-02-08 16:34:00+00:00,2024-02-08T08:03:00+01:00,2024-02-08T17:34:00+01:00,2024-02-08 07:05:52.348384768+00:00,2024-02-08 16:36:40.651054336+00:00,-1.358118928898837,-0.4964479606166861,100,5,False,False,False,-2.8724730794666664,-2.6775175722666664,2024-02-08 16:34:00+00:00,2024-02-09 07:01:00+00:00,14.45
2024-02-09,2024-02-09 07:01:00+00:00,2024-02-09 16:36:00+00:00,2024-02-09T08:01:00+01:00,2024-02-09T17:36:00+01:00,2024-02-09 07:04:05.462317056+00:00,2024-02-09 16:38:32.827855104+00:00,-1.366881317393735,-0.5064146708952784,100,5,False,False,False,-3.0910386175999998,-2.5471309184,2024-02-09 16:36:00+00:00,2024-02-10 06:59:00+00:00,14.383333333333333
2024-02-10,2024-02-10 06:59:00+00:00,2024-02-10 16:38:00+00:00,2024-02-10T07:59:00+01:00,2024-02-10T17:38:00+01:00,2024-02-10 07:02:16.969824512+00:00,2024-02-10 16:40:25.032047616+00:00,-1.3755687876007203,-0.5164133936375617,100,5,False,False,False,-3.2828304085333335,-2.4172007936,2024-02-10 16:38:00+00:00,2024-02-11 06:57:00+00:00,14.316666666666666
2024-02-11,2024-02-11 06:57:00+00:00,2024-02-11 16:40:00+00:00,2024-02-11T07:57:00+01:00,2024-02-11T17:40:00+01:00,2024-02-11 07:00:26.918132736+00:00,2024-02-11 16:42:17.223792896+00:00,-1.3841717608001585,-0.5264376738663177,100,5,False,False,False,-3.4486355455999997,-2.287063214933333,2024-02-11 16:40:00+00:00,2024-02-12 06:55:00+00:00,14.25
2024-02-12,2024-02-12 06:55:00+00:00,2024-02-12 16:42:00+00:00,2024-02-12T07:55:00+01:00,2024-02-12T17:42:00+01:00,2024-02-12 06:58:35.353599488+00:00,2024-02-12 16:44:09.365992192+00:00,-1.3926807741794143,-0.5364810363502099,100,5,False,False,False,-3.589226658133333,-2.1560998698666665,2024-02-12 16:42:00+00:00,2024-02-13 06:53:00+00:00,14.183333333333334
2024-02-13,2024-02-13 06:53:00+00:00,2024-02-13 16:44:00+00:00,2024-02-13T07:53:00+01:00,2024-02-13T17:44:00+01:00,2024-02-13 06:56:42.322213632+00:00,2024-02-13 16:46:01.423913216+00:00,-1.4010864917872201,-0.5465369916624121,100,5,False,False,False,-3.7053702272,-2.023731886933333,2024-02-13 16:44:00+00:00,2024-02-14 06:51:00+00:00,14.116666666666667
2024-02-14,2024-02-14 06:51:00+00:00,2024-02-14 16:45:00+00:00,2024-02-14T07:51:00+01:00,2024-02-14T17:45:00+01:00,2024-02-14 06:54:47.870075904+00:00,2024-02-14 16:47:53.365082368+00:00,-1.4093797153337653,-0.5565990422535263,100,5,False,False,False,-3.7978345984,-2.889418039466667,2024-02-14 16:45:00+00:00,2024-02-15 06:49:00+00:00,14.066666666666666
2024-02-15,2024-02-15 06:49:00+00:00,2024-02-15 16:47:00+00:00,2024-02-15T07:49:00+01:00,2024-02-15T17:47:00+01:00,2024-02-15 06:52:52.043679744+00:00,2024-02-15 16:49:45.159609600+00:00,-1.4175513948238279,-0.566660688532092,100,5,False,False,False,-3.8673946624,-2.75266016,2024-02-15 16:47:00+00:00,2024-02-16 06:47:00+00:00,14.0
2024-02-16,2024-02-16 06:47:00+00:00,2024-02-16 16:49:00+00:00,2024-02-16T07:47:00+01:00,2024-02-16T17:49:00+01:00,2024-02-16 06:50:54.889897472+00:00,2024-02-16 16:51:36.780777984+00:00,-1.4255926390104867,-0.5767154349459884,100,5,False,False,False,-3.9148316245333334,-2.6130129664,2024-02-16 16:49:00+00:00,2024-02-17 06:45:00+00:00,13.933333333333334
2024-02-17,2024-02-17 06:45:00+00:00,2024-02-17 16:51:00+00:00,2024-02-17T07:45:00+01:00,2024-02-17T17:51:00+01:00,2024-02-17 06:48:56.455724032+00:00,2024-02-17 16:53:28.205545984+00:00,-1.4334947256571449,-0.5867567960580253,100,5,False,False,False,-3.940928733866667,-2.4700924330666667,2024-02-17 16:51:00+00:00,2024-02-18 06:43:00+00:00,13.866666666666667
2024-02-18,2024-02-18 06:43:00+00:00,2024-02-18 16:53:00+00:00,2024-02-18T07:43:00+01:00,2024-02-18T17:53:00+01:00,2024-02-18 06:46:56.787921408+00:00,2024-02-18 16:55:19.414707712+00:00,-1.4412491115958417,-0.5967783026090263,100,5,False,False,False,-3.9464653567999997,-2.3235784618666666,2024-02-18 16:53:00+00:00,2024-02-19 06:41:00+00:00,13.8
2024-02-19,2024-02-19 06:41:00+00:00,2024-02-19 16:55:00+00:00,2024-02-19T07:41:00+01:00,2024-02-19T17:55:00+01:00,2024-02-19 06:44:55.932705792+00:00,2024-02-19 16:57:10.392695296+00:00,-1.448847442570057,-0.6067735075617254,100,5,False,False,False,-3.9322117632,-2.1732115882666667,2024-02-19 16:55:00+00:00,2024-02-20 06:39:00+00:00,13.733333333333333
2024-02-20,2024-02-20 06:39:00+00:00,2024-02-20 16:57:00+00:00,2024-02-20T07:39:00+01:00,2024-02-20T17:57:00+01:00,2024-02-20 06:42:53.935531264+00:00,2024-02-20 16:59:01.127180800+00:00,-1.456281562850473,-0.6167359921188176,100,5,False,False,False,-3.8989255210666665,-2.018786346666667,2024-02-20 16:57:00+00:00,2024-02-21 06:37:00+00:00,13.666666666666666
2024-02-21,2024-02-21 06:37:00+00:00,2024-02-21 16:59:00+00:00,2024-02-21T07:37:00+01:00,2024-02-21T17:59:00+01:00,2024-02-21 06:40:50.840949504+00:00,2024-02-21 17:00:51.608654336+00:00,-1.4635435246124326,-0.6266593717085366,100,5,False,False,False,-3.8473491584,-1.8601442389333334,2024-02-21 16:59:00+00:00,2024-02-22 06:35:00+00:00,13.6
2024-02-22,2024-02-22 06:35:00+00:00,2024-02-22 17:01:00+00:00,2024-02-22T07:35:00+01:00,2024-02-22T18:01:00+01:00,2024-02-22 06:38:46.692516096+00:00,2024-02-22 17:02:41.830044416+00:00,-1.470625597064102,-0.6365373019311685,100,5,False,False,False,-3.7782086016,-1.6971674069333333,2024-02-22 17:01:00+00:00,2024-02-23 06:33:00+00:00,13.533333333333333
2024-02-23,2024-02-23 06:33:00+00:00,2024-02-23 17:03:00+00:00,2024-02-23T07:33:00+01:00,2024-02-23T18:03:00+01:00,2024-02-23 06:36:41.532724992+00:00,2024-02-23 17:04:31.786386176+00:00,-1.4775202753146572,-0.6463634844599613,100,5,False,False,False,-3.6922120832,-1.5297731029333332,2024-02-23 17:03:00+00:00,2024-02-24 06:31:00+00:00,13.466666666666667
2024-02-24,2024-02-24 06:31:00+00:00,2024-02-24 17:05:00+00:00,2024-02-24T07:31:00+01:00,2024-02-24T18:05:00+01:00,2024-02-24 06:34:35.402999040+00:00,2024-02-24 17:06:21.474527232+00:00,-1.4842202889721077,-0.6561316728899339,100,5,False,False,False,-3.5900499839999997,-1.3579087872,2024-02-24 17:05:00+00:00,2024-02-25 06:29:00+00:00,13.4
2024-02-25,2024-02-25 06:29:00+00:00,2024-02-25 17:07:00+00:00,2024-02-25T07:29:00+01:00,2024-02-25T18:07:00+01:00,2024-02-25 06:32:28.343739648+00:00,2024-02-25 17:08:10.892886528+00:00,-1.4907186104606975,-0.6658356785281603,100,5,False,False,False,-3.4723956607999997,-1.1815481088000002,2024-02-25 17:07:00+00:00,2024-02-26 06:26:00+00:00,13.316666666666666
2024-02-26,2024-02-26 06:26:00+00:00,2024-02-26 17:08:00+00:00,2024-02-26T07:26:00+01:00,2024-02-26T18:08:00+01:00,2024-02-26 06:30:20.394433280+00:00,2024-02-26 17:10:00.041275648+00:00,-1.4970084630481544,-0.6754693761191622,100,5,False,False,False,-4.339907221333333,-2.0006879274666667,2024-02-26 17:08:00+00:00,2024-02-27 06:24:00+00:00,13.266666666666667
2024-02-27,2024-02-27 06:24:00+00:00,2024-02-27 17:10:00+00:00,2024-02-27T07:24:00+01:00,2024-02-27T18:10:00+01:00,2024-02-27 06:28:11.593761280+00:00,2024-02-27 17:11:48.920741120+00:00,-1.5030833285734002,-0.6850267094991287,100,5,False,False,False,-4.193229354666666,-1.8153456853333334,2024-02-27 17:10:00+00:00,2024-02-28 06:22:00+00:00,13.2
2024-02-28,2024-02-28 06:22:00+00:00,2024-02-28 17:12:00+00:00,2024-02-28T07:22:00+01:00,2024-02-28T18:12:00+01:00,2024-02-28 06:26:01.979710464+00:00,2024-02-28 17:13:37.533381120+00:00,-1.5089369548656928,-0.6945016971727552,100,5,False,False,False,-4.0329951744,-1.625556352,2024-02-28 17:12:00+00:00,2024-02-29 06:20:00+00:00,13.133333333333333
2024-02-29,2024-02-29 06:20:00+00:00,2024-02-29 17:14:00+00:00,2024-02-29T07:20:00+01:00,2024-02-29T18:14:00+01:00,2024-02-29 06:23:51.589663488+00:00,2024-02-29 17:15:25.882115328+00:00,-1.5145633628465247,-0.7038884378065915,100,5,False,False,False,-3.8598277248,-1.4313685888,2024-02-29 17:14:00+00:00,2024-03-01 06:18:00+00:00,13.066666666666666
2024-03-01,2024-03-01 06:18:00+00:00,2024-03-01 17:16:00+00:00,2024-03-01T07:18:00+01:00,2024-03-01T18:16:00+01:00,2024-03-01 06:21:40.460467200+00:00,2024-03-01 17:17:13.970405120+00:00,-1.5199568533059982,-0.7131811156328816,100,5,False,False,False,-3.6743411200000002,-1.2328400853333332,2024-03-01 17:16:00+00:00,2024-03-02 06:15:00+00:00,12.983333333333333
2024-03-02,2024-03-02 06:15:00+00:00,2024-03-02 17:18:00+00:00,2024-03-02T07:15:00+01:00,2024-03-02T18:18:00+01:00,2024-03-02 06:19:28.628474880+00:00,2024-03-02 17:19:01.801930240+00:00,-1.525112013345756,-0.722374005757981,100,5,False,False,False,-4.477141248,-1.0300321706666666,2024-03-02 17:18:00+00:00,2024-03-03 06:13:00+00:00,12.916666666666666
2024-03-03,2024-03-03 06:13:00+00:00,2024-03-03 17:20:00+00:00,2024-03-03T07:13:00+01:00,2024-03-03T18:20:00+01:00,2024-03-03 06:17:16.129556736+00:00,2024-03-03 17:20:49.380197376+00:00,-1.5300237224809656,-0.731461479369556,100,5,False,False,False,-4.2688259456,-0.8230032896,2024-03-03 17:20:00+00:00,2024-03-04 06:11:00+00:00,12.85
2024-03-04,2024-03-04 06:11:00+00:00,2024-03-04 17:21:00+00:00,2024-03-04T07:11:00+01:00,2024-03-04T18:21:00+01:00,2024-03-04 06:15:02.999090176+00:00,2024-03-04 17:22:36.708120832+00:00,-1.5346871583942376,-0.7404380088368727,100,5,False,False,False,-4.049984836266667,-1.6118020138666667,2024-03-04 17:21:00+00:00,2024-03-05 06:09:00+00:00,12.8
2024-03-05,2024-03-05 06:09:00+00:00,2024-03-05 17:23:00+00:00,2024-03-05T07:09:00+01:00,2024-03-05T18:23:00+01:00,2024-03-05 06:12:49.271955200+00:00,2024-03-05 17:24:23.787702784+00:00,-1.5390978023347857,-0.7492981726986246,100,5,False,False,False,-3.8211992533333334,-1.3964617130666668,2024-03-05 17:23:00+00:00,2024-03-06 06:06:00+00:00,12.716666666666667
2024-03-06,2024-03-06 06:06:00+00:00,2024-03-06 17:25:00+00:00,2024-03-06T07:06:00+01:00,2024-03-06T18:25:00+01:00,2024-03-06 06:10:34.982520832+00:00,2024-03-06 17:26:10.620006912+00:00,-1.5432514441565441,-0.758036660532864,100,5,False,False,False,-4.583042013866666,-1.1770001151999998,2024-03-06 17:25:00+00:00,2024-03-07 06:04:00+00:00,12.65
2024-03-07,2024-03-07 06:04:00+00:00,2024-03-07 17:27:00+00:00,2024-03-07T07:04:00+01:00,2024-03-07T18:27:00+01:00,2024-03-07 06:08:20.164576512+00:00,2024-03-07 17:27:57.205513216+00:00,-1.5471441869893892,-0.766648277703746,100,5,False,False,False,-4.3360762752,-0.9534252202666667,2024-03-07 17:27:00+00:00,2024-03-08 06:02:00+00:00,12.583333333333334
2024-03-08,2024-03-08 06:02:00+00:00,2024-03-08 17:29:00+00:00,2024-03-08T07:02:00+01:00,2024-03-08T18:29:00+01:00,2024-03-08 06:06:04.851171328+00:00,2024-03-08 17:29:43.544712704+00:00,-1.5507724515380472,-0.7751279499799391,100,5,False,False,False,-4.0808528554666665,-0.7257452117333333,2024-03-08 17:29:00+00:00,2024-03-09 06:00:00+00:00,12.516666666666667
2024-03-09,2024-03-09 06:00:00+00:00,2024-03-09 17:31:00+00:00,2024-03-09T07:00:00+01:00,2024-03-09T18:31:00+01:00,2024-03-09 06:03:49.074401024+00:00,2024-03-09 17:31:29.638603520+00:00,-1.5541329800037051,-0.783470728019697,100,5,False,False,False,-3.8179066837333333,-0.4939767253333333,2024-03-09 17:31:00+00:00,2024-03-10 05:57:00+00:00,12.433333333333334
2024-03-10,2024-03-10 05:57:00+00:00,2024-03-10 17:32:00+00:00,2024-03-10T06:57:00+01:00,2024-03-10T18:32:00+01:00,2024-03-10 06:01:32.865278720+00:00,2024-03-10 17:33:15.488816128+00:00,-1.5572228396237915,-0.7916717917177499,100,5,False,False,False,-4.547754645333333,-1.2581469354666666,2024-03-10 17:32:00+00:00,2024-03-11 05:55:00+00:00,12.383333333333333
2024-03-11,2024-03-11 05:55:00+00:00,2024-03-11 17:34:00+00:00,2024-03-11T06:55:00+01:00,2024-03-11T18:34:00+01:00,2024-03-11 05:59:16.253847808+00:00,2024-03-11 17:35:01.097374208+00:00,-1.560039425825842,-0.7997264544093275,99,5,False,False,False,-4.2708974634666665,-1.0182895701333332,2024-03-11 17:34:00+00:00,2024-03-12 05:53:00+00:00,12.316666666666666
2024-03-12,2024-03-12 05:53:00+00:00,2024-03-12 17:36:00+00:00,2024-03-12T06:53:00+01:00,2024-03-12T18:36:00+01:00,2024-03-12 05:56:59.269580544+00:00,2024-03-12 17:36:46.466399232+00:00,-1.562580464991824,-0.8076301669267941,99,5,False,False,False,-3.9878263424,-0.7744399872,2024-03-12 17:36:00+00:00,2024-03-13 05:50:00+00:00,12.233333333333333
2024-03-13,2024-03-13 05:50:00+00:00,2024-03-13 17:38:00+00:00,2024-03-13T06:50:00+01:00,2024-03-13T18:38:00+01:00,2024-03-13 05:54:41.941942528+00:00,2024-03-13 17:38:31.598131456+00:00,-1.5648440168297455,-0.8153785215045467,99,5,False,False,False,-4.699032375466667,-0.5266355242666667,2024-03-13 17:38:00+00:00,2024-03-14 05:48:00+00:00,12.166666666666666
2024-03-14,2024-03-14 05:48:00+00:00,2024-03-14 17:40:00+00:00,2024-03-14T06:48:00+01:00,2024-03-14T18:40:00+01:00,2024-03-14 05:52:24.300885760+00:00,2024-03-14 17:40:16.495403520+00:00,-1.5668284763498548,-0.8229672555280042,99,5,False,False,False,-4.405014762666667,-0.274923392,2024-03-14 17:40:00+00:00,2024-03-15 05:46:00+00:00,12.1
2024-03-15,2024-03-15 05:46:00+00:00,2024-03-15 17:41:00+00:00,2024-03-15T06:46:00+01:00,2024-03-15T18:41:00+01:00,2024-03-15 05:50:06.377076224+00:00,2024-03-15 17:42:01.162364160+00:00,-1.5685325754431811,-0.8303922551226929,99,5,False,False,False,-4.106284603733333,-1.019372736,2024-03-15 17:41:00+00:00,2024-03-16 05:44:00+00:00,12.05
2024-03-16,2024-03-16 05:44:00+00:00,2024-03-16 17:43:00+00:00,2024-03-16T06:44:00+01:00,2024-03-16T18:43:00+01:00,2024-03-16 05:47:48.201821696+00:00,2024-03-16 17:43:45.605087488+00:00,-1.5699553840606557,-0.8376495585796204,99,5,False,False,False,-3.803363694933333,-0.7600847914666667,2024-03-16 17:43:00+00:00,2024-03-17 05:41:00+00:00,11.966666666666667
2024-03-17,2024-03-17 05:41:00+00:00,2024-03-17 17:45:00+00:00,2024-03-17T06:41:00+01:00,2024-03-17T18:45:00+01:00,2024-03-17 05:45:29.806820096+00:00,2024-03-17 17:45:29.831808768+00:00,-1.5710963109915141,-0.8447353596133241,99,5,False,False,False,-4.496780334933334,-0.4971968128,2024-03-17 17:45:00+00:00,2024-03-18 05:39:00+00:00,11.9
2024-03-18,2024-03-18 05:39:00+00:00,2024-03-18 17:47:00+00:00,2024-03-18T06:39:00+01:00,2024-03-18T18:47:00+01:00,2024-03-18 05:43:11.223885312+00:00,2024-03-18 17:47:13.852780544+00:00,-1.5719551042401556,-0.851646010449163,99,5,False,False,False,-4.1870647552,-0.23087967573333332,2024-03-18 17:47:00+00:00,2024-03-19 05:37:00+00:00,11.833333333333334
2024-03-19,2024-03-19 05:37:00+00:00,2024-03-19 17:49:00+00:00,2024-03-19T06:37:00+01:00,2024-03-19T18:49:00+01:00,2024-03-19 05:40:52.484756736+00:00,2024-03-19 17:48:57.679917568+00:00,-1.5725318510011104,-0.8583780247366334,99,5,False,False,False,-3.8747459456,0.03866804053333333,2024-03-19 17:49:00+00:00,2024-03-20 05:34:00+00:00,11.75
2024-03-20,2024-03-20 05:34:00+00:00,2024-03-20 17:50:00+00:00,2024-03-20T06:34:00+01:00,2024-03-20T18:50:00+01:00,2024-03-20 05:38:33.620990720+00:00,2024-03-20 17:50:41.326409472+00:00,-1.5728269772322379,-0.8649280802856781,99,5,False,False,False,-4.5603498453333335,-0.6887734912,2024-03-20 17:50:00+00:00,2024-03-21 05:32:00+00:00,11.7
2024-03-21,2024-03-21 05:32:00+00:00,2024-03-21 17:52:00+00:00,2024-03-21T06:32:00+01:00,2024-03-21T18:52:00+01:00,2024-03-21 05:36:14.663897856+00:00,2024-03-21 17:52:24.806381056+00:00,-1.572841246826756,-0.8712930216231702,99,5,False,False,False,-4.2443982976,-0.41343968426666666,2024-03-21 17:52:00+00:00,2024-03-22 05:30:00+00:00,11.633333333333333
2024-03-22,2024-03-22 05:30:00+00:00,2024-03-22 17:54:00+00:00,2024-03-22T06:30:00+01:00,2024-03-22T18:54:00+01:00,2024-03-22 05:33:55.644504576+00:00,2024-03-22 17:54:08.134600960+00:00,-1.5725757603851749,-0.8774698623669587,99,5,False,False,False,-3.9274084096,-0.13557668266666667,2024-03-22 17:54:00+00:00,2024-03-23 05:27:00+00:00,11.55
2024-03-23,2024-03-23 05:27:00+00:00,2024-03-23 17:56:00+00:00,2024-03-23T06:27:00+01:00,2024-03-23T18:56:00+01:00,2024-03-23 05:31:36.593544960+00:00,2024-03-23 17:55:51.326240512+00:00,-1.5720319535886729,-0.8834557874150735,99,5,False,False,False,-4.609892415999999,0.14456265813333333,2024-03-23 17:56:00+00:00,2024-03-24 05:25:00+00:00,11.483333333333333
2024-03-24,2024-03-24 05:25:00+00:00,2024-03-24 17:57:00+00:00,2024-03-24T06:25:00+01:00,2024-03-24T18:57:00+01:00,2024-03-24 05:29:17.541495552+00:00,2024-03-24 17:57:34.396691200+00:00,-1.5712115951759382,-0.8892481549479027,99,5,False,False,False,-4.2923582592,-0.5732781866666666,2024-03-24 17:57:00+00:00,2024-03-25 05:23:00+00:00,11.433333333333334
2024-03-25,2024-03-25 05:23:00+00:00,2024-03-25 17:59:00+00:00,2024-03-25T06:23:00+01:00,2024-03-25T18:59:00+01:00,2024-03-25 05:26:58.518640128+00:00,2024-03-25 17:59:17.361433856+00:00,-1.57011678452595,-0.8948444982413682,99,5,False,False,False,-3.9753106687999997,-0.2893572309333334,2024-03-25 17:59:00+00:00,2024-03-26 05:20:00+00:00,11.35
2024-03-26,2024-03-26 05:20:00+00:00,2024-03-26 18:01:00+00:00,2024-03-26T06:20:00+01:00,2024-03-26T19:01:00+01:00,2024-03-26 05:24:39.555157248+00:00,2024-03-26 18:01:00.235919360+00:00,-1.5687499488496537,-0.9002425272893485,99,5,False,False,False,-4.6592526208,-0.0039319893333333335,2024-03-26 18:01:00+00:00,2024-03-27 05:18:00+00:00,11.283333333333333
2024-03-27,2024-03-27 05:18:00+00:00,2024-03-27 18:03:00+00:00,2024-03-27T06:18:00+01:00,2024-03-27T19:03:00+01:00,2024-03-27 05:22:20.681220864+00:00,2024-03-27 18:02:43.035398656+00:00,-1.5671138399939313,-0.9054401302338109,97,5,False,False,False,-4.3446870144,0.2827433557333333,2024-03-27 18:03:00+00:00,2024-03-28 05:16:00+00:00,11.216666666666667
2024-03-28,2024-03-28 05:16:00+00:00,2024-03-28 18:04:00+00:00,2024-03-28T06:16:00+01:00,2024-03-28T19:04:00+01:00,2024-03-28 05:20:01.927114240+00:00,2024-03-28 18:04:25.774693376+00:00,-1.5652115308617411,-0.910435374601345,97,5,False,False,False,-4.0321185706666665,-0.4295782229333333,2024-03-28 18:04:00+00:00,2024-03-29 05:13:00+00:00,11.15
2024-03-29,2024-03-29 05:13:00+00:00,2024-03-29 18:06:00+00:00,2024-03-29T06:13:00+01:00,2024-03-29T19:06:00+01:00,2024-03-29 05:17:43.323345920+00:00,2024-03-29 18:06:08.467926784+00:00,-1.5630464114527374,-0.91522650834501,96,5,False,False,False,-4.722055765333334,-0.14113211306666665,2024-03-29 18:06:00+00:00,2024-03-30 05:11:00+00:00,11.083333333333334
2024-03-30,2024-03-30 05:11:00+00:00,2024-03-30 18:08:00+00:00,2024-03-30T06:11:00+01:00,2024-03-30T19:08:00+01:00,2024-03-30 05:15:24.900730112+00:00,2024-03-30 18:07:51.128220928+00:00,-1.5606221845291426,-0.9198119606906251,96,5,False,False,False,-4.415012168533334,0.14786298453333335,2024-03-30 18:08:00+00:00,2024-03-31 05:09:00+00:00,11.016666666666667
2024-03-31,2024-03-31 05:09:00+00:00,2024-03-31 18:10:00+00:00,2024-03-31T07:09:00+02:00,2024-03-31T20:10:00+02:00,2024-03-31 05:13:06.690413056+00:00,2024-03-31 18:09:33.767342336+00:00,-1.5579428609120782,-0.9241903427868746,97,5,False,False,False,-4.111506884266666,0.4372109610666667,2024-03-31 18:10:00+00:00,2024-04-01 05:07:00+00:00,10.95
2024-04-01,2024-04-01 05:07:00+00:00,2024-04-01 18:11:00+00:00,2024-04-01T07:07:00+02:00,2024-04-01T20:11:00+02:00,2024-04-01 05:10:48.723858688+00:00,2024-04-01 18:11:16.395296512+00:00,-1.5550127544139978,-0.9283604481588076,96,5,False,False,False,-3.8120643114666666,-0.2732549418666667,2024-04-01 18:11:00+00:00,2024-04-02 05:04:00+00:00,10.883333333333333
2024-04-02,2024-04-02 05:04:00+00:00,2024-04-02 18:13:00+00:00,2024-04-02T07:04:00+02:00,2024-04-02T20:13:00+02:00,2024-04-02 05:08:31.032827392+00:00,2024-04-02 18:12:59.019969024+00:00,-1.5518364764132972,-0.9323212529645493,96,5,False,False,False,-4.517213789866667,0.0163338496,2024-04-02 18:13:00+00:00,2024-04-03 05:02:00+00:00,10.816666666666666
2024-04-03,2024-04-03 05:02:00+00:00,2024-04-03 18:15:00+00:00,2024-04-03T07:02:00+02:00,2024-04-03T20:15:00+02:00,2024-04-03 05:06:13.649360128+00:00,2024-04-03 18:14:41.646966784+00:00,-1.5484189300775966,-0.9360719160552661,96,5,False,False,False,-4.227489335466667,0.30588388693333335,2024-04-03 18:15:00+00:00,2024-04-04 05:00:00+00:00,10.75
2024-04-04,2024-04-04 05:00:00+00:00,2024-04-04 18:17:00+00:00,2024-04-04T07:00:00+02:00,2024-04-04T20:17:00+02:00,2024-04-04 05:03:56.605703168+00:00,2024-04-04 18:16:24.279755264+00:00,-1.5447653042426028,-0.9396117788386499,96,5,False,False,False,-3.9434283861333332,0.5953374122666666,2024-04-04 18:17:00+00:00,2024-04-05 04:57:00+00:00,10.666666666666666
2024-04-05,2024-04-05 04:57:00+00:00,2024-04-05 18:18:00+00:00,2024-04-05T06:57:00+02:00,2024-04-05T20:18:00+02:00,2024-04-05 05:01:39.934109952+00:00,2024-04-05 18:18:06.919997952+00:00,-1.5408810669538728,-0.9429403649464152,100,5,False,False,False,-4.6655684992,-0.1153332992,2024-04-05 18:18:00+00:00,2024-04-06 04:55:00+00:00,10.616666666666667
2024-04-06,2024-04-06 04:55:00+00:00,2024-04-06 18:20:00+00:00,2024-04-06T06:55:00+02:00,2024-04-06T20:20:00+02:00,2024-04-06 04:59:23.666519552+00:00,2024-04-06 18:19:49.567849472+00:00,-1.5367719586791844,-0.946057379706528,97,5,False,False,False,-4.394441992533333,0.17386917546666666,2024-04-06 18:20:00+00:00,2024-04-07 04:53:00+00:00,10.55
2024-04-07,2024-04-07 04:53:00+00:00,2024-04-07 18:22:00+00:00,2024-04-07T06:53:00+02:00,2024-04-07T20:22:00+02:00,2024-04-07 04:57:07.834245888+00:00,2024-04-07 18:21:32.221992448+00:00,-1.5324439851996194,-0.948962709421111,99,5,False,False,False,-4.1305707648,0.4629667925333333,2024-04-07 18:22:00+00:00,2024-04-08 04:51:00+00:00,10.483333333333333
2024-04-08,2024-04-08 04:51:00+00:00,2024-04-08 18:24:00+00:00,2024-04-08T06:51:00+02:00,2024-04-08T20:24:00+02:00,2024-04-08 04:54:52.467886336+00:00,2024-04-08 18:23:14.879438592+00:00,-1.527903410187844,-0.9516564204511885,99,5,False,False,False,-3.8744647722666667,0.7520093568,2024-04-08 18:24:00+00:00,2024-04-09 04:49:00+00:00,10.416666666666666
2024-04-09,2024-04-09 04:49:00+00:00,2024-04-09 18:25:00+00:00,2024-04-09T06:49:00+02:00,2024-04-09T20:25:00+02:00,2024-04-09 04:52:37.597580288+00:00,2024-04-09 18:24:57.535353344+00:00,-1.523156747482426,-0.9541387581096606,100,5,False,False,False,-3.6266263381333332,0.04107744426666667,2024-04-09 18:25:00+00:00,2024-04-10 04:46:00+00:00,10.35
2024-04-10,2024-04-10 04:46:00+00:00,2024-04-10 18:27:00+00:00,2024-04-10T06:46:00+02:00,2024-04-10T20:27:00+02:00,2024-04-10 04:50:23.253568256+00:00,2024-04-10 18:26:40.183204096+00:00,-1.5182107530674047,-0.956410145364117,99,5,False,False,False,-4.387559470933334,0.3302799317333333,2024-04-10 18:27:00+00:00,2024-04-11 04:44:00+00:00,10.283333333333333
2024-04-11,2024-04-11 04:44:00+00:00,2024-04-11 18:29:00+00:00,2024-04-11T06:44:00+02:00,2024-04-11T20:29:00+02:00,2024-04-11 04:48:09.466824960+00:00,2024-04-11 18:28:22.815320832+00:00,-1.5130724167666654,-0.958471181351311,99,5,False,False,False,-4.157780416,0.6197446528,2024-04-11 18:29:00+00:00,2024-04-12 04:42:00+00:00,10.216666666666667
2024-04-12,2024-04-12 04:42:00+00:00,2024-04-12 18:30:00+00:00,2024-04-12T06:42:00+02:00,2024-04-12T20:30:00+02:00,2024-04-12 04:45:56.269504256+00:00,2024-04-12 18:30:05.423668480+00:00,-1.5077489536630058,-0.9603226397053428,100,5,False,False,False,-3.9378250709333336,-0.09039447466666667,2024-04-12 18:30:00+00:00,2024-04-13 04:40:00+00:00,10.166666666666666
2024-04-13,2024-04-13 04:40:00+00:00,2024-04-13 18:32:00+00:00,2024-04-13T06:40:00+02:00,2024-04-13T20:32:00+02:00,2024-04-13 04:43:43.695064064+00:00,2024-04-13 18:31:48.000514816+00:00,-1.5022477952521176,-0.9619654667017997,100,5,False,False,False,-3.7282510677333334,0.19999141973333331,2024-04-13 18:32:00+00:00,2024-04-14 04:38:00+00:00,10.1
2024-04-14,2024-04-14 04:38:00+00:00,2024-04-14 18:34:00+00:00,2024-04-14T06:38:00+02:00,2024-04-14T20:34:00+02:00,2024-04-14 04:41:31.778114304+00:00,2024-04-14 18:33:30.538748160+00:00,-1.4965765803420028,-0.963400779220325,99,5,False,False,False,-3.5296352384,0.491020864,2024-04-14 18:34:00+00:00,2024-04-15 04:35:00+00:00,10.016666666666667
2024-04-15,2024-04-15 04:35:00+00:00,2024-04-15 18:36:00+00:00,2024-04-15T06:35:00+02:00,2024-04-15T20:36:00+02:00,2024-04-15 04:39:20.554147840+00:00,2024-04-15 18:35:13.031842560+00:00,-1.4907431457086588,-0.9646298625282856,100,5,False,False,False,-4.342569130666666,0.782802624,2024-04-15 18:36:00+00:00,2024-04-16 04:33:00+00:00,9.95
2024-04-16,2024-04-16 04:33:00+00:00,2024-04-16 18:37:00+00:00,2024-04-16T06:33:00+02:00,2024-04-16T20:37:00+02:00,2024-04-16 04:37:10.059301632+00:00,2024-04-16 18:36:55.473599488+00:00,-1.4847555165191415,-0.9656541678884184,100,5,False,False,False,-4.1676550272,0.07544000853333334,2024-04-16 18:37:00+00:00,2024-04-17 04:31:00+00:00,9.9
2024-04-17,2024-04-17 04:31:00+00:00,2024-04-17 18:39:00+00:00,2024-04-17T06:31:00+02:00,2024-04-17T20:39:00+02:00,2024-04-17 04:35:00.330211328+00:00,2024-04-17 18:38:37.857832192+00:00,-1.4786218965333986,-0.9664753099935297,100,5,False,False,False,-4.005503522133333,0.3690361301333333,2024-04-17 18:39:00+00:00,2024-04-18 04:29:00+00:00,9.833333333333334
2024-04-18,2024-04-18 04:29:00+00:00,2024-04-18 18:41:00+00:00,2024-04-18T06:29:00+02:00,2024-04-18T20:41:00+02:00,2024-04-18 04:32:51.403947776+00:00,2024-04-18 18:40:20.178062592+00:00,-1.4723506580965233,-0.9670950642315295,100,5,False,False,False,-3.856732462933333,0.6636989567999999,2024-04-18 18:41:00+00:00,2024-04-19 04:27:00+00:00,9.766666666666667
2024-04-19,2024-04-19 04:27:00+00:00,2024-04-19 18:42:00+00:00,2024-04-19T06:27:00+02:00,2024-04-19T20:42:00+02:00,2024-04-19 04:30:43.317988864+00:00,2024-04-19 18:42:02.427260672+00:00,-1.4659503319333196,-0.9675153637842628,100,5,False,False,False,-3.7219664810666666,-0.04045434453333333,2024-04-19 18:42:00+00:00,2024-04-20 04:25:00+00:00,9.716666666666667
2024-04-20,2024-04-20 04:25:00+00:00,2024-04-20 18:44:00+00:00,2024-04-20T06:25:00+02:00,2024-04-20T20:44:00+02:00,2024-04-20 04:28:36.110214144+00:00,2024-04-20 18:43:44.597634304+00:00,-1.4594295967573128,-0.9677382965638026,100,5,False,False,False,-3.6018369024,0.25670609493333335,2024-04-20 18:44:00+00:00,2024-04-21 04:23:00+00:00,9.65
2024-04-21,2024-04-21 04:23:00+00:00,2024-04-21 18:46:00+00:00,2024-04-21T06:23:00+02:00,2024-04-21T20:46:00+02:00,2024-04-21 04:26:29.818916352+00:00,2024-04-21 18:45:26.680486656+00:00,-1.4527972687065482,-0.9677661019900411,100,5,False,False,False,-3.4969819392,0.5553252224,2024-04-21 18:46:00+00:00,2024-04-22 04:21:00+00:00,9.583333333333334
2024-04-22,2024-04-22 04:21:00+00:00,2024-04-22 18:48:00+00:00,2024-04-22T06:21:00+02:00,2024-04-22T20:48:00+02:00,2024-04-22 04:24:24.482836736+00:00,2024-04-22 18:47:08.666118400+00:00,-1.4460622906187346,-0.967601167613606,100,5,False,False,False,-3.408047278933333,0.8555646933333333,2024-04-22 18:48:00+00:00,2024-04-23 04:19:00+00:00,9.516666666666667
2024-04-23,2024-04-23 04:19:00+00:00,2024-04-23 18:49:00+00:00,2024-04-23T06:19:00+02:00,2024-04-23T20:49:00+02:00,2024-04-23 04:22:20.141233152+00:00,2024-04-23 18:48:50.543726080+00:00,-1.439233721158465,-0.9672460255882985,100,5,False,False,False,-3.3356872192,0.1576045653333333,2024-04-23 18:49:00+00:00,2024-04-24 04:17:00+00:00,9.466666666666667
2024-04-24,2024-04-24 04:17:00+00:00,2024-04-24 18:51:00+00:00,2024-04-24T06:17:00+02:00,2024-04-24T20:51:00+02:00,2024-04-24 04:20:16.833979904+00:00,2024-04-24 18:50:32.301240320+00:00,-1.432320723809433,-0.966703348997421,100,5,False,False,False,-3.280566331733333,0.4616459946666666,2024-04-24 18:51:00+00:00,2024-04-25 04:15:00+00:00,9.4
2024-04-25,2024-04-25 04:15:00+00:00,2024-04-25 18:53:00+00:00,2024-04-25T06:15:00+02:00,2024-04-25T20:53:00+02:00,2024-04-25 04:18:14.601700096+00:00,2024-04-25 18:52:13.925094656+00:00,-1.425332555744719,-0.9659759480385278,100,5,False,False,False,-3.2433616682666666,0.7679150890666667,2024-04-25 18:53:00+00:00,2024-04-26 04:13:00+00:00,9.333333333333334
2024-04-26,2024-04-26 04:13:00+00:00,2024-04-26 18:54:00+00:00,2024-04-26T06:13:00+02:00,2024-04-26T20:54:00+02:00,2024-04-26 04:16:13.485913600+00:00,2024-04-26 18:53:55.399947008+00:00,-1.4182785565883558,-0.9650667660712919,100,5,False,False,False,-3.224765226666667,0.07666754986666667,2024-04-26 18:54:00+00:00,2024-04-27 04:11:00+00:00,9.283333333333333
2024-04-27,2024-04-27 04:11:00+00:00,2024-04-27 18:56:00+00:00,2024-04-27T06:11:00+02:00,2024-04-27T20:56:00+02:00,2024-04-27 04:14:13.529165056+00:00,2024-04-27 18:55:36.708383232+00:00,-1.4111681370815234,-0.9639788755333365,100,5,False,False,False,-3.225486084266667,0.38819361280000003,2024-04-27 18:56:00+00:00,2024-04-28 04:09:00+00:00,9.216666666666667
2024-04-28,2024-04-28 04:09:00+00:00,2024-04-28 18:58:00+00:00,2024-04-28T06:09:00+02:00,2024-04-28T20:58:00+02:00,2024-04-28 04:12:14.775099136+00:00,2024-04-28 18:57:17.830585856+00:00,-1.4040107676668236,-0.9627154737290227,100,5,False,False,False,-3.2462516522666665,0.7028235690666667,2024-04-28 18:58:00+00:00,2024-04-29 04:07:00+00:00,9.15
2024-04-29,2024-04-29 04:07:00+00:00,2024-04-29 18:59:00+00:00,2024-04-29T06:07:00+02:00,2024-04-29T20:59:00+02:00,2024-04-29 04:10:17.268461056+00:00,2024-04-29 18:58:58.743963648+00:00,-1.39681596700419,-0.9612798784963357,100,5,False,False,False,-3.287807684266667,0.020933939199999998,2024-04-29 18:59:00+00:00,2024-04-30 04:05:00+00:00,9.1
2024-04-30,2024-04-30 04:05:00+00:00,2024-04-30 19:01:00+00:00,2024-04-30T06:05:00+02:00,2024-04-30T21:01:00+02:00,2024-04-30 04:08:21.055031296+00:00,2024-04-30 19:00:39.422797568+00:00,-1.3895932904320576,-0.9596755237571389,100,5,False,False,False,-3.3509171882666666,0.3429533738666667,2024-04-30 19:01:00+00:00,2024-05-01 04:03:00+00:00,9.033333333333333
2024-05-01,2024-05-01 04:03:00+00:00,2024-05-01 19:03:00+00:00,2024-05-01T06:03:00+02:00,2024-05-01T21:03:00+02:00,2024-05-01 04:06:26.181494016+00:00,2024-05-01 19:02:19.837999104+00:00,-1.3823523183874977,-0.9579059549562045,100,5,False,False,False,-3.4363582335999996,0.6693666816,2024-05-01 19:03:00+00:00,2024-05-02 04:01:00+00:00,8.966666666666667
2024-05-02,2024-05-02 04:01:00+00:00,2024-05-02 19:04:00+00:00,2024-05-02T06:01:00+02:00,2024-05-02T21:04:00+02:00,2024-05-02 04:04:32.695214336+00:00,2024-05-02 19:03:59.957064448+00:00,-1.375102644799051,-0.9559748243945423,100,5,False,False,False,-3.5449202389333334,0.0007155925333333334,2024-05-02 19:04:00+00:00,2024-05-03 03:59:00+00:00,8.916666666666666
2024-05-03,2024-05-03 03:59:00+00:00,2024-05-03 19:06:00+00:00,2024-05-03T05:59:00+02:00,2024-05-03T21:06:00+02:00,2024-05-03 04:02:40.643891456+00:00,2024-05-03 19:05:39.744182528+00:00,-1.3678538654660373,-0.9538858864626776,100,5,False,False,False,-3.6773981909333333,0.33759695786666666,2024-05-03 19:06:00+00:00,2024-05-04 03:57:00+00:00,8.85
2024-05-04,2024-05-04 03:57:00+00:00,2024-05-04 19:08:00+00:00,2024-05-04T05:57:00+02:00,2024-05-04T21:08:00+02:00,2024-05-04 04:00:50.075105792+00:00,2024-05-04 19:07:19.160359936+00:00,-1.3606155664381339,-0.9516429927796276,100,5,False,False,False,-3.834585096533333,0.6806606677333333,2024-05-04 19:08:00+00:00,2024-05-05 03:56:00+00:00,8.8
2024-05-05,2024-05-05 03:56:00+00:00,2024-05-05 19:09:00+00:00,2024-05-05T05:56:00+02:00,2024-05-05T21:09:00+02:00,2024-05-05 03:59:01.035868160+00:00,2024-05-05 19:08:58.163436544+00:00,-1.3533973124090066,-0.9492500872434367,100,5,False,False,False,-3.0172644693333335,0.03060939093333333,2024-05-05 19:09:00+00:00,2024-05-06 03:54:00+00:00,8.75
2024-05-06,2024-05-06 03:54:00+00:00,2024-05-06 19:11:00+00:00,2024-05-06T05:54:00+02:00,2024-05-06T21:11:00+02:00,2024-05-06 03:57:13.572370944+00:00,2024-05-06 19:10:36.708017408+00:00,-1.3462086351377687,-0.9467112009992266,100,5,False,False,False,-3.2262061824,0.3881997098666667,2024-05-06 19:11:00+00:00,2024-05-07 03:52:00+00:00,8.683333333333334
2024-05-07,2024-05-07 03:52:00+00:00,2024-05-07 19:13:00+00:00,2024-05-07T05:52:00+02:00,2024-05-07T21:13:00+02:00,2024-05-07 03:55:27.730090496+00:00,2024-05-07 19:12:14.745476864+00:00,-1.339059021912,-0.9440304473308021,100,5,False,False,False,-3.4621681749333333,0.7542420522666667,2024-05-07 19:13:00+00:00,2024-05-08 03:50:00+00:00,8.616666666666667
2024-05-08,2024-05-08 03:50:00+00:00,2024-05-08 19:14:00+00:00,2024-05-08T05:50:00+02:00,2024-05-08T21:14:00+02:00,2024-05-08 03:53:43.554261760+00:00,2024-05-08 19:13:52.224229376+00:00,-1.3319579040660243,-0.9412120164819442,100,5,False,False,False,-3.725904362666667,0.12959617706666665,2024-05-08 19:14:00+00:00,2024-05-09 03:49:00+00:00,8.583333333333334
2024-05-09,2024-05-09 03:49:00+00:00,2024-05-09 19:16:00+00:00,2024-05-09T05:49:00+02:00,2024-05-09T21:16:00+02:00,2024-05-09 03:52:01.090550272+00:00,2024-05-09 19:15:29.090308608+00:00,-1.3249146455680532,-0.9382601704135853,100,5,False,False,False,-3.0181758378666665,0.5151615232,2024-05-09 19:16:00+00:00,2024-05-10 03:47:00+00:00,8.516666666666667
2024-05-10,2024-05-10 03:47:00+00:00,2024-05-10 19:17:00+00:00,2024-05-10T05:47:00+02:00,2024-05-10T21:17:00+02:00,2024-05-10 03:50:20.385641472+00:00,2024-05-10 19:17:05.288127488+00:00,-1.3179385316897463,-0.9351792375031437,101,6,False,False,False,-3.3397606912,-0.08813545813333333,2024-05-10 19:17:00+00:00,2024-05-11 03:46:00+00:00,8.483333333333333
2024-05-11,2024-05-11 03:46:00+00:00,2024-05-11 19:19:00+00:00,2024-05-11T05:46:00+02:00,2024-05-11T21:19:00+02:00,2024-05-11 03:48:41.487531008+00:00,2024-05-11 19:18:40.761176576+00:00,-1.3110387577716296,-0.9319736071923399,101,6,False,False,False,-2.691458850133333,0.3206470570666667,2024-05-11 19:19:00+00:00,2024-05-12 03:44:00+00:00,8.416666666666666
2024-05-12,2024-05-12 03:44:00+00:00,2024-05-12 19:20:00+00:00,2024-05-12T05:44:00+02:00,2024-05-12T21:20:00+02:00,2024-05-12 03:47:04.445463552+00:00,2024-05-12 19:20:15.452492288+00:00,-1.3042244180976916,-0.9286477245898823,102,6,False,False,False,-3.0740910592,-0.25754153813333336,2024-05-12 19:20:00+00:00,2024-05-13 03:42:00+00:00,8.366666666666667
2024-05-13,2024-05-13 03:42:00+00:00,2024-05-13 19:22:00+00:00,2024-05-13T05:42:00+02:00,2024-05-13T21:22:00+02:00,2024-05-13 03:45:29.309645056+00:00,2024-05-13 19:21:49.304839680+00:00,-1.297504494892366,-0.925206085035448,104,6,False,False,False,-3.4884940842666667,0.178252672,2024-05-13 19:22:00+00:00,2024-05-14 03:41:00+00:00,8.316666666666666
2024-05-14,2024-05-14 03:41:00+00:00,2024-05-14 19:24:00+00:00,2024-05-14T05:41:00+02:00,2024-05-14T21:24:00+02:00,2024-05-14 03:43:56.130903296+00:00,2024-05-14 19:23:22.260689664+00:00,-1.2908878474529444,-0.9216532286314232,104,6,False,False,False,-2.9355150549333335,0.6289885056000001,2024-05-14 19:24:00+00:00,2024-05-15 03:39:00+00:00,8.25
2024-05-15,2024-05-15 03:39:00+00:00,2024-05-15 19:25:00+00:00,2024-05-15T05:39:00+02:00,2024-05-15T21:25:00+02:00,2024-05-15 03:42:24.960429824+00:00,2024-05-15 19:24:54.262091520+00:00,-1.2843832014303216,-0.9179937347489016,105,6,False,False,False,-3.416007163733333,0.095631808,2024-05-15 19:25:00+00:00,2024-05-16 03:38:00+00:00,8.216666666666667
2024-05-16,2024-05-16 03:38:00+00:00,2024-05-16 19:27:00+00:00,2024-05-16T05:38:00+02:00,2024-05-16T21:27:00+02:00,2024-05-16 03:40:55.849618432+00:00,2024-05-16 19:26:25.250524672+00:00,-1.2779991382707785,-0.9142322165144565,106,6,False,False,False,-2.9308269738666666,0.5791579221333334,2024-05-16 19:27:00+00:00,2024-05-17 03:37:00+00:00,8.166666666666666
2024-05-17,2024-05-17 03:37:00+00:00,2024-05-17 19:28:00+00:00,2024-05-17T05:37:00+02:00,2024-05-17T21:28:00+02:00,2024-05-17 03:39:28.849952768+00:00,2024-05-17 19:27:55.166787328+00:00,-1.27174408483134,-0.9103733152842193,106,6,False,False,False,-2.4808325461333336,0.08055354453333334,2024-05-17 19:28:00+00:00,2024-05-18 03:35:00+00:00,8.116666666666667
2024-05-18,2024-05-18 03:35:00+00:00,2024-05-18 19:29:00+00:00,2024-05-18T05:35:00+02:00,2024-05-18T21:29:00+02:00,2024-05-18 03:38:04.012905984+00:00,2024-05-18 19:29:23.950936576+00:00,-1.2656263031810187,-0.9064216951118048,106,6,False,False,False,-3.0668817664000003,-0.3991822762666667,2024-05-18 19:29:00+00:00,2024-05-19 03:34:00+00:00,8.083333333333334
2024-05-19,2024-05-19 03:34:00+00:00,2024-05-19 19:31:00+00:00,2024-05-19T05:34:00+02:00,2024-05-19T21:31:00+02:00,2024-05-19 03:36:41.389851648+00:00,2024-05-19 19:30:51.542298624+00:00,-1.25965388060005,-0.9023820372166231,106,6,False,False,False,-2.6898308608,0.1409616896,2024-05-19 19:31:00+00:00,2024-05-20 03:33:00+00:00,8.033333333333333
2024-05-20,2024-05-20 03:33:00+00:00,2024-05-20 19:32:00+00:00,2024-05-20T05:33:00+02:00,2024-05-20T21:32:00+02:00,2024-05-20 03:35:21.032000512+00:00,2024-05-20 19:32:17.879518976+00:00,-1.2538347197889819,-0.8982590344591045,107,6,False,False,False,-2.3505333418666665,-0.29799198293333334,2024-05-20 19:32:00+00:00,2024-05-21 03:31:00+00:00,7.983333333333333
2024-05-21,2024-05-21 03:31:00+00:00,2024-05-21 19:34:00+00:00,2024-05-21T05:31:00+02:00,2024-05-21T21:34:00+02:00,2024-05-21 03:34:02.990385664+00:00,2024-05-21 19:33:42.900612352+00:00,-1.2481765292992362,-0.8940573858293578,108,6,False,False,False,-3.0498397610666665,0.28498979413333336,2024-05-21 19:34:00+00:00,2024-05-22 03:30:00+00:00,7.933333333333334
2024-05-22,2024-05-22 03:30:00+00:00,2024-05-22 19:35:00+00:00,2024-05-22T05:30:00+02:00,2024-05-22T21:35:00+02:00,2024-05-22 03:32:47.315881728+00:00,2024-05-22 19:35:06.542956800+00:00,-1.2426868141964962,-0.8897817909557464,109,6,False,False,False,-2.7885980288,-0.10904928,2024-05-22 19:35:00+00:00,2024-05-23 03:29:00+00:00,7.9
2024-05-23,2024-05-23 03:29:00+00:00,2024-05-23 19:36:00+00:00,2024-05-23T05:29:00+02:00,2024-05-23T21:36:00+02:00,2024-05-23 03:31:34.059246080+00:00,2024-05-23 19:36:28.743224320+00:00,-1.237372866968002,-0.8854369446398451,110,6,False,False,False,-2.5676541013333334,-0.4790537386666667,2024-05-23 19:36:00+00:00,2024-05-24 03:28:00+00:00,7.866666666666666
2024-05-24,2024-05-24 03:28:00+00:00,2024-05-24 19:38:00+00:00,2024-05-24T05:28:00+02:00,2024-05-24T21:38:00+02:00,2024-05-24 03:30:23.271189760+00:00,2024-05-24 19:37:49.437252352+00:00,-1.2322417586845384,-0.881027531424196,111,6,False,False,False,-2.3878531626666666,0.17604579413333335,2024-05-24 19:38:00+00:00,2024-05-25 03:27:00+00:00,7.816666666666666
2024-05-25,2024-05-25 03:27:00+00:00,2024-05-25 19:39:00+00:00,2024-05-25T05:27:00+02:00,2024-05-25T21:39:00+02:00,2024-05-25 03:29:15.002458624+00:00,2024-05-25 19:39:08.559888896+00:00,-1.2273003304276122,-0.8765582201992357,113,6,False,False,False,-2.250040977066667,-0.14266481493333333,2024-05-25 19:39:00+00:00,2024-05-26 03:25:00+00:00,7.766666666666667
2024-05-26,2024-05-26 03:25:00+00:00,2024-05-26 19:40:00+00:00,2024-05-26T05:25:00+02:00,2024-05-26T21:40:00+02:00,2024-05-26 03:28:09.303890432+00:00,2024-05-26 19:40:26.044838400+00:00,-1.2225551849919862,-0.8720336588557166,113,6,False,False,False,-3.1550648405333335,-0.43408064,2024-05-26 19:40:00+00:00,2024-05-27 03:24:00+00:00,7.733333333333333
2024-05-27,2024-05-27 03:24:00+00:00,2024-05-27 19:41:00+00:00,2024-05-27T05:24:00+02:00,2024-05-27T21:41:00+02:00,2024-05-27 03:27:06.226366208+00:00,2024-05-27 19:41:41.824527104+00:00,-1.218012678873425,-0.8674584689888738,114,6,False,False,False,-3.1037727701333333,-0.6970754517333333,2024-05-27 19:41:00+00:00,2024-05-28 03:23:00+00:00,7.7
2024-05-28,2024-05-28 03:23:00+00:00,2024-05-28 19:43:00+00:00,2024-05-28T05:23:00+02:00,2024-05-28T21:43:00+02:00,2024-05-28 03:26:05.820577792+00:00,2024-05-28 19:42:55.830011392+00:00,-1.2136789145511617,-0.8628372406605318,115,6,False,False,False,-3.0970096298666667,0.06949981013333333,2024-05-28 19:43:00+00:00,2024-05-29 03:23:00+00:00,7.666666666666667
2024-05-29,2024-05-29 03:23:00+00:00,2024-05-29 19:44:00+00:00,2024-05-29T05:23:00+02:00,2024-05-29T21:44:00+02:00,2024-05-29 03:25:08.136574976+00:00,2024-05-29 19:44:07.990968320+00:00,-1.2095597330742511,-0.8581745272252601,116,6,False,False,False,-2.1356095829333333,-0.13318280533333335,2024-05-29 19:44:00+00:00,2024-05-30 03:22:00+00:00,7.633333333333334
2024-05-30,2024-05-30 03:22:00+00:00,2024-05-30 19:45:00+00:00,2024-05-30T05:22:00+02:00,2024-05-30T21:45:00+02:00,2024-05-30 03:24:13.223121408+00:00,2024-05-30 19:45:18.235770624+00:00,-1.2056607069606071,-0.853474840226607,117,6,False,False,False,-2.2203853568,-0.3039295104,2024-05-30 19:45:00+00:00,2024-05-31 03:21:00+00:00,7.6
2024-05-31,2024-05-31 03:21:00+00:00,2024-05-31 19:46:00+00:00,2024-05-31T05:21:00+02:00,2024-05-31T21:46:00+02:00,2024-05-31 03:23:21.126935808+00:00,2024-05-31 19:46:26.491648768+00:00,-1.201987133417166,-0.8487426443693513,117,6,False,False,False,-2.3521155968,-0.4415274794666667,2024-05-31 19:46:00+00:00,2024-06-01 03:20:00+00:00,7.566666666666666
2024-06-01,2024-06-01 03:20:00+00:00,2024-06-01 19:47:00+00:00,2024-06-01T05:20:00+02:00,2024-06-01T21:47:00+02:00,2024-06-01 03:22:31.891919360+00:00,2024-06-01 19:47:32.684889600+00:00,-1.1985440278892259,-0.8439823525736102,117,6,False,False,False,-2.5315319893333332,-0.5447481599999999,2024-06-01 19:47:00+00:00,2024-06-02 03:19:00+00:00,7.533333333333333
2024-06-02,2024-06-02 03:19:00+00:00,2024-06-02 19:48:00+00:00,2024-06-02T05:19:00+02:00,2024-06-02T21:48:00+02:00,2024-06-02 03:21:45.558490880+00:00,2024-06-02 19:48:36.741057792+00:00,-1.1953361179466246,-0.839198321116543,117,6,False,False,False,-2.759308181333333,-0.6123509632,2024-06-02 19:48:00+00:00,2024-06-03 03:19:00+00:00,7.516666666666667
2024-06-03,2024-06-03 03:19:00+00:00,2024-06-03 19:49:00+00:00,2024-06-03T05:19:00+02:00,2024-06-03T21:49:00+02:00,2024-06-03 03:21:02.163160064+00:00,2024-06-03 19:49:38.585246208+00:00,-1.1923678375140254,-0.8343948448672729,117,6,False,False,False,-2.0360526677333333,-0.6430874368,2024-06-03 19:49:00+00:00,2024-06-04 03:18:00+00:00,7.483333333333333
2024-06-04,2024-06-04 03:18:00+00:00,2024-06-04 19:50:00+00:00,2024-06-04T05:18:00+02:00,2024-06-04T21:50:00+02:00,2024-06-04 03:20:21.738460416+00:00,2024-06-04 19:50:38.142406400+00:00,-1.1896433214521687,-0.8295761526205383,116,6,False,False,False,-2.3623076736,-0.6357067733333334,2024-06-04 19:50:00+00:00,2024-06-05 03:17:00+00:00,7.45
2024-06-05,2024-06-05 03:17:00+00:00,2024-06-05 19:51:00+00:00,2024-06-05T05:17:00+02:00,2024-06-05T21:51:00+02:00,2024-06-05 03:19:44.313259264+00:00,2024-06-05 19:51:35.337822464+00:00,-1.1871664004965325,-0.824746402534453,116,6,False,False,False,-2.7385543210666667,-0.5889637077333333,2024-06-05 19:51:00+00:00,2024-06-06 03:17:00+00:00,7.433333333333334
2024-06-06,2024-06-06 03:17:00+00:00,2024-06-06 19:52:00+00:00,2024-06-06T05:17:00+02:00,2024-06-06T21:52:00+02:00,2024-06-06 03:19:09.913328896+00:00,2024-06-06 19:52:30.097743872+00:00,-1.1849405965594249,-0.8199096776776312,117,6,False,False,False,-2.1652221482666665,-0.5016290645333333,2024-06-06 19:52:00+00:00,2024-06-07 03:16:00+00:00,7.4
2024-06-07,2024-06-07 03:16:00+00:00,2024-06-07 19:53:00+00:00,2024-06-07T05:16:00+02:00,2024-06-07T21:53:00+02:00,2024-06-07 03:18:38.561941248+00:00,2024-06-07 19:53:22.350130688+00:00,-1.1829691184010978,-0.8150699816907956,118,6,False,False,False,-2.6426990208000003,-0.37250217813333336,2024-06-07 19:53:00+00:00,2024-06-08 03:16:00+00:00,7.383333333333334
2024-06-08,2024-06-08 03:16:00+00:00,2024-06-08 19:53:00+00:00,2024-06-08T05:16:00+02:00,2024-06-08T21:53:00+02:00,2024-06-08 03:18:10.280237312+00:00,2024-06-08 19:54:12.025398528+00:00,-1.1812548576750381,-0.8102312345678364,119,6,False,False,False,-2.171337288533333,-1.2004233088,2024-06-08 19:53:00+00:00,2024-06-09 03:15:00+00:00,7.366666666666666
2024-06-09,2024-06-09 03:15:00+00:00,2024-06-09 19:54:00+00:00,2024-06-09T05:15:00+02:00,2024-06-09T21:54:00+02:00,2024-06-09 03:17:45.087263744+00:00,2024-06-09 19:54:59.057048832+00:00,-1.1798003853521484,-0.805397268561154,120,6,False,False,False,-2.7514543957333335,-0.9842841472,2024-06-09 19:54:00+00:00,2024-06-10 03:15:00+00:00,7.35
2024-06-10,2024-06-10 03:15:00+00:00,2024-06-10 19:55:00+00:00,2024-06-10T05:15:00+02:00,2024-06-10T21:55:00+02:00,2024-06-10 03:17:22.999732736+00:00,2024-06-10 19:55:43.382107136+00:00,-1.1786079485280823,-0.8005718242159515,120,6,False,False,False,-2.3833288789333333,-0.7230351189333334,2024-06-10 19:55:00+00:00,2024-06-11 03:15:00+00:00,7.333333333333333
2024-06-11,2024-06-11 03:15:00+00:00,2024-06-11 19:56:00+00:00,2024-06-11T05:15:00+02:00,2024-06-11T21:56:00+02:00,2024-06-11 03:17:04.031677184+00:00,2024-06-11 19:56:24.941361920+00:00,-1.1776794676175422,-0.7957585465379924,120,6,False,False,False,-2.0671946197333333,-0.4156893653333333,2024-06-11 19:56:00+00:00,2024-06-12 03:14:00+00:00,7.3
2024-06-12,2024-06-12 03:14:00+00:00,2024-06-12 19:56:00+00:00,2024-06-12T05:14:00+02:00,2024-06-12T21:56:00+02:00,2024-06-12 03:16:48.194146304+00:00,2024-06-12 19:57:03.679466240+00:00,-1.1770165339388972,-0.7909609812991683,120,6,False,False,False,-2.803235771733333,-1.0613244373333335,2024-06-12 19:56:00+00:00,2024-06-13 03:14:00+00:00,7.3
2024-06-13,2024-06-13 03:14:00+00:00,2024-06-13 19:57:00+00:00,2024-06-13T05:14:00+02:00,2024-06-13T21:57:00+02:00,2024-06-13 03:16:35.494987264+00:00,2024-06-13 19:57:39.544973312+00:00,-1.176620407692011,-0.7861825714850555,120,6,False,False,False,-2.591583121066667,-0.6590828885333334,2024-06-13 19:57:00+00:00,2024-06-14 03:14:00+00:00,7.283333333333333
2024-06-14,2024-06-14 03:14:00+00:00,2024-06-14 19:57:00+00:00,2024-06-14T05:14:00+02:00,2024-06-14T21:57:00+02:00,2024-06-14 03:16:25.938689280+00:00,2024-06-14 19:58:12.490365952+00:00,-1.1764920163317067,-0.7814266538884629,120,6,False,False,False,-2.4323114880000003,-1.2081727658666668,2024-06-14 19:57:00+00:00,2024-06-15 03:14:00+00:00,7.283333333333333
2024-06-15,2024-06-15 03:14:00+00:00,2024-06-15 19:58:00+00:00,2024-06-15T05:14:00+02:00,2024-06-15T21:58:00+02:00,2024-06-15 03:16:19.526264832+00:00,2024-06-15 19:58:42.472096512+00:00,-1.1766319533388259,-0.7766964558527922,120,6,False,False,False,-2.3254377472,-0.7078682752,2024-06-15 19:58:00+00:00,2024-06-16 03:14:00+00:00,7.266666666666667
2024-06-16,2024-06-16 03:14:00+00:00,2024-06-16 19:58:00+00:00,2024-06-16T05:14:00+02:00,2024-06-16T21:58:00+02:00,2024-06-16 03:16:16.255179264+00:00,2024-06-16 19:59:09.450641920+00:00,-1.177040477390372,-0.7719950921688546,120,6,False,False,False,-2.2709196543999997,-1.1575106986666666,2024-06-16 19:58:00+00:00,2024-06-17 03:14:00+00:00,7.266666666666667
2024-06-17,2024-06-17 03:14:00+00:00,2024-06-17 19:58:00+00:00,2024-06-17T05:14:00+02:00,2024-06-17T21:58:00+02:00,2024-06-17 03:16:16.119357440+00:00,2024-06-17 19:59:33.390559744+00:00,-1.1777175119297583,-0.7673255621285886,120,6,False,False,False,-2.268655957333333,-1.5565093290666667,2024-06-17 19:58:00+00:00,2024-06-18 03:14:00+00:00,7.266666666666667
2024-06-18,2024-06-18 03:14:00+00:00,2024-06-18 19:59:00+00:00,2024-06-18T05:14:00+02:00,2024-06-18T21:59:00+02:00,2024-06-18 03:16:19.109271808+00:00,2024-06-18 19:59:54.260530432+00:00,-1.1786626451376936,-0.7626907467389447,120,6,False,False,False,-2.3184878634666664,-0.9043421738666667,2024-06-18 19:59:00+00:00,2024-06-19 03:14:00+00:00,7.25
2024-06-19,2024-06-19 03:14:00+00:00,2024-06-19 19:59:00+00:00,2024-06-19T05:14:00+02:00,2024-06-19T21:59:00+02:00,2024-06-19 03:16:25.212076032+00:00,2024-06-19 20:00:12.033355776+00:00,-1.1798751303037869,-0.7580934060989948,120,6,False,False,False,-2.4202012672,-1.2005559296,2024-06-19 19:59:00+00:00,2024-06-20 03:14:00+00:00,7.25
2024-06-20,2024-06-20 03:14:00+00:00,2024-06-20 19:59:00+00:00,2024-06-20T05:14:00+02:00,2024-06-20T21:59:00+02:00,2024-06-20 03:16:34.411766016+00:00,2024-06-20 20:00:26.685873152+00:00,-1.1813538865984594,-0.7535361769431341,120,6,False,False,False,-2.5735294336,-1.4447645525333332,2024-06-20 19:59:00+00:00,2024-06-21 03:14:00+00:00,7.25
2024-06-21,2024-06-21 03:14:00+00:00,2024-06-21 19:59:00+00:00,2024-06-21T05:14:00+02:00,2024-06-21T21:59:00+02:00,2024-06-21 03:16:46.689391872+00:00,2024-06-21 20:00:38.198768384+00:00,-1.183097500244287,-0.749021570353035,120,6,False,False,False,-2.7781565311999996,-1.6366461397333334,2024-06-21 19:59:00+00:00,2024-06-22 03:14:00+00:00,7.25
2024-06-22,2024-06-22 03:14:00+00:00,2024-06-22 19:59:00+00:00,2024-06-22T05:14:00+02:00,2024-06-22T21:59:00+02:00,2024-06-22 03:17:02.023337216+00:00,2024-06-22 20:00:46.556317184+00:00,-1.185104226085424,-0.7445519696408069,120,6,False,False,False,-3.033722286933333,-1.7759386197333333,2024-06-22 19:59:00+00:00,2024-06-23 03:15:00+00:00,7.266666666666667
2024-06-23,2024-06-23 03:15:00+00:00,2024-06-23 20:00:00+00:00,2024-06-23T05:15:00+02:00,2024-06-23T22:00:00+02:00,2024-06-23 03:17:20.389636864+00:00,2024-06-23 20:00:51.746121728+00:00,-1.1873719895532882,-0.7401296284056124,120,6,False,False,False,-2.339827281066667,-0.8624353621333333,2024-06-23 20:00:00+00:00,2024-06-24 03:15:00+00:00,7.25
2024-06-24,2024-06-24 03:15:00+00:00,2024-06-24 20:00:00+00:00,2024-06-24T05:15:00+02:00,2024-06-24T22:00:00+02:00,2024-06-24 03:17:41.762191872+00:00,2024-06-24 20:00:53.758912512+00:00,-1.1898983890262105,-0.7357566687657706,120,6,False,False,False,-2.6960365312,-0.8959818752,2024-06-24 20:00:00+00:00,2024-06-25 03:15:00+00:00,7.25
2024-06-25,2024-06-25 03:15:00+00:00,2024-06-25 19:59:00+00:00,2024-06-25T05:15:00+02:00,2024-06-25T21:59:00+02:00,2024-06-25 03:18:06.112716288+00:00,2024-06-25 20:00:52.588433152+00:00,-1.1926806985803036,-0.7314350797681753,120,6,False,False,False,-3.1018786048,-1.8764738858666665,2024-06-25 19:59:00+00:00,2024-06-26 03:16:00+00:00,7.283333333333333
2024-06-26,2024-06-26 03:16:00+00:00,2024-06-26 19:59:00+00:00,2024-06-26T05:16:00+02:00,2024-06-26T21:59:00+02:00,2024-06-26 03:18:33.410323712+00:00,2024-06-26 20:00:48.231369472+00:00,-1.1957158711283207,-0.7271667159766283,120,6,False,False,False,-2.5568387285333336,-1.8038561578666665,2024-06-26 19:59:00+00:00,2024-06-27 03:16:00+00:00,7.283333333333333
2024-06-27,2024-06-27 03:16:00+00:00,2024-06-27 19:59:00+00:00,2024-06-27T05:16:00+02:00,2024-06-27T21:59:00+02:00,2024-06-27 03:19:03.620812544+00:00,2024-06-27 20:00:40.687268864+00:00,-1.1990005419428325,-0.7229532962404821,120,6,False,False,False,-3.060346875733333,-1.6781211477333333,2024-06-27 19:59:00+00:00,2024-06-28 03:17:00+00:00,7.3
2024-06-28,2024-06-28 03:17:00+00:00,2024-06-28 19:59:00+00:00,2024-06-28T05:17:00+02:00,2024-06-28T21:59:00+02:00,2024-06-28 03:19:36.705845248+00:00,2024-06-28 20:00:29.958431488+00:00,-1.202531032559586,-0.7187964026447586,120,6,False,False,False,-2.6117640874666668,-1.4993071914666667,2024-06-28 19:59:00+00:00,2024-06-29 03:17:00+00:00,7.3
2024-06-29,2024-06-29 03:17:00+00:00,2024-06-29 19:59:00+00:00,2024-06-29T05:17:00+02:00,2024-06-29T21:59:00+02:00,2024-06-29 03:20:12.622242560+00:00,2024-06-29 20:00:16.049793792+00:00,-1.206303355056467,-0.7146974796426961,120,6,False,False,False,-3.210370709333333,-1.2674965632000001,2024-06-29 19:59:00+00:00,2024-06-30 03:18:00+00:00,7.316666666666666
2024-06-30,2024-06-30 03:18:00+00:00,2024-06-30 19:58:00+00:00,2024-06-30T05:18:00+02:00,2024-06-30T21:58:00+02:00,2024-06-30 03:20:51.321571584+00:00,2024-06-30 19:59:58.968841472+00:00,-1.2103132167030344,-0.7106578333714507,120,6,False,False,False,-2.8553595264,-1.9828140245333332,2024-06-30 19:58:00+00:00,2024-07-01 03:19:00+00:00,7.35
2024-07-01,2024-07-01 03:19:00+00:00,2024-07-01 19:58:00+00:00,2024-07-01T05:19:00+02:00,2024-07-01T21:58:00+02:00,2024-07-01 03:21:32.750111744+00:00,2024-07-01 19:59:38.725576448+00:00,-1.2145560249751637,-0.706678631151461,120,6,False,False,False,-2.5458351957333334,-1.6454262741333332,2024-07-01 19:58:00+00:00,2024-07-02 03:19:00+00:00,7.35
2024-07-02,2024-07-02 03:19:00+00:00,2024-07-02 19:58:00+00:00,2024-07-02T05:19:00+02:00,2024-07-02T21:58:00+02:00,2024-07-02 03:22:16.849200640+00:00,2024-07-02 19:59:15.332526592+00:00,-1.2190268929289028,-0.7027609011697592,120,6,False,False,False,-3.2808200106666665,-1.2555421098666666,2024-07-02 19:58:00+00:00,2024-07-03 03:20:00+00:00,7.366666666666666
2024-07-03,2024-07-03 03:20:00+00:00,2024-07-03 19:57:00+00:00,2024-07-03T05:20:00+02:00,2024-07-03T21:57:00+02:00,2024-07-03 03:23:03.555908608+00:00,2024-07-03 19:58:48.804805632+00:00,-1.2237206449272136,-0.6989055323472871,120,6,False,False,False,-3.059265143466667,-1.8134134272,2024-07-03 19:57:00+00:00,2024-07-04 03:21:00+00:00,7.4
2024-07-04,2024-07-04 03:21:00+00:00,2024-07-04 19:57:00+00:00,2024-07-04T05:21:00+02:00,2024-07-04T21:57:00+02:00,2024-07-04 03:23:52.803919104+00:00,2024-07-04 19:58:19.160221184+00:00,-1.2286318227128645,-0.6951132743900619,120,6,False,False,False,-2.8800653184,-1.3193370197333332,2024-07-04 19:57:00+00:00,2024-07-05 03:22:00+00:00,7.416666666666667
2024-07-05,2024-07-05 03:22:00+00:00,2024-07-05 19:56:00+00:00,2024-07-05T05:22:00+02:00,2024-07-05T21:56:00+02:00,2024-07-05 03:24:44.524449280+00:00,2024-07-05 19:57:46.419438336+00:00,-1.2337546918203188,-0.6913847380237987,120,6,False,False,False,-2.7420741546666667,-1.7736573056,2024-07-05 19:56:00+00:00,2024-07-06 03:23:00+00:00,7.45
2024-07-06,2024-07-06 03:23:00+00:00,2024-07-06 19:55:00+00:00,2024-07-06T05:23:00+02:00,2024-07-06T21:55:00+02:00,2024-07-06 03:25:38.647042304+00:00,2024-07-06 19:57:10.606163968+00:00,-1.2390832483190701,-0.6877203954113926,120,6,False,False,False,-2.644117371733333,-2.1767693994666666,2024-07-06 19:55:00+00:00,2024-07-07 03:24:00+00:00,7.483333333333333
2024-07-07,2024-07-07 03:24:00+00:00,2024-07-07 19:55:00+00:00,2024-07-07T05:24:00+02:00,2024-07-07T21:55:00+02:00,2024-07-07 03:26:35.100125184+00:00,2024-07-07 19:56:31.747287296+00:00,-1.2446112258804802,-0.6841205807524251,120,6,False,False,False,-2.5850020864000003,-1.5291214549333332,2024-07-07 19:55:00+00:00,2024-07-08 03:25:00+00:00,7.5
2024-07-08,2024-07-08 03:25:00+00:00,2024-07-08 19:54:00+00:00,2024-07-08T05:25:00+02:00,2024-07-08T21:54:00+02:00,2024-07-08 03:27:33.811335936+00:00,2024-07-08 19:55:49.872914688+00:00,-1.2503321031597934,-0.6805854910636538,120,6,False,False,False,-2.5635222656,-1.8312152447999999,2024-07-08 19:54:00+00:00,2024-07-09 03:26:00+00:00,7.533333333333333
2024-07-09,2024-07-09 03:26:00+00:00,2024-07-09 19:53:00+00:00,2024-07-09T05:26:00+02:00,2024-07-09T21:53:00+02:00,2024-07-09 03:28:34.707698432+00:00,2024-07-09 19:55:05.016287232+00:00,-1.2562391114846254,-0.6771151871392158,120,6,False,False,False,-2.5784616405333334,-2.0836047872,2024-07-09 19:53:00+00:00,2024-07-10 03:27:00+00:00,7.566666666666666
2024-07-10,2024-07-10 03:27:00+00:00,2024-07-10 19:52:00+00:00,2024-07-10T05:27:00+02:00,2024-07-10T21:52:00+02:00,2024-07-10 03:29:37.715732224+00:00,2024-07-10 19:54:17.213609728+00:00,-1.2623252428408651,-0.6737095946890622,120,6,False,False,False,-2.6285955370666665,-2.2868934954666664,2024-07-10 19:52:00+00:00,2024-07-11 03:28:00+00:00,7.6
2024-07-11,2024-07-11 03:28:00+00:00,2024-07-11 19:52:00+00:00,2024-07-11T05:28:00+02:00,2024-07-11T21:52:00+02:00,2024-07-11 03:30:42.761565184+00:00,2024-07-11 19:53:26.503842048+00:00,-1.2685832581465735,-0.670368505653925,120,6,False,False,False,-2.712692753066667,-1.4417307008,2024-07-11 19:52:00+00:00,2024-07-12 03:29:00+00:00,7.616666666666666
2024-07-12,2024-07-12 03:29:00+00:00,2024-07-12 19:51:00+00:00,2024-07-12T05:29:00+02:00,2024-07-12T21:51:00+02:00,2024-07-12 03:31:49.771051264+00:00,2024-07-12 19:52:32.928471808+00:00,-1.2750056958041214,-0.6670915796949058,120,6,False,False,False,-2.8295175210666668,-1.5488078634666667,2024-07-12 19:51:00+00:00,2024-07-13 03:30:00+00:00,7.65
2024-07-13,2024-07-13 03:30:00+00:00,2024-07-13 19:50:00+00:00,2024-07-13T05:30:00+02:00,2024-07-13T21:50:00+02:00,2024-07-13 03:32:58.669922816+00:00,2024-07-13 19:51:36.531276032+00:00,-1.2815848805204846,-0.6638783458555642,120,6,False,False,False,-2.9778320469333335,-1.6088546005333333,2024-07-13 19:50:00+00:00,2024-07-14 03:31:00+00:00,7.683333333333334
2024-07-14,2024-07-14 03:31:00+00:00,2024-07-14 19:49:00+00:00,2024-07-14T05:31:00+02:00,2024-07-14T21:49:00+02:00,2024-07-14 03:34:09.383988224+00:00,2024-07-14 19:50:37.358081536+00:00,-1.2883129323852855,-0.6607282043941705,120,6,False,False,False,-3.1563998037333336,-1.6226346922666666,2024-07-14 19:49:00+00:00,2024-07-15 03:32:00+00:00,7.716666666666667
2024-07-15,2024-07-15 03:32:00+00:00,2024-07-15 19:48:00+00:00,2024-07-15T05:32:00+02:00,2024-07-15T21:48:00+02:00,2024-07-15 03:35:21.839396352+00:00,2024-07-15 19:49:35.456540672+00:00,-1.2951817761958764,-0.6576404287835937,120,6,False,False,False,-3.3639899392,-1.5909423445333333,2024-07-15 19:48:00+00:00,2024-07-16 03:33:00+00:00,7.75
2024-07-16,2024-07-16 03:33:00+00:00,2024-07-16 19:47:00+00:00,2024-07-16T05:33:00+02:00,2024-07-16T21:47:00+02:00,2024-07-16 03:36:35.962960384+00:00,2024-07-16 19:48:30.875941120+00:00,-1.30218315101846,-0.6546141678760811,120,6,False,False,False,-3.5993826730666667,-1.5145990186666665,2024-07-16 19:47:00+00:00,2024-07-17 03:34:00+00:00,7.783333333333333
2024-07-17,2024-07-17 03:34:00+00:00,2024-07-17 19:45:00+00:00,2024-07-17T05:34:00+02:00,2024-07-17T21:45:00+02:00,2024-07-17 03:37:51.682494464+00:00,2024-07-17 19:47:23.667026688+00:00,-1.3093086199739654,-0.6516484482299937,120,6,False,False,False,-3.8613749077333335,-2.3944504448,2024-07-17 19:45:00+00:00,2024-07-18 03:36:00+00:00,7.85
2024-07-18,2024-07-18 03:36:00+00:00,2024-07-18 19:44:00+00:00,2024-07-18T05:36:00+02:00,2024-07-18T21:44:00+02:00,2024-07-18 03:39:08.927150848+00:00,2024-07-18 19:46:13.881783040+00:00,-1.3165495802371292,-0.6487421765953658,120,6,False,False,False,-3.148785847466667,-2.2313630506666664,2024-07-18 19:44:00+00:00,2024-07-19 03:37:00+00:00,7.883333333333334
2024-07-19,2024-07-19 03:37:00+00:00,2024-07-19 19:43:00+00:00,2024-07-19T05:37:00+02:00,2024-07-19T21:43:00+02:00,2024-07-19 03:40:27.627767808+00:00,2024-07-19 19:45:01.573153792+00:00,-1.323897273236982,-0.6458941425549636,120,6,False,False,False,-3.4604627968,-2.026219229866667,2024-07-19 19:43:00+00:00,2024-07-20 03:38:00+00:00,7.916666666666667
2024-07-20,2024-07-20 03:38:00+00:00,2024-07-20 19:42:00+00:00,2024-07-20T05:38:00+02:00,2024-07-20T21:42:00+02:00,2024-07-20 03:41:47.717263104+00:00,2024-07-20 19:43:46.794712832+00:00,-1.3313427950466932,-0.6431030213173311,120,6,False,False,False,-3.7952877184,-1.7799118805333334,2024-07-20 19:42:00+00:00,2024-07-21 03:40:00+00:00,7.966666666666667
2024-07-21,2024-07-21 03:40:00+00:00,2024-07-21 19:40:00+00:00,2024-07-21T05:40:00+02:00,2024-07-21T21:40:00+02:00,2024-07-21 03:43:09.131045632+00:00,2024-07-21 19:42:29.600347136+00:00,-1.3388771069505165,-0.6403673766581288,120,6,False,False,False,-3.1521840938666665,-2.4933391189333336,2024-07-21 19:40:00+00:00,2024-07-22 03:41:00+00:00,8.016666666666667
2024-07-22,2024-07-22 03:41:00+00:00,2024-07-22 19:39:00+00:00,2024-07-22T05:41:00+02:00,2024-07-22T21:39:00+02:00,2024-07-22 03:44:31.807324672+00:00,2024-07-22 19:41:10.044002304+00:00,-1.3464910461753523,-0.6376856640058913,120,6,False,False,False,-3.5301220778666664,-2.1674000384,2024-07-22 19:39:00+00:00,2024-07-23 03:42:00+00:00,8.05
2024-07-23,2024-07-23 03:42:00+00:00,2024-07-23 19:38:00+00:00,2024-07-23T05:42:00+02:00,2024-07-23T21:38:00+02:00,2024-07-23 03:45:55.687123968+00:00,2024-07-23 19:39:48.179501824+00:00,-1.354175336774256,-0.6350562336681569,120,6,False,False,False,-3.9281187328000002,-1.8029916970666666,2024-07-23 19:38:00+00:00,2024-07-24 03:44:00+00:00,8.1
2024-07-24,2024-07-24 03:44:00+00:00,2024-07-24 19:36:00+00:00,2024-07-24T05:44:00+02:00,2024-07-24T21:36:00+02:00,2024-07-24 03:47:20.713863424+00:00,2024-07-24 19:38:24.060399872+00:00,-1.3619206006490423,-0.6324773341937503,120,6,False,False,False,-3.345231057066667,-2.4010066645333334,2024-07-24 19:36:00+00:00,2024-07-25 03:45:00+00:00,8.15
2024-07-25,2024-07-25 03:45:00+00:00,2024-07-25 19:35:00+00:00,2024-07-25T05:45:00+02:00,2024-07-25T21:35:00+02:00,2024-07-25 03:48:46.832536832+00:00,2024-07-25 19:36:57.739850496+00:00,-1.3697173686989634,-0.6299471158668392,120,6,False,False,False,-3.780542280533333,-1.9623308416,2024-07-25 19:35:00+00:00,2024-07-26 03:46:00+00:00,8.183333333333334
2024-07-26,2024-07-26 03:46:00+00:00,2024-07-26 19:33:00+00:00,2024-07-26T05:46:00+02:00,2024-07-26T21:33:00+02:00,2024-07-26 03:50:13.988703488+00:00,2024-07-26 19:35:29.270494976+00:00,-1.3775560920822922,-0.6274636343282247,120,6,False,False,False,-4.233145058133333,-2.4878415829333336,2024-07-26 19:33:00+00:00,2024-07-27 03:48:00+00:00,8.25
2024-07-27,2024-07-27 03:48:00+00:00,2024-07-27 19:32:00+00:00,2024-07-27T05:48:00+02:00,2024-07-27T21:32:00+02:00,2024-07-27 03:51:42.127595264+00:00,2024-07-27 19:33:58.704380416+00:00,-1.3854271535775087,-0.625024854319171,120,6,False,False,False,-3.7021265877333334,-1.9784063402666667,2024-07-27 19:32:00+00:00,2024-07-28 03:49:00+00:00,8.283333333333333
2024-07-28,2024-07-28 03:49:00+00:00,2024-07-28 19:30:00+00:00,2024-07-28T05:49:00+02:00,2024-07-28T21:30:00+02:00,2024-07-28 03:53:11.193593856+00:00,2024-07-28 19:32:26.092923392+00:00,-1.3933208790306633,-0.6226286535429351,120,6,False,False,False,-4.1865598976000005,-2.434882056533333,2024-07-28 19:30:00+00:00,2024-07-29 03:51:00+00:00,8.35
2024-07-29,2024-07-29 03:51:00+00:00,2024-07-29 19:29:00+00:00,2024-07-29T05:51:00+02:00,2024-07-29T21:29:00+02:00,2024-07-29 03:54:41.130159872+00:00,2024-07-29 19:30:51.486881792+00:00,-1.4012275488753951,-0.6202728266390127,120,6,False,False,False,-3.6855026645333333,-1.8581146965333335,2024-07-29 19:29:00+00:00,2024-07-30 03:52:00+00:00,8.383333333333333
2024-07-30,2024-07-30 03:52:00+00:00,2024-07-30 19:27:00+00:00,2024-07-30T05:52:00+02:00,2024-07-30T21:27:00+02:00,2024-07-30 03:56:11.880131840+00:00,2024-07-30 19:29:14.936327680+00:00,-1.4091374097119886,-0.6179550892649832,120,6,False,False,False,-4.1980021973333335,-2.2489387946666666,2024-07-30 19:27:00+00:00,2024-07-31 03:54:00+00:00,8.45
2024-07-31,2024-07-31 03:54:00+00:00,2024-07-31 19:25:00+00:00,2024-07-31T05:54:00+02:00,2024-07-31T21:25:00+02:00,2024-07-31 03:57:43.386258944+00:00,2024-07-31 19:27:36.490632192+00:00,-1.417040685931785,-0.6156730822807028,120,6,False,False,False,-3.723104315733333,-2.6081772032,2024-07-31 19:25:00+00:00,2024-08-01 03:55:00+00:00,8.5
2024-08-01,2024-08-01 03:55:00+00:00,2024-08-01 19:24:00+00:00,2024-08-01T05:55:00+02:00,2024-08-01T21:24:00+02:00,2024-08-01 03:59:15.591804416+00:00,2024-08-01 19:25:56.198493696+00:00,-1.4249275913732076,-0.6134243760294772,120,6,False,False,False,-4.259863406933333,-1.9366415616,2024-08-01 19:24:00+00:00,2024-08-02 03:57:00+00:00,8.55
2024-08-02,2024-08-02 03:57:00+00:00,2024-08-02 19:22:00+00:00,2024-08-02T05:57:00+02:00,2024-08-02T21:22:00+02:00,2024-08-02 04:00:48.441156096+00:00,2024-08-02 19:24:14.108030208+00:00,-1.4327883409956257,-0.6112064747107234,120,6,False,False,False,-3.8073526016,-2.2351338368,2024-08-02 19:22:00+00:00,2024-08-03 03:58:00+00:00,8.6
2024-08-03,2024-08-03 03:58:00+00:00,2024-08-03 19:20:00+00:00,2024-08-03T05:58:00+02:00,2024-08-03T21:20:00+02:00,2024-08-03 04:02:21.880363264+00:00,2024-08-03 19:22:30.266906880+00:00,-1.4406131625572518,-0.609016820838523,120,6,False,False,False,-4.3646727210666665,-2.5044484479999998,2024-08-03 19:20:00+00:00,2024-08-04 04:00:00+00:00,8.666666666666666
2024-08-04,2024-08-04 04:00:00+00:00,2024-08-04 19:19:00+00:00,2024-08-04T06:00:00+02:00,2024-08-04T21:19:00+02:00,2024-08-04 04:03:55.857569024+00:00,2024-08-04 19:20:44.722446080+00:00,-1.448392308283268,-0.6068527997803627,120,6,False,False,False,-3.930959483733333,-1.7453741013333333,2024-08-04 19:19:00+00:00,2024-08-05 04:01:00+00:00,8.7
2024-08-05,2024-08-05 04:01:00+00:00,2024-08-05 19:17:00+00:00,2024-08-05T06:01:00+02:00,2024-08-05T21:17:00+02:00,2024-08-05 04:05:30.323295232+00:00,2024-08-05 19:18:57.521694720+00:00,-1.45611606651038,-0.6047117443702656,120,6,False,False,False,-4.505388253866667,-1.958694912,2024-08-05 19:17:00+00:00,2024-08-06 04:03:00+00:00,8.766666666666667
2024-08-06,2024-08-06 04:03:00+00:00,2024-08-06 19:15:00+00:00,2024-08-06T06:03:00+02:00,2024-08-06T21:15:00+02:00,2024-08-06 04:07:05.230571008+00:00,2024-08-06 19:17:08.711449344+00:00,-1.4637747732940336,-0.6025909395904222,120,6,False,False,False,-4.087176183466666,-2.1451908223999996,2024-08-06 19:15:00+00:00,2024-08-07 04:04:00+00:00,8.816666666666666
2024-08-07,2024-08-07 04:04:00+00:00,2024-08-07 19:13:00+00:00,2024-08-07T06:04:00+02:00,2024-08-07T21:13:00+02:00,2024-08-07 04:08:40.534937088+00:00,2024-08-07 19:15:18.338269696+00:00,-1.471358823964558,-0.6004876273153494,120,6,False,False,False,-4.6755822848,-2.3056378282666667,2024-08-07 19:13:00+00:00,2024-08-08 04:06:00+00:00,8.883333333333333
2024-08-08,2024-08-08 04:06:00+00:00,2024-08-08 19:11:00+00:00,2024-08-08T06:06:00+02:00,2024-08-08T21:11:00+02:00,2024-08-08 04:10:16.194377728+00:00,2024-08-08 19:13:26.448477952+00:00,-1.4788586846185685,-0.5983990111125336,120,6,False,False,False,-4.269906295466667,-2.4408079658666666,2024-08-08 19:11:00+00:00,2024-08-09 04:08:00+00:00,8.95
2024-08-09,2024-08-09 04:08:00+00:00,2024-08-09 19:09:00+00:00,2024-08-09T06:08:00+02:00,2024-08-09T21:09:00+02:00,2024-08-09 04:11:52.169233408+00:00,2024-08-09 19:11:33.088139776+00:00,-1.4862649035320383,-0.5963222610934374,120,6,False,False,False,-3.8694872234666664,-2.5514689962666663,2024-08-09 19:09:00+00:00,2024-08-10 04:09:00+00:00,9.0
2024-08-10,2024-08-10 04:09:00+00:00,2024-08-10 19:07:00+00:00,2024-08-10T06:09:00+02:00,2024-08-10T21:07:00+02:00,2024-08-10 04:13:28.422132992+00:00,2024-08-10 19:09:38.303012608+00:00,-1.4935681224815212,-0.5942545188086995,120,6,False,False,False,-4.473702216533334,-2.6383835434666665,2024-08-10 19:07:00+00:00,2024-08-11 04:11:00+00:00,9.066666666666666
2024-08-11,2024-08-11 04:11:00+00:00,2024-08-11 19:05:00+00:00,2024-08-11T06:11:00+02:00,2024-08-11T21:05:00+02:00,2024-08-11 04:15:04.917968384+00:00,2024-08-11 19:07:42.138485760+00:00,-1.5007590879601462,-0.5921929021812923,120,6,False,False,False,-4.081966139733334,-2.7023080960000003,2024-08-11 19:05:00+00:00,2024-08-12 04:12:00+00:00,9.116666666666667
2024-08-12,2024-08-12 04:12:00+00:00,2024-08-12 19:03:00+00:00,2024-08-12T06:12:00+02:00,2024-08-12T21:03:00+02:00,2024-08-12 04:16:41.623930368+00:00,2024-08-12 19:05:44.639544320+00:00,-1.5078286622750918,-0.590134510471366,120,6,False,False,False,-4.6937321728,-2.743992405333333,2024-08-12 19:03:00+00:00,2024-08-13 04:14:00+00:00,9.183333333333334
2024-08-13,2024-08-13 04:14:00+00:00,2024-08-13 19:02:00+00:00,2024-08-13T06:14:00+02:00,2024-08-13T21:02:00+02:00,2024-08-13 04:18:18.509606912+00:00,2024-08-13 19:03:45.850771712+00:00,-1.5147678345134112,-0.5880764292664634,120,6,False,False,False,-4.308493448533333,-1.7641795285333333,2024-08-13 19:02:00+00:00,2024-08-14 04:15:00+00:00,9.216666666666667
2024-08-14,2024-08-14 04:15:00+00:00,2024-08-14 18:59:00+00:00,2024-08-14T06:15:00+02:00,2024-08-14T20:59:00+02:00,2024-08-14 04:19:55.547124992+00:00,2024-08-14 19:01:45.816370944+00:00,-1.5215677313632279,-0.5860157354907585,120,6,False,False,False,-4.9257854165333335,-2.7636061823999998,2024-08-14 18:59:00+00:00,2024-08-15 04:17:00+00:00,9.3
2024-08-15,2024-08-15 04:17:00+00:00,2024-08-15 18:57:00+00:00,2024-08-15T06:17:00+02:00,2024-08-15T20:57:00+02:00,2024-08-15 04:21:32.711310080+00:00,2024-08-15 18:59:44.580171520+00:00,-1.5282196277774782,-0.5839495024269539,120,6,False,False,False,-4.545188501333333,-2.7430028586666664,2024-08-15 18:57:00+00:00,2024-08-16 04:19:00+00:00,9.366666666666667
2024-08-16,2024-08-16 04:19:00+00:00,2024-08-16 18:55:00+00:00,2024-08-16T06:19:00+02:00,2024-08-16T20:55:00+02:00,2024-08-16 04:23:09.979860736+00:00,2024-08-16 18:57:42.185611520+00:00,-1.5347149574675805,-0.5818748047444504,120,6,False,False,False,-4.166331012266666,-2.7030935253333337,2024-08-16 18:55:00+00:00,2024-08-17 04:20:00+00:00,9.416666666666666
2024-08-17,2024-08-17 04:20:00+00:00,2024-08-17 18:53:00+00:00,2024-08-17T06:20:00+02:00,2024-08-17T20:53:00+02:00,2024-08-17 04:24:47.333554688+00:00,2024-08-17 18:55:38.675688960+00:00,-1.5410453232145924,-0.5797887235273981,120,6,False,False,False,-4.788892578133333,-2.644594816,2024-08-17 18:53:00+00:00,2024-08-18 04:22:00+00:00,9.483333333333333
2024-08-18,2024-08-18 04:22:00+00:00,2024-08-18 18:51:00+00:00,2024-08-18T06:22:00+02:00,2024-08-18T20:51:00+02:00,2024-08-18 04:26:24.756484608+00:00,2024-08-18 18:53:34.092886784+00:00,-1.5472025069856479,-0.577688351296235,120,6,False,False,False,-4.4126080768,-2.5682147797333332,2024-08-18 18:51:00+00:00,2024-08-19 04:23:00+00:00,9.533333333333333
2024-08-19,2024-08-19 04:23:00+00:00,2024-08-19 18:49:00+00:00,2024-08-19T06:23:00+02:00,2024-08-19T20:49:00+02:00,2024-08-19 04:28:02.236235264+00:00,2024-08-19 18:51:28.479041024+00:00,-1.5531784798436719,-0.5755707970163308,120,6,False,False,False,-5.0372705877333335,-2.474650683733333,2024-08-19 18:49:00+00:00,2024-08-20 04:25:00+00:00,9.6
2024-08-20,2024-08-20 04:25:00+00:00,2024-08-20 18:47:00+00:00,2024-08-20T06:25:00+02:00,2024-08-20T20:47:00+02:00,2024-08-20 04:29:39.763827968+00:00,2024-08-20 18:49:21.875156480+00:00,-1.5589654116386413,-0.5734331910873646,120,6,False,False,False,-4.6627304661333335,-2.364585941333333,2024-08-20 18:47:00+00:00,2024-08-21 04:27:00+00:00,9.666666666666666
2024-08-21,2024-08-21 04:27:00+00:00,2024-08-21 18:45:00+00:00,2024-08-21T06:27:00+02:00,2024-08-21T20:45:00+02:00,2024-08-21 04:31:17.333265152+00:00,2024-08-21 18:47:14.321208832+00:00,-1.5645556804688923,-0.5712726903070866,120,6,False,False,False,-4.288887752533333,-2.2386868138666665,2024-08-21 18:45:00+00:00,2024-08-22 04:28:00+00:00,9.716666666666667
2024-08-22,2024-08-22 04:28:00+00:00,2024-08-22 18:43:00+00:00,2024-08-22T06:28:00+02:00,2024-08-22T20:43:00+02:00,2024-08-22 04:32:54.940635904+00:00,2024-08-22 18:45:05.856040704+00:00,-1.5699418819012514,-0.5690864828031532,120,6,False,False,False,-4.915677265066666,-2.0976006784,2024-08-22 18:43:00+00:00,2024-08-23 04:30:00+00:00,9.783333333333333
2024-08-23,2024-08-23 04:30:00+00:00,2024-08-23 18:41:00+00:00,2024-08-23T06:30:00+02:00,2024-08-23T20:41:00+02:00,2024-08-23 04:34:32.582975232+00:00,2024-08-23 18:42:56.517419520+00:00,-1.5751168379390652,-0.5668717929267497,120,6,False,False,False,-4.5430495872000005,-1.9419569920000002,2024-08-23 18:41:00+00:00,2024-08-24 04:32:00+00:00,9.85
2024-08-24,2024-08-24 04:32:00+00:00,2024-08-24 18:38:00+00:00,2024-08-24T06:32:00+02:00,2024-08-24T20:38:00+02:00,2024-08-24 04:36:10.257192192+00:00,2024-08-24 18:40:46.342237696+00:00,-1.5800736057274696,-0.5646258861017717,120,6,False,False,False,-4.1709532032,-2.7723706282666667,2024-08-24 18:38:00+00:00,2024-08-25 04:33:00+00:00,9.916666666666666
2024-08-25,2024-08-25 04:33:00+00:00,2024-08-25 18:36:00+00:00,2024-08-25T06:33:00+02:00,2024-08-25T20:36:00+02:00,2024-08-25 04:37:47.959369728+00:00,2024-08-25 18:38:35.366735872+00:00,-1.5848054859855825,-0.5623460736233808,120,6,False,False,False,-4.7993228288,-2.5894455978666664,2024-08-25 18:36:00+00:00,2024-08-26 04:35:00+00:00,9.983333333333333
2024-08-26,2024-08-26 04:35:00+00:00,2024-08-26 18:34:00+00:00,2024-08-26T06:35:00+02:00,2024-08-26T20:34:00+02:00,2024-08-26 04:39:25.684540160+00:00,2024-08-26 18:36:23.626618112+00:00,-1.589306031155594,-0.5600297173998184,120,6,False,False,False,-4.428075669333333,-2.393776968533333,2024-08-26 18:34:00+00:00,2024-08-27 04:36:00+00:00,10.033333333333333
2024-08-27,2024-08-27 04:36:00+00:00,2024-08-27 18:32:00+00:00,2024-08-27T06:36:00+02:00,2024-08-27T20:32:00+02:00,2024-08-27 04:41:03.426832128+00:00,2024-08-27 18:34:11.157018624+00:00,-1.5935690532590825,-0.5576742346314199,120,6,False,False,False,-5.0571138688,-2.1859503104,2024-08-27 18:32:00+00:00,2024-08-28 04:38:00+00:00,10.1
2024-08-28,2024-08-28 04:38:00+00:00,2024-08-28 18:30:00+00:00,2024-08-28T06:38:00+02:00,2024-08-28T20:30:00+02:00,2024-08-28 04:42:41.179801344+00:00,2024-08-28 18:31:57.992397312+00:00,-1.5975886314512178,-0.5552771024208555,120,6,False,False,False,-4.6863300224,-1.9665399551999998,2024-08-28 18:30:00+00:00,2024-08-29 04:40:00+00:00,10.166666666666666
2024-08-29,2024-08-29 04:40:00+00:00,2024-08-29 18:27:00+00:00,2024-08-29T06:40:00+02:00,2024-08-29T20:27:00+02:00,2024-08-29 04:44:18.936787712+00:00,2024-08-29 18:29:44.166475520+00:00,-1.6013591192638668,-0.5528358623087007,120,6,False,False,False,-4.315613128533333,-2.7361079253333336,2024-08-29 18:27:00+00:00,2024-08-30 04:41:00+00:00,10.233333333333333
2024-08-30,2024-08-30 04:41:00+00:00,2024-08-30 18:25:00+00:00,2024-08-30T06:41:00+02:00,2024-08-30T20:25:00+02:00,2024-08-30 04:45:56.691257088+00:00,2024-08-30 18:27:29.712273664+00:00,-1.6048751515289945,-0.5503481247285291,120,6,False,False,False,-4.9448542848,-2.4952045610666667,2024-08-30 18:25:00+00:00,2024-08-31 04:43:00+00:00,10.3
2024-08-31,2024-08-31 04:43:00+00:00,2024-08-31 18:23:00+00:00,2024-08-31T06:43:00+02:00,2024-08-31T20:23:00+02:00,2024-08-31 04:47:34.437138688+00:00,2024-08-31 18:25:14.662213888+00:00,-1.6081316509741126,-0.5478115733758169,120,6,False,False,False,-4.573952311466667,-2.2443702314666667,2024-08-31 18:23:00+00:00,2024-09-01 04:44:00+00:00,10.35
2024-09-01,2024-09-01 04:44:00+00:00,2024-09-01 18:21:00+00:00,2024-09-01T06:44:00+02:00,2024-09-01T20:21:00+02:00,2024-09-01 04:49:12.169144064+00:00,2024-09-01 18:22:59.048228096+00:00,-1.611123834481925,-0.5452239694850546,120,6,False,False,False,-5.2028190677333335,-1.9841371349333334,2024-09-01 18:21:00+00:00,2024-09-02 04:46:00+00:00,10.416666666666666
2024-09-02,2024-09-02 04:46:00+00:00,2024-09-02 18:18:00+00:00,2024-09-02T06:46:00+02:00,2024-09-02T20:18:00+02:00,2024-09-02 04:50:49.883028992+00:00,2024-09-02 18:20:42.901831936+00:00,-1.6138472190067101,-0.5425831560095664,120,6,False,False,False,-4.831383816533333,-2.715030532266667,2024-09-02 18:18:00+00:00,2024-09-03 04:48:00+00:00,10.5
2024-09-03,2024-09-03 04:48:00+00:00,2024-09-03 18:16:00+00:00,2024-09-03T06:48:00+02:00,2024-09-03T20:16:00+02:00,2024-09-03 04:52:27.575738368+00:00,2024-09-03 18:18:26.254182144+00:00,-1.6162976271403866,-0.5398870616986557,120,6,False,False,False,-4.4595956394666665,-2.4375697024,2024-09-03 18:16:00+00:00,2024-09-04 04:49:00+00:00,10.55
2024-09-04,2024-09-04 04:49:00+00:00,2024-09-04 18:14:00+00:00,2024-09-04T06:49:00+02:00,2024-09-04T20:14:00+02:00,2024-09-04 04:54:05.245433088+00:00,2024-09-04 18:16:09.136137728+00:00,-1.618471192321612,-0.5371337050668198,120,6,False,False,False,-5.087423884800001,-2.1522689621333333,2024-09-04 18:14:00+00:00,2024-09-05 04:51:00+00:00,10.616666666666667
2024-09-05,2024-09-05 04:51:00+00:00,2024-09-05 18:11:00+00:00,2024-09-05T06:51:00+02:00,2024-09-05T20:11:00+02:00,2024-09-05 04:55:42.891428608+00:00,2024-09-05 18:13:51.578324480+00:00,-1.6203643636816991,-0.5343211982499059,120,6,False,False,False,-4.714857143466667,-2.8596387413333333,2024-09-05 18:11:00+00:00,2024-09-06 04:53:00+00:00,10.7
2024-09-06,2024-09-06 04:53:00+00:00,2024-09-06 18:09:00+00:00,2024-09-06T06:53:00+02:00,2024-09-06T20:09:00+02:00,2024-09-06 04:57:20.514102784+00:00,2024-09-06 18:11:33.611175168+00:00,-1.6219739105215445,-0.5314477507432114,120,6,False,False,False,-4.341901713066666,-2.5601862528,2024-09-06 18:09:00+00:00,2024-09-07 04:54:00+00:00,10.75
2024-09-07,2024-09-07 04:54:00+00:00,2024-09-07 18:07:00+00:00,2024-09-07T06:54:00+02:00,2024-09-07T20:07:00+02:00,2024-09-07 04:58:58.114803712+00:00,2024-09-07 18:09:15.264945664+00:00,-1.6232969264142134,-0.5285116730166809,120,6,False,False,False,-4.968580061866667,-2.254415761066667,2024-09-07 18:07:00+00:00,2024-09-08 04:56:00+00:00,10.816666666666666
2024-09-08,2024-09-08 04:56:00+00:00,2024-09-08 18:04:00+00:00,2024-09-08T06:56:00+02:00,2024-09-08T20:04:00+02:00,2024-09-08 05:00:35.695788800+00:00,2024-09-08 18:06:56.569729280+00:00,-1.6243308329282526,-0.525511380002492,120,6,False,False,False,-4.594929813333334,-2.9428288213333333,2024-09-08 18:04:00+00:00,2024-09-09 04:58:00+00:00,10.9
2024-09-09,2024-09-09 04:58:00+00:00,2024-09-09 18:02:00+00:00,2024-09-09T06:58:00+02:00,2024-09-09T20:02:00+02:00,2024-09-09 05:02:13.260219648+00:00,2024-09-09 18:04:37.555495168+00:00,-1.6250733829672594,-0.5224453944504783,120,6,False,False,False,-4.2210036608,-2.6259249194666667,2024-09-09 18:02:00+00:00,2024-09-10 04:59:00+00:00,10.95
2024-09-10,2024-09-10 04:59:00+00:00,2024-09-10 18:00:00+00:00,2024-09-10T06:59:00+02:00,2024-09-10T20:00:00+02:00,2024-09-10 05:03:50.812238336+00:00,2024-09-10 18:02:18.252155904+00:00,-1.6255226637216769,-0.5193123501469986,120,6,False,False,False,-4.846870638933334,-2.3042025984000003,2024-09-10 18:00:00+00:00,2024-09-11 05:01:00+00:00,11.016666666666667
2024-09-11,2024-09-11 05:01:00+00:00,2024-09-11 17:57:00+00:00,2024-09-11T07:01:00+02:00,2024-09-11T19:57:00+02:00,2024-09-11 05:05:28.357116672+00:00,2024-09-11 17:59:58.689644288+00:00,-1.6256770992292529,-0.5161109949930192,120,6,False,False,False,-4.472618611200001,-2.9781607381333335,2024-09-11 17:57:00+00:00,2024-09-12 05:02:00+00:00,11.083333333333334
2024-09-12,2024-09-12 05:02:00+00:00,2024-09-12 17:55:00+00:00,2024-09-12T07:02:00+02:00,2024-09-12T19:55:00+02:00,2024-09-12 05:07:05.901455104+00:00,2024-09-12 17:57:38.897995520+00:00,-1.6255354525410488,-0.5128401939373524,120,6,False,False,False,-5.098357585066666,-2.6482999253333332,2024-09-12 17:55:00+00:00,2024-09-13 05:04:00+00:00,11.15
2024-09-13,2024-09-13 05:04:00+00:00,2024-09-13 17:53:00+00:00,2024-09-13T07:04:00+02:00,2024-09-13T19:53:00+02:00,2024-09-13 05:08:43.453399040+00:00,2024-09-13 17:55:18.907444992+00:00,-1.625096827490358,-0.5094989317611593,120,6,False,False,False,-4.724223317333334,-2.3151240831999997,2024-09-13 17:53:00+00:00,2024-09-14 05:06:00+00:00,11.216666666666667
2024-09-14,2024-09-14 05:06:00+00:00,2024-09-14 17:50:00+00:00,2024-09-14T07:06:00+02:00,2024-09-14T19:50:00+02:00,2024-09-14 05:10:21.022883840+00:00,2024-09-14 17:52:58.748528128+00:00,-1.6243606700623543,-0.506086315710014,120,6,False,False,False,-4.350381397333334,-2.9791421354666667,2024-09-14 17:50:00+00:00,2024-09-15 05:07:00+00:00,11.283333333333333
2024-09-15,2024-09-15 05:07:00+00:00,2024-09-15 17:48:00+00:00,2024-09-15T07:07:00+02:00,2024-09-15T19:48:00+02:00,2024-09-15 05:11:58.621915392+00:00,2024-09-15 17:50:38.452104448+00:00,-1.6233267693627667,-0.5026015779699995,120,6,False,False,False,-4.9770319232,-2.640868407466667,2024-09-15 17:48:00+00:00,2024-09-16 05:09:00+00:00,11.35
2024-09-16,2024-09-16 05:09:00+00:00,2024-09-16 17:46:00+00:00,2024-09-16T07:09:00+02:00,2024-09-16T19:46:00+02:00,2024-09-16 05:13:36.264811008+00:00,2024-09-16 17:48:18.049211648+00:00,-1.6219952581843426,-0.49904407798449857,120,6,False,False,False,-4.604413516799999,-2.3008201941333337,2024-09-16 17:46:00+00:00,2024-09-17 05:11:00+00:00,11.416666666666666
2024-09-17,2024-09-17 05:11:00+00:00,2024-09-17 17:43:00+00:00,2024-09-17T07:11:00+02:00,2024-09-17T19:43:00+02:00,2024-09-17 05:15:13.968254208+00:00,2024-09-17 17:45:57.570737920+00:00,-1.6203666131703407,-0.4954133046085335,120,6,False,False,False,-4.2328042368,-2.9595122986666667,2024-09-17 17:43:00+00:00,2024-09-18 05:12:00+00:00,11.483333333333333
2024-09-18,2024-09-18 05:12:00+00:00,2024-09-18 17:41:00+00:00,2024-09-18T07:12:00+02:00,2024-09-18T19:41:00+02:00,2024-09-18 05:16:51.750960384+00:00,2024-09-18 17:43:37.047040512+00:00,-1.6184416545747637,-0.49170887809770014,120,6,False,False,False,-4.8625160064,-2.6174506751999997,2024-09-18 17:41:00+00:00,2024-09-19 05:14:00+00:00,11.55
2024-09-19,2024-09-19 05:14:00+00:00,2024-09-19 17:39:00+00:00,2024-09-19T07:14:00+02:00,2024-09-19T19:39:00+02:00,2024-09-19 05:18:29.632897792+00:00,2024-09-19 17:41:16.507752704+00:00,-1.6162215456195228,-0.4879305519289473,120,6,False,False,False,-4.493881629866666,-2.2751292117333337,2024-09-19 17:39:00+00:00,2024-09-20 05:16:00+00:00,11.616666666666667
2024-09-20,2024-09-20 05:16:00+00:00,2024-09-20 17:36:00+00:00,2024-09-20T07:16:00+02:00,2024-09-20T19:36:00+02:00,2024-09-20 05:20:07.634196736+00:00,2024-09-20 17:38:55.981925632+00:00,-1.6137077914491904,-0.4840782144506469,120,6,False,False,False,-4.127236612266667,-2.9330320938666667,2024-09-20 17:36:00+00:00,2024-09-21 05:17:00+00:00,11.683333333333334
2024-09-21,2024-09-21 05:17:00+00:00,2024-09-21 17:34:00+00:00,2024-09-21T07:17:00+02:00,2024-09-21T19:34:00+02:00,2024-09-21 05:21:45.774075904+00:00,2024-09-21 17:36:35.498450176+00:00,-1.610902237684483,-0.4801518903596117,120,6,False,False,False,-4.762901265066666,-2.591640836266667,2024-09-21 17:34:00+00:00,2024-09-22 05:19:00+00:00,11.75
2024-09-22,2024-09-22 05:19:00+00:00,2024-09-22 17:31:00+00:00,2024-09-22T07:19:00+02:00,2024-09-22T19:31:00+02:00,2024-09-22 05:23:24.070088704+00:00,2024-09-22 17:34:15.086509312+00:00,-1.6078070685760784,-0.47615174200292126,118,6,False,False,False,-4.401168145066666,-3.2514418218666665,2024-09-22 17:31:00+00:00,2024-09-23 05:21:00+00:00,11.833333333333334
2024-09-23,2024-09-23 05:21:00+00:00,2024-09-23 17:29:00+00:00,2024-09-23T07:21:00+02:00,2024-09-23T19:29:00+02:00,2024-09-23 05:25:02.537810688+00:00,2024-09-23 17:31:54.775799552+00:00,-1.604424804760848,-0.472078070502632,119,6,False,False,False,-4.0422968448,-2.9129299925333334,2024-09-23 17:29:00+00:00,2024-09-24 05:22:00+00:00,11.883333333333333
2024-09-24,2024-09-24 05:22:00+00:00,2024-09-24 17:27:00+00:00,2024-09-24T07:22:00+02:00,2024-09-24T19:27:00+02:00,2024-09-24 05:26:41.190884096+00:00,2024-09-24 17:29:34.596435968+00:00,-1.600758300623053,-0.46793131670165355,119,6,False,False,False,-4.686514734933334,-2.5766072661333337,2024-09-24 17:27:00+00:00,2024-09-25 05:24:00+00:00,11.95
2024-09-25,2024-09-25 05:24:00+00:00,2024-09-25 17:24:00+00:00,2024-09-25T07:24:00+02:00,2024-09-25T19:24:00+02:00,2024-09-25 05:28:20.041212672+00:00,2024-09-25 17:27:14.578671872+00:00,-1.5968107412635129,-0.46371206192929804,120,6,False,False,False,-4.3340202111999995,-3.242977864533333,2024-09-25 17:24:00+00:00,2024-09-26 05:26:00+00:00,12.033333333333333
2024-09-26,2024-09-26 05:26:00+00:00,2024-09-26 17:22:00+00:00,2024-09-26T07:26:00+02:00,2024-09-26T19:22:00+02:00,2024-09-26 05:29:59.099171072+00:00,2024-09-26 17:24:54.752641280+00:00,-1.592585639080225,-0.45942102858521733,118,6,False,False,False,-3.984986184533333,-2.9125440213333333,2024-09-26 17:22:00+00:00,2024-09-27 05:27:00+00:00,12.083333333333334
2024-09-27,2024-09-27 05:27:00+00:00,2024-09-27 17:20:00+00:00,2024-09-27T07:27:00+02:00,2024-09-27T19:20:00+02:00,2024-09-27 05:31:38.373795840+00:00,2024-09-27 17:22:35.148264960+00:00,-1.5880868299643647,-0.45505908054066835,120,6,False,False,False,-4.639563264,-2.585804416,2024-09-27 17:20:00+00:00,2024-09-28 05:29:00+00:00,12.15
2024-09-28,2024-09-28 05:29:00+00:00,2024-09-28 17:17:00+00:00,2024-09-28T07:29:00+02:00,2024-09-28T19:17:00+02:00,2024-09-28 05:33:17.872994816+00:00,2024-09-28 17:20:15.795300608+00:00,-1.583318469116048,-0.45062722335626193,118,6,False,False,False,-4.297883246933334,-3.2632550101333333,2024-09-28 17:17:00+00:00,2024-09-29 05:31:00+00:00,12.233333333333333
2024-09-29,2024-09-29 05:31:00+00:00,2024-09-29 17:15:00+00:00,2024-09-29T07:31:00+02:00,2024-09-29T19:15:00+02:00,2024-09-29 05:34:57.603791360+00:00,2024-09-29 17:17:56.723446528+00:00,-1.5782850264846997,-0.44612660431557805,118,6,False,False,False,-3.9600631893333333,-2.945390775466667,2024-09-29 17:15:00+00:00,2024-09-30 05:32:00+00:00,12.283333333333333
2024-09-30,2024-09-30 05:32:00+00:00,2024-09-30 17:13:00+00:00,2024-09-30T07:32:00+02:00,2024-09-30T19:13:00+02:00,2024-09-30 05:36:37.572555520+00:00,2024-09-30 17:15:37.962422784+00:00,-1.5729912818392862,-0.4415585122742426,118,6,False,False,False,-4.626209258666666,-2.6327070464,2024-09-30 17:13:00+00:00,2024-10-01 05:34:00+00:00,12.35
2024-10-01,2024-10-01 05:34:00+00:00,2024-10-01 17:10:00+00:00,2024-10-01T07:34:00+02:00,2024-10-01T19:10:00+02:00,2024-10-01 05:38:17.785168896+00:00,2024-10-01 17:13:19.542027520+00:00,-1.567442319474138,-0.4369243773242966,117,6,False,False,False,-4.2964194816,-3.3257004586666667,2024-10-01 17:10:00+00:00,2024-10-02 05:36:00+00:00,12.433333333333334
2024-10-02,2024-10-02 05:36:00+00:00,2024-10-02 17:08:00+00:00,2024-10-02T07:36:00+02:00,2024-10-02T19:08:00+02:00,2024-10-02 05:39:58.247088384+00:00,2024-10-02 17:11:01.492184832+00:00,-1.5616435225564953,-0.43222577027389947,116,6,False,False,False,-3.9707848063999998,-3.0248697472,2024-10-02 17:08:00+00:00,2024-10-03 05:37:00+00:00,12.483333333333333
2024-10-03,2024-10-03 05:37:00+00:00,2024-10-03 17:06:00+00:00,2024-10-03T07:37:00+02:00,2024-10-03T19:06:00+02:00,2024-10-03 05:41:38.963327744+00:00,2024-10-03 17:08:43.842995968+00:00,-1.55560056712234,-0.4274644019426378,116,6,False,False,False,-4.6493887957333335,-2.7307165994666667,2024-10-03 17:06:00+00:00,2024-10-04 05:39:00+00:00,12.55
2024-10-04,2024-10-04 05:39:00+00:00,2024-10-04 17:03:00+00:00,2024-10-04T07:39:00+02:00,2024-10-04T19:03:00+02:00,2024-10-04 05:43:19.938386176+00:00,2024-10-04 17:06:26.624779520+00:00,-1.5493194157274919,-0.42264212227293313,118,6,False,False,False,-4.332306436266666,-3.4437463253333336,2024-10-04 17:03:00+00:00,2024-10-05 05:41:00+00:00,12.633333333333333
2024-10-05,2024-10-05 05:41:00+00:00,2024-10-05 17:01:00+00:00,2024-10-05T07:41:00+02:00,2024-10-05T19:01:00+02:00,2024-10-05 05:45:01.176157952+00:00,2024-10-05 17:04:09.868110592+00:00,-1.5428063107613494,-0.4177609192582625,117,6,False,False,False,-4.019602632533333,-3.1644685098666665,2024-10-05 17:01:00+00:00,2024-10-06 05:43:00+00:00,12.7
2024-10-06,2024-10-06 05:43:00+00:00,2024-10-06 16:59:00+00:00,2024-10-06T07:43:00+02:00,2024-10-06T18:59:00+02:00,2024-10-06 05:46:42.679849216+00:00,2024-10-06 17:01:53.603878400+00:00,-1.5360677674310612,-0.4128229176891295,116,6,False,False,False,-3.711330820266667,-2.8933979733333337,2024-10-06 16:59:00+00:00,2024-10-07 05:44:00+00:00,12.75
2024-10-07,2024-10-07 05:44:00+00:00,2024-10-07 16:56:00+00:00,2024-10-07T07:44:00+02:00,2024-10-07T18:56:00+02:00,2024-10-07 05:48:24.451952384+00:00,2024-10-07 16:59:37.863374080+00:00,-1.5291105664242899,-0.40783037771794073,117,6,False,False,False,-4.407532539733333,-3.6310562346666666,2024-10-07 16:56:00+00:00,2024-10-08 05:46:00+00:00,12.833333333333334
2024-10-08,2024-10-08 05:46:00+00:00,2024-10-08 16:54:00+00:00,2024-10-08T07:46:00+02:00,2024-10-08T18:54:00+02:00,2024-10-08 05:50:06.494315264+00:00,2024-10-08 16:57:22.678400768+00:00,-1.5219417462591214,-0.40278569324416735,119,6,False,False,False,-4.108238587733333,-3.377973346133333,2024-10-08 16:54:00+00:00,2024-10-09 05:48:00+00:00,12.9
2024-10-09,2024-10-09 05:48:00+00:00,2024-10-09 16:52:00+00:00,2024-10-09T07:48:00+02:00,2024-10-09T18:52:00+02:00,2024-10-09 05:51:48.808312064+00:00,2024-10-09 16:55:08.081390848+00:00,-1.514568595330034,-0.3976913901213839,119,6,False,False,False,-3.8134718677333335,-3.134689847466667,2024-10-09 16:52:00+00:00,2024-10-10 05:50:00+00:00,12.966666666666667
2024-10-10,2024-10-10 05:50:00+00:00,2024-10-10 16:49:00+00:00,2024-10-10T07:50:00+02:00,2024-10-10T18:49:00+02:00,2024-10-10 05:53:31.395089152+00:00,2024-10-10 16:52:54.105533440+00:00,-1.5069986436592022,-0.3925501241879942,117,6,False,False,False,-3.5232514858666666,-3.9017588906666663,2024-10-10 16:49:00+00:00,2024-10-11 05:51:00+00:00,13.033333333333333
2024-10-11,2024-10-11 05:51:00+00:00,2024-10-11 16:47:00+00:00,2024-10-11T07:51:00+02:00,2024-10-11T18:47:00+02:00,2024-10-11 05:55:14.255846144+00:00,2024-10-11 16:50:40.784940288+00:00,-1.4992396543627566,-0.3873646791236698,120,6,False,False,False,-4.237597435733333,-3.6797490048,2024-10-11 16:47:00+00:00,2024-10-12 05:53:00+00:00,13.1
2024-10-12,2024-10-12 05:53:00+00:00,2024-10-12 16:45:00+00:00,2024-10-12T07:53:00+02:00,2024-10-12T18:45:00+02:00,2024-10-12 05:56:57.392146944+00:00,2024-10-12 16:48:28.154825216+00:00,-1.4912996148419637,-0.38213796413373796,120,6,False,False,False,-3.9565357824,-3.4692470869333336,2024-10-12 16:45:00+00:00,2024-10-13 05:55:00+00:00,13.166666666666666
2024-10-13,2024-10-13 05:55:00+00:00,2024-10-13 16:43:00+00:00,2024-10-13T07:55:00+02:00,2024-10-13T18:43:00+02:00,2024-10-13 05:58:40.806262016+00:00,2024-10-13 16:46:16.251579904+00:00,-1.4831867277095943,-0.3768730114639585,120,6,False,False,False,-3.6801043669333335,-3.270859665066667,2024-10-13 16:43:00+00:00,2024-10-14 05:57:00+00:00,13.233333333333333
2024-10-14,2024-10-14 05:57:00+00:00,2024-10-14 16:40:00+00:00,2024-10-14T07:57:00+02:00,2024-10-14T18:40:00+02:00,2024-10-14 06:00:24.501489152+00:00,2024-10-14 16:44:05.112610816+00:00,-1.4749094014620925,-0.37157297374834897,120,6,False,False,False,-3.4083581525333333,-4.0852101802666665,2024-10-14 16:40:00+00:00,2024-10-15 05:58:00+00:00,13.3
2024-10-15,2024-10-15 05:58:00+00:00,2024-10-15 16:38:00+00:00,2024-10-15T07:58:00+02:00,2024-10-15T18:38:00+02:00,2024-10-15 06:02:08.482302208+00:00,2024-10-15 16:41:54.775915520+00:00,-1.4664762409084284,-0.36624112119290536,120,6,False,False,False,-4.141371703466667,-3.9129319253333334,2024-10-15 16:38:00+00:00,2024-10-16 06:00:00+00:00,13.366666666666667
2024-10-16,2024-10-16 06:00:00+00:00,2024-10-16 16:36:00+00:00,2024-10-16T08:00:00+02:00,2024-10-16T18:36:00+02:00,2024-10-16 06:03:52.754133760+00:00,2024-10-16 16:39:45.279582464+00:00,-1.4578960373668193,-0.3608808385982774,120,6,False,False,False,-3.8792355626666666,-3.754659707733333,2024-10-16 16:36:00+00:00,2024-10-17 06:02:00+00:00,13.433333333333334
2024-10-17,2024-10-17 06:02:00+00:00,2024-10-17 16:34:00+00:00,2024-10-17T08:02:00+02:00,2024-10-17T18:34:00+02:00,2024-10-17 06:05:37.322699520+00:00,2024-10-17 16:37:36.661527808+00:00,-1.449177758640774,-0.3554956222246467,120,6,False,False,False,-3.6220449919999997,-3.6110254634666665,2024-10-17 16:34:00+00:00,2024-10-18 06:04:00+00:00,13.5
2024-10-18,2024-10-18 06:04:00+00:00,2024-10-18 16:32:00+00:00,2024-10-18T08:04:00+02:00,2024-10-18T18:32:00+02:00,2024-10-18 06:07:22.192974848+00:00,2024-10-18 16:35:28.959685632+00:00,-1.440330538786181,-0.3500890765022539,120,6,False,False,False,-3.3698829141333335,-3.4826614272,2024-10-18 16:32:00+00:00,2024-10-19 06:06:00+00:00,13.566666666666666
2024-10-19,2024-10-19 06:06:00+00:00,2024-10-19 16:30:00+00:00,2024-10-19T08:06:00+02:00,2024-10-19T18:30:00+02:00,2024-10-19 06:09:07.368108544+00:00,2024-10-19 16:33:22.212588032+00:00,-1.4313636676813906,-0.3446649105912029,120,6,False,False,False,-3.1228018090666665,-3.3702098005333334,2024-10-19 16:30:00+00:00,2024-10-20 06:07:00+00:00,13.616666666666667
2024-10-20,2024-10-20 06:07:00+00:00,2024-10-20 16:27:00+00:00,2024-10-20T08:07:00+02:00,2024-10-20T18:27:00+02:00,2024-10-20 06:10:52.848579328+00:00,2024-10-20 16:31:16.460007168+00:00,-1.4222865804125033,-0.3392269347943646,120,6,False,False,False,-3.8808096554666665,-4.2743334528,2024-10-20 16:27:00+00:00,2024-10-21 06:09:00+00:00,13.7
2024-10-21,2024-10-21 06:09:00+00:00,2024-10-21 16:25:00+00:00,2024-10-21T08:09:00+02:00,2024-10-21T18:25:00+02:00,2024-10-21 06:12:38.631744+00:00,2024-10-21 16:29:11.743284480+00:00,-1.4131088464862596,-0.33377905682737147,120,6,False,False,False,-3.6438624,-4.195721408,2024-10-21 16:25:00+00:00,2024-10-22 06:11:00+00:00,13.766666666666667
2024-10-22,2024-10-22 06:11:00+00:00,2024-10-22 16:23:00+00:00,2024-10-22T08:11:00+02:00,2024-10-22T18:23:00+02:00,2024-10-22 06:14:24.711721728+00:00,2024-10-22 16:27:08.105202176+00:00,-1.4038401588831626,-0.3283252779498804,120,6,False,False,False,-3.4118620288,-4.135086702933333,2024-10-22 16:23:00+00:00,2024-10-23 06:13:00+00:00,13.833333333333334
2024-10-23,2024-10-23 06:13:00+00:00,2024-10-23 16:21:00+00:00,2024-10-23T08:13:00+02:00,2024-10-23T18:21:00+02:00,2024-10-23 06:16:11.079448320+00:00,2024-10-23 16:25:05.589532416+00:00,-1.3944903229636292,-0.32286968896244317,120,6,False,False,False,-3.184657472,-4.0931588736,2024-10-23 16:21:00+00:00,2024-10-24 06:15:00+00:00,13.9
2024-10-24,2024-10-24 06:15:00+00:00,2024-10-24 16:19:00+00:00,2024-10-24T08:15:00+02:00,2024-10-24T18:19:00+02:00,2024-10-24 06:17:57.722759168+00:00,2024-10-24 16:23:04.240562176+00:00,-1.3850692452401518,-0.31741646607349217,120,6,False,False,False,-2.9620459861333335,-4.070676036266667,2024-10-24 16:19:00+00:00,2024-10-25 06:17:00+00:00,13.966666666666667
2024-10-25,2024-10-25 06:17:00+00:00,2024-10-25 16:17:00+00:00,2024-10-25T08:17:00+02:00,2024-10-25T18:17:00+02:00,2024-10-25 06:19:44.626467584+00:00,2024-10-25 16:21:04.102823424+00:00,-1.375586922028608,-0.31196986664111487,120,6,False,False,False,-2.7437744597333333,-4.0683803904,2024-10-25 16:17:00+00:00,2024-10-26 06:18:00+00:00,14.016666666666667
2024-10-26,2024-10-26 06:18:00+00:00,2024-10-26 16:15:00+00:00,2024-10-26T08:18:00+02:00,2024-10-26T18:15:00+02:00,2024-10-26 06:21:31.772465152+00:00,2024-10-26 16:19:05.221057024+00:00,-1.3660534279920014,-0.30653422479443554,120,6,True,False,False,-3.5295410858666667,-4.0870176170666666,2024-10-26 16:15:00+00:00,2024-10-27 06:20:00+00:00,14.083333333333334
2024-10-27,2024-10-27 06:20:00+00:00,2024-10-27 16:13:00+00:00,2024-10-27T07:20:00+01:00,2024-10-27T17:13:00+01:00,2024-10-27 06:23:19.139867904+00:00,2024-10-27 16:17:07.640305920+00:00,-1.3564789045900332,-0.3011139469395799,120,6,False,False,False,-3.3189977984,-4.127338432,2024-10-27 16:13:00+00:00,2024-10-28 06:22:00+00:00,14.15
2024-10-28,2024-10-28 06:22:00+00:00,2024-10-28 16:11:00+00:00,2024-10-28T07:22:00+01:00,2024-10-28T17:11:00+01:00,2024-10-28 06:25:06.705190400+00:00,2024-10-28 16:15:11.406011136+00:00,-1.3468735484480336,-0.2957135071553369,120,6,False,False,False,-3.1117531733333332,-4.1901001855999995,2024-10-28 16:11:00+00:00,2024-10-29 06:24:00+00:00,14.216666666666667
2024-10-29,2024-10-29 06:24:00+00:00,2024-10-29 16:09:00+00:00,2024-10-29T07:24:00+01:00,2024-10-29T17:09:00+01:00,2024-10-29 06:26:54.442490624+00:00,2024-10-29 16:13:16.564055040+00:00,-1.3372475996588598,-0.29033744248377263,120,6,False,False,False,-2.9073748437333333,-4.276067584000001,2024-10-29 16:09:00+00:00,2024-10-30 06:26:00+00:00,14.283333333333333
2024-10-30,2024-10-30 06:26:00+00:00,2024-10-30 16:07:00+00:00,2024-10-30T07:26:00+01:00,2024-10-30T17:07:00+01:00,2024-10-30 06:28:42.323453184+00:00,2024-10-30 16:11:23.160769792+00:00,-1.3276113300314603,-0.2849903481211817,120,6,False,False,False,-2.7053908863999996,-4.386012829866667,2024-10-30 16:07:00+00:00,2024-10-31 06:28:00+00:00,14.35
2024-10-31,2024-10-31 06:28:00+00:00,2024-10-31 16:05:00+00:00,2024-10-31T07:28:00+01:00,2024-10-31T17:05:00+01:00,2024-10-31 06:30:30.317397248+00:00,2024-10-31 16:09:31.242934528+00:00,-1.3179750312998575,-0.2796768725148814,120,6,False,False,False,-2.505289954133333,-4.520715575466666,2024-10-31 16:05:00+00:00,2024-11-01 06:29:00+00:00,14.4
2024-11-01,2024-11-01 06:29:00+00:00,2024-11-01 16:03:00+00:00,2024-11-01T07:29:00+01:00,2024-11-01T17:03:00+01:00,2024-11-01 06:32:18.391223296+00:00,2024-11-01 16:07:40.857777664+00:00,-1.3083490033063605,-0.27440171237148386,120,6,False,False,False,-3.3065203882666667,-4.680962961066667,2024-11-01 16:03:00+00:00,2024-11-02 06:31:00+00:00,14.466666666666667
2024-11-02,2024-11-02 06:31:00+00:00,2024-11-02 16:01:00+00:00,2024-11-02T07:31:00+01:00,2024-11-02T17:01:00+01:00,2024-11-02 06:34:06.509310976+00:00,2024-11-02 16:05:52.052989440+00:00,-1.2987435421728402,-0.26916960758238107,120,6,False,False,False,-3.1084885162666667,-4.867549823999999,2024-11-02 16:01:00+00:00,2024-11-03 06:33:00+00:00,14.533333333333333
2024-11-03,2024-11-03 06:33:00+00:00,2024-11-03 16:00:00+00:00,2024-11-03T07:33:00+01:00,2024-11-03T17:00:00+01:00,2024-11-03 06:35:54.633419264+00:00,2024-11-03 16:04:04.876774656+00:00,-1.2891689284739172,-0.2639853360722897,120,6,False,False,False,-2.9105569877333335,-4.0812795776,2024-11-03 16:00:00+00:00,2024-11-04 06:35:00+00:00,14.583333333333334
2024-11-04,2024-11-04 06:35:00+00:00,2024-11-04 15:58:00+00:00,2024-11-04T07:35:00+01:00,2024-11-04T16:58:00+01:00,2024-11-04 06:37:42.722639872+00:00,2024-11-04 16:02:19.377949696+00:00,-1.2796354154259144,-0.2588537085768005,120,6,False,False,False,-2.7120439978666666,-4.322965828266666,2024-11-04 15:58:00+00:00,2024-11-05 06:37:00+00:00,14.65
2024-11-05,2024-11-05 06:37:00+00:00,2024-11-05 15:56:00+00:00,2024-11-05T07:37:00+01:00,2024-11-05T16:56:00+01:00,2024-11-05 06:39:30.733463808+00:00,2024-11-05 16:00:35.606078976+00:00,-1.2701532171054049,-0.25377956335496754,120,6,False,False,False,-2.5122243968,-4.5934346496,2024-11-05 15:56:00+00:00,2024-11-06 06:39:00+00:00,14.716666666666667
2024-11-06,2024-11-06 06:39:00+00:00,2024-11-06 15:54:00+00:00,2024-11-06T07:39:00+01:00,2024-11-06T16:54:00+01:00,2024-11-06 06:41:18.619985408+00:00,2024-11-06 15:58:53.611623680+00:00,-1.26073249671115,-0.2487677608430531,120,6,False,False,False,-2.310333090133333,-4.893527061333333,2024-11-06 15:54:00+00:00,2024-11-07 06:41:00+00:00,14.783333333333333
2024-11-07,2024-11-07 06:41:00+00:00,2024-11-07 15:52:00+00:00,2024-11-07T07:41:00+01:00,2024-11-07T16:52:00+01:00,2024-11-07 06:43:06.334212096+00:00,2024-11-07 15:57:13.446093056+00:00,-1.251383354883179,-0.24382317825563127,120,6,False,False,False,-2.1055702016,-5.224101550933333,2024-11-07 15:52:00+00:00,2024-11-08 06:42:00+00:00,14.833333333333334
2024-11-08,2024-11-08 06:42:00+00:00,2024-11-08 15:51:00+00:00,2024-11-08T07:42:00+01:00,2024-11-08T16:51:00+01:00,2024-11-08 06:44:53.826447360+00:00,2024-11-08 15:55:35.162202112+00:00,-1.2421158180926888,-0.23895070414031122,120,6,False,False,False,-2.897107456,-4.586036701866666,2024-11-08 15:51:00+00:00,2024-11-09 06:44:00+00:00,14.883333333333333
2024-11-09,2024-11-09 06:44:00+00:00,2024-11-09 15:49:00+00:00,2024-11-09T07:44:00+01:00,2024-11-09T16:49:00+01:00,2024-11-09 06:46:41.045725440+00:00,2024-11-09 15:53:58.814008576+00:00,-1.232939827116363,-0.2341552328924119,120,6,False,False,False,-2.684095424,-4.980233476266666,2024-11-09 15:49:00+00:00,2024-11-10 06:46:00+00:00,14.95
2024-11-10,2024-11-10 06:46:00+00:00,2024-11-10 15:47:00+00:00,2024-11-10T07:46:00+01:00,2024-11-10T16:47:00+01:00,2024-11-10 06:48:27.940283648+00:00,2024-11-10 15:52:24.456932096+00:00,-1.2238652256086036,-0.22944165923597135,120,6,False,False,False,-2.465671394133333,-5.407615534933333,2024-11-10 15:47:00+00:00,2024-11-11 06:48:00+00:00,15.016666666666667
2024-11-11,2024-11-11 06:48:00+00:00,2024-11-11 15:46:00+00:00,2024-11-11T07:48:00+01:00,2024-11-11T16:46:00+01:00,2024-11-11 06:50:14.458019840+00:00,2024-11-11 15:50:52.147538432+00:00,-1.214901748785074,-0.22481487267752398,120,6,False,False,False,-2.240966997333333,-4.8691256405333325,2024-11-11 15:46:00+00:00,2024-11-12 06:50:00+00:00,15.066666666666666
2024-11-12,2024-11-12 06:50:00+00:00,2024-11-12 15:44:00+00:00,2024-11-12T07:50:00+01:00,2024-11-12T16:44:00+01:00,2024-11-12 06:52:00.546800128+00:00,2024-11-12 15:49:21.943072768+00:00,-1.206059012230789,-0.22027975193911317,120,6,False,False,False,-2.0091133354666666,-5.365717879466667,2024-11-12 15:44:00+00:00,2024-11-13 06:52:00+00:00,15.133333333333333
2024-11-13,2024-11-13 06:52:00+00:00,2024-11-13 15:43:00+00:00,2024-11-13T07:52:00+01:00,2024-11-13T16:43:00+01:00,2024-11-13 06:53:46.154443008+00:00,2024-11-13 15:47:53.900909056+00:00,-1.1973465008458788,-0.21584115937704929,120,6,False,False,False,-1.7692407168,-4.898348484266666,2024-11-13 15:43:00+00:00,2024-11-14 06:53:00+00:00,15.166666666666666
2024-11-14,2024-11-14 06:53:00+00:00,2024-11-14 15:41:00+00:00,2024-11-14T07:53:00+01:00,2024-11-14T16:41:00+01:00,2024-11-14 06:55:31.228278528+00:00,2024-11-14 15:46:28.078216448+00:00,-1.1887735579419618,-0.21150393539293746,120,6,False,False,False,-2.5204713088,-5.467970274133333,2024-11-14 15:41:00+00:00,2024-11-15 06:55:00+00:00,15.233333333333333
2024-11-15,2024-11-15 06:55:00+00:00,2024-11-15 15:40:00+00:00,2024-11-15T07:55:00+01:00,2024-11-15T16:40:00+01:00,2024-11-15 06:57:15.714340352+00:00,2024-11-15 15:45:04.532083200+00:00,-1.1803493745019038,-0.2072728928435225,120,6,False,False,False,-2.261905672533333,-5.075534719999999,2024-11-15 15:40:00+00:00,2024-11-16 06:57:00+00:00,15.283333333333333
2024-11-16,2024-11-16 06:57:00+00:00,2024-11-16 15:38:00+00:00,2024-11-16T07:57:00+01:00,2024-11-16T16:38:00+01:00,2024-11-16 06:58:59.556414720+00:00,2024-11-16 15:43:43.320047616+00:00,-1.1720829786155402,-0.20315281145590633,120,6,False,False,False,-1.992606912,-5.7220007936,2024-11-16 15:38:00+00:00,2024-11-17 06:59:00+00:00,15.35
2024-11-17,2024-11-17 06:59:00+00:00,2024-11-17 15:37:00+00:00,2024-11-17T07:59:00+01:00,2024-11-17T16:37:00+01:00,2024-11-17 07:00:42.695221504+00:00,2024-11-17 15:42:24.500716544+00:00,-1.1639832251037339,-0.1991484322546951,120,6,False,False,False,-1.7115870250666667,-5.408345275733334,2024-11-17 15:37:00+00:00,2024-11-18 07:00:00+00:00,15.383333333333333
2024-11-18,2024-11-18 07:00:00+00:00,2024-11-18 15:36:00+00:00,2024-11-18T08:00:00+01:00,2024-11-18T16:36:00+01:00,2024-11-18 07:02:25.067918080+00:00,2024-11-18 15:41:08.134051840+00:00,-1.156058785342927,-0.19526445200762688,120,6,False,False,False,-2.4177986346666667,-5.135567530666666,2024-11-18 15:36:00+00:00,2024-11-19 07:02:00+00:00,15.433333333333334
2024-11-19,2024-11-19 07:02:00+00:00,2024-11-19 15:34:00+00:00,2024-11-19T08:02:00+01:00,2024-11-19T16:34:00+01:00,2024-11-19 07:04:06.607954688+00:00,2024-11-19 15:39:54.281112576+00:00,-1.1483181373020883,-0.19150551769621466,120,6,False,False,False,-2.1101325781333333,-5.9046852096,2024-11-19 15:34:00+00:00,2024-11-20 07:04:00+00:00,15.5
2024-11-20,2024-11-20 07:04:00+00:00,2024-11-20 15:33:00+00:00,2024-11-20T08:04:00+01:00,2024-11-20T16:33:00+01:00,2024-11-20 07:05:47.245173760+00:00,2024-11-20 15:38:43.003354880+00:00,-1.1407695558037465,-0.18787622101792492,120,6,False,False,False,-1.7874195626666667,-5.716722581333333,2024-11-20 15:33:00+00:00,2024-11-21 07:06:00+00:00,15.55
2024-11-21,2024-11-21 07:06:00+00:00,2024-11-21 15:32:00+00:00,2024-11-21T08:06:00+01:00,2024-11-21T16:32:00+01:00,2024-11-21 07:07:26.906027776+00:00,2024-11-21 15:37:34.361826048+00:00,-1.1334211030204921,-0.18438109292637395,120,6,False,False,False,-1.4484337962666667,-5.5726971008,2024-11-21 15:32:00+00:00,2024-11-22 07:07:00+00:00,15.583333333333334
2024-11-22,2024-11-22 07:07:00+00:00,2024-11-22 15:31:00+00:00,2024-11-22T08:07:00+01:00,2024-11-22T16:31:00+01:00,2024-11-22 07:09:05.513822976+00:00,2024-11-22 15:36:28.416562432+00:00,-1.1262806192180905,-0.18102459821599357,120,6,False,False,False,-2.0918970496,-5.473609373866666,2024-11-22 15:31:00+00:00,2024-11-23 07:09:00+00:00,15.633333333333333
2024-11-23,2024-11-23 07:09:00+00:00,2024-11-23 15:30:00+00:00,2024-11-23T08:09:00+01:00,2024-11-23T16:30:00+01:00,2024-11-23 07:10:42.988978176+00:00,2024-11-23 15:35:25.226289152+00:00,-1.1193557137560388,-0.177811130157571,120,6,False,False,False,-1.7164829696000001,-5.420438152533333,2024-11-23 15:30:00+00:00,2024-11-24 07:11:00+00:00,15.683333333333334
2024-11-24,2024-11-24 07:11:00+00:00,2024-11-24 15:29:00+00:00,2024-11-24T08:11:00+01:00,2024-11-24T16:29:00+01:00,2024-11-24 07:12:19.249313280+00:00,2024-11-24 15:34:24.848322560+00:00,-1.1126537563561056,-0.1747450051910164,120,6,False,False,False,-1.320821888,-5.414138709333333,2024-11-24 15:29:00+00:00,2024-11-25 07:12:00+00:00,15.716666666666667
2024-11-25,2024-11-25 07:12:00+00:00,2024-11-25 15:28:00+00:00,2024-11-25T08:12:00+01:00,2024-11-25T16:28:00+01:00,2024-11-25 07:13:54.210384128+00:00,2024-11-25 15:33:27.338511872+00:00,-1.1061818686490736,-0.17183045768165078,120,6,False,False,False,-1.9035064021333334,-5.455641864533334,2024-11-25 15:28:00+00:00,2024-11-26 07:14:00+00:00,15.766666666666667
2024-11-26,2024-11-26 07:14:00+00:00,2024-11-26 15:27:00+00:00,2024-11-26T08:14:00+01:00,2024-11-26T16:27:00+01:00,2024-11-26 07:15:27.785833472+00:00,2024-11-26 15:32:32.751121664+00:00,-1.0999469160095796,-0.16907163474624232,120,6,False,False,False,-1.4630972245333331,-5.545852027733333,2024-11-26 15:27:00+00:00,2024-11-27 07:15:00+00:00,15.8
2024-11-27,2024-11-27 07:15:00+00:00,2024-11-27 15:26:00+00:00,2024-11-27T08:15:00+01:00,2024-11-27T16:26:00+01:00,2024-11-27 07:16:59.887731456+00:00,2024-11-27 15:31:41.138652928+00:00,-1.0939554996886156,-0.16647259115494395,120,6,False,False,False,-1.9981288576,-5.685644215466667,2024-11-27 15:26:00+00:00,2024-11-28 07:17:00+00:00,15.85
2024-11-28,2024-11-28 07:17:00+00:00,2024-11-28 15:25:00+00:00,2024-11-28T08:17:00+01:00,2024-11-28T16:25:00+01:00,2024-11-28 07:18:30.426851840+00:00,2024-11-28 15:30:52.551635712+00:00,-1.0882139492528873,-0.16403728431520131,120,6,False,False,False,-1.5071141973333333,-5.8758605952,2024-11-28 15:25:00+00:00,2024-11-29 07:19:00+00:00,15.9
2024-11-29,2024-11-29 07:19:00+00:00,2024-11-29 15:24:00+00:00,2024-11-29T08:19:00+01:00,2024-11-29T16:24:00+01:00,2024-11-29 07:19:59.312883456+00:00,2024-11-29 15:30:07.038421504+00:00,-1.0827283153398883,-0.16176956934361564,120,6,False,False,False,-0.9885480576,-6.117307025066666,2024-11-29 15:24:00+00:00,2024-11-30 07:20:00+00:00,15.933333333333334
2024-11-30,2024-11-30 07:20:00+00:00,2024-11-30 15:23:00+00:00,2024-11-30T08:20:00+01:00,2024-11-30T16:23:00+01:00,2024-11-30 07:21:26.454586880+00:00,2024-11-30 15:29:24.644985600+00:00,-1.0775043627371566,-0.1596731942316465,120,6,False,False,False,-1.4409097813333331,-6.41074976,2024-11-30 15:23:00+00:00,2024-12-01 07:21:00+00:00,15.966666666666667
2024-12-01,2024-12-01 07:21:00+00:00,2024-12-01 15:23:00+00:00,2024-12-01T08:21:00+01:00,2024-12-01T16:23:00+01:00,2024-12-01 07:22:51.759941632+00:00,2024-12-01 15:28:45.414773248+00:00,-1.0725475637938142,-0.15775179511093929,120,6,False,False,False,-1.8626656938666666,-5.756912887466667,2024-12-01 15:23:00+00:00,2024-12-02 07:23:00+00:00,16.0
2024-12-02,2024-12-02 07:23:00+00:00,2024-12-02 15:22:00+00:00,2024-12-02T08:23:00+01:00,2024-12-02T16:22:00+01:00,2024-12-02 07:24:15.136340992+00:00,2024-12-02 15:28:09.388636928+00:00,-1.0678630921720966,-0.15600889162395132,120,6,False,False,False,-1.2522723498666666,-6.156477282133333,2024-12-02 15:22:00+00:00,2024-12-03 07:24:00+00:00,16.033333333333335
2024-12-03,2024-12-03 07:24:00+00:00,2024-12-03 15:22:00+00:00,2024-12-03T08:24:00+01:00,2024-12-03T16:22:00+01:00,2024-12-03 07:25:36.490887168+00:00,2024-12-03 15:27:36.604875776+00:00,-1.0634558169461714,-0.15444788240543494,120,6,False,False,False,-1.6081814528,-5.610081262933333,2024-12-03 15:22:00+00:00,2024-12-04 07:26:00+00:00,16.066666666666666
2024-12-04,2024-12-04 07:26:00+00:00,2024-12-04 15:21:00+00:00,2024-12-04T08:26:00+01:00,2024-12-04T16:21:00+01:00,2024-12-04 07:26:55.730809600+00:00,2024-12-04 15:27:07.099343616+00:00,-1.0593302970551488,-0.1530720406802113,120,6,False,False,False,-0.9288468266666666,-6.1183223936,2024-12-04 15:21:00+00:00,2024-12-05 07:27:00+00:00,16.1
2024-12-05,2024-12-05 07:27:00+00:00,2024-12-05 15:21:00+00:00,2024-12-05T08:27:00+01:00,2024-12-05T16:21:00+01:00,2024-12-05 07:28:12.764022784+00:00,2024-12-05 15:26:40.905552384+00:00,-1.0554907761167664,-0.15188450998254316,120,6,False,False,False,-1.2127337130666667,-5.6817592064,2024-12-05 15:21:00+00:00,2024-12-06 07:28:00+00:00,16.116666666666667
2024-12-06,2024-12-06 07:28:00+00:00,2024-12-06 15:20:00+00:00,2024-12-06T08:28:00+01:00,2024-12-06T16:20:00+01:00,2024-12-06 07:29:27.499806464+00:00,2024-12-06 15:26:18.054712320+00:00,-1.0519411776078014,-0.15088830000227377,120,6,False,False,False,-1.4583301077333333,-6.300911872,2024-12-06 15:20:00+00:00,2024-12-07 07:29:00+00:00,16.15
2024-12-07,2024-12-07 07:29:00+00:00,2024-12-07 15:20:00+00:00,2024-12-07T08:29:00+01:00,2024-12-07T16:20:00+01:00,2024-12-07 07:30:39.849578240+00:00,2024-12-07 15:25:58.575674624+00:00,-1.048685100416842,-0.1500862825627634,120,6,False,False,False,-1.6641596373333334,-5.976261243733333,2024-12-07 15:20:00+00:00,2024-12-08 07:31:00+00:00,16.183333333333334
2024-12-08,2024-12-08 07:31:00+00:00,2024-12-08 15:20:00+00:00,2024-12-08T08:31:00+01:00,2024-12-08T16:20:00+01:00,2024-12-08 07:31:49.727701248+00:00,2024-12-08 15:25:42.494766080+00:00,-1.0457258147746065,-0.149481187735502,120,6,False,False,False,-0.8287950208,-5.708246101333333,2024-12-08 15:20:00+00:00,2024-12-09 07:32:00+00:00,16.2
2024-12-09,2024-12-09 07:32:00+00:00,2024-12-09 15:19:00+00:00,2024-12-09T08:32:00+01:00,2024-12-09T16:19:00+01:00,2024-12-09 07:32:57.052230912+00:00,2024-12-09 15:25:29.835494656+00:00,-1.0430662585665553,-0.14907560009612592,120,6,False,False,False,-0.9508705152,-6.497258244266666,2024-12-09 15:19:00+00:00,2024-12-10 07:33:00+00:00,16.233333333333334
2024-12-10,2024-12-10 07:33:00+00:00,2024-12-10 15:19:00+00:00,2024-12-10T08:33:00+01:00,2024-12-10T16:19:00+01:00,2024-12-10 07:34:01.745489920+00:00,2024-12-10 15:25:20.618140928+00:00,-1.0407090340320932,-0.14887195512640755,120,6,False,False,False,-1.0290914986666666,-6.343635682133334,2024-12-10 15:19:00+00:00,2024-12-11 07:34:00+00:00,16.25
2024-12-11,2024-12-11 07:34:00+00:00,2024-12-11 15:19:00+00:00,2024-12-11T08:34:00+01:00,2024-12-11T16:19:00+01:00,2024-12-11 07:35:03.734351104+00:00,2024-12-11 15:25:14.859339264+00:00,-1.0386564048542073,-0.14887253576662063,120,6,False,False,False,-1.0622391850666666,-6.247655654400001,2024-12-11 15:19:00+00:00,2024-12-12 07:35:00+00:00,16.266666666666666
2024-12-12,2024-12-12 07:35:00+00:00,2024-12-12 15:19:00+00:00,2024-12-12T08:35:00+01:00,2024-12-12T16:19:00+01:00,2024-12-12 07:36:02.950162944+00:00,2024-12-12 15:25:12.571829760+00:00,-1.0369102936429215,-0.14907946912251496,120,6,False,False,False,-1.0491693824,-6.209530496,2024-12-12 15:19:00+00:00,2024-12-13 07:36:00+00:00,16.283333333333335
2024-12-13,2024-12-13 07:36:00+00:00,2024-12-13 15:19:00+00:00,2024-12-13T08:36:00+01:00,2024-12-13T16:19:00+01:00,2024-12-13 07:36:59.328337920+00:00,2024-12-13 15:25:13.764536576+00:00,-1.0354722798154903,-0.14949472333096087,120,6,False,False,False,-0.988805632,-6.2294089429333335,2024-12-13 15:19:00+00:00,2024-12-14 07:37:00+00:00,16.3
2024-12-14,2024-12-14 07:37:00+00:00,2024-12-14 15:19:00+00:00,2024-12-14T08:37:00+01:00,2024-12-14T16:19:00+01:00,2024-12-14 07:37:52.807736832+00:00,2024-12-14 15:25:18.442955264+00:00,-1.0343435978757882,-0.15012010458814068,120,6,False,False,False,-0.8801289472,-6.307382587733333,2024-12-14 15:19:00+00:00,2024-12-15 07:38:00+00:00,16.316666666666666
2024-12-15,2024-12-15 07:38:00+00:00,2024-12-15 15:19:00+00:00,2024-12-15T08:38:00+01:00,2024-12-15T16:19:00+01:00,2024-12-15 07:38:43.330048512+00:00,2024-12-15 15:25:26.609600+00:00,-1.0335251360948818,-0.1509572543439845,120,6,False,False,False,-0.7221674751999999,-6.4434933333333335,2024-12-15 15:19:00+00:00,2024-12-16 07:38:00+00:00,16.316666666666666
2024-12-16,2024-12-16 07:38:00+00:00,2024-12-16 15:19:00+00:00,2024-12-16T08:38:00+01:00,2024-12-16T16:19:00+01:00,2024-12-16 07:39:30.839361024+00:00,2024-12-16 15:25:38.264179456+00:00,-1.0330174355942976,-0.15200764666635513,120,6,False,False,False,-1.5139893504,-6.637736324266667,2024-12-16 15:19:00+00:00,2024-12-17 07:39:00+00:00,16.333333333333332
2024-12-17,2024-12-17 07:39:00+00:00,2024-12-17 15:20:00+00:00,2024-12-17T08:39:00+01:00,2024-12-17T16:20:00+01:00,2024-12-17 07:40:15.282035200+00:00,2024-12-17 15:25:53.403285760+00:00,-1.032820689833028,-0.1532725857782961,120,6,False,False,False,-1.2547005866666665,-5.890054762666667,2024-12-17 15:20:00+00:00,2024-12-18 07:40:00+00:00,16.333333333333332
2024-12-18,2024-12-18 07:40:00+00:00,2024-12-18 15:20:00+00:00,2024-12-18T08:40:00+01:00,2024-12-18T16:20:00+01:00,2024-12-18 07:40:56.606855680+00:00,2024-12-18 15:26:12.019670272+00:00,-1.0329347444988481,-0.15475320377145957,120,6,False,False,False,-0.9434475946666667,-6.200327837866666,2024-12-18 15:20:00+00:00,2024-12-19 07:40:00+00:00,16.333333333333332
2024-12-19,2024-12-19 07:40:00+00:00,2024-12-19 15:20:00+00:00,2024-12-19T08:40:00+01:00,2024-12-19T16:20:00+01:00,2024-12-19 07:41:34.765344512+00:00,2024-12-19 15:26:34.101408768+00:00,-1.033359097804028,-0.15645045849863015,120,6,False,False,False,-1.5794224085333333,-6.5683568128,2024-12-19 15:20:00+00:00,2024-12-20 07:41:00+00:00,16.35
2024-12-20,2024-12-20 07:41:00+00:00,2024-12-20 15:21:00+00:00,2024-12-20T08:41:00+01:00,2024-12-20T16:21:00+01:00,2024-12-20 07:42:09.712100096+00:00,2024-12-20 15:26:59.631268096+00:00,-1.0340929011850652,-0.15836513164805677,120,6,False,False,False,-1.1618683349333334,-5.993854468266666,2024-12-20 15:21:00+00:00,2024-12-21 07:42:00+00:00,16.35
2024-12-21,2024-12-21 07:42:00+00:00,2024-12-21 15:21:00+00:00,2024-12-21T08:42:00+01:00,2024-12-21T16:21:00+01:00,2024-12-21 07:42:41.405093888+00:00,2024-12-21 15:27:28.586417152+00:00,-1.035134960405579,-0.16049782700209636,120,6,False,False,False,-0.6900848981333334,-6.476440285866667,2024-12-21 15:21:00+00:00,2024-12-22 07:42:00+00:00,16.35
2024-12-22,2024-12-22 07:42:00+00:00,2024-12-22 15:22:00+00:00,2024-12-22T08:42:00+01:00,2024-12-22T16:22:00+01:00,2024-12-22 07:43:09.805923584+00:00,2024-12-22 15:28:00.938422528+00:00,-1.036483737061033,-0.16284896888246486,120,6,False,False,False,-1.1634320597333334,-6.015640375466666,2024-12-22 15:22:00+00:00,2024-12-23 07:42:00+00:00,16.333333333333332
2024-12-23,2024-12-23 07:42:00+00:00,2024-12-23 15:22:00+00:00,2024-12-23T08:42:00+01:00,2024-12-23T16:22:00+01:00,2024-12-23 07:43:34.880050432+00:00,2024-12-23 15:28:36.653361408+00:00,-1.0381373504834892,-0.16541880078417565,118,6,False,False,False,-1.5813341738666666,-6.6108893568000004,2024-12-23 15:22:00+00:00,2024-12-24 07:43:00+00:00,16.35
2024-12-24,2024-12-24 07:43:00+00:00,2024-12-24 15:23:00+00:00,2024-12-24T08:43:00+01:00,2024-12-24T16:23:00+01:00,2024-12-24 07:43:56.597031936+00:00,2024-12-24 15:29:15.691947264+00:00,-1.0400935800441165,-0.16820738420003117,117,6,False,False,False,-0.9432838656,-6.2615324544,2024-12-24 15:23:00+00:00,2024-12-25 07:43:00+00:00,16.333333333333332
2024-12-25,2024-12-25 07:43:00+00:00,2024-12-25 15:24:00+00:00,2024-12-25T08:43:00+01:00,2024-12-25T16:24:00+01:00,2024-12-25 07:44:14.930702848+00:00,2024-12-25 15:29:58.009630208+00:00,-1.0423498678507177,-0.17121459763731534,116,6,False,False,False,-1.2488450474666666,-5.966827170133333,2024-12-25 15:24:00+00:00,2024-12-26 07:43:00+00:00,16.316666666666666
2024-12-26,2024-12-26 07:43:00+00:00,2024-12-26 15:25:00+00:00,2024-12-26T08:43:00+01:00,2024-12-26T16:25:00+01:00,2024-12-26 07:44:29.859275520+00:00,2024-12-26 15:30:43.556688896+00:00,-1.0449033218370696,-0.17444013582811363,114,6,False,False,False,-1.497654592,-5.725944814933333,2024-12-26 15:25:00+00:00,2024-12-27 07:43:00+00:00,16.3
2024-12-27,2024-12-27 07:43:00+00:00,2024-12-27 15:26:00+00:00,2024-12-27T08:43:00+01:00,2024-12-27T16:26:00+01:00,2024-12-27 07:44:41.365335296+00:00,2024-12-27 15:31:32.278315776+00:00,-1.0477507192404132,-0.1778835091344677,113,6,False,False,False,-1.6894222549333333,-5.5379719296,2024-12-27 15:26:00+00:00,2024-12-28 07:44:00+00:00,16.3
2024-12-28,2024-12-28 07:44:00+00:00,2024-12-28 15:26:00+00:00,2024-12-28T08:44:00+01:00,2024-12-28T16:26:00+01:00,2024-12-28 07:44:49.435763712+00:00,2024-12-28 15:32:24.114705920+00:00,-1.0508885104629777,-0.1815440431493457,113,6,False,False,False,-0.8239293952000001,-6.401911765333334,2024-12-28 15:26:00+00:00,2024-12-29 07:44:00+00:00,16.3
2024-12-29,2024-12-29 07:44:00+00:00,2024-12-29 15:27:00+00:00,2024-12-29T08:44:00+01:00,2024-12-29T16:27:00+01:00,2024-12-29 07:44:54.061622784+00:00,2024-12-29 15:33:19.001211392+00:00,-1.0543128233129626,-0.18542087849418737,112,6,False,False,False,-0.9010270464,-6.316686856533334,2024-12-29 15:27:00+00:00,2024-12-30 07:44:00+00:00,16.283333333333335
2024-12-30,2024-12-30 07:44:00+00:00,2024-12-30 15:28:00+00:00,2024-12-30T08:44:00+01:00,2024-12-30T16:28:00+01:00,2024-12-30 07:44:55.238016512+00:00,2024-12-30 15:34:16.868647424+00:00,-1.0580194676199675,-0.1895129708135559,110,6,False,False,False,-0.9206336085333333,-6.281144123733333,2024-12-30 15:28:00+00:00,2024-12-31 07:44:00+00:00,16.266666666666666
2024-12-31,2024-12-31 07:44:00+00:00,2024-12-31 15:29:00+00:00,2024-12-31T08:44:00+01:00,2024-12-31T16:29:00+01:00,2024-12-31 07:44:52.963958784+00:00,2024-12-31 15:35:17.643809792+00:00,-1.062003940219409,-0.19381909096720273,109,6,False,False,False,-0.8827326463999999,-6.294063496533334,2024-12-31 15:29:00+00:00,2025-01-01 07:43:00+00:00,16.233333333333334
2025-01-01,2025-01-01 07:43:00+00:00,2025-01-01 15:31:00+00:00,2025-01-01T08:43:00+01:00,2025-01-01T16:31:00+01:00,2025-01-01 07:44:47.242277888+00:00,2025-01-01 15:36:21.250156544+00:00,-1.0662674474273675,-0.19834416058260979,108,6,False,False,False,-1.7873712981333334,-5.354169275733333,2025-01-01 15:31:00+00:00,2025-01-02 07:43:00+00:00,16.2
2025-01-02,2025-01-02 07:43:00+00:00,2025-01-02 15:32:00+00:00,2025-01-02T08:43:00+01:00,2025-01-02T16:32:00+01:00,2025-01-02 07:44:38.079634432+00:00,2025-01-02 15:37:27.608505600+00:00,-1.070805968018042,-0.20308744714861998,107,6,False,False,False,-1.6346605738666669,-5.46014176,2025-01-02 15:32:00+00:00,2025-01-03 07:43:00+00:00,16.183333333333334
2025-01-03,2025-01-03 07:43:00+00:00,2025-01-03 15:33:00+00:00,2025-01-03T08:43:00+01:00,2025-01-03T16:33:00+01:00,2025-01-03 07:44:25.486688256+00:00,2025-01-03 15:38:36.637596160+00:00,-1.075608401912314,-0.20804111055479818,106,6,False,False,False,-1.4247781376,-5.610626602666667,2025-01-03 15:33:00+00:00,2025-01-04 07:43:00+00:00,16.166666666666668
2025-01-04,2025-01-04 07:43:00+00:00,2025-01-04 15:34:00+00:00,2025-01-04T08:43:00+01:00,2025-01-04T16:34:00+01:00,2025-01-04 07:44:09.478408704+00:00,2025-01-04 15:39:48.254462464+00:00,-1.0806690024391932,-0.21320317121312965,105,6,False,False,False,-1.1579734784,-5.804241041066667,2025-01-04 15:34:00+00:00,2025-01-05 07:42:00+00:00,16.133333333333333
2025-01-05,2025-01-05 07:42:00+00:00,2025-01-05 15:35:00+00:00,2025-01-05T08:42:00+01:00,2025-01-05T16:35:00+01:00,2025-01-05 07:43:50.074423808+00:00,2025-01-05 15:41:02.374673408+00:00,-1.085981737106187,-0.21857146668589483,104,6,False,True,False,-1.8345737301333334,-6.039577890133333,2025-01-05 15:35:00+00:00,2025-01-06 07:42:00+00:00,16.116666666666667
2025-01-06,2025-01-06 07:42:00+00:00,2025-01-06 15:37:00+00:00,2025-01-06T08:42:00+01:00,2025-01-06T16:37:00+01:00,2025-01-06 07:43:27.299287040+00:00,2025-01-06 15:42:18.912549376+00:00,-1.0915402947592772,-0.22414365307644823,103,6,False,False,False,-1.4549881173333332,-5.315209156266667,2025-01-06 15:37:00+00:00,2025-01-07 07:41:00+00:00,16.066666666666666
2025-01-07,2025-01-07 07:41:00+00:00,2025-01-07 15:38:00+00:00,2025-01-07T08:41:00+01:00,2025-01-07T16:38:00+01:00,2025-01-07 07:43:01.182548736+00:00,2025-01-07 15:43:37.781438720+00:00,-1.0973380930671868,-0.2299172066164044,102,6,False,False,False,-2.0197091456,-5.629690645333333,2025-01-07 15:38:00+00:00,2025-01-08 07:41:00+00:00,16.05
2025-01-08,2025-01-08 07:41:00+00:00,2025-01-08 15:40:00+00:00,2025-01-08T08:41:00+01:00,2025-01-08T16:40:00+01:00,2025-01-08 07:42:31.758577664+00:00,2025-01-08 15:44:58.894091264+00:00,-1.103368286321075,-0.23588942544770009,101,6,False,False,False,-1.5293096277333333,-4.981568187733333,2025-01-08 15:40:00+00:00,2025-01-09 07:40:00+00:00,16.0
2025-01-09,2025-01-09 07:40:00+00:00,2025-01-09 15:41:00+00:00,2025-01-09T08:40:00+01:00,2025-01-09T16:41:00+01:00,2025-01-09 07:41:59.066137600+00:00,2025-01-09 15:46:22.163127296+00:00,-1.109623773540404,-0.2420574315977791,100,6,False,False,False,-1.9844356266666667,-5.369385454933334,2025-01-09 15:41:00+00:00,2025-01-10 07:40:00+00:00,15.983333333333333
2025-01-10,2025-01-10 07:40:00+00:00,2025-01-10 15:43:00+00:00,2025-01-10T08:40:00+01:00,2025-01-10T16:43:00+01:00,2025-01-10 07:41:23.147755264+00:00,2025-01-10 15:47:47.501586944+00:00,-1.1160972068753818,-0.24841817314592507,99,5,False,False,False,-1.3857959210666666,-4.791693115733334,2025-01-10 15:43:00+00:00,2025-01-11 07:39:00+00:00,15.933333333333334
2025-01-11,2025-01-11 07:39:00+00:00,2025-01-11 15:44:00+00:00,2025-01-11T08:39:00+01:00,2025-01-11T16:44:00+01:00,2025-01-11 07:40:44.048950784+00:00,2025-01-11 15:49:14.823494400+00:00,-1.1227810002960228,-0.2549684265785389,99,5,False,False,False,-1.7341491797333333,-5.24705824,2025-01-11 15:44:00+00:00,2025-01-12 07:38:00+00:00,15.9
2025-01-12,2025-01-12 07:38:00+00:00,2025-01-12 15:46:00+00:00,2025-01-12T08:38:00+01:00,2025-01-12T16:46:00+01:00,2025-01-12 07:40:01.817447424+00:00,2025-01-12 15:50:44.044311552+00:00,-1.1296673385575347,-0.26170479933094837,99,5,False,False,False,-2.0302907904,-4.7340718592,2025-01-12 15:46:00+00:00,2025-01-13 07:37:00+00:00,15.85
2025-01-13,2025-01-13 07:37:00+00:00,2025-01-13 15:47:00+00:00,2025-01-13T08:37:00+01:00,2025-01-13T16:47:00+01:00,2025-01-13 07:39:16.502489344+00:00,2025-01-13 15:52:15.081131776+00:00,-1.1367481864314124,-0.26862373251311156,99,5,False,False,False,-2.2750414890666666,-5.251352196266667,2025-01-13 15:47:00+00:00,2025-01-14 07:37:00+00:00,15.833333333333334
2025-01-14,2025-01-14 07:37:00+00:00,2025-01-14 15:49:00+00:00,2025-01-14T08:37:00+01:00,2025-01-14T16:49:00+01:00,2025-01-14 07:38:28.154362624+00:00,2025-01-14 15:53:47.852534528+00:00,-1.144015298191311,-0.27572150381637134,99,5,False,False,False,-1.4692393770666667,-4.797542242133333,2025-01-14 15:49:00+00:00,2025-01-15 07:36:00+00:00,15.783333333333333
2025-01-15,2025-01-15 07:36:00+00:00,2025-01-15 15:50:00+00:00,2025-01-15T08:36:00+01:00,2025-01-15T16:50:00+01:00,2025-01-15 07:37:36.824144896+00:00,2025-01-15 15:55:22.278163200+00:00,-1.1514602273424603,-0.28299423059820095,100,5,False,False,False,-1.6137357482666668,-5.37130272,2025-01-15 15:50:00+00:00,2025-01-16 07:35:00+00:00,15.75
2025-01-16,2025-01-16 07:35:00+00:00,2025-01-16 15:52:00+00:00,2025-01-16T08:35:00+01:00,2025-01-16T16:52:00+01:00,2025-01-16 07:36:42.563617024+00:00,2025-01-16 15:56:58.278216192+00:00,-1.1590743365831084,-0.2904378731416815,100,5,False,False,False,-1.7093936170666666,-4.9713036032,2025-01-16 15:52:00+00:00,2025-01-17 07:34:00+00:00,15.7
2025-01-17,2025-01-17 07:34:00+00:00,2025-01-17 15:54:00+00:00,2025-01-17T08:34:00+01:00,2025-01-17T16:54:00+01:00,2025-01-17 07:35:45.425246464+00:00,2025-01-17 15:58:35.773065216+00:00,-1.1668488079861998,-0.29804823808624176,100,5,False,False,False,-1.7570874410666666,-4.5962177536,2025-01-17 15:54:00+00:00,2025-01-18 07:33:00+00:00,15.65
2025-01-18,2025-01-18 07:33:00+00:00,2025-01-18 15:56:00+00:00,2025-01-18T08:33:00+01:00,2025-01-18T16:56:00+01:00,2025-01-18 07:34:45.462174976+00:00,2025-01-18 16:00:14.683116800+00:00,-1.1747746533892365,-0.3058209820260004,100,5,False,False,False,-1.7577029162666666,-4.244718613333333,2025-01-18 15:56:00+00:00,2025-01-19 07:32:00+00:00,15.6
2025-01-19,2025-01-19 07:32:00+00:00,2025-01-19 15:57:00+00:00,2025-01-19T08:32:00+01:00,2025-01-19T16:57:00+01:00,2025-01-19 07:33:42.728195072+00:00,2025-01-19 16:01:54.928893696+00:00,-1.182842724980028,-0.3137516152718494,100,5,False,False,False,-1.7121365845333334,-4.9154815616,2025-01-19 15:57:00+00:00,2025-01-20 07:30:00+00:00,15.55
2025-01-20,2025-01-20 07:30:00+00:00,2025-01-20 15:59:00+00:00,2025-01-20T08:30:00+01:00,2025-01-20T16:59:00+01:00,2025-01-20 07:32:37.277725440+00:00,2025-01-20 16:03:36.431236608+00:00,-1.1910437260658038,-0.3218355057732316,100,5,False,False,False,-2.6212954240000004,-4.6071872768,2025-01-20 15:59:00+00:00,2025-01-21 07:29:00+00:00,15.5
2025-01-21,2025-01-21 07:29:00+00:00,2025-01-21 16:01:00+00:00,2025-01-21T08:29:00+01:00,2025-01-21T17:01:00+01:00,2025-01-21 07:31:29.165776384+00:00,2025-01-21 16:05:19.111524608+00:00,-1.199368222012943,-0.3300678831953797,100,5,False,False,False,-2.4860962730666665,-4.318525410133334,2025-01-21 16:01:00+00:00,2025-01-22 07:28:00+00:00,15.45
2025-01-22,2025-01-22 07:28:00+00:00,2025-01-22 16:03:00+00:00,2025-01-22T08:28:00+01:00,2025-01-22T17:03:00+01:00,2025-01-22 07:30:18.447891456+00:00,2025-01-22 16:07:02.891860992+00:00,-1.2078066513443844,-0.33844384314760106,100,5,False,False,False,-2.3074648576000003,-4.0481976832,2025-01-22 16:03:00+00:00,2025-01-23 07:27:00+00:00,15.4
2025-01-23,2025-01-23 07:27:00+00:00,2025-01-23 16:05:00+00:00,2025-01-23T08:27:00+01:00,2025-01-23T17:05:00+01:00,2025-01-23 07:29:05.180038656+00:00,2025-01-23 16:08:47.695192832+00:00,-1.216349336981584,-0.3469583515580211,100,5,False,False,False,-2.0863339776,-3.7949198805333335,2025-01-23 16:05:00+00:00,2025-01-24 07:25:00+00:00,15.333333333333334
2025-01-24,2025-01-24 07:25:00+00:00,2025-01-24 16:06:00+00:00,2025-01-24T08:25:00+01:00,2025-01-24T17:06:00+01:00,2025-01-24 07:27:49.418469120+00:00,2025-01-24 16:10:33.445358848+00:00,-1.2249864976177265,-0.355606249190026,100,5,False,False,False,-2.823641152,-4.557422647466667,2025-01-24 16:06:00+00:00,2025-01-25 07:24:00+00:00,15.3
2025-01-25,2025-01-25 07:24:00+00:00,2025-01-25 16:08:00+00:00,2025-01-25T08:24:00+01:00,2025-01-25T17:08:00+01:00,2025-01-25 07:26:31.219555328+00:00,2025-01-25 16:12:20.067072768+00:00,-1.2337082592087365,-0.36438225629548016,100,5,False,False,False,-2.5203259221333334,-4.3344512128,2025-01-25 16:08:00+00:00,2025-01-26 07:23:00+00:00,15.25
2025-01-26,2025-01-26 07:23:00+00:00,2025-01-26 16:10:00+00:00,2025-01-26T08:23:00+01:00,2025-01-26T17:10:00+01:00,2025-01-26 07:25:10.639628032+00:00,2025-01-26 16:14:07.485919232+00:00,-1.2425046665685047,-0.3732809773996394,100,5,False,False,False,-2.1773271338666667,-4.124765320533333,2025-01-26 16:10:00+00:00,2025-01-27 07:21:00+00:00,15.183333333333334
2025-01-27,2025-01-27 07:21:00+00:00,2025-01-27 16:12:00+00:00,2025-01-27T08:21:00+01:00,2025-01-27T17:12:00+01:00,2025-01-27 07:23:47.734795776+00:00,2025-01-27 16:15:55.628473344+00:00,-1.2513656950546133,-0.3822969062125217,100,5,False,False,False,-2.7955799296,-3.9271412224000004,2025-01-27 16:12:00+00:00,2025-01-28 07:20:00+00:00,15.133333333333333
2025-01-28,2025-01-28 07:20:00+00:00,2025-01-28 16:14:00+00:00,2025-01-28T08:20:00+01:00,2025-01-28T17:14:00+01:00,2025-01-28 07:22:22.560744448+00:00,2025-01-28 16:17:44.422639360+00:00,-1.2602812623307487,-0.39142443066135696,100,5,False,False,False,-2.376012407466667,-3.740377322666667,2025-01-28 16:14:00+00:00,2025-01-29 07:18:00+00:00,15.066666666666666
2025-01-29,2025-01-29 07:18:00+00:00,2025-01-29 16:16:00+00:00,2025-01-29T08:18:00+01:00,2025-01-29T17:16:00+01:00,2025-01-29 07:20:55.172541696+00:00,2025-01-29 16:19:33.798183168+00:00,-1.2692412401918929,-0.4006578380385921,100,5,False,False,False,-2.9195423616,-3.5633030528000003,2025-01-29 16:16:00+00:00,2025-01-30 07:17:00+00:00,15.016666666666667
2025-01-30,2025-01-30 07:17:00+00:00,2025-01-30 16:18:00+00:00,2025-01-30T08:17:00+01:00,2025-01-30T17:18:00+01:00,2025-01-30 07:19:25.624515584+00:00,2025-01-30 16:21:23.687289600+00:00,-1.278235466438316,-0.4099913202597964,100,5,False,False,False,-2.4270752597333334,-3.39478816,2025-01-30 16:18:00+00:00,2025-01-31 07:15:00+00:00,14.95
2025-01-31,2025-01-31 07:15:00+00:00,2025-01-31 16:20:00+00:00,2025-01-31T08:15:00+01:00,2025-01-31T17:20:00+01:00,2025-01-31 07:17:53.970294784+00:00,2025-01-31 16:23:14.024952064+00:00,-1.2872537567843372,-0.4194189792256839,100,5,False,False,False,-2.8995049130666666,-3.2337492010666664,2025-01-31 16:20:00+00:00,2025-02-01 07:13:00+00:00,14.883333333333333
2025-02-01,2025-02-01 07:13:00+00:00,2025-02-01 16:22:00+00:00,2025-02-01T08:13:00+01:00,2025-02-01T17:22:00+01:00,2025-02-01 07:16:20.263023360+00:00,2025-02-01 16:25:04.749087488+00:00,-1.2962859167877754,-0.4289348322823477,100,5,False,False,False,-3.3377170560000002,-3.079151458133333,2025-02-01 16:22:00+00:00,2025-02-02 07:12:00+00:00,14.833333333333334
2025-02-02,2025-02-02 07:12:00+00:00,2025-02-02 16:24:00+00:00,2025-02-02T08:12:00+01:00,2025-02-02T17:24:00+01:00,2025-02-02 07:14:44.555713536+00:00,2025-02-02 16:26:55.800468736+00:00,-1.3053217537859994,-0.43853281777368924,100,5,False,False,False,-2.7425952256,-2.9300078122666666,2025-02-02 16:24:00+00:00,2025-02-03 07:10:00+00:00,14.766666666666667
2025-02-03,2025-02-03 07:10:00+00:00,2025-02-03 16:25:00+00:00,2025-02-03T08:10:00+01:00,2025-02-03T17:25:00+01:00,2025-02-03 07:13:06.901606656+00:00,2025-02-03 16:28:47.122676992+00:00,-1.3143510888244685,-0.44820680067991714,100,5,False,False,False,-3.1150267776000002,-3.7853779498666666,2025-02-03 16:25:00+00:00,2025-02-04 07:08:00+00:00,14.716666666666667
2025-02-04,2025-02-04 07:08:00+00:00,2025-02-04 16:27:00+00:00,2025-02-04T08:08:00+01:00,2025-02-04T17:27:00+01:00,2025-02-04 07:11:27.354425856+00:00,2025-02-04 16:30:38.662260736+00:00,-1.323363768563673,-0.45795057833589053,100,5,False,False,False,-3.4559070976,-3.644371012266667,2025-02-04 16:27:00+00:00,2025-02-05 07:07:00+00:00,14.666666666666666
2025-02-05,2025-02-05 07:07:00+00:00,2025-02-05 16:29:00+00:00,2025-02-05T08:07:00+01:00,2025-02-05T17:29:00+01:00,2025-02-05 07:09:45.968438016+00:00,2025-02-05 16:32:30.369127168+00:00,-1.3323496771504082,-0.46775788622299064,100,5,False,False,False,-2.7661406336,-3.506152119466667,2025-02-05 16:29:00+00:00,2025-02-06 07:05:00+00:00,14.6
2025-02-06,2025-02-06 07:05:00+00:00,2025-02-06 16:31:00+00:00,2025-02-06T08:05:00+01:00,2025-02-06T17:31:00+01:00,2025-02-06 07:08:02.798303232+00:00,2025-02-06 16:34:22.197034240+00:00,-1.3412987480393634,-0.477622403828117,100,5,False,False,False,-3.0466383872,-3.3699505706666666,2025-02-06 16:31:00+00:00,2025-02-07 07:03:00+00:00,14.533333333333333
2025-02-07,2025-02-07 07:03:00+00:00,2025-02-07 16:33:00+00:00,2025-02-07T08:03:00+01:00,2025-02-07T17:33:00+01:00,2025-02-07 07:06:17.898770944+00:00,2025-02-07 16:36:14.103988992+00:00,-1.3502009757510611,-0.4875377605633292,100,5,False,False,False,-3.298312849066667,-3.2350664832000002,2025-02-07 16:33:00+00:00,2025-02-08 07:01:00+00:00,14.466666666666667
2025-02-08,2025-02-08 07:01:00+00:00,2025-02-08 16:35:00+00:00,2025-02-08T08:01:00+01:00,2025-02-08T17:35:00+01:00,2025-02-08 07:04:31.324296448+00:00,2025-02-08 16:38:06.052410368+00:00,-1.3590464275522618,-0.4974975417395836,100,5,False,False,False,-3.5220716074666667,-3.1008735061333335,2025-02-08 16:35:00+00:00,2025-02-09 06:59:00+00:00,14.4
2025-02-09,2025-02-09 06:59:00+00:00,2025-02-09 16:37:00+00:00,2025-02-09T07:59:00+01:00,2025-02-09T17:37:00+01:00,2025-02-09 07:02:43.128665088+00:00,2025-02-09 16:39:58.009020672+00:00,-1.3678252550450476,-0.5074952945879516,100,5,False,False,False,-3.7188110848,-2.9668170112,2025-02-09 16:37:00+00:00,2025-02-10 06:58:00+00:00,14.35
2025-02-10,2025-02-10 06:58:00+00:00,2025-02-10 16:39:00+00:00,2025-02-10T07:58:00+01:00,2025-02-10T17:39:00+01:00,2025-02-10 07:00:53.364684544+00:00,2025-02-10 16:41:49.944503296+00:00,-1.3765277056508998,-0.5175245343216522,100,5,False,False,False,-2.8894114090666667,-2.8324083882666664,2025-02-10 16:39:00+00:00,2025-02-11 06:56:00+00:00,14.283333333333333
2025-02-11,2025-02-11 06:56:00+00:00,2025-02-11 16:41:00+00:00,2025-02-11T07:56:00+01:00,2025-02-11T17:41:00+01:00,2025-02-11 06:59:02.083980032+00:00,2025-02-11 16:43:41.832994304+00:00,-1.385144133976216,-0.5275787502321849,100,5,False,False,False,-3.0347330005333335,-2.6972165717333336,2025-02-11 16:41:00+00:00,2025-02-12 06:54:00+00:00,14.216666666666667
2025-02-12,2025-02-12 06:54:00+00:00,2025-02-12 16:43:00+00:00,2025-02-12T07:54:00+01:00,2025-02-12T17:43:00+01:00,2025-02-12 06:57:09.336891904+00:00,2025-02-12 16:45:33.651472128+00:00,-1.3936650130458554,-0.5376514118128062,100,5,False,False,False,-3.1556148650666667,-2.5608578688,2025-02-12 16:43:00+00:00,2025-02-13 06:52:00+00:00,14.15
2025-02-13,2025-02-13 06:52:00+00:00,2025-02-13 16:45:00+00:00,2025-02-13T07:52:00+01:00,2025-02-13T17:45:00+01:00,2025-02-13 06:55:15.172465664+00:00,2025-02-13 16:47:25.379140608+00:00,-1.4020809453914553,-0.5477359749025673,100,5,False,False,False,-3.252874427733333,-2.4229856768,2025-02-13 16:45:00+00:00,2025-02-14 06:50:00+00:00,14.083333333333334
2025-02-14,2025-02-14 06:50:00+00:00,2025-02-14 16:47:00+00:00,2025-02-14T07:50:00+01:00,2025-02-14T17:47:00+01:00,2025-02-14 06:53:19.638515456+00:00,2025-02-14 16:49:16.996894720+00:00,-1.4103826739814374,-0.5578258878441034,100,5,False,False,False,-3.3273085909333333,-2.2832815786666667,2025-02-14 16:47:00+00:00,2025-02-15 06:48:00+00:00,14.016666666666667
2025-02-15,2025-02-15 06:48:00+00:00,2025-02-15 16:49:00+00:00,2025-02-15T07:48:00+01:00,2025-02-15T17:49:00+01:00,2025-02-15 06:51:22.781735424+00:00,2025-02-15 16:51:08.486951936+00:00,-1.4185610929798107,-0.5679145976483465,100,5,False,False,False,-3.3796955904,-2.141449198933333,2025-02-15 16:49:00+00:00,2025-02-16 06:46:00+00:00,13.95
2025-02-16,2025-02-16 06:46:00+00:00,2025-02-16 16:51:00+00:00,2025-02-16T07:46:00+01:00,2025-02-16T17:51:00+01:00,2025-02-16 06:49:24.647831808+00:00,2025-02-16 16:52:59.832662016+00:00,-1.426607258321086,-0.5779955561593355,100,5,False,False,False,-3.4107971968,-1.9972110336,2025-02-16 16:51:00+00:00,2025-02-17 06:44:00+00:00,13.883333333333333
2025-02-17,2025-02-17 06:44:00+00:00,2025-02-17 16:53:00+00:00,2025-02-17T07:44:00+01:00,2025-02-17T17:53:00+01:00,2025-02-17 06:47:25.281650432+00:00,2025-02-17 16:54:51.018442752+00:00,-1.434512398088828,-0.5880622262122864,100,5,False,False,False,-3.421360840533333,-1.8503073792,2025-02-17 16:53:00+00:00,2025-02-18 06:42:00+00:00,13.816666666666666
2025-02-18,2025-02-18 06:42:00+00:00,2025-02-18 16:55:00+00:00,2025-02-18T07:42:00+01:00,2025-02-18T17:55:00+01:00,2025-02-18 06:45:24.727277824+00:00,2025-02-18 16:56:42.029761536+00:00,-1.4422679226856119,-0.5981080877781014,100,5,False,False,False,-3.412121297066667,-1.7004960256,2025-02-18 16:55:00+00:00,2025-02-19 06:40:00+00:00,13.75
2025-02-19,2025-02-19 06:40:00+00:00,2025-02-19 16:56:00+00:00,2025-02-19T07:40:00+01:00,2025-02-19T17:56:00+01:00,2025-02-19 06:43:23.028104960+00:00,2025-02-19 16:58:32.853099520+00:00,-1.4498654347824032,-0.6081266440875102,100,5,False,False,False,-3.3838017493333337,-2.547551658666667,2025-02-19 16:56:00+00:00,2025-02-20 06:38:00+00:00,13.7
2025-02-20,2025-02-20 06:38:00+00:00,2025-02-20 16:58:00+00:00,2025-02-20T07:38:00+01:00,2025-02-20T17:58:00+01:00,2025-02-20 06:41:20.226858496+00:00,2025-02-20 17:00:23.475863040+00:00,-1.4572967390356277,-0.6181114277280578,100,5,False,False,False,-3.3371143082666666,-2.3912643840000003,2025-02-20 16:58:00+00:00,2025-02-21 06:36:00+00:00,13.633333333333333
2025-02-21,2025-02-21 06:36:00+00:00,2025-02-21 17:00:00+00:00,2025-02-21T07:36:00+01:00,2025-02-21T18:00:00+01:00,2025-02-21 06:39:16.365600+00:00,2025-02-21 17:02:13.886225152+00:00,-1.4645538515604934,-0.6280560067071916,100,5,False,False,False,-3.27276,-2.231437085866667,2025-02-21 17:00:00+00:00,2025-02-22 06:33:00+00:00,13.55
2025-02-22,2025-02-22 06:33:00+00:00,2025-02-22 17:02:00+00:00,2025-02-22T07:33:00+01:00,2025-02-22T18:02:00+01:00,2025-02-22 06:37:11.485715968+00:00,2025-02-22 17:04:04.072906496+00:00,-1.4716290091494024,-0.6379539904747309,100,5,False,False,False,-4.191428599466667,-2.0678817749333334,2025-02-22 17:02:00+00:00,2025-02-23 06:31:00+00:00,13.483333333333333
2025-02-23,2025-02-23 06:31:00+00:00,2025-02-23 17:04:00+00:00,2025-02-23T07:31:00+01:00,2025-02-23T18:04:00+01:00,2025-02-23 06:35:05.627886336+00:00,2025-02-23 17:05:54.024943360+00:00,-1.4785146782246024,-0.6477990358980618,100,5,False,False,False,-4.0937981055999995,-1.9004157226666665,2025-02-23 17:04:00+00:00,2025-02-24 06:29:00+00:00,13.416666666666666
2025-02-24,2025-02-24 06:29:00+00:00,2025-02-24 17:06:00+00:00,2025-02-24T07:29:00+01:00,2025-02-24T18:06:00+01:00,2025-02-24 06:32:58.832040192+00:00,2025-02-24 17:07:43.731560704+00:00,-1.4852035635145384,-0.6575848531834435,100,5,False,False,False,-3.9805340032,-1.7288593450666667,2025-02-24 17:06:00+00:00,2025-02-25 06:27:00+00:00,13.35
2025-02-25,2025-02-25 06:27:00+00:00,2025-02-25 17:08:00+00:00,2025-02-25T07:27:00+01:00,2025-02-25T18:08:00+01:00,2025-02-25 06:30:51.137275904+00:00,2025-02-25 17:09:33.182255104+00:00,-1.4916886164436982,-0.6673052117368861,100,5,False,False,False,-3.8522879317333336,-1.5530375850666667,2025-02-25 17:08:00+00:00,2025-02-26 06:25:00+00:00,13.283333333333333
2025-02-26,2025-02-26 06:25:00+00:00,2025-02-26 17:10:00+00:00,2025-02-26T07:25:00+01:00,2025-02-26T18:10:00+01:00,2025-02-26 06:28:42.581740800+00:00,2025-02-26 17:11:22.367100416+00:00,-1.4979630432260829,-0.6769539459581225,100,5,False,False,False,-3.7096956800000003,-1.3727850069333334,2025-02-26 17:10:00+00:00,2025-02-27 06:23:00+00:00,13.216666666666667
2025-02-27,2025-02-27 06:23:00+00:00,2025-02-27 17:12:00+00:00,2025-02-27T07:23:00+01:00,2025-02-27T18:12:00+01:00,2025-02-27 06:26:33.202498816+00:00,2025-02-27 17:13:11.277135104+00:00,-1.504020312652787,-0.6865249609612799,100,5,False,False,False,-3.5533749802666668,-1.1879522517333332,2025-02-27 17:12:00+00:00,2025-02-28 06:20:00+00:00,13.133333333333333
2025-02-28,2025-02-28 06:20:00+00:00,2025-02-28 17:14:00+00:00,2025-02-28T07:20:00+01:00,2025-02-28T18:14:00+01:00,2025-02-28 06:24:23.035452416+00:00,2025-02-28 17:14:59.904597760+00:00,-1.509854163564538,-0.6960122382159419,100,5,False,False,False,-4.383924206933333,-0.9984099626666667,2025-02-28 17:14:00+00:00,2025-03-01 06:18:00+00:00,13.066666666666666
2025-03-01,2025-03-01 06:18:00+00:00,2025-03-01 17:15:00+00:00,2025-03-01T07:18:00+01:00,2025-03-01T18:15:00+01:00,2025-03-01 06:22:12.115413504+00:00,2025-03-01 17:16:48.242891264+00:00,-1.5154586120004179,-0.7054098411023821,100,5,False,False,False,-4.2019235584,-1.8040481877333332,2025-03-01 17:15:00+00:00,2025-03-02 06:16:00+00:00,13.016666666666667
2025-03-02,2025-03-02 06:16:00+00:00,2025-03-02 17:17:00+00:00,2025-03-02T07:16:00+01:00,2025-03-02T18:17:00+01:00,2025-03-02 06:20:00.476378112+00:00,2025-03-02 17:18:36.286359040+00:00,-1.5208279580143726,-0.7147119203748555,100,5,False,False,False,-4.0079396352,-1.6047726506666666,2025-03-02 17:17:00+00:00,2025-03-03 06:14:00+00:00,12.95
2025-03-03,2025-03-03 06:14:00+00:00,2025-03-03 17:19:00+00:00,2025-03-03T07:14:00+01:00,2025-03-03T18:19:00+01:00,2025-03-03 06:17:48.151965952+00:00,2025-03-03 17:20:24.030154240+00:00,-1.5259567921515151,-0.723912719526935,100,5,False,False,False,-3.8025327658666668,-1.4005025706666667,2025-03-03 17:19:00+00:00,2025-03-04 06:12:00+00:00,12.883333333333333
2025-03-04,2025-03-04 06:12:00+00:00,2025-03-04 17:21:00+00:00,2025-03-04T07:12:00+01:00,2025-03-04T18:21:00+01:00,2025-03-04 06:15:35.175878144+00:00,2025-03-04 17:22:11.470452992+00:00,-1.530840001576629,-0.7330065800530041,100,5,False,False,False,-3.5862646357333334,-1.1911742165333334,2025-03-04 17:21:00+00:00,2025-03-05 06:09:00+00:00,12.8
2025-03-05,2025-03-05 06:09:00+00:00,2025-03-05 17:23:00+00:00,2025-03-05T07:09:00+01:00,2025-03-05T18:23:00+01:00,2025-03-05 06:13:21.582213888+00:00,2025-03-05 17:23:58.605039360+00:00,-1.5354727758476892,-0.7419879466001253,100,5,False,False,False,-4.3597035648,-0.976750656,2025-03-05 17:23:00+00:00,2025-03-06 06:07:00+00:00,12.733333333333333
2025-03-06,2025-03-06 06:07:00+00:00,2025-03-06 17:25:00+00:00,2025-03-06T07:07:00+01:00,2025-03-06T18:25:00+01:00,2025-03-06 06:11:07.405530880+00:00,2025-03-06 17:25:45.434028544+00:00,-1.5398506123276454,-0.7508513720046452,100,5,False,False,False,-4.123425514666667,-0.7572338090666667,2025-03-06 17:25:00+00:00,2025-03-07 06:05:00+00:00,12.666666666666666
2025-03-07,2025-03-07 06:05:00+00:00,2025-03-07 17:27:00+00:00,2025-03-07T07:05:00+01:00,2025-03-07T18:27:00+01:00,2025-03-07 06:08:52.680676352+00:00,2025-03-07 17:27:31.960404992+00:00,-1.5439693212281427,-0.759591522208022,100,5,False,False,False,-3.8780112725333336,-0.5326734165333333,2025-03-07 17:27:00+00:00,2025-03-08 06:02:00+00:00,12.583333333333334
2025-03-08,2025-03-08 06:02:00+00:00,2025-03-08 17:28:00+00:00,2025-03-08T07:02:00+01:00,2025-03-08T18:28:00+01:00,2025-03-08 06:06:37.442513664+00:00,2025-03-08 17:29:18.190169856+00:00,-1.5478250302792773,-0.7682031810465045,100,5,False,False,False,-4.6240418943999995,-1.3031694976,2025-03-08 17:28:00+00:00,2025-03-09 06:00:00+00:00,12.533333333333333
2025-03-09,2025-03-09 06:00:00+00:00,2025-03-09 17:30:00+00:00,2025-03-09T07:00:00+01:00,2025-03-09T18:30:00+01:00,2025-03-09 06:04:21.725662976+00:00,2025-03-09 17:31:04.132113152+00:00,-1.5514141890199549,-0.7766812549094466,100,5,False,False,False,-4.362094382933334,-1.0688685525333335,2025-03-09 17:30:00+00:00,2025-03-10 05:58:00+00:00,12.466666666666667
2025-03-10,2025-03-10 05:58:00+00:00,2025-03-10 17:32:00+00:00,2025-03-10T06:58:00+01:00,2025-03-10T18:32:00+01:00,2025-03-10 06:02:05.564327168+00:00,2025-03-10 17:32:49.797358080+00:00,-1.554733572703845,-0.7850207772611784,100,5,False,False,False,-4.092738786133333,-0.829955968,2025-03-10 17:32:00+00:00,2025-03-11 05:56:00+00:00,12.4
2025-03-11,2025-03-11 05:56:00+00:00,2025-03-11 17:34:00+00:00,2025-03-11T06:56:00+01:00,2025-03-11T18:34:00+01:00,2025-03-11 05:59:48.992190976+00:00,2025-03-11 17:34:35.198833920+00:00,-1.5577802858163943,-0.7932169130215293,99,5,False,False,False,-3.8165365162666665,-0.586647232,2025-03-11 17:34:00+00:00,2025-03-12 05:53:00+00:00,12.316666666666666
2025-03-12,2025-03-12 05:53:00+00:00,2025-03-12 17:36:00+00:00,2025-03-12T06:53:00+01:00,2025-03-12T18:36:00+01:00,2025-03-12 05:57:32.042361856+00:00,2025-03-12 17:36:20.350745600+00:00,-1.560551765198823,-0.8012649628002592,99,5,False,False,False,-4.5340393642666665,-0.33917909333333335,2025-03-12 17:36:00+00:00,2025-03-13 05:51:00+00:00,12.25
2025-03-13,2025-03-13 05:51:00+00:00,2025-03-13 17:37:00+00:00,2025-03-13T06:51:00+01:00,2025-03-13T18:37:00+01:00,2025-03-13 05:55:14.747346176+00:00,2025-03-13 17:38:05.268067840+00:00,-1.5630457827754918,-0.8091603669808151,99,5,False,False,False,-4.245789102933333,-1.0878011306666666,2025-03-13 17:37:00+00:00,2025-03-14 05:49:00+00:00,12.2
2025-03-14,2025-03-14 05:49:00+00:00,2025-03-14 17:39:00+00:00,2025-03-14T06:49:00+01:00,2025-03-14T18:39:00+01:00,2025-03-14 05:52:57.139077888+00:00,2025-03-14 17:39:49.966087936+00:00,-1.5652604478814958,-0.8168987096490223,99,5,False,False,False,-3.9523179648,-0.8327681322666667,2025-03-14 17:39:00+00:00,2025-03-15 05:46:00+00:00,12.116666666666667
2025-03-15,2025-03-15 05:46:00+00:00,2025-03-15 17:41:00+00:00,2025-03-15T06:46:00+01:00,2025-03-15T18:41:00+01:00,2025-03-15 05:50:39.249004288+00:00,2025-03-15 17:41:34.460066560+00:00,-1.5671942091878244,-0.8244757223624843,99,5,False,False,False,-4.654150071466666,-0.5743344426666667,2025-03-15 17:41:00+00:00,2025-03-16 05:44:00+00:00,12.05
2025-03-16,2025-03-16 05:44:00+00:00,2025-03-16 17:43:00+00:00,2025-03-16T06:44:00+01:00,2025-03-16T18:43:00+01:00,2025-03-16 05:48:21.108214016+00:00,2025-03-16 17:43:18.765032704+00:00,-1.568845856221897,-0.83188728775666,99,5,False,False,False,-4.351803566933333,-0.31275054506666666,2025-03-16 17:43:00+00:00,2025-03-17 05:42:00+00:00,11.983333333333333
2025-03-17,2025-03-17 05:42:00+00:00,2025-03-17 17:45:00+00:00,2025-03-17T06:42:00+01:00,2025-03-17T18:45:00+01:00,2025-03-17 05:46:02.747567104+00:00,2025-03-17 17:45:02.895692288+00:00,-1.5702145204817652,-0.8391294429837773,99,5,False,False,False,-4.045792785066667,-0.04826153813333333,2025-03-17 17:45:00+00:00,2025-03-18 05:39:00+00:00,11.9
2025-03-18,2025-03-18 05:39:00+00:00,2025-03-18 17:46:00+00:00,2025-03-18T06:39:00+01:00,2025-03-18T18:46:00+01:00,2025-03-18 05:43:44.197810176+00:00,2025-03-18 17:46:46.866378496+00:00,-1.5712996761427565,-0.8461983829809294,99,5,False,False,False,-4.736630169600001,-0.7811063082666667,2025-03-18 17:46:00+00:00,2025-03-19 05:37:00+00:00,11.85
2025-03-19,2025-03-19 05:37:00+00:00,2025-03-19 17:48:00+00:00,2025-03-19T06:37:00+01:00,2025-03-19T18:48:00+01:00,2025-03-19 05:41:25.489662208+00:00,2025-03-19 17:48:30.690988544+00:00,-1.5721011403558212,-0.8530904635639093,99,5,False,False,False,-4.424827703466667,-0.5115164757333334,2025-03-19 17:48:00+00:00,2025-03-20 05:35:00+00:00,11.783333333333333
2025-03-20,2025-03-20 05:35:00+00:00,2025-03-20 17:50:00+00:00,2025-03-20T06:35:00+01:00,2025-03-20T18:50:00+01:00,2025-03-20 05:39:06.653879552+00:00,2025-03-20 17:50:14.382881536+00:00,-1.5726190731373195,-0.8598022043435289,99,5,False,False,False,-4.110897992533333,-0.23971469226666667,2025-03-20 17:50:00+00:00,2025-03-21 05:33:00+00:00,11.716666666666667
2025-03-21,2025-03-21 05:33:00+00:00,2025-03-21 17:52:00+00:00,2025-03-21T06:33:00+01:00,2025-03-21T18:52:00+01:00,2025-03-21 05:36:47.721288704+00:00,2025-03-21 17:51:57.954724352+00:00,-1.57285397685048,-0.8663302914613897,99,5,False,True,False,-3.795354811733333,0.03408792746666667,2025-03-21 17:52:00+00:00,2025-03-22 05:30:00+00:00,11.633333333333333
2025-03-22,2025-03-22 05:30:00+00:00,2025-03-22 17:53:00+00:00,2025-03-22T06:30:00+01:00,2025-03-22T18:53:00+01:00,2025-03-22 05:34:28.722779136+00:00,2025-03-22 17:53:41.418264832+00:00,-1.5728066952792394,-0.8726715801422668,99,5,False,False,False,-4.4787129856,-0.6903044138666666,2025-03-22 17:53:00+00:00,2025-03-23 05:28:00+00:00,11.583333333333334
2025-03-23,2025-03-23 05:28:00+00:00,2025-03-23 17:55:00+00:00,2025-03-23T06:28:00+01:00,2025-03-23T18:55:00+01:00,2025-03-23 05:32:09.689273600+00:00,2025-03-23 17:55:24.784070656+00:00,-1.5724784122956648,-0.8788230970604922,99,5,False,False,False,-4.161487893333334,-0.4130678442666667,2025-03-23 17:55:00+00:00,2025-03-24 05:26:00+00:00,11.516666666666667
2025-03-24,2025-03-24 05:26:00+00:00,2025-03-24 17:57:00+00:00,2025-03-24T06:26:00+01:00,2025-03-24T18:57:00+01:00,2025-03-24 05:29:50.651685120+00:00,2025-03-24 17:57:08.061309184+00:00,-1.5718706501226243,-0.884782042517939,99,5,False,False,False,-3.844194752,-0.13435515306666668,2025-03-24 17:57:00+00:00,2025-03-25 05:23:00+00:00,11.433333333333334
2025-03-25,2025-03-25 05:23:00+00:00,2025-03-25 17:59:00+00:00,2025-03-25T06:23:00+01:00,2025-03-25T18:59:00+01:00,2025-03-25 05:27:31.640859392+00:00,2025-03-25 17:58:51.257706752+00:00,-1.5709852671938793,-0.890545792431416,99,5,False,False,False,-4.527347656533333,0.14570488746666665,2025-03-25 17:59:00+00:00,2025-03-26 05:21:00+00:00,11.366666666666667
2025-03-26,2025-03-26 05:21:00+00:00,2025-03-26 18:00:00+00:00,2025-03-26T06:21:00+01:00,2025-03-26T19:00:00+01:00,2025-03-26 05:25:12.687458304+00:00,2025-03-26 18:00:34.379727616+00:00,-1.5698244556142225,-0.8961119001275198,99,5,False,False,False,-4.2114576384,-0.5729954602666666,2025-03-26 18:00:00+00:00,2025-03-27 05:19:00+00:00,11.316666666666666
2025-03-27,2025-03-27 05:19:00+00:00,2025-03-27 18:02:00+00:00,2025-03-27T06:19:00+01:00,2025-03-27T19:02:00+01:00,2025-03-27 05:22:53.821751808+00:00,2025-03-27 18:02:17.432851200+00:00,-1.5683907382227777,-0.9014780979432022,99,5,False,False,False,-3.8970291967999997,-0.29054752,2025-03-27 18:02:00+00:00,2025-03-28 05:16:00+00:00,11.233333333333333
2025-03-28,2025-03-28 05:16:00+00:00,2025-03-28 18:04:00+00:00,2025-03-28T06:16:00+01:00,2025-03-28T19:04:00+01:00,2025-03-28 05:20:35.073357824+00:00,2025-03-28 18:04:00.421731328+00:00,-1.5666869652630382,-0.9066422986305417,97,5,False,False,False,-4.584555963733334,-0.007028855466666667,2025-03-28 18:04:00+00:00,2025-03-29 05:14:00+00:00,11.166666666666666
2025-03-29,2025-03-29 05:14:00+00:00,2025-03-29 18:06:00+00:00,2025-03-29T06:14:00+01:00,2025-03-29T19:06:00+01:00,2025-03-29 05:18:16.471079424+00:00,2025-03-29 18:05:43.350085120+00:00,-1.5647163106636965,-0.9116025965644355,96,5,False,False,False,-4.2745179904,0.2774985813333333,2025-03-29 18:06:00+00:00,2025-03-30 05:12:00+00:00,11.1
2025-03-30,2025-03-30 05:12:00+00:00,2025-03-30 18:07:00+00:00,2025-03-30T07:12:00+02:00,2025-03-30T20:07:00+02:00,2025-03-30 05:15:58.043000832+00:00,2025-03-30 18:07:26.220427776+00:00,-1.56248226793477,-0.9163572687521544,96,5,False,False,False,-3.9673833471999997,-0.43700712960000004,2025-03-30 18:07:00+00:00,2025-03-31 05:09:00+00:00,11.033333333333333
2025-03-31,2025-03-31 05:09:00+00:00,2025-03-31 18:09:00+00:00,2025-03-31T07:09:00+02:00,2025-03-31T20:09:00+02:00,2025-03-31 05:13:39.816910848+00:00,2025-03-31 18:09:09.033957120+00:00,-1.5599886456839893,-0.920904775643935,97,5,False,False,False,-4.6636151808,-0.150565952,2025-03-31 18:09:00+00:00,2025-04-01 05:07:00+00:00,10.966666666666667
2025-04-01,2025-04-01 05:07:00+00:00,2025-04-01 18:11:00+00:00,2025-04-01T07:07:00+02:00,2025-04-01T20:11:00+02:00,2025-04-01 05:11:21.820913152+00:00,2025-04-01 18:10:51.790872832+00:00,-1.5572395627588635,-0.9252437617440133,96,5,False,False,False,-4.363681885866667,0.13681878613333334,2025-04-01 18:11:00+00:00,2025-04-02 05:05:00+00:00,10.9
2025-04-02,2025-04-02 05:05:00+00:00,2025-04-02 18:13:00+00:00,2025-04-02T07:05:00+02:00,2025-04-02T20:13:00+02:00,2025-04-02 05:09:04.083980800+00:00,2025-04-02 18:12:34.491151616+00:00,-1.5542394430202873,-0.9293730560217356,96,5,False,False,False,-4.068066346666667,0.42514747306666667,2025-04-02 18:13:00+00:00,2025-04-03 05:03:00+00:00,10.833333333333334
2025-04-03,2025-04-03 05:03:00+00:00,2025-04-03 18:14:00+00:00,2025-04-03T07:03:00+02:00,2025-04-03T20:14:00+02:00,2025-04-03 05:06:46.636218112+00:00,2025-04-03 18:14:17.135479040+00:00,-1.5509930097539775,-0.9332916721226109,96,5,False,False,False,-3.7772703018666665,-0.2855913173333333,2025-04-03 18:14:00+00:00,2025-04-04 05:00:00+00:00,10.766666666666667
2025-04-04,2025-04-04 05:00:00+00:00,2025-04-04 18:16:00+00:00,2025-04-04T07:00:00+02:00,2025-04-04T20:16:00+02:00,2025-04-04 05:04:29.508789760+00:00,2025-04-04 18:15:59.725949952+00:00,-1.5475052797264728,-0.9369988083794087,96,5,False,False,False,-4.491813162666667,0.0045675008,2025-04-04 18:16:00+00:00,2025-04-05 04:58:00+00:00,10.7
2025-04-05,2025-04-05 04:58:00+00:00,2025-04-05 18:18:00+00:00,2025-04-05T06:58:00+02:00,2025-04-05T20:18:00+02:00,2025-04-05 05:02:12.733641216+00:00,2025-04-05 18:17:42.266298112+00:00,-1.5437815568928412,-0.940493847623627,97,5,False,False,False,-4.2122273536,0.29556169813333333,2025-04-05 18:18:00+00:00,2025-04-06 04:56:00+00:00,10.633333333333333
2025-04-06,2025-04-06 04:56:00+00:00,2025-04-06 18:20:00+00:00,2025-04-06T06:56:00+02:00,2025-04-06T20:20:00+02:00,2025-04-06 04:59:56.343201536+00:00,2025-04-06 18:19:24.761692928+00:00,-1.5398274257636535,-0.9437763567978936,100,5,False,False,False,-3.9390533589333336,0.5873051178666666,2025-04-06 18:20:00+00:00,2025-04-07 04:54:00+00:00,10.566666666666666
2025-04-07,2025-04-07 04:54:00+00:00,2025-04-07 18:21:00+00:00,2025-04-07T06:54:00+02:00,2025-04-07T20:21:00+02:00,2025-04-07 04:57:40.370192896+00:00,2025-04-07 18:21:07.218309376+00:00,-1.5356487444391886,-0.9468460863700923,97,5,False,False,False,-3.6728365482666665,-0.12030515626666666,2025-04-07 18:21:00+00:00,2025-04-08 04:51:00+00:00,10.5
2025-04-08,2025-04-08 04:51:00+00:00,2025-04-08 18:23:00+00:00,2025-04-08T06:51:00+02:00,2025-04-08T20:23:00+02:00,2025-04-08 04:55:24.847548672+00:00,2025-04-08 18:22:49.642853376+00:00,-1.5312516373192337,-0.9497029695502328,99,5,False,False,False,-4.4141258112,0.1726191104,2025-04-08 18:23:00+00:00,2025-04-09 04:49:00+00:00,10.433333333333334
2025-04-09,2025-04-09 04:49:00+00:00,2025-04-09 18:25:00+00:00,2025-04-09T06:49:00+02:00,2025-04-09T20:25:00+02:00,2025-04-09 04:53:09.808388608+00:00,2025-04-09 18:24:32.042109696+00:00,-1.5266424874972122,-0.9523471213113125,100,5,False,False,False,-4.163473143466667,0.46596483839999997,2025-04-09 18:25:00+00:00,2025-04-10 04:47:00+00:00,10.366666666666667
2025-04-10,2025-04-10 04:47:00+00:00,2025-04-10 18:27:00+00:00,2025-04-10T06:47:00+02:00,2025-04-10T20:27:00+02:00,2025-04-10 04:50:55.286014976+00:00,2025-04-10 18:26:14.422514432+00:00,-1.5218279288477683,-0.9547788372156449,98,5,False,False,False,-3.921433582933333,0.7596247594666666,2025-04-10 18:27:00+00:00,2025-04-11 04:45:00+00:00,10.3
2025-04-11,2025-04-11 04:45:00+00:00,2025-04-11 18:28:00+00:00,2025-04-11T06:45:00+02:00,2025-04-11T20:28:00+02:00,2025-04-11 04:48:41.313927936+00:00,2025-04-11 18:27:56.789756160+00:00,-1.5168148378172797,-0.9569985920483519,99,5,False,False,False,-3.6885654656,0.053504064,2025-04-11 18:28:00+00:00,2025-04-12 04:42:00+00:00,10.233333333333333
2025-04-12,2025-04-12 04:42:00+00:00,2025-04-12 18:30:00+00:00,2025-04-12T06:42:00+02:00,2025-04-12T20:30:00+02:00,2025-04-12 04:46:27.925878528+00:00,2025-04-12 18:29:39.148455424+00:00,-1.5116103249271375,-0.959007038259942,100,5,False,False,False,-4.4654313088,0.3475257429333333,2025-04-12 18:30:00+00:00,2025-04-13 04:40:00+00:00,10.166666666666666
2025-04-13,2025-04-13 04:40:00+00:00,2025-04-13 18:32:00+00:00,2025-04-13T06:40:00+02:00,2025-04-13T20:32:00+02:00,2025-04-13 04:44:15.155963904+00:00,2025-04-13 18:31:21.501958144+00:00,-1.5062217259999628,-0.9608050042201142,100,5,False,False,False,-4.2525993984,0.6416340309333334,2025-04-13 18:32:00+00:00,2025-04-14 04:38:00+00:00,10.1
2025-04-14,2025-04-14 04:38:00+00:00,2025-04-14 18:33:00+00:00,2025-04-14T06:38:00+02:00,2025-04-14T20:33:00+02:00,2025-04-14 04:42:03.038738432+00:00,2025-04-14 18:33:03.852211456+00:00,-1.5006565931192628,-0.9623934922851447,99,5,False,False,False,-4.050645640533333,-0.06420352426666667,2025-04-14 18:33:00+00:00,2025-04-15 04:36:00+00:00,10.05
2025-04-15,2025-04-15 04:36:00+00:00,2025-04-15 18:35:00+00:00,2025-04-15T06:36:00+02:00,2025-04-15T20:35:00+02:00,2025-04-15 04:39:51.609335808+00:00,2025-04-15 18:34:46.199675904+00:00,-1.4949226853333413,-0.9637736766814315,100,5,False,False,False,-3.8601555968,0.23000540160000002,2025-04-15 18:35:00+00:00,2025-04-16 04:34:00+00:00,9.983333333333333
2025-04-16,2025-04-16 04:34:00+00:00,2025-04-16 18:37:00+00:00,2025-04-16T06:34:00+02:00,2025-04-16T20:37:00+02:00,2025-04-16 04:37:40.903588352+00:00,2025-04-16 18:36:28.543219456+00:00,-1.4890279591145883,-0.9649469012079772,100,5,False,False,False,-3.6817264725333336,0.5242796757333333,2025-04-16 18:37:00+00:00,2025-04-17 04:32:00+00:00,9.916666666666666
2025-04-17,2025-04-17 04:32:00+00:00,2025-04-17 18:39:00+00:00,2025-04-17T06:32:00+02:00,2025-04-17T20:39:00+02:00,2025-04-17 04:35:30.958130944+00:00,2025-04-17 18:38:10.880000512+00:00,-1.4829805585855529,-0.9659146767608027,100,5,False,False,False,-3.5159688490666667,0.8186666581333333,2025-04-17 18:39:00+00:00,2025-04-18 04:29:00+00:00,9.833333333333334
2025-04-18,2025-04-18 04:29:00+00:00,2025-04-18 18:40:00+00:00,2025-04-18T06:29:00+02:00,2025-04-18T20:40:00+02:00,2025-04-18 04:33:21.810457600+00:00,2025-04-18 18:39:53.205307392+00:00,-1.4767888055234906,-0.9666786786824889,100,5,False,False,False,-4.363507626666666,0.1132448768,2025-04-18 18:40:00+00:00,2025-04-19 04:27:00+00:00,9.783333333333333
2025-04-19,2025-04-19 04:27:00+00:00,2025-04-19 18:42:00+00:00,2025-04-19T06:27:00+02:00,2025-04-19T20:42:00+02:00,2025-04-19 04:31:13.498914048+00:00,2025-04-19 18:41:35.512343296+00:00,-1.470461189155328,-0.9672407439402391,100,5,False,False,False,-4.2249819008,0.40812761173333334,2025-04-19 18:42:00+00:00,2025-04-20 04:25:00+00:00,9.716666666666667
2025-04-20,2025-04-20 04:25:00+00:00,2025-04-20 18:44:00+00:00,2025-04-20T06:25:00+02:00,2025-04-20T20:44:00+02:00,2025-04-20 04:29:06.062635520+00:00,2025-04-20 18:43:17.791929600+00:00,-1.4640063557552463,-0.9676028681360589,100,5,False,False,False,-4.101043925333333,0.70346784,2025-04-20 18:44:00+00:00,2025-04-21 04:23:00+00:00,9.65
2025-04-21,2025-04-21 04:23:00+00:00,2025-04-21 18:45:00+00:00,2025-04-21T06:23:00+02:00,2025-04-21T20:45:00+02:00,2025-04-21 04:26:59.541471744+00:00,2025-04-21 18:45:00.032206592+00:00,-1.4574330980573107,-0.9677672023528339,100,5,False,False,False,-3.9923578624,-0.0005367765333333333,2025-04-21 18:45:00+00:00,2025-04-22 04:21:00+00:00,9.6
2025-04-22,2025-04-22 04:21:00+00:00,2025-04-22 18:47:00+00:00,2025-04-22T06:21:00+02:00,2025-04-22T20:47:00+02:00,2025-04-22 04:24:53.975895296+00:00,2025-04-22 18:46:42.218461696+00:00,-1.450750344495794,-0.9677360498402796,100,5,False,False,False,-3.8995982549333332,0.29635897173333337,2025-04-22 18:47:00+00:00,2025-04-23 04:19:00+00:00,9.533333333333333
2025-04-23,2025-04-23 04:19:00+00:00,2025-04-23 18:49:00+00:00,2025-04-23T06:19:00+02:00,2025-04-23T20:49:00+02:00,2025-04-23 04:22:49.406842624+00:00,2025-04-23 18:48:24.333156864+00:00,-1.4439671482860514,-0.9675118625449155,100,5,False,False,False,-3.8234473770666666,0.5944473856,2025-04-23 18:49:00+00:00,2025-04-24 04:17:00+00:00,9.466666666666667
2025-04-24,2025-04-24 04:17:00+00:00,2025-04-24 18:51:00+00:00,2025-04-24T06:17:00+02:00,2025-04-24T20:51:00+02:00,2025-04-24 04:20:45.875407616+00:00,2025-04-24 18:50:06.356080896+00:00,-1.437092676358979,-0.967097237488399,100,5,False,False,False,-3.7645901269333333,0.8940653183999999,2025-04-24 18:51:00+00:00,2025-04-25 04:15:00+00:00,9.4
2025-04-25,2025-04-25 04:15:00+00:00,2025-04-25 18:52:00+00:00,2025-04-25T06:15:00+02:00,2025-04-25T20:52:00+02:00,2025-04-25 04:18:43.422419712+00:00,2025-04-25 18:51:48.264423168+00:00,-1.4301361981622822,-0.9664949129987196,100,5,False,False,False,-3.7237069951999997,0.1955929472,2025-04-25 18:52:00+00:00,2025-04-26 04:13:00+00:00,9.35
2025-04-26,2025-04-26 04:13:00+00:00,2025-04-26 18:54:00+00:00,2025-04-26T06:13:00+02:00,2025-04-26T20:54:00+02:00,2025-04-26 04:16:42.088058624+00:00,2025-04-26 18:53:30.032631808+00:00,-1.4231070743419154,-0.9657077647989271,100,5,False,False,False,-3.7014676437333334,0.4994561365333333,2025-04-26 18:54:00+00:00,2025-04-27 04:11:00+00:00,9.283333333333333
2025-04-27,2025-04-27 04:11:00+00:00,2025-04-27 18:56:00+00:00,2025-04-27T06:11:00+02:00,2025-04-27T20:56:00+02:00,2025-04-27 04:14:41.911762176+00:00,2025-04-27 18:55:11.632146944+00:00,-1.4160147453172098,-0.9647388019582261,100,5,False,False,False,-3.6985293696,0.8061308842666667,2025-04-27 18:56:00+00:00,2025-04-28 04:09:00+00:00,9.216666666666667
2025-04-28,2025-04-28 04:09:00+00:00,2025-04-28 18:57:00+00:00,2025-04-28T06:09:00+02:00,2025-04-28T20:57:00+02:00,2025-04-28 04:12:42.932571648+00:00,2025-04-28 18:56:53.031306752+00:00,-1.4088687197633338,-0.9635911627104277,100,5,False,False,False,-3.7155428608,0.11614488746666667,2025-04-28 18:57:00+00:00,2025-04-29 04:07:00+00:00,9.166666666666666
2025-04-29,2025-04-29 04:07:00+00:00,2025-04-29 18:59:00+00:00,2025-04-29T06:07:00+02:00,2025-04-29T20:59:00+02:00,2025-04-29 04:10:45.189838080+00:00,2025-04-29 18:58:34.195704064+00:00,-1.40167856301482,-0.9622681101448897,100,5,False,False,False,-3.753163968,0.4300715989333333,2025-04-29 18:59:00+00:00,2025-04-30 04:05:00+00:00,9.1
2025-04-30,2025-04-30 04:05:00+00:00,2025-04-30 19:01:00+00:00,2025-04-30T06:05:00+02:00,2025-04-30T21:01:00+02:00,2025-04-30 04:08:48.723994624+00:00,2025-04-30 19:00:15.089009152+00:00,-1.3944538854040174,-0.9607730277752372,100,5,False,False,False,-3.8120665770666666,0.7485165141333333,2025-04-30 19:01:00+00:00,2025-05-01 04:03:00+00:00,9.033333333333333
2025-05-01,2025-05-01 04:03:00+00:00,2025-05-01 19:02:00+00:00,2025-05-01T06:03:00+02:00,2025-05-01T21:02:00+02:00,2025-05-01 04:06:53.577061376+00:00,2025-05-01 19:01:55.673978368+00:00,-1.3872043305483703,-0.9591094149912744,100,5,False,False,False,-3.892951022933333,0.07210036053333332,2025-05-01 19:02:00+00:00,2025-05-02 04:02:00+00:00,9.0
2025-05-02,2025-05-02 04:02:00+00:00,2025-05-02 19:04:00+00:00,2025-05-02T06:02:00+02:00,2025-05-02T21:04:00+02:00,2025-05-02 04:04:59.792724224+00:00,2025-05-02 19:03:35.913261056+00:00,-1.3799395636005125,-0.957280882399641,100,5,False,False,False,-2.9965454037333337,0.4014456490666667,2025-05-02 19:04:00+00:00,2025-05-03 04:00:00+00:00,8.933333333333334
2025-05-03,2025-05-03 04:00:00+00:00,2025-05-03 19:06:00+00:00,2025-05-03T06:00:00+02:00,2025-05-03T21:06:00+02:00,2025-05-03 04:03:07.416060160+00:00,2025-05-03 19:05:15.769763840+00:00,-1.3726692594751937,-0.9552911470588864,100,5,False,False,False,-3.1236010026666667,0.7371706026666666,2025-05-03 19:06:00+00:00,2025-05-04 03:58:00+00:00,8.866666666666667
2025-05-04,2025-05-04 03:58:00+00:00,2025-05-04 19:07:00+00:00,2025-05-04T05:58:00+02:00,2025-05-04T21:07:00+02:00,2025-05-04 04:01:16.493144064+00:00,2025-05-04 19:06:55.206598400+00:00,-1.3654030910670807,-0.9531440276147534,100,5,False,False,False,-3.2748857344,0.07989002666666667,2025-05-04 19:07:00+00:00,2025-05-05 03:56:00+00:00,8.816666666666666
2025-05-05,2025-05-05 03:56:00+00:00,2025-05-05 19:09:00+00:00,2025-05-05T05:56:00+02:00,2025-05-05T21:09:00+02:00,2025-05-05 03:59:27.070739456+00:00,2025-05-05 19:08:34.186790400+00:00,-1.3581507174735032,-0.9508434393415721,100,5,False,False,False,-3.4511789909333337,0.43022016,2025-05-05 19:09:00+00:00,2025-05-06 03:54:00+00:00,8.75
2025-05-06,2025-05-06 03:54:00+00:00,2025-05-06 19:11:00+00:00,2025-05-06T05:54:00+02:00,2025-05-06T21:11:00+02:00,2025-05-06 03:57:39.196153856+00:00,2025-05-06 19:10:12.672921600+00:00,-1.350921772236182,-0.9483933890957718,100,5,False,False,False,-3.6532692309333332,0.7887846399999999,2025-05-06 19:11:00+00:00,2025-05-07 03:53:00+00:00,8.7
2025-05-07,2025-05-07 03:53:00+00:00,2025-05-07 19:12:00+00:00,2025-05-07T05:53:00+02:00,2025-05-07T21:12:00+02:00,2025-05-07 03:55:52.917210624+00:00,2025-05-07 19:11:50.626778624+00:00,-1.3437258516159778,-0.9457979701876071,100,5,False,False,False,-2.8819535104000003,0.15622035626666667,2025-05-07 19:12:00+00:00,2025-05-08 03:51:00+00:00,8.65
2025-05-08,2025-05-08 03:51:00+00:00,2025-05-08 19:14:00+00:00,2025-05-08T05:51:00+02:00,2025-05-08T21:14:00+02:00,2025-05-08 03:54:08.282249984+00:00,2025-05-08 19:13:28.009008640+00:00,-1.3365725029146418,-0.9430613571772958,100,5,False,False,False,-3.1380374997333336,0.5331831893333333,2025-05-08 19:14:00+00:00,2025-05-09 03:49:00+00:00,8.583333333333334
2025-05-09,2025-05-09 03:49:00+00:00,2025-05-09 19:15:00+00:00,2025-05-09T05:49:00+02:00,2025-05-09T21:15:00+02:00,2025-05-09 03:52:25.340124416+00:00,2025-05-09 19:15:04.778806784+00:00,-1.3294712128575035,-0.940187800601833,100,5,False,False,False,-3.4223354069333336,-0.07964677973333334,2025-05-09 19:15:00+00:00,2025-05-10 03:48:00+00:00,8.55
2025-05-10,2025-05-10 03:48:00+00:00,2025-05-10 19:17:00+00:00,2025-05-10T05:48:00+02:00,2025-05-10T21:17:00+02:00,2025-05-10 03:50:44.140184832+00:00,2025-05-10 19:16:40.893672192+00:00,-1.3224313960509506,-0.9371816216388349,100,5,False,False,False,-2.7356697472,0.3184387968,2025-05-10 19:17:00+00:00,2025-05-11 03:46:00+00:00,8.483333333333333
2025-05-11,2025-05-11 03:46:00+00:00,2025-05-11 19:19:00+00:00,2025-05-11T05:46:00+02:00,2025-05-11T21:19:00+02:00,2025-05-11 03:49:04.732290560+00:00,2025-05-11 19:18:16.309258240+00:00,-1.315462383528474,-0.9340472067138192,101,6,False,False,False,-3.078871509333333,0.7281790293333333,2025-05-11 19:19:00+00:00,2025-05-12 03:44:00+00:00,8.416666666666666
2025-05-12,2025-05-12 03:44:00+00:00,2025-05-12 19:20:00+00:00,2025-05-12T05:44:00+02:00,2025-05-12T21:20:00+02:00,2025-05-12 03:47:27.166856704+00:00,2025-05-12 19:19:50.979289344+00:00,-1.308573411398936,-0.9307890020573975,102,6,False,False,False,-3.4527809450666664,0.15034517760000002,2025-05-12 19:20:00+00:00,2025-05-13 03:43:00+00:00,8.383333333333333
2025-05-13,2025-05-13 03:43:00+00:00,2025-05-13 19:22:00+00:00,2025-05-13T05:43:00+02:00,2025-05-13T21:22:00+02:00,2025-05-13 03:45:51.494939392+00:00,2025-05-13 19:21:24.855500032+00:00,-1.3017736096106076,-0.9274115082189013,103,6,False,False,False,-2.8582489898666665,0.5857416661333333,2025-05-13 19:22:00+00:00,2025-05-14 03:41:00+00:00,8.316666666666666
2025-05-14,2025-05-14 03:41:00+00:00,2025-05-14 19:23:00+00:00,2025-05-14T05:41:00+02:00,2025-05-14T21:23:00+02:00,2025-05-14 03:44:17.768334592+00:00,2025-05-14 19:22:57.887578112+00:00,-1.2950719908443706,-0.9239192745430095,104,6,False,False,False,-3.296138909866667,0.03520703146666667,2025-05-14 19:23:00+00:00,2025-05-15 03:40:00+00:00,8.283333333333333
2025-05-15,2025-05-15 03:40:00+00:00,2025-05-15 19:25:00+00:00,2025-05-15T05:40:00+02:00,2025-05-15T21:25:00+02:00,2025-05-15 03:42:46.039658752+00:00,2025-05-15 19:24:30.023116032+00:00,-1.2884774395493415,-0.9203168936159776,105,6,False,False,False,-2.7673276458666667,0.49961473279999996,2025-05-15 19:25:00+00:00,2025-05-16 03:38:00+00:00,8.216666666666667
2025-05-16,2025-05-16 03:38:00+00:00,2025-05-16 19:26:00+00:00,2025-05-16T05:38:00+02:00,2025-05-16T21:26:00+02:00,2025-05-16 03:41:16.362369024+00:00,2025-05-16 19:26:01.207568384+00:00,-1.2819987011339873,-0.9166089956881007,106,6,False,False,False,-3.2727061504,-0.020126139733333333,2025-05-16 19:26:00+00:00,2025-05-17 03:37:00+00:00,8.183333333333334
2025-05-17,2025-05-17 03:37:00+00:00,2025-05-17 19:28:00+00:00,2025-05-17T05:37:00+02:00,2025-05-17T21:28:00+02:00,2025-05-17 03:39:48.790690304+00:00,2025-05-17 19:27:31.384163072+00:00,-1.2756443713256347,-0.9128002430790616,106,6,False,False,False,-2.8131781717333335,0.47693061546666665,2025-05-17 19:28:00+00:00,2025-05-18 03:35:00+00:00,8.116666666666667
2025-05-18,2025-05-18 03:35:00+00:00,2025-05-18 19:29:00+00:00,2025-05-18T05:35:00+02:00,2025-05-18T21:29:00+02:00,2025-05-18 03:38:23.379452672+00:00,2025-05-18 19:29:00.493741312+00:00,-1.2694228857110588,-0.908895324572823,106,6,False,False,False,-3.3896575445333337,-0.008229021866666667,2025-05-18 19:29:00+00:00,2025-05-19 03:34:00+00:00,8.083333333333334
2025-05-19,2025-05-19 03:34:00+00:00,2025-05-19 19:31:00+00:00,2025-05-19T05:34:00+02:00,2025-05-19T21:31:00+02:00,2025-05-19 03:37:00.183852032+00:00,2025-05-19 19:30:28.474564096+00:00,-1.2633425094706319,-0.9048989498087334,106,6,False,False,False,-3.0030642005333332,0.5254239317333333,2025-05-19 19:31:00+00:00,2025-05-20 03:33:00+00:00,8.033333333333333
2025-05-20,2025-05-20 03:33:00+00:00,2025-05-20 19:32:00+00:00,2025-05-20T05:33:00+02:00,2025-05-20T21:32:00+02:00,2025-05-20 03:35:39.259145472+00:00,2025-05-20 19:31:55.262211072+00:00,-1.257411327318277,-0.9008158436755087,107,6,False,False,False,-2.6543190912,0.0789631488,2025-05-20 19:32:00+00:00,2025-05-21 03:32:00+00:00,8.0
2025-05-21,2025-05-21 03:32:00+00:00,2025-05-21 19:33:00+00:00,2025-05-21T05:32:00+02:00,2025-05-21T21:33:00+02:00,2025-05-21 03:34:20.660244480+00:00,2025-05-21 19:33:20.789648896+00:00,-1.2516372336592296,-0.8966507407147415,108,6,False,False,False,-2.344337408,-0.34649414826666664,2025-05-21 19:33:00+00:00,2025-05-22 03:30:00+00:00,7.95
2025-05-22,2025-05-22 03:30:00+00:00,2025-05-22 19:35:00+00:00,2025-05-22T05:30:00+02:00,2025-05-22T21:35:00+02:00,2025-05-22 03:33:04.441155840+00:00,2025-05-22 19:34:44.987436032+00:00,-1.246027922977349,-0.8924083795405682,109,6,False,False,False,-3.074019264,0.25020939946666665,2025-05-22 19:35:00+00:00,2025-05-23 03:29:00+00:00,7.9
2025-05-23,2025-05-23 03:29:00+00:00,2025-05-23 19:36:00+00:00,2025-05-23T05:29:00+02:00,2025-05-23T21:36:00+02:00,2025-05-23 03:31:50.654301184+00:00,2025-05-23 19:36:07.783917312+00:00,-1.2405908804634462,-0.8880934972821013,110,6,False,False,False,-2.8442383530666664,-0.1297319552,2025-05-23 19:36:00+00:00,2025-05-24 03:28:00+00:00,7.866666666666666
2025-05-24,2025-05-24 03:28:00+00:00,2025-05-24 19:37:00+00:00,2025-05-24T05:28:00+02:00,2025-05-24T21:37:00+02:00,2025-05-24 03:30:39.349861120+00:00,2025-05-24 19:37:29.105277952+00:00,-1.235333372895812,-0.8837108240551943,111,6,False,False,False,-2.655831018666667,-0.4850879658666667,2025-05-24 19:37:00+00:00,2025-05-25 03:27:00+00:00,7.833333333333333
2025-05-25,2025-05-25 03:27:00+00:00,2025-05-25 19:39:00+00:00,2025-05-25T05:27:00+02:00,2025-05-25T21:39:00+02:00,2025-05-25 03:29:30.575411200+00:00,2025-05-25 19:38:48.875530496+00:00,-1.2302624397838289,-0.8792650774700654,112,6,False,False,False,-2.5095901866666663,0.18540782506666667,2025-05-25 19:39:00+00:00,2025-05-26 03:26:00+00:00,7.783333333333333
2025-05-26,2025-05-26 03:26:00+00:00,2025-05-26 19:40:00+00:00,2025-05-26T05:26:00+02:00,2025-05-26T21:40:00+02:00,2025-05-26 03:28:24.376041728+00:00,2025-05-26 19:40:07.016626688+00:00,-1.2253848847852316,-0.8747609571812586,113,6,False,False,False,-2.4062673621333333,-0.11694377813333333,2025-05-26 19:40:00+00:00,2025-05-27 03:25:00+00:00,7.75
2025-05-27,2025-05-27 03:25:00+00:00,2025-05-27 19:41:00+00:00,2025-05-27T05:25:00+02:00,2025-05-27T21:41:00+02:00,2025-05-27 03:27:20.794958336+00:00,2025-05-27 19:41:23.448928+00:00,-1.220707267407263,-0.8702031394863555,114,6,False,False,False,-2.3465826389333335,-0.39081546666666667,2025-05-27 19:41:00+00:00,2025-05-28 03:24:00+00:00,7.716666666666667
2025-05-28,2025-05-28 03:24:00+00:00,2025-05-28 19:42:00+00:00,2025-05-28T05:24:00+02:00,2025-05-28T21:42:00+02:00,2025-05-28 03:26:19.874302976+00:00,2025-05-28 19:42:38.092059648+00:00,-1.2162358950016292,-0.8655962719797945,115,6,False,False,False,-2.3312383829333334,-0.6348676608,2025-05-28 19:42:00+00:00,2025-05-29 03:23:00+00:00,7.683333333333334
2025-05-29,2025-05-29 03:23:00+00:00,2025-05-29 19:44:00+00:00,2025-05-29T05:23:00+02:00,2025-05-29T21:44:00+02:00,2025-05-29 03:25:21.655803392+00:00,2025-05-29 19:43:50.865956608+00:00,-1.2119768150628099,-0.86094496826807,116,6,False,False,False,-2.3609300565333333,0.15223405653333336,2025-05-29 19:44:00+00:00,2025-05-30 03:22:00+00:00,7.633333333333334
2025-05-30,2025-05-30 03:22:00+00:00,2025-05-30 19:45:00+00:00,2025-05-30T05:22:00+02:00,2025-05-30T21:45:00+02:00,2025-05-30 03:24:26.180972800+00:00,2025-05-30 19:45:01.691827200+00:00,-1.2079358078389182,-0.8562538027525138,117,6,False,False,False,-2.436349546666667,-0.028197120000000003,2025-05-30 19:45:00+00:00,2025-05-31 03:21:00+00:00,7.6
2025-05-31,2025-05-31 03:21:00+00:00,2025-05-31 19:46:00+00:00,2025-05-31T05:21:00+02:00,2025-05-31T21:46:00+02:00,2025-05-31 03:23:33.490835456+00:00,2025-05-31 19:46:10.492821760+00:00,-1.2041183792639376,-0.8515273054857647,117,6,False,False,False,-2.5581805909333335,-0.17488036266666668,2025-05-31 19:46:00+00:00,2025-06-01 03:20:00+00:00,7.566666666666666
2025-06-01,2025-06-01 03:20:00+00:00,2025-06-01 19:47:00+00:00,2025-06-01T05:20:00+02:00,2025-06-01T21:47:00+02:00,2025-06-01 03:22:43.625394432+00:00,2025-06-01 19:47:17.194372096+00:00,-1.2005297542197695,-0.8467699571079419,117,6,False,False,False,-2.7270899072000003,-0.28657286826666667,2025-06-01 19:47:00+00:00,2025-06-02 03:19:00+00:00,7.533333333333333
2025-06-02,2025-06-02 03:19:00+00:00,2025-06-02 19:48:00+00:00,2025-06-02T05:19:00+02:00,2025-06-02T21:48:00+02:00,2025-06-02 03:21:56.623118848+00:00,2025-06-02 19:48:21.724287744+00:00,-1.1971748701361464,-0.8419861838684308,117,6,False,False,False,-2.9437186474666666,-0.36207146240000004,2025-06-02 19:48:00+00:00,2025-06-03 03:19:00+00:00,7.516666666666667
2025-06-03,2025-06-03 03:19:00+00:00,2025-06-03 19:49:00+00:00,2025-06-03T05:19:00+02:00,2025-06-03T21:49:00+02:00,2025-06-03 03:21:12.520622848+00:00,2025-06-03 19:49:24.012710912+00:00,-1.1940583709360564,-0.8371803527390866,117,6,False,False,False,-2.2086770474666664,-0.4002118485333333,2025-06-03 19:49:00+00:00,2025-06-04 03:18:00+00:00,7.483333333333333
2025-06-04,2025-06-04 03:18:00+00:00,2025-06-04 19:50:00+00:00,2025-06-04T05:18:00+02:00,2025-06-04T21:50:00+02:00,2025-06-04 03:20:31.352515584+00:00,2025-06-04 19:50:23.992016896+00:00,-1.1911846013339114,-0.8323567666245387,117,6,False,False,False,-2.5225419264,-0.39986694826666663,2025-06-04 19:50:00+00:00,2025-06-05 03:17:00+00:00,7.45
2025-06-05,2025-06-05 03:17:00+00:00,2025-06-05 19:51:00+00:00,2025-06-05T05:17:00+02:00,2025-06-05T21:51:00+02:00,2025-06-05 03:19:53.151316992+00:00,2025-06-05 19:51:21.596698112+00:00,-1.1885576014932804,-0.8275196596751575,116,6,False,False,False,-2.8858552832,-0.3599449685333333,2025-06-05 19:51:00+00:00,2025-06-06 03:17:00+00:00,7.433333333333334
2025-06-06,2025-06-06 03:17:00+00:00,2025-06-06 19:52:00+00:00,2025-06-06T05:17:00+02:00,2025-06-06T21:52:00+02:00,2025-06-06 03:19:17.947347712+00:00,2025-06-06 19:52:16.763280896+00:00,-1.1861811020505746,-0.8226731927081192,117,6,False,False,False,-2.299122461866667,-0.2793880149333334,2025-06-06 19:52:00+00:00,2025-06-07 03:16:00+00:00,7.4
2025-06-07,2025-06-07 03:16:00+00:00,2025-06-07 19:53:00+00:00,2025-06-07T05:16:00+02:00,2025-06-07T21:53:00+02:00,2025-06-07 03:18:45.768582912+00:00,2025-06-07 19:53:09.430295040+00:00,-1.1840585195106335,-0.8178214487418629,118,6,False,False,False,-2.7628097152,-0.157171584,2025-06-07 19:53:00+00:00,2025-06-08 03:16:00+00:00,7.383333333333334
2025-06-08,2025-06-08 03:16:00+00:00,2025-06-08 19:53:00+00:00,2025-06-08T05:16:00+02:00,2025-06-08T21:53:00+02:00,2025-06-08 03:18:16.640535040+00:00,2025-06-08 19:53:59.538299648+00:00,-1.182192952019734,-0.8129684286490949,119,6,False,False,False,-2.2773422506666665,-0.9923049941333333,2025-06-08 19:53:00+00:00,2025-06-09 03:15:00+00:00,7.366666666666666
2025-06-09,2025-06-09 03:15:00+00:00,2025-06-09 19:54:00+00:00,2025-06-09T05:15:00+02:00,2025-06-09T21:54:00+02:00,2025-06-09 03:17:50.586205184+00:00,2025-06-09 19:54:47.029941504+00:00,-1.1805871755210742,-0.8081180469333481,120,6,False,False,False,-2.843103419733333,-0.7838323584,2025-06-09 19:54:00+00:00,2025-06-10 03:15:00+00:00,7.35
2025-06-10,2025-06-10 03:15:00+00:00,2025-06-10 19:55:00+00:00,2025-06-10T05:15:00+02:00,2025-06-10T21:55:00+02:00,2025-06-10 03:17:27.626099712+00:00,2025-06-10 19:55:31.850017024+00:00,-1.1792436402973427,-0.8032741276339457,120,6,False,False,False,-2.4604349952000004,-0.5308336170666667,2025-06-10 19:55:00+00:00,2025-06-11 03:15:00+00:00,7.333333333333333
2025-06-11,2025-06-11 03:15:00+00:00,2025-06-11 19:55:00+00:00,2025-06-11T05:15:00+02:00,2025-06-11T21:55:00+02:00,2025-06-11 03:17:07.778286080+00:00,2025-06-11 19:56:13.945547264+00:00,-1.178164467904528,-0.7984404003640647,120,6,False,False,False,-2.129638101333333,-1.2324257877333333,2025-06-11 19:55:00+00:00,2025-06-12 03:14:00+00:00,7.316666666666666
2025-06-12,2025-06-12 03:14:00+00:00,2025-06-12 19:56:00+00:00,2025-06-12T05:14:00+02:00,2025-06-12T21:56:00+02:00,2025-06-12 03:16:51.058441216+00:00,2025-06-12 19:56:53.265863424+00:00,-1.1773514485006364,-0.7936204964864217,120,6,False,False,False,-2.850974020266667,-0.8877643904,2025-06-12 19:56:00+00:00,2025-06-13 03:14:00+00:00,7.3
2025-06-13,2025-06-13 03:14:00+00:00,2025-06-13 19:57:00+00:00,2025-06-13T05:14:00+02:00,2025-06-13T21:57:00+02:00,2025-06-13 03:16:37.479864832+00:00,2025-06-13 19:57:29.762696960+00:00,-1.176806038572545,-0.7888179454309416,120,6,False,False,False,-2.624664413866667,-0.4960449493333333,2025-06-13 19:57:00+00:00,2025-06-14 03:14:00+00:00,7.283333333333333
2025-06-14,2025-06-14 03:14:00+00:00,2025-06-14 19:57:00+00:00,2025-06-14T05:14:00+02:00,2025-06-14T21:57:00+02:00,2025-06-14 03:16:27.053420544+00:00,2025-06-14 19:58:03.390237440+00:00,-1.1765293590637171,-0.7840361711585858,120,6,False,False,False,-2.4508903424,-1.0565039573333332,2025-06-14 19:57:00+00:00,2025-06-15 03:14:00+00:00,7.283333333333333
2025-06-15,2025-06-15 03:14:00+00:00,2025-06-15 19:58:00+00:00,2025-06-15T05:14:00+02:00,2025-06-15T21:58:00+02:00,2025-06-15 03:16:19.787353856+00:00,2025-06-15 19:58:34.105134336+00:00,-1.1765221939050516,-0.7792784887753396,120,6,False,False,False,-2.3297892309333337,-0.5684189056,2025-06-15 19:58:00+00:00,2025-06-16 03:14:00+00:00,7.266666666666667
2025-06-16,2025-06-16 03:14:00+00:00,2025-06-16 19:58:00+00:00,2025-06-16T05:14:00+02:00,2025-06-16T21:58:00+02:00,2025-06-16 03:16:15.686961664+00:00,2025-06-16 19:59:01.866476032+00:00,-1.1767849889506423,-0.7745481013001766,120,6,False,False,False,-2.2614493610666666,-1.0311079338666667,2025-06-16 19:58:00+00:00,2025-06-17 03:14:00+00:00,7.266666666666667
2025-06-17,2025-06-17 03:14:00+00:00,2025-06-17 19:58:00+00:00,2025-06-17T05:14:00+02:00,2025-06-17T21:58:00+02:00,2025-06-17 03:16:14.754102784+00:00,2025-06-17 19:59:26.635803136+00:00,-1.1773178513197537,-0.7698480965906176,120,6,False,False,False,-2.2459017130666665,-1.4439300522666667,2025-06-17 19:58:00+00:00,2025-06-18 03:14:00+00:00,7.266666666666667
2025-06-18,2025-06-18 03:14:00+00:00,2025-06-18 19:59:00+00:00,2025-06-18T05:14:00+02:00,2025-06-18T21:59:00+02:00,2025-06-18 03:16:16.986578432+00:00,2025-06-18 19:59:48.377193984+00:00,-1.1781205491458269,-0.7651814444293199,120,6,False,False,False,-2.283109640533333,-0.8062865664000001,2025-06-18 19:59:00+00:00,2025-06-19 03:14:00+00:00,7.25
2025-06-19,2025-06-19 03:14:00+00:00,2025-06-19 19:59:00+00:00,2025-06-19T05:14:00+02:00,2025-06-19T21:59:00+02:00,2025-06-19 03:16:22.377435648+00:00,2025-06-19 20:00:07.057399040+00:00,-1.1791925117328532,-0.760550993774926,120,6,False,False,False,-2.3729572608,-1.1176233173333334,2025-06-19 19:59:00+00:00,2025-06-20 03:14:00+00:00,7.25
2025-06-20,2025-06-20 03:14:00+00:00,2025-06-20 19:59:00+00:00,2025-06-20T05:14:00+02:00,2025-06-20T21:59:00+02:00,2025-06-20 03:16:30.914263808+00:00,2025-06-20 20:00:22.645947392+00:00,-1.1805328301189661,-0.7559594701802013,120,6,False,False,False,-2.5152377301333333,-1.3774324565333333,2025-06-20 19:59:00+00:00,2025-06-21 03:14:00+00:00,7.25
2025-06-21,2025-06-21 03:14:00+00:00,2025-06-21 19:59:00+00:00,2025-06-21T05:14:00+02:00,2025-06-21T21:59:00+02:00,2025-06-21 03:16:42.578620416+00:00,2025-06-21 20:00:35.115172352+00:00,-1.1821402580466112,-0.7514094733802871,120,6,False,False,False,-2.7096436736,-1.5852528725333335,2025-06-21 19:59:00+00:00,2025-06-22 03:14:00+00:00,7.25
2025-06-22,2025-06-22 03:14:00+00:00,2025-06-22 19:59:00+00:00,2025-06-22T05:14:00+02:00,2025-06-22T21:59:00+02:00,2025-06-22 03:16:57.345771776+00:00,2025-06-22 20:00:44.440195328+00:00,-1.1840132133381835,-0.7469034750536836,120,6,False,False,False,-2.9557628629333332,-1.7406699221333333,2025-06-22 19:59:00+00:00,2025-06-23 03:15:00+00:00,7.266666666666667
2025-06-23,2025-06-23 03:15:00+00:00,2025-06-23 20:00:00+00:00,2025-06-23T05:15:00+02:00,2025-06-23T22:00:00+02:00,2025-06-23 03:17:15.184913152+00:00,2025-06-23 20:00:50.598963712+00:00,-1.1861497796755271,-0.7424438167583659,120,6,False,False,False,-2.2530818858666666,-0.8433160618666666,2025-06-23 20:00:00+00:00,2025-06-24 03:15:00+00:00,7.25
2025-06-24,2025-06-24 03:15:00+00:00,2025-06-24 20:00:00+00:00,2025-06-24T05:15:00+02:00,2025-06-24T22:00:00+02:00,2025-06-24 03:17:36.059905536+00:00,2025-06-24 20:00:53.572450048+00:00,-1.1885477087812153,-0.7380327080452262,120,6,False,False,False,-2.6009984256,-0.8928741674666667,2025-06-24 20:00:00+00:00,2025-06-25 03:15:00+00:00,7.25
2025-06-25,2025-06-25 03:15:00+00:00,2025-06-25 20:00:00+00:00,2025-06-25T05:15:00+02:00,2025-06-25T22:00:00+02:00,2025-06-25 03:17:59.930339328+00:00,2025-06-25 20:00:53.345035008+00:00,-1.19120442299906,-0.7336722247508107,120,6,False,False,False,-2.9988389888,-0.8890839168000001,2025-06-25 20:00:00+00:00,2025-06-26 03:16:00+00:00,7.266666666666667
2025-06-26,2025-06-26 03:16:00+00:00,2025-06-26 19:59:00+00:00,2025-06-26T05:16:00+02:00,2025-06-26T21:59:00+02:00,2025-06-26 03:18:26.752579584+00:00,2025-06-26 20:00:49.905010432+00:00,-1.1941170182708054,-0.7293643074711067,120,6,False,False,False,-2.4458763263999996,-1.8317501738666666,2025-06-26 19:59:00+00:00,2025-06-27 03:16:00+00:00,7.283333333333333
2025-06-27,2025-06-27 03:16:00+00:00,2025-06-27 19:59:00+00:00,2025-06-27T05:16:00+02:00,2025-06-27T21:59:00+02:00,2025-06-27 03:18:56.480476672+00:00,2025-06-27 20:00:43.245073408+00:00,-1.1972822675055135,-0.7251107602179124,120,6,False,False,False,-2.941341277866667,-1.7207512234666666,2025-06-27 19:59:00+00:00,2025-06-28 03:17:00+00:00,7.3
2025-06-28,2025-06-28 03:17:00+00:00,2025-06-28 19:59:00+00:00,2025-06-28T05:17:00+02:00,2025-06-28T21:59:00+02:00,2025-06-28 03:19:29.065620224+00:00,2025-06-28 20:00:33.362693376+00:00,-1.2006966243376604,-0.7209132492590973,120,6,False,False,False,-2.4844270037333334,-1.5560448895999999,2025-06-28 19:59:00+00:00,2025-06-29 03:17:00+00:00,7.3
2025-06-29,2025-06-29 03:17:00+00:00,2025-06-29 19:59:00+00:00,2025-06-29T05:17:00+02:00,2025-06-29T21:59:00+02:00,2025-06-29 03:20:04.457284096+00:00,2025-06-29 20:00:20.260279552+00:00,-1.2043562272695119,-0.7167733021438374,120,6,False,False,False,-3.0742880682666667,-1.3376713258666666,2025-06-29 19:59:00+00:00,2025-06-30 03:18:00+00:00,7.316666666666666
2025-06-30,2025-06-30 03:18:00+00:00,2025-06-30 19:59:00+00:00,2025-06-30T05:18:00+02:00,2025-06-30T21:59:00+02:00,2025-06-30 03:20:42.602311936+00:00,2025-06-30 20:00:03.945137408+00:00,-1.2082569041928888,-0.7126923069136872,120,6,False,False,False,-2.7100385322666667,-1.0657522901333334,2025-06-30 19:59:00+00:00,2025-07-01 03:19:00+00:00,7.333333333333333
2025-07-01,2025-07-01 03:19:00+00:00,2025-07-01 19:58:00+00:00,2025-07-01T05:19:00+02:00,2025-07-01T21:58:00+02:00,2025-07-01 03:21:23.445136384+00:00,2025-07-01 19:59:44.429249792+00:00,-1.2123941772849776,-0.7086715115001163,120,6,False,False,False,-2.3907522730666666,-1.7404874965333332,2025-07-01 19:58:00+00:00,2025-07-02 03:19:00+00:00,7.35
2025-07-02,2025-07-02 03:19:00+00:00,2025-07-02 19:58:00+00:00,2025-07-02T05:19:00+02:00,2025-07-02T21:58:00+02:00,2025-07-02 03:22:06.927955456+00:00,2025-07-02 19:59:21.728953856+00:00,-1.2167632682723963,-0.7047120233089188,120,6,False,False,False,-3.1154659242666667,-1.3621492309333334,2025-07-02 19:58:00+00:00,2025-07-03 03:20:00+00:00,7.366666666666666
2025-07-03,2025-07-03 03:20:00+00:00,2025-07-03 19:57:00+00:00,2025-07-03T05:20:00+02:00,2025-07-03T21:57:00+02:00,2025-07-03 03:22:52.990966016+00:00,2025-07-03 19:58:55.864578560+00:00,-1.2213591040572942,-0.7008148089916733,120,6,False,False,False,-2.883182766933333,-1.9310763093333334,2025-07-03 19:57:00+00:00,2025-07-04 03:21:00+00:00,7.4
2025-07-04,2025-07-04 03:21:00+00:00,2025-07-04 19:57:00+00:00,2025-07-04T05:21:00+02:00,2025-07-04T21:57:00+02:00,2025-07-04 03:23:41.572572928+00:00,2025-07-04 19:58:26.860085760+00:00,-1.2261763226988225,-0.6969806944041993,120,6,False,False,False,-2.692876215466667,-1.4476680960000001,2025-07-04 19:57:00+00:00,2025-07-05 03:22:00+00:00,7.416666666666667
2025-07-05,2025-07-05 03:22:00+00:00,2025-07-05 19:56:00+00:00,2025-07-05T05:22:00+02:00,2025-07-05T21:56:00+02:00,2025-07-05 03:24:32.609568768+00:00,2025-07-05 19:57:54.742739456+00:00,-1.2312092797429006,-0.6932103647517389,120,6,False,False,False,-2.5434928128,-1.9123789909333333,2025-07-05 19:56:00+00:00,2025-07-06 03:23:00+00:00,7.45
2025-07-06,2025-07-06 03:23:00+00:00,2025-07-06 19:56:00+00:00,2025-07-06T05:23:00+02:00,2025-07-06T21:56:00+02:00,2025-07-06 03:25:26.037344256+00:00,2025-07-06 19:57:19.542799360+00:00,-1.2364520548927835,-0.6895043649203496,120,6,False,False,False,-2.4339557376000003,-1.3257133226666666,2025-07-06 19:56:00+00:00,2025-07-07 03:23:00+00:00,7.45
2025-07-07,2025-07-07 03:23:00+00:00,2025-07-07 19:55:00+00:00,2025-07-07T05:23:00+02:00,2025-07-07T21:55:00+02:00,2025-07-07 03:26:21.790167552+00:00,2025-07-07 19:56:41.293236736+00:00,-1.2418984590125235,-0.6858630999937861,120,6,False,False,False,-3.3631694592000003,-1.6882206122666665,2025-07-07 19:55:00+00:00,2025-07-08 03:24:00+00:00,7.483333333333333
2025-07-08,2025-07-08 03:24:00+00:00,2025-07-08 19:54:00+00:00,2025-07-08T05:24:00+02:00,2025-07-08T21:54:00+02:00,2025-07-08 03:27:19.801527040+00:00,2025-07-08 19:56:00.029476608+00:00,-1.247542041455039,-0.6822868359549061,120,6,False,False,False,-3.3300254506666667,-2.0004912768,2025-07-08 19:54:00+00:00,2025-07-09 03:25:00+00:00,7.516666666666667
2025-07-09,2025-07-09 03:25:00+00:00,2025-07-09 19:53:00+00:00,2025-07-09T05:25:00+02:00,2025-07-09T21:53:00+02:00,2025-07-09 03:28:20.004496384+00:00,2025-07-09 19:55:15.789162752+00:00,-1.2533760977061017,-0.6787757005704238,120,6,False,False,False,-3.3334082730666665,-2.2631527125333335,2025-07-09 19:53:00+00:00,2025-07-10 03:26:00+00:00,7.55
2025-07-10,2025-07-10 03:26:00+00:00,2025-07-10 19:53:00+00:00,2025-07-10T05:26:00+02:00,2025-07-10T21:53:00+02:00,2025-07-10 03:29:22.332108032+00:00,2025-07-10 19:54:28.611942144+00:00,-1.2593936773351828,-0.6753296844576037,120,6,False,False,False,-3.3722018005333334,-1.4768657024,2025-07-10 19:53:00+00:00,2025-07-11 03:27:00+00:00,7.566666666666666
2025-07-11,2025-07-11 03:27:00+00:00,2025-07-11 19:52:00+00:00,2025-07-11T05:27:00+02:00,2025-07-11T21:52:00+02:00,2025-07-11 03:30:26.717704960+00:00,2025-07-11 19:53:38.539245312+00:00,-1.2655875922437354,-0.671948642331273,120,6,False,False,False,-3.4452950826666666,-1.6423207552,2025-07-11 19:52:00+00:00,2025-07-12 03:28:00+00:00,7.6
2025-07-12,2025-07-12 03:28:00+00:00,2025-07-12 19:51:00+00:00,2025-07-12T05:28:00+02:00,2025-07-12T21:51:00+02:00,2025-07-12 03:31:33.095231488+00:00,2025-07-12 19:52:45.614067200+00:00,-1.2719504252011344,-0.6686322944293044,120,6,False,False,False,-3.5515871914666666,-1.7602344533333332,2025-07-12 19:51:00+00:00,2025-07-13 03:29:00+00:00,7.633333333333334
2025-07-13,2025-07-13 03:29:00+00:00,2025-07-13 19:50:00+00:00,2025-07-13T05:29:00+02:00,2025-07-13T21:50:00+02:00,2025-07-13 03:32:41.399365888+00:00,2025-07-13 19:51:49.880749312+00:00,-1.2784745386581498,-0.6653802281145103,120,6,False,False,False,-3.6899894314666666,-1.8313458218666667,2025-07-13 19:50:00+00:00,2025-07-14 03:31:00+00:00,7.683333333333334
2025-07-14,2025-07-14 03:31:00+00:00,2025-07-14 19:49:00+00:00,2025-07-14T05:31:00+02:00,2025-07-14T21:49:00+02:00,2025-07-14 03:33:51.565407232+00:00,2025-07-14 19:50:51.384784896+00:00,-1.2851520838275037,-0.662191899650675,120,6,False,False,False,-2.859423453866667,-1.8564130816,2025-07-14 19:49:00+00:00,2025-07-15 03:32:00+00:00,7.716666666666667
2025-07-15,2025-07-15 03:32:00+00:00,2025-07-15 19:48:00+00:00,2025-07-15T05:32:00+02:00,2025-07-15T21:48:00+02:00,2025-07-15 03:35:03.528893184+00:00,2025-07-15 19:49:50.172649216+00:00,-1.291975010020738,-0.6590666361502366,120,6,False,False,False,-3.0588148864,-1.8362108202666667,2025-07-15 19:48:00+00:00,2025-07-16 03:33:00+00:00,7.75
2025-07-16,2025-07-16 03:33:00+00:00,2025-07-16 19:47:00+00:00,2025-07-16T05:33:00+02:00,2025-07-16T21:47:00+02:00,2025-07-16 03:36:17.225018368+00:00,2025-07-16 19:48:46.291640064+00:00,-1.2989350742303172,-0.6560036376909225,120,6,False,False,False,-3.2870836394666667,-1.7715273344000002,2025-07-16 19:47:00+00:00,2025-07-17 03:34:00+00:00,7.783333333333333
2025-07-17,2025-07-17 03:34:00+00:00,2025-07-17 19:46:00+00:00,2025-07-17T05:34:00+02:00,2025-07-17T21:46:00+02:00,2025-07-17 03:37:32.587990528+00:00,2025-07-17 19:47:39.789708800+00:00,-1.3060238509456021,-0.6530019795984439,120,6,False,False,False,-3.5431331754666666,-1.6631618133333332,2025-07-17 19:46:00+00:00,2025-07-18 03:35:00+00:00,7.816666666666666
2025-07-18,2025-07-18 03:35:00+00:00,2025-07-18 19:45:00+00:00,2025-07-18T05:35:00+02:00,2025-07-18T21:45:00+02:00,2025-07-18 03:38:49.550471168+00:00,2025-07-18 19:46:30.715276544+00:00,-1.313232742191034,-0.6500606148921442,120,6,False,False,False,-3.8258411861333332,-1.5119212757333333,2025-07-18 19:45:00+00:00,2025-07-19 03:37:00+00:00,7.866666666666666
2025-07-19,2025-07-19 03:37:00+00:00,2025-07-19 19:43:00+00:00,2025-07-19T05:37:00+02:00,2025-07-19T21:43:00+02:00,2025-07-19 03:40:08.043216128+00:00,2025-07-19 19:45:19.117051648+00:00,-1.3205529877746351,-0.6471783768903026,120,6,False,False,False,-3.1340536021333336,-2.3186175274666665,2025-07-19 19:43:00+00:00,2025-07-20 03:38:00+00:00,7.916666666666667
2025-07-20,2025-07-20 03:38:00+00:00,2025-07-20 19:42:00+00:00,2025-07-20T05:38:00+02:00,2025-07-20T21:42:00+02:00,2025-07-20 03:41:27.995026944+00:00,2025-07-20 19:44:05.043881728+00:00,-1.327975675734646,-0.6443539819716047,120,6,False,False,False,-3.4665837824,-2.0840646954666666,2025-07-20 19:42:00+00:00,2025-07-21 03:39:00+00:00,7.95
2025-07-21,2025-07-21 03:39:00+00:00,2025-07-21 19:41:00+00:00,2025-07-21T05:39:00+02:00,2025-07-21T21:41:00+02:00,2025-07-21 03:42:49.333069568+00:00,2025-07-21 19:42:48.544655616+00:00,-1.335491752971905,-0.6415860324890948,120,6,False,False,False,-3.8222178261333335,-1.8090775936,2025-07-21 19:41:00+00:00,2025-07-22 03:41:00+00:00,8.0
2025-07-22,2025-07-22 03:41:00+00:00,2025-07-22 19:39:00+00:00,2025-07-22T05:41:00+02:00,2025-07-22T21:39:00+02:00,2025-07-22 03:44:11.983573248+00:00,2025-07-22 19:41:29.668276224+00:00,-1.3430920360553518,-0.6388730198327448,120,6,False,False,False,-3.1997262208,-2.4944712704,2025-07-22 19:39:00+00:00,2025-07-23 03:42:00+00:00,8.05
2025-07-23,2025-07-23 03:42:00+00:00,2025-07-23 19:38:00+00:00,2025-07-23T05:42:00+02:00,2025-07-23T21:38:00+02:00,2025-07-23 03:45:35.872775424+00:00,2025-07-23 19:40:08.463694592+00:00,-1.350767222187817,-0.636213327636594,120,6,False,False,False,-3.5978795904,-2.141061576533333,2025-07-23 19:38:00+00:00,2025-07-24 03:43:00+00:00,8.083333333333334
2025-07-24,2025-07-24 03:43:00+00:00,2025-07-24 19:37:00+00:00,2025-07-24T05:43:00+02:00,2025-07-24T21:37:00+02:00,2025-07-24 03:47:00.927894016+00:00,2025-07-24 19:38:44.980002560+00:00,-1.3585079003190874,-0.6336052351262376,120,6,False,False,False,-4.015464900266667,-1.7496667093333333,2025-07-24 19:37:00+00:00,2025-07-25 03:45:00+00:00,8.133333333333333
2025-07-25,2025-07-25 03:45:00+00:00,2025-07-25 19:35:00+00:00,2025-07-25T05:45:00+02:00,2025-07-25T21:35:00+02:00,2025-07-25 03:48:27.077901568+00:00,2025-07-25 19:37:19.266567936+00:00,-1.3663045623930383,-0.6310469206022724,120,6,False,False,False,-3.4512983594666666,-2.3211094656,2025-07-25 19:35:00+00:00,2025-07-26 03:46:00+00:00,8.183333333333334
2025-07-26,2025-07-26 03:46:00+00:00,2025-07-26 19:34:00+00:00,2025-07-26T05:46:00+02:00,2025-07-26T21:34:00+02:00,2025-07-26 03:49:54.253972224+00:00,2025-07-26 19:35:51.373171456+00:00,-1.374147614715487,-0.6285364650551425,120,6,False,False,False,-3.9042328704,-1.8562195242666666,2025-07-26 19:34:00+00:00,2025-07-27 03:48:00+00:00,8.233333333333333
2025-07-27,2025-07-27 03:48:00+00:00,2025-07-27 19:32:00+00:00,2025-07-27T05:48:00+02:00,2025-07-27T21:32:00+02:00,2025-07-27 03:51:22.389650176+00:00,2025-07-27 19:34:21.350109696+00:00,-1.3820273894292554,-0.6260718559066705,120,6,False,False,False,-3.3731608362666665,-2.3558351616,2025-07-27 19:32:00+00:00,2025-07-28 03:49:00+00:00,8.283333333333333
2025-07-28,2025-07-28 03:49:00+00:00,2025-07-28 19:31:00+00:00,2025-07-28T05:49:00+02:00,2025-07-28T21:31:00+02:00,2025-07-28 03:52:51.420875264+00:00,2025-07-28 19:32:49.248227584+00:00,-1.389934156082815,-0.6236509908734047,120,6,False,False,False,-3.857014587733333,-1.8208037930666667,2025-07-28 19:31:00+00:00,2025-07-29 03:50:00+00:00,8.316666666666666
2025-07-29,2025-07-29 03:50:00+00:00,2025-07-29 19:29:00+00:00,2025-07-29T05:50:00+02:00,2025-07-29T21:29:00+02:00,2025-07-29 03:54:21.285995776+00:00,2025-07-29 19:31:15.118866176+00:00,-1.397858133278772,-0.6212716819467641,120,6,False,False,False,-4.354766596266667,-2.2519811029333336,2025-07-29 19:29:00+00:00,2025-07-30 03:52:00+00:00,8.383333333333333
2025-07-30,2025-07-30 03:52:00+00:00,2025-07-30 19:28:00+00:00,2025-07-30T05:52:00+02:00,2025-07-30T21:28:00+02:00,2025-07-30 03:55:51.925810688+00:00,2025-07-30 19:29:39.013740544+00:00,-1.4057895003883476,-0.618931659484825,120,6,False,False,False,-3.8654301781333333,-1.6502290090666667,2025-07-30 19:28:00+00:00,2025-07-31 03:53:00+00:00,8.416666666666666
2025-07-31,2025-07-31 03:53:00+00:00,2025-07-31 19:26:00+00:00,2025-07-31T05:53:00+02:00,2025-07-31T21:26:00+02:00,2025-07-31 03:57:23.283619072+00:00,2025-07-31 19:28:00.984773888+00:00,-1.4137184093179367,-0.6166285764104541,120,6,False,False,False,-4.388060317866667,-2.0164128981333334,2025-07-31 19:26:00+00:00,2025-08-01 03:55:00+00:00,8.483333333333333
2025-08-01,2025-08-01 03:55:00+00:00,2025-08-01 19:24:00+00:00,2025-08-01T05:55:00+02:00,2025-08-01T21:24:00+02:00,2025-08-01 03:58:55.305238016+00:00,2025-08-01 19:26:21.083909376+00:00,-1.4216349963137616,-0.6143600125103663,120,6,False,False,False,-3.9217539669333332,-2.3513984896,2025-08-01 19:24:00+00:00,2025-08-02 03:56:00+00:00,8.533333333333333
2025-08-02,2025-08-02 03:56:00+00:00,2025-08-02 19:22:00+00:00,2025-08-02T05:56:00+02:00,2025-08-02T21:22:00+02:00,2025-08-02 04:00:27.939001088+00:00,2025-08-02 19:24:39.362928384+00:00,-1.429529393790589,-0.6121234788295618,120,6,False,False,False,-4.465650018133333,-2.6560488064000003,2025-08-02 19:22:00+00:00,2025-08-03 03:58:00+00:00,8.6
2025-08-03,2025-08-03 03:58:00+00:00,2025-08-03 19:21:00+00:00,2025-08-03T05:58:00+02:00,2025-08-03T21:21:00+02:00,2025-08-03 04:02:01.135772928+00:00,2025-08-03 19:22:55.873293824+00:00,-1.4373917421704525,-0.6099164221554819,120,6,False,False,False,-4.0189295488,-1.9312215637333334,2025-08-03 19:21:00+00:00,2025-08-04 03:59:00+00:00,8.633333333333333
2025-08-04,2025-08-04 03:59:00+00:00,2025-08-04 19:19:00+00:00,2025-08-04T05:59:00+02:00,2025-08-04T21:19:00+02:00,2025-08-04 04:03:34.849012736+00:00,2025-08-04 19:21:10.666033152+00:00,-1.4452122017173024,-0.6077362295861162,120,6,False,False,False,-4.580816878933334,-2.1777672192,2025-08-04 19:19:00+00:00,2025-08-05 04:01:00+00:00,8.7
2025-08-05,2025-08-05 04:01:00+00:00,2025-08-05 19:17:00+00:00,2025-08-05T06:01:00+02:00,2025-08-05T21:17:00+02:00,2025-08-05 04:05:09.034884096+00:00,2025-08-05 19:19:23.791664384+00:00,-1.4529809643535172,-0.6055802331761861,120,6,False,False,False,-4.1505814016,-2.3965277397333336,2025-08-05 19:17:00+00:00,2025-08-06 04:03:00+00:00,8.766666666666667
2025-08-06,2025-08-06 04:03:00+00:00,2025-08-06 19:15:00+00:00,2025-08-06T06:03:00+02:00,2025-08-06T21:15:00+02:00,2025-08-06 04:06:43.652401152+00:00,2025-08-06 19:17:35.300151040+00:00,-1.4606882654442246,-0.6034457146554445,120,6,False,False,False,-3.7275400192,-2.5883358506666667,2025-08-06 19:15:00+00:00,2025-08-07 04:04:00+00:00,8.816666666666666
2025-08-07,2025-08-07 04:04:00+00:00,2025-08-07 19:14:00+00:00,2025-08-07T06:04:00+02:00,2025-08-07T21:14:00+02:00,2025-08-07 04:08:18.663596544+00:00,2025-08-07 19:15:45.240862976+00:00,-1.4683243955354115,-0.601329910213032,120,6,False,False,False,-4.311059942399999,-1.7540143829333334,2025-08-07 19:14:00+00:00,2025-08-08 04:06:00+00:00,8.866666666666667
2025-08-08,2025-08-08 04:06:00+00:00,2025-08-08 19:12:00+00:00,2025-08-08T06:06:00+02:00,2025-08-08T21:12:00+02:00,2025-08-08 04:09:54.033696768+00:00,2025-08-08 19:13:53.662525696+00:00,-1.4758797120318774,-0.5992300153417616,120,6,False,False,False,-3.9005616128,-1.8943754282666667,2025-08-08 19:12:00+00:00,2025-08-09 04:07:00+00:00,8.916666666666666
2025-08-09,2025-08-09 04:07:00+00:00,2025-08-09 19:10:00+00:00,2025-08-09T06:07:00+02:00,2025-08-09T21:10:00+02:00,2025-08-09 04:11:29.731260928+00:00,2025-08-09 19:12:00.613156864+00:00,-1.4833446508011205,-0.5971431897361228,120,6,False,False,False,-4.495521015466666,-2.0102192810666666,2025-08-09 19:10:00+00:00,2025-08-10 04:09:00+00:00,8.983333333333333
2025-08-10,2025-08-10 04:09:00+00:00,2025-08-10 19:08:00+00:00,2025-08-10T06:09:00+02:00,2025-08-10T21:08:00+02:00,2025-08-10 04:13:05.728178688+00:00,2025-08-10 19:10:06.139997952+00:00,-1.490709737689369,-0.5950665622377344,120,6,False,False,False,-4.0954696448000005,-2.1023332992,2025-08-10 19:08:00+00:00,2025-08-11 04:10:00+00:00,9.033333333333333
2025-08-11,2025-08-11 04:10:00+00:00,2025-08-11 19:06:00+00:00,2025-08-11T06:10:00+02:00,2025-08-11T21:06:00+02:00,2025-08-11 04:14:41.999414272+00:00,2025-08-11 19:08:10.289448704+00:00,-1.4979655999360417,-0.5929972358219154,120,6,False,False,False,-4.699990237866667,-2.1714908117333334,2025-08-11 19:06:00+00:00,2025-08-12 04:12:00+00:00,9.1
2025-08-12,2025-08-12 04:12:00+00:00,2025-08-12 19:04:00+00:00,2025-08-12T06:12:00+02:00,2025-08-12T21:04:00+02:00,2025-08-12 04:16:18.522443520+00:00,2025-08-12 19:06:13.107018496+00:00,-1.5051029774730662,-0.590932292618998,120,6,False,False,False,-4.3087073920000005,-2.2184503082666667,2025-08-12 19:04:00+00:00,2025-08-13 04:14:00+00:00,9.166666666666666
2025-08-13,2025-08-13 04:14:00+00:00,2025-08-13 19:02:00+00:00,2025-08-13T06:14:00+02:00,2025-08-13T21:02:00+02:00,2025-08-13 04:17:55.276439040+00:00,2025-08-13 19:04:14.637298944+00:00,-1.5121127340955953,-0.5888687989639563,120,6,False,False,False,-3.9212739840000004,-2.2439549824,2025-08-13 19:02:00+00:00,2025-08-14 04:15:00+00:00,9.216666666666667
2025-08-14,2025-08-14 04:15:00+00:00,2025-08-14 19:00:00+00:00,2025-08-14T06:15:00+02:00,2025-08-14T21:00:00+02:00,2025-08-14 04:19:32.241362944+00:00,2025-08-14 19:02:14.923965952+00:00,-1.5189858684908342,-0.586803810467898,120,6,False,False,False,-4.537356049066667,-2.248732765866667,2025-08-14 19:00:00+00:00,2025-08-15 04:17:00+00:00,9.283333333333333
2025-08-15,2025-08-15 04:17:00+00:00,2025-08-15 18:58:00+00:00,2025-08-15T06:17:00+02:00,2025-08-15T20:58:00+02:00,2025-08-15 04:21:09.397169920+00:00,2025-08-15 19:00:14.009806592+00:00,-1.5257135251118386,-0.5847343771049354,120,6,False,False,False,-4.156619498666667,-2.2334967765333333,2025-08-15 18:58:00+00:00,2025-08-16 04:18:00+00:00,9.333333333333334
2025-08-16,2025-08-16 04:18:00+00:00,2025-08-16 18:56:00+00:00,2025-08-16T06:18:00+02:00,2025-08-16T20:56:00+02:00,2025-08-16 04:22:46.723271424+00:00,2025-08-16 18:58:11.936750848+00:00,-1.5322870048833428,-0.5826575483079305,120,6,False,False,False,-4.778721190400001,-2.1989458474666668,2025-08-16 18:56:00+00:00,2025-08-17 04:20:00+00:00,9.4
2025-08-17,2025-08-17 04:20:00+00:00,2025-08-17 18:54:00+00:00,2025-08-17T06:20:00+02:00,2025-08-17T20:54:00+02:00,2025-08-17 04:24:24.198335232+00:00,2025-08-17 18:56:08.745887744+00:00,-1.538697775726861,-0.5805703780666055,120,6,False,False,False,-4.403305587199999,-2.1457647957333332,2025-08-17 18:54:00+00:00,2025-08-18 04:22:00+00:00,9.466666666666667
2025-08-18,2025-08-18 04:22:00+00:00,2025-08-18 18:52:00+00:00,2025-08-18T06:22:00+02:00,2025-08-18T20:52:00+02:00,2025-08-18 04:26:01.800403456+00:00,2025-08-18 18:54:04.477456896+00:00,-1.5449374828925286,-0.5784699300214976,120,6,False,False,False,-4.030006724266666,-2.0746242816000002,2025-08-18 18:52:00+00:00,2025-08-19 04:23:00+00:00,9.516666666666667
2025-08-19,2025-08-19 04:23:00+00:00,2025-08-19 18:50:00+00:00,2025-08-19T06:23:00+02:00,2025-08-19T20:50:00+02:00,2025-08-19 04:27:39.507261952+00:00,2025-08-19 18:51:59.170826240+00:00,-1.55099795908537,-0.5763532825472486,120,6,False,False,False,-4.658454365866667,-1.9861804373333334,2025-08-19 18:50:00+00:00,2025-08-20 04:25:00+00:00,9.583333333333334
2025-08-20,2025-08-20 04:25:00+00:00,2025-08-20 18:48:00+00:00,2025-08-20T06:25:00+02:00,2025-08-20T20:48:00+02:00,2025-08-20 04:29:17.296957184+00:00,2025-08-20 18:49:52.864482304+00:00,-1.556871234373925,-0.574217533818729,120,6,False,False,False,-4.288282619733334,-1.8810747050666667,2025-08-20 18:48:00+00:00,2025-08-21 04:26:00+00:00,9.633333333333333
2025-08-21,2025-08-21 04:26:00+00:00,2025-08-21 18:45:00+00:00,2025-08-21T06:26:00+02:00,2025-08-21T20:45:00+02:00,2025-08-21 04:30:55.148359680+00:00,2025-08-21 18:47:45.596060160+00:00,-1.5625495458694247,-0.5720598068535165,120,6,False,False,False,-4.919139328,-2.759934336,2025-08-21 18:45:00+00:00,2025-08-22 04:28:00+00:00,9.716666666666667
2025-08-22,2025-08-22 04:28:00+00:00,2025-08-22 18:43:00+00:00,2025-08-22T06:28:00+02:00,2025-08-22T20:43:00+02:00,2025-08-22 04:32:33.041663744+00:00,2025-08-22 18:45:37.402409728+00:00,-1.5680253471639727,-0.5698772545242781,120,6,False,False,False,-4.550694395733333,-2.6233734954666668,2025-08-22 18:43:00+00:00,2025-08-23 04:30:00+00:00,9.783333333333333
2025-08-23,2025-08-23 04:30:00+00:00,2025-08-23 18:41:00+00:00,2025-08-23T06:30:00+02:00,2025-08-23T20:41:00+02:00,2025-08-23 04:34:10.958750976+00:00,2025-08-23 18:43:28.319706624+00:00,-1.5732913175164782,-0.5676670645346402,120,6,False,False,False,-4.1826458496,-2.4719951104,2025-08-23 18:41:00+00:00,2025-08-24 04:31:00+00:00,9.833333333333334
2025-08-24,2025-08-24 04:31:00+00:00,2025-08-24 18:39:00+00:00,2025-08-24T06:31:00+02:00,2025-08-24T20:39:00+02:00,2025-08-24 04:35:48.883400704+00:00,2025-08-24 18:41:18.383581440+00:00,-1.5783403707753807,-0.5654264643521734,120,6,False,False,False,-4.814723345066667,-2.306393024,2025-08-24 18:39:00+00:00,2025-08-25 04:33:00+00:00,9.9
2025-08-25,2025-08-25 04:33:00+00:00,2025-08-25 18:37:00+00:00,2025-08-25T06:33:00+02:00,2025-08-25T20:37:00+02:00,2025-08-25 04:37:26.801363968+00:00,2025-08-25 18:39:07.629261312+00:00,-1.5831656640275165,-0.563152726092175,120,6,False,False,False,-4.446689399466666,-2.1271543552,2025-08-25 18:37:00+00:00,2025-08-26 04:34:00+00:00,9.95
2025-08-26,2025-08-26 04:34:00+00:00,2025-08-26 18:35:00+00:00,2025-08-26T06:34:00+02:00,2025-08-26T20:35:00+02:00,2025-08-26 04:39:04.700363776+00:00,2025-08-26 18:36:56.091698944+00:00,-1.5877606059628058,-0.5608431713459824,120,6,False,False,False,-5.078339396266667,-1.9348616490666666,2025-08-26 18:35:00+00:00,2025-08-27 04:36:00+00:00,10.016666666666667
2025-08-27,2025-08-27 04:36:00+00:00,2025-08-27 18:32:00+00:00,2025-08-27T06:36:00+02:00,2025-08-27T20:32:00+02:00,2025-08-27 04:40:42.570057472+00:00,2025-08-27 18:34:43.805657088+00:00,-1.5921188649447688,-0.5584951759476264,120,6,False,False,False,-4.709500957866666,-2.7300942848000003,2025-08-27 18:32:00+00:00,2025-08-28 04:38:00+00:00,10.1
2025-08-28,2025-08-28 04:38:00+00:00,2025-08-28 18:30:00+00:00,2025-08-28T06:38:00+02:00,2025-08-28T20:30:00+02:00,2025-08-28 04:42:20.401981952+00:00,2025-08-28 18:32:30.805730304+00:00,-1.5962343767772293,-0.5561061746727018,120,6,False,False,False,-4.340033032533333,-2.5134288384000003,2025-08-28 18:30:00+00:00,2025-08-29 04:39:00+00:00,10.15
2025-08-29,2025-08-29 04:39:00+00:00,2025-08-29 18:28:00+00:00,2025-08-29T06:39:00+02:00,2025-08-29T20:28:00+02:00,2025-08-29 04:43:58.189486080+00:00,2025-08-29 18:30:17.126310144+00:00,-1.600101352157922,-0.5536736658634138,120,6,False,False,False,-4.969824768,-2.2854385024,2025-08-29 18:28:00+00:00,2025-08-30 04:41:00+00:00,10.216666666666667
2025-08-30,2025-08-30 04:41:00+00:00,2025-08-30 18:26:00+00:00,2025-08-30T06:41:00+02:00,2025-08-30T20:26:00+02:00,2025-08-30 04:45:35.927651072+00:00,2025-08-30 18:28:02.801521920+00:00,-1.6037142838100944,-0.5511952159738513,120,6,False,False,False,-4.598794184533333,-2.046692032,2025-08-30 18:26:00+00:00,2025-08-31 04:43:00+00:00,10.283333333333333
2025-08-31,2025-08-31 04:43:00+00:00,2025-08-31 18:23:00+00:00,2025-08-31T06:43:00+02:00,2025-08-31T20:23:00+02:00,2025-08-31 04:47:13.613235456+00:00,2025-08-31 18:25:47.865184512+00:00,-1.6070679532835657,-0.5486684640296322,120,6,False,False,False,-4.2268872576000005,-2.7977530752,2025-08-31 18:23:00+00:00,2025-09-01 04:44:00+00:00,10.35
2025-09-01,2025-09-01 04:44:00+00:00,2025-09-01 18:21:00+00:00,2025-09-01T06:44:00+02:00,2025-09-01T20:21:00+02:00,2025-09-01 04:48:51.244659968+00:00,2025-09-01 18:23:32.350799872+00:00,-1.6101574374171048,-0.546091125996164,120,6,False,False,False,-4.854077666133334,-2.539179997866667,2025-09-01 18:21:00+00:00,2025-09-02 04:46:00+00:00,10.416666666666666
2025-09-02,2025-09-02 04:46:00+00:00,2025-09-02 18:19:00+00:00,2025-09-02T06:46:00+02:00,2025-09-02T20:19:00+02:00,2025-09-02 04:50:28.822054656+00:00,2025-09-02 18:21:16.291580672+00:00,-1.6129781144543838,-0.5434609990498834,120,6,False,False,False,-4.4803675776,-2.2715263445333336,2025-09-02 18:19:00+00:00,2025-09-03 04:47:00+00:00,10.466666666666667
2025-09-03,2025-09-03 04:47:00+00:00,2025-09-03 18:17:00+00:00,2025-09-03T06:47:00+02:00,2025-09-03T20:17:00+02:00,2025-09-03 04:52:06.347363072+00:00,2025-09-03 18:18:59.720496384+00:00,-1.6155256698061768,-0.540775965746944,120,6,False,False,False,-5.105789384533334,-1.9953416064,2025-09-03 18:17:00+00:00,2025-09-04 04:49:00+00:00,10.533333333333333
2025-09-04,2025-09-04 04:49:00+00:00,2025-09-04 18:14:00+00:00,2025-09-04T06:49:00+02:00,2025-09-04T20:14:00+02:00,2025-09-04 04:53:43.824491520+00:00,2025-09-04 18:16:42.670319872+00:00,-1.617796101451889,-0.538033998083952,120,6,False,False,False,-4.730408192,-2.7111719978666664,2025-09-04 18:14:00+00:00,2025-09-05 04:51:00+00:00,10.616666666666667
2025-09-05,2025-09-05 04:51:00+00:00,2025-09-05 18:12:00+00:00,2025-09-05T06:51:00+02:00,2025-09-05T20:12:00+02:00,2025-09-05 04:55:21.259490560+00:00,2025-09-05 18:14:25.173660160+00:00,-1.6197857249739296,-0.5352331614454777,120,6,False,False,False,-4.354324842666667,-2.4195610026666667,2025-09-05 18:12:00+00:00,2025-09-06 04:52:00+00:00,10.666666666666666
2025-09-06,2025-09-06 04:52:00+00:00,2025-09-06 18:10:00+00:00,2025-09-06T06:52:00+02:00,2025-09-06T20:10:00+02:00,2025-09-06 04:56:58.660719872+00:00,2025-09-06 18:12:07.262941696+00:00,-1.6214911782188741,-0.5323716184332066,120,6,False,False,False,-4.977678664533333,-2.1210490282666665,2025-09-06 18:10:00+00:00,2025-09-07 04:54:00+00:00,10.733333333333333
2025-09-07,2025-09-07 04:54:00+00:00,2025-09-07 18:07:00+00:00,2025-09-07T06:54:00+02:00,2025-09-07T20:07:00+02:00,2025-09-07 04:58:36.038916864+00:00,2025-09-07 18:09:48.970315520+00:00,-1.6229094255798087,-0.5294476325717339,120,6,False,False,False,-4.6006486144,-2.8161719253333337,2025-09-07 18:07:00+00:00,2025-09-08 04:56:00+00:00,10.816666666666666
2025-09-08,2025-09-08 04:56:00+00:00,2025-09-08 18:05:00+00:00,2025-09-08T06:56:00+02:00,2025-09-08T20:05:00+02:00,2025-09-08 05:00:13.407030528+00:00,2025-09-08 18:07:30.327509760+00:00,-1.624037761894686,-0.5264595718861629,120,6,False,False,False,-4.2234505088,-2.505458496,2025-09-08 18:05:00+00:00,2025-09-09 04:57:00+00:00,10.866666666666667
2025-09-09,2025-09-09 04:57:00+00:00,2025-09-09 18:03:00+00:00,2025-09-09T06:57:00+02:00,2025-09-09T20:03:00+02:00,2025-09-09 05:01:50.779734272+00:00,2025-09-09 18:05:11.365698048+00:00,-1.6248738159559897,-0.5234059123468108,120,6,False,False,False,-4.846328904533333,-2.1894283008000004,2025-09-09 18:03:00+00:00,2025-09-10 04:59:00+00:00,10.933333333333334
2025-09-10,2025-09-10 04:59:00+00:00,2025-09-10 18:00:00+00:00,2025-09-10T06:59:00+02:00,2025-09-10T20:00:00+02:00,2025-09-10 05:03:28.172627456+00:00,2025-09-10 18:02:52.115488512+00:00,-1.625415553627454,-0.5202852411764974,120,6,False,False,False,-4.469543790933333,-2.8685914752,2025-09-10 18:00:00+00:00,2025-09-11 05:00:00+00:00,11.0
2025-09-11,2025-09-11 05:00:00+00:00,2025-09-11 17:58:00+00:00,2025-09-11T07:00:00+02:00,2025-09-11T19:58:00+02:00,2025-09-11 05:05:05.601284864+00:00,2025-09-11 18:00:32.607075072+00:00,-1.625661280564056,-0.5170962600160467,120,6,False,False,False,-5.093354747733333,-2.5434512511999996,2025-09-11 17:58:00+00:00,2025-09-12 05:02:00+00:00,11.066666666666666
2025-09-12,2025-09-12 05:02:00+00:00,2025-09-12 17:56:00+00:00,2025-09-12T07:02:00+02:00,2025-09-12T19:56:00+02:00,2025-09-12 05:06:43.080394752+00:00,2025-09-12 17:58:12.870492672+00:00,-1.6256096445319625,-0.5138377879438117,120,6,False,False,False,-4.7180065792,-2.2145082112,2025-09-12 17:56:00+00:00,2025-09-13 05:04:00+00:00,11.133333333333333
2025-09-13,2025-09-13 05:04:00+00:00,2025-09-13 17:53:00+00:00,2025-09-13T07:04:00+02:00,2025-09-13T19:53:00+02:00,2025-09-13 05:08:20.623179264+00:00,2025-09-13 17:55:52.935835904+00:00,-1.6252596373255936,-0.5105087643452039,120,6,False,False,False,-4.3437196544,-2.882263931733333,2025-09-13 17:53:00+00:00,2025-09-14 05:05:00+00:00,11.2
2025-09-14,2025-09-14 05:05:00+00:00,2025-09-14 17:51:00+00:00,2025-09-14T07:05:00+02:00,2025-09-14T19:51:00+02:00,2025-09-14 05:09:58.241171712+00:00,2025-09-14 17:53:32.833310464+00:00,-1.6246105962794335,-0.5071082516283897,120,6,False,False,False,-4.9706861952,-2.5472218410666665,2025-09-14 17:51:00+00:00,2025-09-15 05:07:00+00:00,11.266666666666667
2025-09-15,2025-09-15 05:07:00+00:00,2025-09-15 17:49:00+00:00,2025-09-15T07:07:00+02:00,2025-09-15T19:49:00+02:00,2025-09-15 05:11:35.944278784+00:00,2025-09-15 17:51:12.593104640+00:00,-1.623662205372705,-0.5036354377825045,120,6,False,False,False,-4.599071313066667,-2.2098850773333334,2025-09-15 17:49:00+00:00,2025-09-16 05:09:00+00:00,11.333333333333334
2025-09-16,2025-09-16 05:09:00+00:00,2025-09-16 17:46:00+00:00,2025-09-16T07:09:00+02:00,2025-09-16T19:46:00+02:00,2025-09-16 05:13:13.740994816+00:00,2025-09-16 17:48:52.245169664+00:00,-1.6224144959255047,-0.5000896387749234,120,6,False,False,False,-4.229016580266667,-2.8707528277333334,2025-09-16 17:46:00+00:00,2025-09-17 05:10:00+00:00,11.4
2025-09-17,2025-09-17 05:10:00+00:00,2025-09-17 17:44:00+00:00,2025-09-17T07:10:00+02:00,2025-09-17T19:44:00+02:00,2025-09-17 05:14:51.638681600+00:00,2025-09-17 17:46:31.819039232+00:00,-1.6208678468854754,-0.4964703007843194,120,6,False,False,False,-4.860644693333333,-2.5303173205333334,2025-09-17 17:44:00+00:00,2025-09-18 05:12:00+00:00,11.466666666666667
2025-09-18,2025-09-18 05:12:00+00:00,2025-09-18 17:41:00+00:00,2025-09-18T07:12:00+02:00,2025-09-18T19:41:00+02:00,2025-09-18 05:16:29.643871744+00:00,2025-09-18 17:44:11.343758848+00:00,-1.6190229847045834,-0.4927770022664476,120,6,False,False,False,-4.494064529066667,-3.1890626474666663,2025-09-18 17:41:00+00:00,2025-09-19 05:14:00+00:00,11.55
2025-09-19,2025-09-19 05:14:00+00:00,2025-09-19 17:39:00+00:00,2025-09-19T07:14:00+02:00,2025-09-19T19:39:00+02:00,2025-09-19 05:18:07.762592512+00:00,2025-09-19 17:41:50.847918592+00:00,-1.6168809828060489,-0.4890094558497804,120,6,False,False,False,-4.129376541866667,-2.8474653098666667,2025-09-19 17:39:00+00:00,2025-09-20 05:15:00+00:00,11.6
2025-09-20,2025-09-20 05:15:00+00:00,2025-09-20 17:37:00+00:00,2025-09-20T07:15:00+02:00,2025-09-20T19:37:00+02:00,2025-09-20 05:19:46.000687360+00:00,2025-09-20 17:39:30.359736320+00:00,-1.6144432606419623,-0.4851675100583418,120,6,False,False,False,-4.766678122666666,-2.505995605333333,2025-09-20 17:37:00+00:00,2025-09-21 05:17:00+00:00,11.666666666666666
2025-09-21,2025-09-21 05:17:00+00:00,2025-09-21 17:34:00+00:00,2025-09-21T07:17:00+02:00,2025-09-21T19:34:00+02:00,2025-09-21 05:21:24.364083712+00:00,2025-09-21 17:37:09.907175168+00:00,-1.6117115823426087,-0.48125115085928283,120,6,False,False,False,-4.406068061866667,-3.1651195861333337,2025-09-21 17:34:00+00:00,2025-09-22 05:19:00+00:00,11.75
2025-09-22,2025-09-22 05:19:00+00:00,2025-09-22 17:32:00+00:00,2025-09-22T07:19:00+02:00,2025-09-22T19:32:00+02:00,2025-09-22 05:23:02.858972416+00:00,2025-09-22 17:34:49.518084608+00:00,-1.6086880549590017,-0.47726050303296363,120,6,False,False,False,-4.047649540266667,-2.8253014101333336,2025-09-22 17:32:00+00:00,2025-09-23 05:20:00+00:00,11.8
2025-09-23,2025-09-23 05:20:00+00:00,2025-09-23 17:30:00+00:00,2025-09-23T07:20:00+02:00,2025-09-23T19:30:00+02:00,2025-09-23 05:24:41.491891712+00:00,2025-09-23 17:32:29.220360192+00:00,-1.6053751263006089,-0.47319583136351256,118,6,False,False,False,-4.691531528533333,-2.4870060032,2025-09-23 17:30:00+00:00,2025-09-24 05:22:00+00:00,11.866666666666667
2025-09-24,2025-09-24 05:22:00+00:00,2025-09-24 17:27:00+00:00,2025-09-24T07:22:00+02:00,2025-09-24T19:27:00+02:00,2025-09-24 05:26:20.269748480+00:00,2025-09-24 17:30:09.042088704+00:00,-1.601775582370737,-0.4690575416480596,119,6,False,False,False,-4.337829141333333,-3.1507014784000003,2025-09-24 17:27:00+00:00,2025-09-25 05:24:00+00:00,11.95
2025-09-25,2025-09-25 05:24:00+00:00,2025-09-25 17:25:00+00:00,2025-09-25T07:24:00+02:00,2025-09-25T19:25:00+02:00,2025-09-25 05:27:59.199801088+00:00,2025-09-25 17:27:49.011637248+00:00,-1.5978925444025105,-0.4648461815230511,120,6,False,False,False,-3.9866633514666665,-2.8168606208,2025-09-25 17:25:00+00:00,2025-09-26 05:25:00+00:00,12.0
2025-09-26,2025-09-26 05:25:00+00:00,2025-09-26 17:23:00+00:00,2025-09-26T07:25:00+02:00,2025-09-26T19:23:00+02:00,2025-09-26 05:29:38.289620736+00:00,2025-09-26 17:25:29.157679104+00:00,-1.5937294654988639,-0.46056244110628297,118,6,False,False,False,-4.6381603456,-2.4859613184000002,2025-09-26 17:23:00+00:00,2025-09-27 05:27:00+00:00,12.066666666666666
2025-09-27,2025-09-27 05:27:00+00:00,2025-09-27 17:20:00+00:00,2025-09-27T07:27:00+02:00,2025-09-27T19:20:00+02:00,2025-09-27 05:31:17.547039488+00:00,2025-09-27 17:23:09.509187840+00:00,-1.589290126880419,-0.45620715345350527,120,6,False,False,False,-4.292450658133333,-3.158486464,2025-09-27 17:20:00+00:00,2025-09-28 05:29:00+00:00,12.15
2025-09-28,2025-09-28 05:29:00+00:00,2025-09-28 17:18:00+00:00,2025-09-28T07:29:00+02:00,2025-09-28T19:18:00+02:00,2025-09-28 05:32:56.980106240+00:00,2025-09-28 17:20:50.095440128+00:00,-1.5845786337456078,-0.4517812948286848,118,6,False,False,False,-3.9496684373333335,-2.8349240021333335,2025-09-28 17:18:00+00:00,2025-09-29 05:30:00+00:00,12.2
2025-09-29,2025-09-29 05:30:00+00:00,2025-09-29 17:15:00+00:00,2025-09-29T07:30:00+02:00,2025-09-29T19:15:00+02:00,2025-09-29 05:34:36.597090048+00:00,2025-09-29 17:18:30.946046208+00:00,-1.5795994107478308,-0.44728598478722426,118,6,False,False,False,-4.609951500799999,-3.5157674368,2025-09-29 17:15:00+00:00,2025-09-30 05:32:00+00:00,12.283333333333333
2025-09-30,2025-09-30 05:32:00+00:00,2025-09-30 17:13:00+00:00,2025-09-30T07:32:00+02:00,2025-09-30T19:13:00+02:00,2025-09-30 05:36:16.406548992+00:00,2025-09-30 17:16:12.091001856+00:00,-1.5743571970949213,-0.44272248607168246,118,6,False,False,False,-4.2734424832,-3.2015166976,2025-09-30 17:13:00+00:00,2025-10-01 05:34:00+00:00,12.35
2025-10-01,2025-10-01 05:34:00+00:00,2025-10-01 17:11:00+00:00,2025-10-01T07:34:00+02:00,2025-10-01T19:11:00+02:00,2025-10-01 05:37:56.417470464+00:00,2025-10-01 17:13:53.560765184+00:00,-1.568857041276615,-0.4380922043197455,117,6,False,False,False,-3.9402911744,-2.892679419733333,2025-10-01 17:11:00+00:00,2025-10-02 05:35:00+00:00,12.4
2025-10-02,2025-10-02 05:35:00+00:00,2025-10-02 17:08:00+00:00,2025-10-02T07:35:00+02:00,2025-10-02T19:08:00+02:00,2025-10-02 05:39:36.639461632+00:00,2025-10-02 17:11:35.386351360+00:00,-1.5631042954261785,-0.4333966875844487,116,6,False,False,False,-4.610657693866667,-3.5897725226666664,2025-10-02 17:08:00+00:00,2025-10-03 05:37:00+00:00,12.483333333333333
2025-10-03,2025-10-03 05:37:00+00:00,2025-10-03 17:06:00+00:00,2025-10-03T07:37:00+02:00,2025-10-03T19:06:00+02:00,2025-10-03 05:41:17.082981632+00:00,2025-10-03 17:09:17.599418368+00:00,-1.5571046093227667,-0.4286376256668579,116,6,False,False,False,-4.284716360533333,-3.2933236394666663,2025-10-03 17:06:00+00:00,2025-10-04 05:39:00+00:00,12.55
2025-10-04,2025-10-04 05:39:00+00:00,2025-10-04 17:04:00+00:00,2025-10-04T07:39:00+02:00,2025-10-04T19:04:00+02:00,2025-10-04 05:42:57.759582208+00:00,2025-10-04 17:07:00.232275200+00:00,-1.5508639240415296,-0.4238168492616613,118,6,False,False,False,-3.962659703466667,-3.0038712533333336,2025-10-04 17:04:00+00:00,2025-10-05 05:41:00+00:00,12.616666666666667
2025-10-05,2025-10-05 05:41:00+00:00,2025-10-05 17:01:00+00:00,2025-10-05T07:41:00+02:00,2025-10-05T19:01:00+02:00,2025-10-05 05:44:38.682080768+00:00,2025-10-05 17:04:43.317727744+00:00,-1.5443884652588744,-0.41893632891634014,116,6,False,False,False,-3.644701346133333,-3.7219621290666667,2025-10-05 17:01:00+00:00,2025-10-06 05:42:00+00:00,12.683333333333334
2025-10-06,2025-10-06 05:42:00+00:00,2025-10-06 16:59:00+00:00,2025-10-06T07:42:00+02:00,2025-10-06T18:59:00+02:00,2025-10-06 05:46:19.864525568+00:00,2025-10-06 17:02:26.888795904+00:00,-1.5376847362207333,-0.4139981738048192,117,6,False,False,False,-4.331075426133333,-3.4481465984,2025-10-06 16:59:00+00:00,2025-10-07 05:44:00+00:00,12.75
2025-10-07,2025-10-07 05:44:00+00:00,2025-10-07 16:57:00+00:00,2025-10-07T07:44:00+02:00,2025-10-07T18:57:00+02:00,2025-10-07 05:48:01.321821440+00:00,2025-10-07 17:00:10.978450944+00:00,-1.530759510382051,-0.40900463031672074,116,6,False,False,False,-4.022030357333334,-3.1829741824,2025-10-07 16:57:00+00:00,2025-10-08 05:46:00+00:00,12.816666666666666
2025-10-08,2025-10-08 05:46:00+00:00,2025-10-08 16:55:00+00:00,2025-10-08T07:46:00+02:00,2025-10-08T18:55:00+02:00,2025-10-08 05:49:43.068977152+00:00,2025-10-08 16:57:55.619593984+00:00,-1.5236198237261265,-0.40395808046357456,117,6,False,False,False,-3.717816285866667,-2.926993233066667,2025-10-08 16:55:00+00:00,2025-10-09 05:47:00+00:00,12.866666666666667
2025-10-09,2025-10-09 05:47:00+00:00,2025-10-09 16:52:00+00:00,2025-10-09T07:47:00+02:00,2025-10-09T18:52:00+02:00,2025-10-09 05:51:25.120132352+00:00,2025-10-09 16:55:40.845368320+00:00,-1.516272966772798,-0.3988610401035497,119,6,False,False,False,-4.418668872533333,-3.6807561386666667,2025-10-09 16:52:00+00:00,2025-10-10 05:49:00+00:00,12.95
2025-10-10,2025-10-10 05:49:00+00:00,2025-10-10 16:50:00+00:00,2025-10-10T07:49:00+02:00,2025-10-10T18:50:00+02:00,2025-10-10 05:53:07.487623936+00:00,2025-10-10 16:53:26.689684992+00:00,-1.508726476284853,-0.3937161569865101,117,6,False,False,False,-4.124793732266666,-3.4448280832,2025-10-10 16:50:00+00:00,2025-10-11 05:51:00+00:00,13.016666666666667
2025-10-11,2025-10-11 05:51:00+00:00,2025-10-11 16:48:00+00:00,2025-10-11T07:51:00+02:00,2025-10-11T18:48:00+02:00,2025-10-11 05:54:50.181339392+00:00,2025-10-11 16:51:13.187651584+00:00,-1.5009881266823728,-0.38852620862139775,120,6,False,False,False,-3.8363556565333337,-3.219794193066667,2025-10-11 16:48:00+00:00,2025-10-12 05:53:00+00:00,13.083333333333334
2025-10-12,2025-10-12 05:53:00+00:00,2025-10-12 16:46:00+00:00,2025-10-12T07:53:00+02:00,2025-10-12T18:46:00+02:00,2025-10-12 05:56:33.208435200+00:00,2025-10-12 16:49:00.375651584+00:00,-1.4930659211751047,-0.3832940999681819,120,6,False,False,False,-3.55347392,-3.006260859733333,2025-10-12 16:46:00+00:00,2025-10-13 05:54:00+00:00,13.133333333333333
2025-10-13,2025-10-13 05:54:00+00:00,2025-10-13 16:43:00+00:00,2025-10-13T07:54:00+02:00,2025-10-13T18:43:00+02:00,2025-10-13 05:58:16.573321472+00:00,2025-10-13 16:46:48.291032320+00:00,-1.4849680826232483,-0.37802286095681004,120,6,False,False,False,-4.276222024533333,-3.8048505386666664,2025-10-13 16:43:00+00:00,2025-10-14 05:56:00+00:00,13.216666666666667
2025-10-14,2025-10-14 05:56:00+00:00,2025-10-14 16:41:00+00:00,2025-10-14T07:56:00+02:00,2025-10-14T18:41:00+02:00,2025-10-14 06:00:00.277750272+00:00,2025-10-14 16:44:36.971597312+00:00,-1.4767030441374063,-0.3727156438358231,120,6,False,False,False,-4.0046291711999995,-3.616193288533333,2025-10-14 16:41:00+00:00,2025-10-15 05:58:00+00:00,13.283333333333333
2025-10-15,2025-10-15 05:58:00+00:00,2025-10-15 16:39:00+00:00,2025-10-15T07:58:00+02:00,2025-10-15T18:39:00+02:00,2025-10-15 06:01:44.320900864+00:00,2025-10-15 16:42:26.455181824+00:00,-1.4682794394287162,-0.367375720353494,120,6,False,False,False,-3.7386816810666668,-3.4409196970666667,2025-10-15 16:39:00+00:00,2025-10-16 06:00:00+00:00,13.35
2025-10-16,2025-10-16 06:00:00+00:00,2025-10-16 16:37:00+00:00,2025-10-16T08:00:00+02:00,2025-10-16T18:37:00+02:00,2025-10-16 06:03:28.699471616+00:00,2025-10-16 16:40:16.779465472+00:00,-1.459706092920519,-0.36200647877456094,120,6,False,False,False,-3.4783245269333336,-3.2796577578666666,2025-10-16 16:37:00+00:00,2025-10-17 06:02:00+00:00,13.416666666666666
2025-10-17,2025-10-17 06:02:00+00:00,2025-10-17 16:34:00+00:00,2025-10-17T08:02:00+02:00,2025-10-17T18:34:00+02:00,2025-10-17 06:05:13.407823616+00:00,2025-10-17 16:38:07.982005760+00:00,-1.4509920096331639,-0.3566114207358251,120,6,False,False,False,-3.2234637269333333,-4.1330334293333335,2025-10-17 16:34:00+00:00,2025-10-18 06:03:00+00:00,13.483333333333333
2025-10-18,2025-10-18 06:03:00+00:00,2025-10-18 16:32:00+00:00,2025-10-18T08:03:00+02:00,2025-10-18T18:32:00+02:00,2025-10-18 06:06:58.438202368+00:00,2025-10-18 16:36:00.100376064+00:00,-1.4421463648538517,-0.3511941579440838,120,6,False,False,False,-3.9739700394666664,-4.0016729344,2025-10-18 16:32:00+00:00,2025-10-19 06:05:00+00:00,13.55
2025-10-19,2025-10-19 06:05:00+00:00,2025-10-19 16:30:00+00:00,2025-10-19T08:05:00+02:00,2025-10-19T18:30:00+02:00,2025-10-19 06:08:43.780986880+00:00,2025-10-19 16:33:53.172317952+00:00,-1.4331784936036436,-0.34575840872005664,120,6,False,False,False,-3.7296831146666665,-3.8862052992,2025-10-19 16:30:00+00:00,2025-10-20 06:07:00+00:00,13.616666666666667
2025-10-20,2025-10-20 06:07:00+00:00,2025-10-20 16:28:00+00:00,2025-10-20T08:07:00+02:00,2025-10-20T18:28:00+02:00,2025-10-20 06:10:29.424893184+00:00,2025-10-20 16:31:47.235882240+00:00,-1.4240978799140334,-0.3403079943921622,120,6,False,False,False,-3.4904148864000004,-3.787264704,2025-10-20 16:28:00+00:00,2025-10-21 06:09:00+00:00,13.683333333333334
2025-10-21,2025-10-21 06:09:00+00:00,2025-10-21 16:26:00+00:00,2025-10-21T08:09:00+02:00,2025-10-21T18:26:00+02:00,2025-10-21 06:12:15.357103104+00:00,2025-10-21 16:29:42.329580032+00:00,-1.4149141459256764,-0.33484683554417594,120,6,False,False,False,-3.2559517184,-3.705493000533333,2025-10-21 16:26:00+00:00,2025-10-22 06:11:00+00:00,13.75
2025-10-22,2025-10-22 06:11:00+00:00,2025-10-22 16:24:00+00:00,2025-10-22T08:11:00+02:00,2025-10-22T18:24:00+02:00,2025-10-22 06:14:01.563318272+00:00,2025-10-22 16:27:38.492526080+00:00,-1.4056370408221082,-0.32937894812099366,120,6,False,False,False,-3.0260553045333336,-3.6415421013333336,2025-10-22 16:24:00+00:00,2025-10-23 06:12:00+00:00,13.8
2025-10-23,2025-10-23 06:12:00+00:00,2025-10-23 16:22:00+00:00,2025-10-23T08:12:00+02:00,2025-10-23T18:22:00+02:00,2025-10-23 06:15:48.027763968+00:00,2025-10-23 16:25:35.764555264+00:00,-1.3962764296114558,-0.3239084393968849,120,6,False,False,False,-3.8004627328,-3.5960759210666664,2025-10-23 16:22:00+00:00,2025-10-24 06:14:00+00:00,13.866666666666667
2025-10-24,2025-10-24 06:14:00+00:00,2025-10-24 16:20:00+00:00,2025-10-24T08:14:00+02:00,2025-10-24T18:20:00+02:00,2025-10-24 06:17:34.733156352+00:00,2025-10-24 16:23:34.186288128+00:00,-1.386842281769353,-0.3184395038108063,120,6,False,False,False,-3.5788859392,-3.5697714688,2025-10-24 16:20:00+00:00,2025-10-25 06:16:00+00:00,13.933333333333334
2025-10-25,2025-10-25 06:16:00+00:00,2025-10-25 16:17:00+00:00,2025-10-25T08:16:00+02:00,2025-10-25T18:17:00+02:00,2025-10-25 06:19:21.660646400+00:00,2025-10-25 16:21:33.799169792+00:00,-1.3773446597564039,-0.31297641867349774,120,6,True,False,False,-3.361010773333333,-4.5633194965333335,2025-10-25 16:17:00+00:00,2025-10-26 06:18:00+00:00,14.016666666666667
2025-10-26,2025-10-26 06:18:00+00:00,2025-10-26 16:15:00+00:00,2025-10-26T07:18:00+01:00,2025-10-26T17:15:00+01:00,2025-10-26 06:21:08.789768960+00:00,2025-10-26 16:19:34.645505792+00:00,-1.3677937074237183,-0.3075235397512502,120,6,False,False,False,-3.146496149333333,-4.577425096533333,2025-10-26 16:15:00+00:00,2025-10-27 06:20:00+00:00,14.083333333333334
2025-10-27,2025-10-27 06:20:00+00:00,2025-10-27 16:13:00+00:00,2025-10-27T07:20:00+01:00,2025-10-27T17:13:00+01:00,2025-10-27 06:22:56.098450176+00:00,2025-10-27 16:17:36.768504576+00:00,-1.3581996383201558,-0.30208529673138446,120,6,False,False,False,-2.9349741696,-4.6128084096,2025-10-27 16:13:00+00:00,2025-10-28 06:22:00+00:00,14.15
2025-10-28,2025-10-28 06:22:00+00:00,2025-10-28 16:11:00+00:00,2025-10-28T07:22:00+01:00,2025-10-28T17:11:00+01:00,2025-10-28 06:24:43.563097600+00:00,2025-10-28 16:15:40.212336384+00:00,-1.3485727239150431,-0.2966661885746327,120,6,False,False,False,-2.7260516266666666,-4.670205606400001,2025-10-28 16:11:00+00:00,2025-10-29 06:24:00+00:00,14.216666666666667
2025-10-29,2025-10-29 06:24:00+00:00,2025-10-29 16:09:00+00:00,2025-10-29T07:24:00+01:00,2025-10-29T17:09:00+01:00,2025-10-29 06:26:31.158767104+00:00,2025-10-29 16:13:45.022211584+00:00,-1.3389232817502181,-0.29127077875974616,120,6,False,False,False,-2.5193127850666666,-4.750370193066667,2025-10-29 16:09:00+00:00,2025-10-30 06:25:00+00:00,14.266666666666667
2025-10-30,2025-10-30 06:25:00+00:00,2025-10-30 16:07:00+00:00,2025-10-30T07:25:00+01:00,2025-10-30T17:07:00+01:00,2025-10-30 06:28:18.859387392+00:00,2025-10-30 16:11:51.244504576+00:00,-1.3292616635353607,-0.2859036904258017,120,6,False,False,False,-3.3143231232,-4.854075076266667,2025-10-30 16:07:00+00:00,2025-10-31 06:27:00+00:00,14.333333333333334
2025-10-31,2025-10-31 06:27:00+00:00,2025-10-31 16:06:00+00:00,2025-10-31T07:27:00+01:00,2025-10-31T17:06:00+01:00,2025-10-31 06:30:06.638031360+00:00,2025-10-31 16:09:58.926883584+00:00,-1.319598243200605,-0.28056960141779363,120,6,False,False,False,-3.110633856,-3.9821147264,2025-10-31 16:06:00+00:00,2025-11-01 06:29:00+00:00,14.383333333333333
2025-11-01,2025-11-01 06:29:00+00:00,2025-11-01 16:04:00+00:00,2025-11-01T07:29:00+01:00,2025-11-01T17:04:00+01:00,2025-11-01 06:31:54.467226624+00:00,2025-11-01 16:08:08.118335232+00:00,-1.3099434049205163,-0.2752732392412358,120,6,False,False,False,-2.9077871104,-4.1353055871999995,2025-11-01 16:04:00+00:00,2025-11-02 06:31:00+00:00,14.45
2025-11-02,2025-11-02 06:31:00+00:00,2025-11-02 16:02:00+00:00,2025-11-02T07:31:00+01:00,2025-11-02T17:02:00+01:00,2025-11-02 06:33:42.319241728+00:00,2025-11-02 16:06:18.868970496+00:00,-1.3003075311235175,-0.2700193759315958,120,6,False,False,False,-2.705320695466667,-4.314482841599999,2025-11-02 16:02:00+00:00,2025-11-03 06:33:00+00:00,14.516666666666667
2025-11-03,2025-11-03 06:33:00+00:00,2025-11-03 16:00:00+00:00,2025-11-03T07:33:00+01:00,2025-11-03T17:00:00+01:00,2025-11-03 06:35:30.166207232+00:00,2025-11-03 16:04:31.229624064+00:00,-1.290700990500893,-0.26481282284451285,120,6,False,False,False,-2.5027701205333335,-4.5204937344000005,2025-11-03 16:00:00+00:00,2025-11-04 06:35:00+00:00,14.583333333333334
2025-11-04,2025-11-04 06:35:00+00:00,2025-11-04 15:58:00+00:00,2025-11-04T07:35:00+01:00,2025-11-04T16:58:00+01:00,2025-11-04 06:37:17.979894784+00:00,2025-11-04 16:02:45.251466752+00:00,-1.28113412602948,-0.25965842537283246,120,6,False,False,False,-2.2996649130666666,-4.754191112533333,2025-11-04 15:58:00+00:00,2025-11-05 06:36:00+00:00,14.633333333333333
2025-11-05,2025-11-05 06:36:00+00:00,2025-11-05 15:56:00+00:00,2025-11-05T07:36:00+01:00,2025-11-05T16:56:00+01:00,2025-11-05 06:39:05.731068160+00:00,2025-11-05 16:01:00.985933824+00:00,-1.2716172430221588,-0.25456105759660147,120,6,False,False,False,-3.095517802666667,-5.0164322304,2025-11-05 15:56:00+00:00,2025-11-06 06:38:00+00:00,14.7
2025-11-06,2025-11-06 06:38:00+00:00,2025-11-06 15:55:00+00:00,2025-11-06T07:38:00+01:00,2025-11-06T16:55:00+01:00,2025-11-06 06:40:53.388529920+00:00,2025-11-06 15:59:18.485125376+00:00,-1.2621605972202037,-0.24952561687224267,120,6,False,False,False,-2.889808832,-4.308085422933333,2025-11-06 15:55:00+00:00,2025-11-07 06:40:00+00:00,14.75
2025-11-07,2025-11-07 06:40:00+00:00,2025-11-07 15:53:00+00:00,2025-11-07T07:40:00+01:00,2025-11-07T16:53:00+01:00,2025-11-07 06:42:40.918137088+00:00,2025-11-07 15:57:37.802514432+00:00,-1.2527743829415274,-0.24455701836722032,120,6,False,False,False,-2.6819689514666667,-4.6300419072,2025-11-07 15:53:00+00:00,2025-11-08 06:42:00+00:00,14.816666666666666
2025-11-08,2025-11-08 06:42:00+00:00,2025-11-08 15:51:00+00:00,2025-11-08T07:42:00+01:00,2025-11-08T16:51:00+01:00,2025-11-08 06:44:28.282072576+00:00,2025-11-08 15:55:58.993537792+00:00,-1.2434687212987638,-0.23966018954656454,120,6,False,False,False,-2.4713678762666667,-4.983225629866666,2025-11-08 15:51:00+00:00,2025-11-09 06:44:00+00:00,14.883333333333333
2025-11-09,2025-11-09 06:44:00+00:00,2025-11-09 15:49:00+00:00,2025-11-09T07:44:00+01:00,2025-11-09T16:49:00+01:00,2025-11-09 06:46:15.438501888+00:00,2025-11-09 15:54:22.115664128+00:00,-1.2342536485010782,-0.23484006461770635,120,6,False,False,False,-2.2573083647999996,-5.368594402133334,2025-11-09 15:49:00+00:00,2025-11-10 06:46:00+00:00,14.95
2025-11-10,2025-11-10 06:46:00+00:00,2025-11-10 15:48:00+00:00,2025-11-10T07:46:00+01:00,2025-11-10T16:48:00+01:00,2025-11-10 06:48:02.341537024+00:00,2025-11-10 15:52:47.227851008+00:00,-1.225139104253464,-0.23010157894011382,120,6,False,False,False,-2.0390256170666667,-4.787130850133334,2025-11-10 15:48:00+00:00,2025-11-11 06:48:00+00:00,15.0
2025-11-11,2025-11-11 06:48:00+00:00,2025-11-11 15:46:00+00:00,2025-11-11T07:48:00+01:00,2025-11-11T16:46:00+01:00,2025-11-11 06:49:48.941327616+00:00,2025-11-11 15:51:14.389654016+00:00,-1.216134920267207,-0.22544966340628747,120,6,False,False,False,-1.8156887936,-5.239827566933333,2025-11-11 15:46:00+00:00,2025-11-12 06:49:00+00:00,15.05
2025-11-12,2025-11-12 06:49:00+00:00,2025-11-12 15:45:00+00:00,2025-11-12T07:49:00+01:00,2025-11-12T16:45:00+01:00,2025-11-12 06:51:35.184147968+00:00,2025-11-12 15:49:43.660412928+00:00,-1.2072508088950313,-0.22088923880069702,120,6,False,False,False,-2.5864024661333334,-4.7276735488,2025-11-12 15:45:00+00:00,2025-11-13 06:51:00+00:00,15.1
2025-11-13,2025-11-13 06:51:00+00:00,2025-11-13 15:43:00+00:00,2025-11-13T07:51:00+01:00,2025-11-13T16:43:00+01:00,2025-11-13 06:53:21.012471040+00:00,2025-11-13 15:48:15.098802432+00:00,-1.1984963519043244,-0.2164252101432952,120,6,False,False,False,-2.3502078506666666,-5.2516467072,2025-11-13 15:43:00+00:00,2025-11-14 06:53:00+00:00,15.166666666666666
2025-11-14,2025-11-14 06:53:00+00:00,2025-11-14 15:42:00+00:00,2025-11-14T07:53:00+01:00,2025-11-14T16:42:00+01:00,2025-11-14 06:55:06.365083392+00:00,2025-11-14 15:46:48.762756864+00:00,-1.1898809894016533,-0.21206246102425078,120,6,False,False,False,-2.1060847232,-4.8127126144,2025-11-14 15:42:00+00:00,2025-11-15 06:55:00+00:00,15.216666666666667
2025-11-15,2025-11-15 06:55:00+00:00,2025-11-15 15:40:00+00:00,2025-11-15T07:55:00+01:00,2025-11-15T16:40:00+01:00,2025-11-15 06:56:51.177302016+00:00,2025-11-15 15:45:24.709600768+00:00,-1.1814140089216236,-0.20780584793657922,120,6,False,False,False,-1.8529550336,-5.4118266794666665,2025-11-15 15:40:00+00:00,2025-11-16 06:57:00+00:00,15.283333333333333
2025-11-16,2025-11-16 06:57:00+00:00,2025-11-16 15:39:00+00:00,2025-11-16T07:57:00+01:00,2025-11-16T16:39:00+01:00,2025-11-16 06:58:35.381265408+00:00,2025-11-16 15:44:02.996183040+00:00,-1.1731045346929212,-0.20366019461334645,120,6,False,False,False,-1.5896877568,-5.0499363840000004,2025-11-16 15:39:00+00:00,2025-11-17 06:58:00+00:00,15.316666666666666
2025-11-17,2025-11-17 06:58:00+00:00,2025-11-17 15:37:00+00:00,2025-11-17T07:58:00+01:00,2025-11-17T16:37:00+01:00,2025-11-17 07:00:18.906248704+00:00,2025-11-17 15:42:43.678948352+00:00,-1.1649615170941905,-0.199630286376135,120,6,False,False,False,-2.315104145066667,-5.727982472533333,2025-11-17 15:37:00+00:00,2025-11-18 07:00:00+00:00,15.383333333333333
2025-11-18,2025-11-18 07:00:00+00:00,2025-11-18 15:36:00+00:00,2025-11-18T08:00:00+01:00,2025-11-18T16:36:00+01:00,2025-11-18 07:02:01.678950144+00:00,2025-11-18 15:41:26.813961472+00:00,-1.1569937223121527,-0.19572086450144532,120,6,False,False,False,-2.0279825024,-5.446899357866667,2025-11-18 15:36:00+00:00,2025-11-19 07:02:00+00:00,15.433333333333334
2025-11-19,2025-11-19 07:02:00+00:00,2025-11-19 15:35:00+00:00,2025-11-19T08:02:00+01:00,2025-11-19T16:35:00+01:00,2025-11-19 07:03:43.623718656+00:00,2025-11-19 15:40:12.456918784+00:00,-1.149209722214152,-0.1919366206117041,120,6,False,False,False,-1.7270619775999998,-5.2076153130666665,2025-11-19 15:35:00+00:00,2025-11-20 07:04:00+00:00,15.483333333333333
2025-11-20,2025-11-20 07:04:00+00:00,2025-11-20 15:34:00+00:00,2025-11-20T08:04:00+01:00,2025-11-20T16:34:00+01:00,2025-11-20 07:05:24.662731520+00:00,2025-11-20 15:39:00.663150848+00:00,-1.1416178844470493,-0.18828219109751881,120,6,False,False,False,-1.4110455253333332,-5.0110525141333335,2025-11-20 15:34:00+00:00,2025-11-21 07:05:00+00:00,15.516666666666667
2025-11-21,2025-11-21 07:05:00+00:00,2025-11-21 15:32:00+00:00,2025-11-21T08:05:00+01:00,2025-11-21T16:32:00+01:00,2025-11-21 07:07:04.716116736+00:00,2025-11-21 15:37:51.487597568+00:00,-1.1342263627741278,-0.18476215157779893,120,6,False,False,False,-2.0786019456,-5.858126626133333,2025-11-21 15:32:00+00:00,2025-11-22 07:07:00+00:00,15.583333333333334
2025-11-22,2025-11-22 07:07:00+00:00,2025-11-22 15:31:00+00:00,2025-11-22T08:07:00+01:00,2025-11-22T16:31:00+01:00,2025-11-22 07:08:43.702051072+00:00,2025-11-22 15:36:44.984753664+00:00,-1.127043087661378,-0.1813810114043185,120,6,False,False,False,-1.7283675178666666,-5.749745894399999,2025-11-22 15:31:00+00:00,2025-11-23 07:09:00+00:00,15.633333333333333
2025-11-23,2025-11-23 07:09:00+00:00,2025-11-23 15:30:00+00:00,2025-11-23T08:09:00+01:00,2025-11-23T16:30:00+01:00,2025-11-23 07:10:21.536890624+00:00,2025-11-23 15:35:41.208596992+00:00,-1.120075757124257,-0.17814320821725982,120,6,False,False,False,-1.3589481770666665,-5.686809949866667,2025-11-23 15:30:00+00:00,2025-11-24 07:10:00+00:00,15.666666666666666
2025-11-24,2025-11-24 07:10:00+00:00,2025-11-24 15:29:00+00:00,2025-11-24T08:10:00+01:00,2025-11-24T16:29:00+01:00,2025-11-24 07:11:58.135372288+00:00,2025-11-24 15:34:40.212511232+00:00,-1.1133318278456892,-0.17505310255821543,120,6,False,False,False,-1.9689228714666667,-5.6702085205333335,2025-11-24 15:29:00+00:00,2025-11-25 07:12:00+00:00,15.716666666666667
2025-11-25,2025-11-25 07:12:00+00:00,2025-11-25 15:28:00+00:00,2025-11-25T08:12:00+01:00,2025-11-25T16:28:00+01:00,2025-11-25 07:13:33.410928128+00:00,2025-11-25 15:33:42.049216512+00:00,-1.1068185065757659,-0.17211497254707467,120,6,False,False,False,-1.5568488021333333,-5.7008202752,2025-11-25 15:28:00+00:00,2025-11-26 07:14:00+00:00,15.766666666666667
2025-11-26,2025-11-26 07:14:00+00:00,2025-11-26 15:27:00+00:00,2025-11-26T08:14:00+01:00,2025-11-26T16:27:00+01:00,2025-11-26 07:15:07.276085248+00:00,2025-11-26 15:32:46.770719488+00:00,-1.100542741823266,-0.16933300862914724,120,6,False,False,False,-1.1212680874666667,-5.779511991466666,2025-11-26 15:27:00+00:00,2025-11-27 07:15:00+00:00,15.8
2025-11-27,2025-11-27 07:15:00+00:00,2025-11-27 15:26:00+00:00,2025-11-27T08:15:00+01:00,2025-11-27T16:26:00+01:00,2025-11-27 07:16:39.642930176+00:00,2025-11-27 15:31:54.428307456+00:00,-1.0945112158487822,-0.16671130839880616,120,6,False,False,False,-1.6607155029333331,-5.9071384576,2025-11-27 15:26:00+00:00,2025-11-28 07:17:00+00:00,15.85
2025-11-28,2025-11-28 07:17:00+00:00,2025-11-28 15:25:00+00:00,2025-11-28T08:17:00+01:00,2025-11-28T16:25:00+01:00,2025-11-28 07:18:10.423635968+00:00,2025-11-28 15:31:05.072556288+00:00,-1.088730336968861,-0.16425387150584403,120,6,False,False,False,-1.1737272661333333,-6.0845426048,2025-11-28 15:25:00+00:00,2025-11-29 07:18:00+00:00,15.883333333333333
2025-11-29,2025-11-29 07:18:00+00:00,2025-11-29 15:24:00+00:00,2025-11-29T08:18:00+01:00,2025-11-29T16:24:00+01:00,2025-11-29 07:19:39.531047424+00:00,2025-11-29 15:30:18.753243904+00:00,-1.083206232180228,-0.16196459465065283,120,6,False,False,False,-1.6588507903999998,-6.312554065066666,2025-11-29 15:24:00+00:00,2025-11-30 07:20:00+00:00,15.933333333333334
2025-11-30,2025-11-30 07:20:00+00:00,2025-11-30 15:24:00+00:00,2025-11-30T08:20:00+01:00,2025-11-30T16:24:00+01:00,2025-11-30 07:21:06.879289344+00:00,2025-11-30 15:29:35.519056128+00:00,-1.0779447401127604,-0.159847266674235,120,6,False,False,False,-1.1146548224,-5.5919842688,2025-11-30 15:24:00+00:00,2025-12-01 07:21:00+00:00,15.95
2025-12-01,2025-12-01 07:21:00+00:00,2025-12-01 15:23:00+00:00,2025-12-01T08:21:00+01:00,2025-12-01T16:23:00+01:00,2025-12-01 07:22:32.384258304+00:00,2025-12-01 15:28:55.417070592+00:00,-1.0729514043195072,-0.1579055637489536,120,6,False,False,False,-1.5397376383999999,-5.923617843200001,2025-12-01 15:23:00+00:00,2025-12-02 07:23:00+00:00,16.0
2025-12-02,2025-12-02 07:23:00+00:00,2025-12-02 15:22:00+00:00,2025-12-02T08:23:00+01:00,2025-12-02T16:22:00+01:00,2025-12-02 07:23:55.963810560+00:00,2025-12-02 15:28:18.492219904+00:00,-1.068231466911636,-0.15614304467581414,120,6,False,False,False,-0.932730176,-6.308203665066667,2025-12-02 15:22:00+00:00,2025-12-03 07:24:00+00:00,16.033333333333335
2025-12-03,2025-12-03 07:24:00+00:00,2025-12-03 15:22:00+00:00,2025-12-03T08:24:00+01:00,2025-12-03T16:22:00+01:00,2025-12-03 07:25:17.537535232+00:00,2025-12-03 15:27:44.787053568+00:00,-1.0637898625458029,-0.15456314629395573,120,6,False,False,False,-1.2922922538666666,-5.7464508927999995,2025-12-03 15:22:00+00:00,2025-12-04 07:25:00+00:00,16.05
2025-12-04,2025-12-04 07:25:00+00:00,2025-12-04 15:21:00+00:00,2025-12-04T08:25:00+01:00,2025-12-04T16:21:00+01:00,2025-12-04 07:26:37.026161920+00:00,2025-12-04 15:27:14.341991168+00:00,-1.0596312127709977,-0.15316917900790056,120,6,False,False,False,-1.6171026986666668,-6.239033186133333,2025-12-04 15:21:00+00:00,2025-12-05 07:27:00+00:00,16.1
2025-12-05,2025-12-05 07:27:00+00:00,2025-12-05 15:21:00+00:00,2025-12-05T08:27:00+01:00,2025-12-05T16:21:00+01:00,2025-12-05 07:27:54.350846976+00:00,2025-12-05 15:26:47.195928576+00:00,-1.0557598207415189,-0.15196432243798358,120,6,False,False,False,-0.9058474496,-5.786598809599999,2025-12-05 15:21:00+00:00,2025-12-06 07:28:00+00:00,16.116666666666667
2025-12-06,2025-12-06 07:28:00+00:00,2025-12-06 15:20:00+00:00,2025-12-06T08:28:00+01:00,2025-12-06T16:20:00+01:00,2025-12-06 07:29:09.432623104+00:00,2025-12-06 15:26:23.386745344+00:00,-1.0521796663022807,-0.1509516211992425,120,6,False,False,False,-1.1572103850666666,-6.389779089066667,2025-12-06 15:20:00+00:00,2025-12-07 07:29:00+00:00,16.15
2025-12-07,2025-12-07 07:29:00+00:00,2025-12-07 15:20:00+00:00,2025-12-07T08:29:00+01:00,2025-12-07T16:20:00+01:00,2025-12-07 07:30:22.192209920+00:00,2025-12-07 15:26:02.951228160+00:00,-1.0488944014522266,-0.1501339808139045,120,6,False,False,False,-1.3698701653333332,-6.0491871360000005,2025-12-07 15:20:00+00:00,2025-12-08 07:30:00+00:00,16.166666666666668
2025-12-08,2025-12-08 07:30:00+00:00,2025-12-08 15:20:00+00:00,2025-12-08T08:30:00+01:00,2025-12-08T16:20:00+01:00,2025-12-08 07:31:32.550191872+00:00,2025-12-08 15:25:45.924244480+00:00,-1.0459073461911674,-0.14951416376245735,120,6,False,False,False,-1.5425031978666666,-5.765404074666667,2025-12-08 15:20:00+00:00,2025-12-09 07:31:00+00:00,16.183333333333334
2025-12-09,2025-12-09 07:31:00+00:00,2025-12-09 15:19:00+00:00,2025-12-09T08:31:00+01:00,2025-12-09T16:19:00+01:00,2025-12-09 07:32:40.427418880+00:00,2025-12-09 15:25:32.337436160+00:00,-1.0432214847549208,-0.1490947856781345,120,6,False,False,False,-1.6737903146666668,-6.538957269333333,2025-12-09 15:19:00+00:00,2025-12-10 07:33:00+00:00,16.233333333333334
2025-12-10,2025-12-10 07:33:00+00:00,2025-12-10 15:19:00+00:00,2025-12-10T08:33:00+01:00,2025-12-10T16:19:00+01:00,2025-12-10 07:33:45.745462016+00:00,2025-12-10 15:25:22.217950976+00:00,-1.0408394622431594,-0.1488783116894809,120,6,False,False,False,-0.7624243669333333,-6.3702991829333335,2025-12-10 15:19:00+00:00,2025-12-11 07:34:00+00:00,16.25
2025-12-11,2025-12-11 07:34:00+00:00,2025-12-11 15:19:00+00:00,2025-12-11T08:34:00+01:00,2025-12-11T16:19:00+01:00,2025-12-11 07:34:48.427014912+00:00,2025-12-11 15:25:15.587631616+00:00,-1.0387635816439167,-0.14886705291550195,120,6,False,False,False,-0.8071169152,-6.259793860266667,2025-12-11 15:19:00+00:00,2025-12-12 07:35:00+00:00,16.266666666666666
2025-12-12,2025-12-12 07:35:00+00:00,2025-12-12 15:19:00+00:00,2025-12-12T08:35:00+01:00,2025-12-12T16:19:00+01:00,2025-12-12 07:35:48.396244224+00:00,2025-12-12 15:25:12.462752768+00:00,-1.0369958012582292,-0.14906316311771933,120,6,False,False,False,-0.8066040704,-6.207712546133333,2025-12-12 15:19:00+00:00,2025-12-13 07:36:00+00:00,16.283333333333335
2025-12-13,2025-12-13 07:36:00+00:00,2025-12-13 15:19:00+00:00,2025-12-13T08:36:00+01:00,2025-12-13T16:19:00+01:00,2025-12-13 07:36:45.579138560+00:00,2025-12-13 15:25:12.854106368+00:00,-1.0355377325279242,-0.14946863551328382,120,6,False,False,False,-0.7596523093333333,-6.214235106133333,2025-12-13 15:19:00+00:00,2025-12-14 07:37:00+00:00,16.3
2025-12-14,2025-12-14 07:37:00+00:00,2025-12-14 15:19:00+00:00,2025-12-14T08:37:00+01:00,2025-12-14T16:19:00+01:00,2025-12-14 07:37:39.903898880+00:00,2025-12-14 15:25:16.767165184+00:00,-1.0343906382690804,-0.15008529975311075,120,6,False,False,False,-0.6650649813333334,-6.279452753066667,2025-12-14 15:19:00+00:00,2025-12-15 07:37:00+00:00,16.3
2025-12-15,2025-12-15 07:37:00+00:00,2025-12-15 15:19:00+00:00,2025-12-15T08:37:00+01:00,2025-12-15T16:19:00+01:00,2025-12-15 07:38:31.301376512+00:00,2025-12-15 15:25:24.202176768+00:00,-1.0335554313132138,-0.15091481906881332,120,6,False,False,False,-1.5216896085333333,-6.403369612800001,2025-12-15 15:19:00+00:00,2025-12-16 07:38:00+00:00,16.316666666666666
2025-12-16,2025-12-16 07:38:00+00:00,2025-12-16 15:19:00+00:00,2025-12-16T08:38:00+01:00,2025-12-16T16:19:00+01:00,2025-12-16 07:39:19.705503232+00:00,2025-12-16 15:25:35.154200064+00:00,-1.0330326735577584,-0.1519586875920188,120,6,False,False,False,-1.3284250538666666,-6.5859033344,2025-12-16 15:19:00+00:00,2025-12-17 07:39:00+00:00,16.333333333333332
2025-12-17,2025-12-17 07:39:00+00:00,2025-12-17 15:20:00+00:00,2025-12-17T08:39:00+01:00,2025-12-17T16:20:00+01:00,2025-12-17 07:40:05.053657856+00:00,2025-12-17 15:25:49.613140224+00:00,-1.0328225754269296,-0.15321822784945605,120,6,False,False,False,-1.0842276309333334,-5.8268856704,2025-12-17 15:20:00+00:00,2025-12-18 07:40:00+00:00,16.333333333333332
2025-12-18,2025-12-18 07:40:00+00:00,2025-12-18 15:20:00+00:00,2025-12-18T08:40:00+01:00,2025-12-18T16:20:00+01:00,2025-12-18 07:40:47.286932736+00:00,2025-12-18 15:26:07.563812608+00:00,-1.0329249957435682,-0.15469458843699818,120,6,False,False,False,-0.7881155456,-6.126063543466667,2025-12-18 15:20:00+00:00,2025-12-19 07:40:00+00:00,16.333333333333332
2025-12-19,2025-12-19 07:40:00+00:00,2025-12-19 15:20:00+00:00,2025-12-19T08:40:00+01:00,2025-12-19T16:20:00+01:00,2025-12-19 07:41:26.350301440+00:00,2025-12-19 15:26:28.986009856+00:00,-1.0333394420120838,-0.15638874187564494,120,6,False,False,False,-1.4391716906666665,-6.483100164266667,2025-12-19 15:20:00+00:00,2025-12-20 07:41:00+00:00,16.35
2025-12-20,2025-12-20 07:41:00+00:00,2025-12-20 15:21:00+00:00,2025-12-20T08:41:00+01:00,2025-12-20T16:21:00+01:00,2025-12-20 07:42:02.192731136+00:00,2025-12-20 15:26:53.854575616+00:00,-1.0340650711121273,-0.15830148265221572,120,6,False,False,False,-1.0365455189333332,-5.897576260266666,2025-12-20 15:21:00+00:00,2025-12-21 07:41:00+00:00,16.333333333333332
2025-12-21,2025-12-21 07:41:00+00:00,2025-12-21 15:21:00+00:00,2025-12-21T08:41:00+01:00,2025-12-21T16:21:00+01:00,2025-12-21 07:42:34.767292160+00:00,2025-12-21 15:27:22.139495168+00:00,-1.0351006904021363,-0.16043342544731387,120,6,False,False,False,-1.5794548693333332,-6.368991586133333,2025-12-21 15:21:00+00:00,2025-12-22 07:42:00+00:00,16.35
2025-12-22,2025-12-22 07:42:00+00:00,2025-12-22 15:22:00+00:00,2025-12-22T08:42:00+01:00,2025-12-22T16:22:00+01:00,2025-12-22 07:43:04.031305472+00:00,2025-12-22 15:27:53.806037760+00:00,-1.036444759231417,-0.1627850035529121,120,6,False,False,False,-1.0671884245333334,-5.896767295999999,2025-12-22 15:22:00+00:00,2025-12-23 07:42:00+00:00,16.333333333333332
2025-12-23,2025-12-23 07:42:00+00:00,2025-12-23 15:22:00+00:00,2025-12-23T08:42:00+01:00,2025-12-23T16:22:00+01:00,2025-12-23 07:43:29.946540032+00:00,2025-12-23 15:28:28.814953728+00:00,-1.0380953908589405,-0.1653564674816822,119,6,False,False,False,-1.4991090005333334,-6.4802492288,2025-12-23 15:22:00+00:00,2025-12-24 07:43:00+00:00,16.35
2025-12-24,2025-12-24 07:43:00+00:00,2025-12-24 15:23:00+00:00,2025-12-24T08:43:00+01:00,2025-12-24T16:23:00+01:00,2025-12-24 07:43:52.479457280+00:00,2025-12-24 15:29:07.122715904+00:00,-1.0400503547765498,-0.1681478837699822,118,6,False,False,False,-0.8746576213333334,-6.118711931733333,2025-12-24 15:23:00+00:00,2025-12-25 07:43:00+00:00,16.333333333333332
2025-12-25,2025-12-25 07:43:00+00:00,2025-12-25 15:24:00+00:00,2025-12-25T08:43:00+01:00,2025-12-25T16:24:00+01:00,2025-12-25 07:44:11.601500416+00:00,2025-12-25 15:29:48.681795840+00:00,-1.0423070794338014,-0.1711591339761836,117,6,False,False,False,-1.1933583402666665,-5.811363264,2025-12-25 15:24:00+00:00,2025-12-26 07:43:00+00:00,16.316666666666666
2025-12-26,2025-12-26 07:43:00+00:00,2025-12-26 15:25:00+00:00,2025-12-26T08:43:00+01:00,2025-12-26T16:25:00+01:00,2025-12-26 07:44:27.289420288+00:00,2025-12-26 15:30:33.440970496+00:00,-1.0448626553611855,-0.17438991387580016,116,6,False,False,False,-1.4548236714666667,-5.557349508266666,2025-12-26 15:25:00+00:00,2025-12-27 07:43:00+00:00,16.3
2025-12-27,2025-12-27 07:43:00+00:00,2025-12-27 15:25:00+00:00,2025-12-27T08:43:00+01:00,2025-12-27T16:25:00+01:00,2025-12-27 07:44:39.525626880+00:00,2025-12-27 15:31:21.345619968+00:00,-1.0477138386880025,-0.17783973285465066,114,6,False,False,False,-1.658760448,-6.3557603328,2025-12-27 15:25:00+00:00,2025-12-28 07:44:00+00:00,16.316666666666666
2025-12-28,2025-12-28 07:44:00+00:00,2025-12-28 15:26:00+00:00,2025-12-28T08:44:00+01:00,2025-12-28T16:26:00+01:00,2025-12-28 07:44:48.298505984+00:00,2025-12-28 15:32:12.337939200+00:00,-1.0508570550507037,-0.1815079135010655,113,6,False,False,False,-0.8049750997333334,-6.20563232,2025-12-28 15:26:00+00:00,2025-12-29 07:44:00+00:00,16.3
2025-12-29,2025-12-29 07:44:00+00:00,2025-12-29 15:27:00+00:00,2025-12-29T08:44:00+01:00,2025-12-29T16:27:00+01:00,2025-12-29 07:44:53.602609408+00:00,2025-12-29 15:33:06.357032192+00:00,-1.0542884038870486,-0.1853935913979083,112,6,False,False,False,-0.8933768234666667,-6.105950536533333,2025-12-29 15:27:00+00:00,2025-12-30 07:44:00+00:00,16.283333333333335
2025-12-30,2025-12-30 07:44:00+00:00,2025-12-30 15:28:00+00:00,2025-12-30T08:44:00+01:00,2025-12-30T16:28:00+01:00,2025-12-30 07:44:55.438600960+00:00,2025-12-30 15:34:03.338976+00:00,-1.058003663110969,-0.18949571511496427,111,6,False,False,False,-0.9239766826666667,-6.0556496,2025-12-30 15:28:00+00:00,2025-12-31 07:44:00+00:00,16.266666666666666
2025-12-31,2025-12-31 07:44:00+00:00,2025-12-31 15:29:00+00:00,2025-12-31T08:44:00+01:00,2025-12-31T16:29:00+01:00,2025-12-31 07:44:53.812886784+00:00,2025-12-31 15:35:03.217067776+00:00,-1.0619982941625832,-0.19381304640200342,110,6,False,False,False,-0.8968814464,-6.053617796266667,2025-12-31 15:29:00+00:00,2026-01-01 07:43:00+00:00,16.233333333333334
2026-01-01,2026-01-01 07:43:00+00:00,2026-01-01 15:30:00+00:00,2026-01-01T08:43:00+01:00,2026-01-01T16:30:00+01:00,2026-01-01 07:44:48.736936192+00:00,2026-01-01 15:36:05.922406656+00:00,-1.0662674474273675,-0.19834416058260979,108,6,False,True,False,-1.8122822698666667,-6.0987067776,2026-01-01 15:30:00+00:00,2026-01-02 07:43:00+00:00,16.216666666666665
2026-01-02,2026-01-02 07:43:00+00:00,2026-01-02 15:31:00+00:00,2026-01-02T08:43:00+01:00,2026-01-02T16:31:00+01:00,2026-01-02 07:44:40.226425856+00:00,2026-01-02 15:37:11.384738560+00:00,-1.070805968018042,-0.20308744714861998,107,6,False,True,False,-1.6704404309333334,-6.189745642666667,2026-01-02 15:31:00+00:00,2026-01-03 07:43:00+00:00,16.2
2026-01-03,2026-01-03 07:43:00+00:00,2026-01-03 15:33:00+00:00,2026-01-03T08:43:00+01:00,2026-01-03T16:33:00+01:00,2026-01-03 07:44:28.300404480+00:00,2026-01-03 15:38:19.533206528+00:00,-1.075608401912314,-0.20804111055479818,106,6,False,True,False,-1.471673408,-5.325553442133333,2026-01-03 15:33:00+00:00,2026-01-04 07:43:00+00:00,16.166666666666668
2026-01-04,2026-01-04 07:43:00+00:00,2026-01-04 15:34:00+00:00,2026-01-04T08:43:00+01:00,2026-01-04T16:34:00+01:00,2026-01-04 07:44:12.980676096+00:00,2026-01-04 15:39:30.296594176+00:00,-1.0806690024391932,-0.21320317121312965,105,6,False,True,False,-1.2163446016,-5.504943236266667,2026-01-04 15:34:00+00:00,2026-01-05 07:42:00+00:00,16.133333333333333
2026-01-05,2026-01-05 07:42:00+00:00,2026-01-05 15:35:00+00:00,2026-01-05T08:42:00+01:00,2026-01-05T16:35:00+01:00,2026-01-05 07:43:54.291501312+00:00,2026-01-05 15:40:43.602878976+00:00,-1.085981737106187,-0.21857146668589483,104,6,False,True,False,-1.9048583551999998,-5.7267146496,2026-01-05 15:35:00+00:00,2026-01-06 07:42:00+00:00,16.116666666666667
2026-01-06,2026-01-06 07:42:00+00:00,2026-01-06 15:36:00+00:00,2026-01-06T08:42:00+01:00,2026-01-06T16:36:00+01:00,2026-01-06 07:43:32.259567872+00:00,2026-01-06 15:41:59.378307328+00:00,-1.0915402947592772,-0.22414365307644823,103,6,False,True,False,-1.5376594645333335,-5.989638455466666,2026-01-06 15:36:00+00:00,2026-01-07 07:42:00+00:00,16.1
2026-01-07,2026-01-07 07:42:00+00:00,2026-01-07 15:38:00+00:00,2026-01-07T08:42:00+01:00,2026-01-07T16:38:00+01:00,2026-01-07 07:43:06.914085120+00:00,2026-01-07 15:43:17.546472192+00:00,-1.0973380930671868,-0.2299172066164044,102,6,False,True,False,-1.1152347519999999,-5.2924412032,2026-01-07 15:38:00+00:00,2026-01-08 07:41:00+00:00,16.05
2026-01-08,2026-01-08 07:41:00+00:00,2026-01-08 15:39:00+00:00,2026-01-08T08:41:00+01:00,2026-01-08T16:39:00+01:00,2026-01-08 07:42:38.286835712+00:00,2026-01-08 15:44:38.027818240+00:00,-1.103368286321075,-0.23588942544770009,101,6,False,True,False,-1.6381139285333333,-5.633796970666666,2026-01-08 15:39:00+00:00,2026-01-09 07:40:00+00:00,16.016666666666666
2026-01-09,2026-01-09 07:40:00+00:00,2026-01-09 15:41:00+00:00,2026-01-09T08:40:00+01:00,2026-01-09T16:41:00+01:00,2026-01-09 07:42:06.412114944+00:00,2026-01-09 15:46:00.739703552+00:00,-1.109623773540404,-0.2420574315977791,100,6,False,True,False,-2.1068685823999997,-5.012328392533333,2026-01-09 15:41:00+00:00,2026-01-10 07:40:00+00:00,15.983333333333333
2026-01-10,2026-01-10 07:40:00+00:00,2026-01-10 15:42:00+00:00,2026-01-10T08:40:00+01:00,2026-01-10T16:42:00+01:00,2026-01-10 07:41:31.326588928+00:00,2026-01-10 15:47:25.596856320+00:00,-1.1160972068753818,-0.24841817314592507,99,5,False,True,False,-1.5221098154666668,-5.426614271999999,2026-01-10 15:42:00+00:00,2026-01-11 07:39:00+00:00,15.95
2026-01-11,2026-01-11 07:39:00+00:00,2026-01-11 15:44:00+00:00,2026-01-11T08:39:00+01:00,2026-01-11T16:44:00+01:00,2026-01-11 07:40:53.069146624+00:00,2026-01-11 15:48:52.511947008+00:00,-1.1227810002960228,-0.2549684265785389,99,5,False,True,False,-1.8844857770666665,-4.8751991168,2026-01-11 15:44:00+00:00,2026-01-12 07:38:00+00:00,15.9
2026-01-12,2026-01-12 07:38:00+00:00,2026-01-12 15:45:00+00:00,2026-01-12T08:38:00+01:00,2026-01-12T16:45:00+01:00,2026-01-12 07:40:11.680798720+00:00,2026-01-12 15:50:21.396111616+00:00,-1.1296673385575347,-0.26170479933094837,99,5,False,True,False,-2.194679978666667,-5.356601860266666,2026-01-12 15:45:00+00:00,2026-01-13 07:38:00+00:00,15.883333333333333
2026-01-13,2026-01-13 07:38:00+00:00,2026-01-13 15:47:00+00:00,2026-01-13T08:38:00+01:00,2026-01-13T16:47:00+01:00,2026-01-13 07:39:27.204603136+00:00,2026-01-13 15:51:52.159395584+00:00,-1.1367481864314124,-0.26862373251311156,99,5,False,True,False,-1.4534100522666666,-4.869323259733333,2026-01-13 15:47:00+00:00,2026-01-14 07:37:00+00:00,15.833333333333334
2026-01-14,2026-01-14 07:37:00+00:00,2026-01-14 15:48:00+00:00,2026-01-14T08:37:00+01:00,2026-01-14T16:48:00+01:00,2026-01-14 07:38:39.685561344+00:00,2026-01-14 15:53:24.711145984+00:00,-1.144015298191311,-0.27572150381637134,99,5,False,True,False,-1.6614260224000001,-5.411852433066667,2026-01-14 15:48:00+00:00,2026-01-15 07:36:00+00:00,15.8
2026-01-15,2026-01-15 07:36:00+00:00,2026-01-15 15:50:00+00:00,2026-01-15T08:36:00+01:00,2026-01-15T16:50:00+01:00,2026-01-15 07:37:49.170451200+00:00,2026-01-15 15:54:58.960376064+00:00,-1.1514602273424603,-0.28299423059820095,100,5,False,True,False,-1.81950752,-4.9826729344,2026-01-15 15:50:00+00:00,2026-01-16 07:35:00+00:00,15.75
2026-01-16,2026-01-16 07:35:00+00:00,2026-01-16 15:52:00+00:00,2026-01-16T08:35:00+01:00,2026-01-16T16:52:00+01:00,2026-01-16 07:36:55.707606784+00:00,2026-01-16 15:56:34.816075008+00:00,-1.1590743365831084,-0.2904378731416815,100,5,False,True,False,-1.9284601130666668,-4.5802679168,2026-01-16 15:52:00+00:00,2026-01-17 07:34:00+00:00,15.7
2026-01-17,2026-01-17 07:34:00+00:00,2026-01-17 15:53:00+00:00,2026-01-17T08:34:00+01:00,2026-01-17T16:53:00+01:00,2026-01-17 07:35:59.346678272+00:00,2026-01-17 15:58:12.187485696+00:00,-1.1668488079861998,-0.29804823808624176,100,5,False,True,False,-1.9891113045333335,-5.2031247616,2026-01-17 15:53:00+00:00,2026-01-18 07:33:00+00:00,15.666666666666666
2026-01-18,2026-01-18 07:33:00+00:00,2026-01-18 15:55:00+00:00,2026-01-18T08:33:00+01:00,2026-01-18T16:55:00+01:00,2026-01-18 07:35:00.138407424+00:00,2026-01-18 15:59:50.984388608+00:00,-1.1747746533892365,-0.3058209820260004,100,5,False,True,False,-2.0023067904,-4.849739810133333,2026-01-18 15:55:00+00:00,2026-01-19 07:32:00+00:00,15.616666666666667
2026-01-19,2026-01-19 07:32:00+00:00,2026-01-19 15:57:00+00:00,2026-01-19T08:32:00+01:00,2026-01-19T16:57:00+01:00,2026-01-19 07:33:58.134424576+00:00,2026-01-19 16:01:31.117441024+00:00,-1.182842724980028,-0.3137516152718494,100,5,False,True,False,-1.9689070762666667,-4.518624017066667,2026-01-19 15:57:00+00:00,2026-01-20 07:31:00+00:00,15.566666666666666
2026-01-20,2026-01-20 07:31:00+00:00,2026-01-20 15:59:00+00:00,2026-01-20T08:31:00+01:00,2026-01-20T16:59:00+01:00,2026-01-20 07:32:53.387085312+00:00,2026-01-20 16:03:12.498554368+00:00,-1.1910437260658038,-0.3218355057732316,100,5,False,True,False,-1.8897847552,-4.208309239466667,2026-01-20 15:59:00+00:00,2026-01-21 07:29:00+00:00,15.5
2026-01-21,2026-01-21 07:29:00+00:00,2026-01-21 16:01:00+00:00,2026-01-21T08:29:00+01:00,2026-01-21T17:01:00+01:00,2026-01-21 07:31:45.949381376+00:00,2026-01-21 16:04:55.041256192+00:00,-1.199368222012943,-0.3300678831953797,100,5,False,True,False,-2.765823022933333,-3.9173542698666663,2026-01-21 16:01:00+00:00,2026-01-22 07:28:00+00:00,15.45
2026-01-22,2026-01-22 07:28:00+00:00,2026-01-22 16:02:00+00:00,2026-01-22T08:28:00+01:00,2026-01-22T17:02:00+01:00,2026-01-22 07:30:35.874946560+00:00,2026-01-22 16:06:38.661002496+00:00,-1.2078066513443844,-0.33844384314760106,100,5,False,True,False,-2.5979157760000002,-4.6443500416,2026-01-22 16:02:00+00:00,2026-01-23 07:27:00+00:00,15.416666666666666
2026-01-23,2026-01-23 07:27:00+00:00,2026-01-23 16:04:00+00:00,2026-01-23T08:27:00+01:00,2026-01-23T17:04:00+01:00,2026-01-23 07:29:23.218174720+00:00,2026-01-23 16:08:23.275452928+00:00,-1.216349336981584,-0.3469583515580211,100,5,False,True,False,-2.3869695786666667,-4.387924215466667,2026-01-23 16:04:00+00:00,2026-01-24 07:26:00+00:00,15.366666666666667
2026-01-24,2026-01-24 07:26:00+00:00,2026-01-24 16:06:00+00:00,2026-01-24T08:26:00+01:00,2026-01-24T17:06:00+01:00,2026-01-24 07:28:08.034387712+00:00,2026-01-24 16:10:08.804744448+00:00,-1.2249864976177265,-0.355606249190026,100,5,False,True,False,-2.1339064618666668,-4.1467457408,2026-01-24 16:06:00+00:00,2026-01-25 07:24:00+00:00,15.3
2026-01-25,2026-01-25 07:24:00+00:00,2026-01-25 16:08:00+00:00,2026-01-25T08:24:00+01:00,2026-01-25T17:08:00+01:00,2026-01-25 07:26:50.379990528+00:00,2026-01-25 16:11:55.171771904+00:00,-1.2337082592087365,-0.36438225629548016,100,5,False,True,False,-2.8396665088,-3.919529531733333,2026-01-25 16:08:00+00:00,2026-01-26 07:23:00+00:00,15.25
2026-01-26,2026-01-26 07:23:00+00:00,2026-01-26 16:10:00+00:00,2026-01-26T08:23:00+01:00,2026-01-26T17:10:00+01:00,2026-01-26 07:25:30.312535808+00:00,2026-01-26 16:13:42.302454784+00:00,-1.2425046665685047,-0.3732809773996394,100,5,False,True,False,-2.5052089301333336,-3.7050409130666666,2026-01-26 16:10:00+00:00,2026-01-27 07:22:00+00:00,15.2
2026-01-27,2026-01-27 07:22:00+00:00,2026-01-27 16:12:00+00:00,2026-01-27T08:22:00+01:00,2026-01-27T17:12:00+01:00,2026-01-27 07:24:07.890663936+00:00,2026-01-27 16:15:30.125989120+00:00,-1.2513656950546133,-0.3822969062125217,100,5,False,True,False,-2.1315110656,-3.5020998186666668,2026-01-27 16:12:00+00:00,2026-01-28 07:20:00+00:00,15.133333333333333
2026-01-28,2026-01-28 07:20:00+00:00,2026-01-28 16:13:00+00:00,2026-01-28T08:20:00+01:00,2026-01-28T17:13:00+01:00,2026-01-28 07:22:43.173893376+00:00,2026-01-28 16:17:18.575141376+00:00,-1.2602812623307487,-0.39142443066135696,100,5,False,True,False,-2.7195648896,-4.3095856895999995,2026-01-28 16:13:00+00:00,2026-01-29 07:19:00+00:00,15.1
2026-01-29,2026-01-29 07:19:00+00:00,2026-01-29 16:15:00+00:00,2026-01-29T08:19:00+01:00,2026-01-29T17:15:00+01:00,2026-01-29 07:21:16.222263552+00:00,2026-01-29 16:19:07.586622208+00:00,-1.2692412401918929,-0.4006578380385921,100,5,False,True,False,-2.2703710592,-4.126443703466666,2026-01-29 16:15:00+00:00,2026-01-30 07:17:00+00:00,15.033333333333333
2026-01-30,2026-01-30 07:17:00+00:00,2026-01-30 16:17:00+00:00,2026-01-30T08:17:00+01:00,2026-01-30T17:17:00+01:00,2026-01-30 07:19:47.095851776+00:00,2026-01-30 16:20:57.101491712+00:00,-1.278235466438316,-0.4099913202597964,100,5,False,True,False,-2.7849308629333334,-3.9516915285333334,2026-01-30 16:17:00+00:00,2026-01-31 07:15:00+00:00,14.966666666666667
2026-01-31,2026-01-31 07:15:00+00:00,2026-01-31 16:19:00+00:00,2026-01-31T08:15:00+01:00,2026-01-31T17:19:00+01:00,2026-01-31 07:18:15.854247936+00:00,2026-01-31 16:22:47.065389824+00:00,-1.2872537567843372,-0.4194189792256839,100,5,False,True,False,-3.2642374656,-3.7844231637333334,2026-01-31 16:19:00+00:00,2026-02-01 07:14:00+00:00,14.916666666666666
2026-02-01,2026-02-01 07:14:00+00:00,2026-02-01 16:21:00+00:00,2026-02-01T08:14:00+01:00,2026-02-01T17:21:00+01:00,2026-02-01 07:16:42.556110592+00:00,2026-02-01 16:24:37.428365568+00:00,-1.2962859167877754,-0.4289348322823477,100,5,False,True,False,-2.709268509866667,-3.6238060928,2026-02-01 16:21:00+00:00,2026-02-02 07:12:00+00:00,14.85
2026-02-02,2026-02-02 07:12:00+00:00,2026-02-02 16:23:00+00:00,2026-02-02T08:12:00+01:00,2026-02-02T17:23:00+01:00,2026-02-02 07:15:07.258908160+00:00,2026-02-02 16:26:28.144206336+00:00,-1.3053217537859994,-0.43853281777368924,100,5,False,True,False,-3.120981802666667,-3.4690701055999997,2026-02-02 16:23:00+00:00,2026-02-03 07:11:00+00:00,14.8
2026-02-03,2026-02-03 07:11:00+00:00,2026-02-03 16:25:00+00:00,2026-02-03T08:11:00+01:00,2026-02-03T17:25:00+01:00,2026-02-03 07:13:30.018885632+00:00,2026-02-03 16:28:19.169431296+00:00,-1.3143510888244685,-0.44820680067991714,100,5,False,True,False,-2.5003147605333336,-3.3194905216,2026-02-03 16:25:00+00:00,2026-02-04 07:09:00+00:00,14.733333333333333
2026-02-04,2026-02-04 07:09:00+00:00,2026-02-04 16:27:00+00:00,2026-02-04T08:09:00+01:00,2026-02-04T17:27:00+01:00,2026-02-04 07:11:50.891188480+00:00,2026-02-04 16:30:10.462278144+00:00,-1.323363768563673,-0.45795057833589053,100,5,False,True,False,-2.848186474666667,-3.1743713024,2026-02-04 16:27:00+00:00,2026-02-05 07:07:00+00:00,14.666666666666666
2026-02-05,2026-02-05 07:07:00+00:00,2026-02-05 16:29:00+00:00,2026-02-05T08:07:00+01:00,2026-02-05T17:29:00+01:00,2026-02-05 07:10:09.930022144+00:00,2026-02-05 16:32:01.981997568+00:00,-1.3323496771504082,-0.46775788622299064,100,5,False,True,False,-3.1655003690666663,-3.0330332928,2026-02-05 16:29:00+00:00,2026-02-06 07:05:00+00:00,14.6
2026-02-06,2026-02-06 07:05:00+00:00,2026-02-06 16:31:00+00:00,2026-02-06T08:05:00+01:00,2026-02-06T17:31:00+01:00,2026-02-06 07:08:27.188763136+00:00,2026-02-06 16:33:53.688571392+00:00,-1.3412987480393634,-0.477622403828117,100,5,False,True,False,-3.453146052266667,-2.8948095232,2026-02-06 16:31:00+00:00,2026-02-07 07:04:00+00:00,14.55
2026-02-07,2026-02-07 07:04:00+00:00,2026-02-07 16:33:00+00:00,2026-02-07T08:04:00+01:00,2026-02-07T17:33:00+01:00,2026-02-07 07:06:42.719996416+00:00,2026-02-07 16:35:45.542765312+00:00,-1.3502009757510611,-0.4875377605633292,100,5,False,True,False,-2.7119999402666664,-2.759046088533333,2026-02-07 16:33:00+00:00,2026-02-08 07:02:00+00:00,14.483333333333333
2026-02-08,2026-02-08 07:02:00+00:00,2026-02-08 16:35:00+00:00,2026-02-08T08:02:00+01:00,2026-02-08T17:35:00+01:00,2026-02-08 07:04:56.575521792+00:00,2026-02-08 16:37:37.506330624+00:00,-1.3590464275522618,-0.4974975417395836,100,5,False,True,False,-2.9429253631999996,-2.6251055103999996,2026-02-08 16:35:00+00:00,2026-02-09 07:00:00+00:00,14.416666666666666
2026-02-09,2026-02-09 07:00:00+00:00,2026-02-09 16:37:00+00:00,2026-02-09T08:00:00+01:00,2026-02-09T17:37:00+01:00,2026-02-09 07:03:08.806364416+00:00,2026-02-09 16:39:29.542214400+00:00,-1.3678252550450476,-0.5074952945879516,100,5,False,True,False,-3.146772740266667,-2.49237024,2026-02-09 16:37:00+00:00,2026-02-10 06:58:00+00:00,14.35
2026-02-10,2026-02-10 06:58:00+00:00,2026-02-10 16:39:00+00:00,2026-02-10T07:58:00+01:00,2026-02-10T17:39:00+01:00,2026-02-10 07:01:19.462793216+00:00,2026-02-10 16:41:21.614717952+00:00,-1.3765277056508998,-0.5175245343216522,100,5,False,True,False,-3.3243798869333334,-2.3602452992000003,2026-02-10 16:39:00+00:00,2026-02-11 06:56:00+00:00,14.283333333333333
2026-02-11,2026-02-11 06:56:00+00:00,2026-02-11 16:41:00+00:00,2026-02-11T07:56:00+01:00,2026-02-11T17:41:00+01:00,2026-02-11 06:59:28.594328320+00:00,2026-02-11 16:43:13.689601792+00:00,-1.385144133976216,-0.5275787502321849,100,5,False,True,False,-3.4765721386666666,-2.2281600298666664,2026-02-11 16:41:00+00:00,2026-02-12 06:54:00+00:00,14.216666666666667
2026-02-12,2026-02-12 06:54:00+00:00,2026-02-12 16:43:00+00:00,2026-02-12T07:54:00+01:00,2026-02-12T17:43:00+01:00,2026-02-12 06:57:36.249721856+00:00,2026-02-12 16:45:05.734131200+00:00,-1.3936650130458554,-0.5376514118128062,100,5,False,True,False,-3.6041620309333333,-2.0955688533333334,2026-02-12 16:43:00+00:00,2026-02-13 06:52:00+00:00,14.15
2026-02-13,2026-02-13 06:52:00+00:00,2026-02-13 16:44:00+00:00,2026-02-13T07:52:00+01:00,2026-02-13T17:44:00+01:00,2026-02-13 06:55:42.476910336+00:00,2026-02-13 16:46:57.717061120+00:00,-1.4020809453914553,-0.5477359749025673,100,5,False,True,False,-3.7079485056,-2.961951018666667,2026-02-13 16:44:00+00:00,2026-02-14 06:50:00+00:00,14.1
2026-02-14,2026-02-14 06:50:00+00:00,2026-02-14 16:46:00+00:00,2026-02-14T07:50:00+01:00,2026-02-14T17:46:00+01:00,2026-02-14 06:53:47.322963456+00:00,2026-02-14 16:48:49.608594176+00:00,-1.4103826739814374,-0.5578258878441034,100,5,False,True,False,-3.7887160576,-2.8268099029333333,2026-02-14 16:46:00+00:00,2026-02-15 06:48:00+00:00,14.033333333333333
2026-02-15,2026-02-15 06:48:00+00:00,2026-02-15 16:48:00+00:00,2026-02-15T07:48:00+01:00,2026-02-15T17:48:00+01:00,2026-02-15 06:51:50.834016256+00:00,2026-02-15 16:50:41.380366080+00:00,-1.4185610929798107,-0.5679145976483465,100,5,False,True,False,-3.847233604266667,-2.689672768,2026-02-15 16:48:00+00:00,2026-02-16 06:46:00+00:00,13.966666666666667
2026-02-16,2026-02-16 06:46:00+00:00,2026-02-16 16:50:00+00:00,2026-02-16T07:46:00+01:00,2026-02-16T17:50:00+01:00,2026-02-16 06:49:53.055188736+00:00,2026-02-16 16:52:33.005506816+00:00,-1.426607258321086,-0.5779955561593355,100,5,False,True,False,-3.8842531456,-2.550091780266667,2026-02-16 16:50:00+00:00,2026-02-17 06:44:00+00:00,13.9
2026-02-17,2026-02-17 06:44:00+00:00,2026-02-17 16:52:00+00:00,2026-02-17T07:44:00+01:00,2026-02-17T17:52:00+01:00,2026-02-17 06:47:54.030505472+00:00,2026-02-17 16:54:24.458760704+00:00,-1.434512398088828,-0.5880622262122864,100,5,False,True,False,-3.9005084245333332,-2.4076460117333336,2026-02-17 16:52:00+00:00,2026-02-18 06:42:00+00:00,13.833333333333334
2026-02-18,2026-02-18 06:42:00+00:00,2026-02-18 16:54:00+00:00,2026-02-18T07:42:00+01:00,2026-02-18T17:54:00+01:00,2026-02-18 06:45:53.802853632+00:00,2026-02-18 16:56:15.716598272+00:00,-1.4422679226856119,-0.5981080877781014,100,5,False,True,False,-3.8967142272,-2.2619433045333333,2026-02-18 16:54:00+00:00,2026-02-19 06:40:00+00:00,13.766666666666667
2026-02-19,2026-02-19 06:40:00+00:00,2026-02-19 16:56:00+00:00,2026-02-19T07:40:00+01:00,2026-02-19T17:56:00+01:00,2026-02-19 06:43:52.414040064+00:00,2026-02-19 16:58:06.757259008+00:00,-1.4498654347824032,-0.6081266440875102,100,5,False,True,False,-3.8735673344,-2.112620983466667,2026-02-19 16:56:00+00:00,2026-02-20 06:38:00+00:00,13.7
2026-02-20,2026-02-20 06:38:00+00:00,2026-02-20 16:58:00+00:00,2026-02-20T07:38:00+01:00,2026-02-20T17:58:00+01:00,2026-02-20 06:41:49.904967936+00:00,2026-02-20 16:59:57.560737280+00:00,-1.4572967390356277,-0.6181114277280578,100,5,False,True,False,-3.8317494655999997,-1.9593456213333333,2026-02-20 16:58:00+00:00,2026-02-21 06:36:00+00:00,13.633333333333333
2026-02-21,2026-02-21 06:36:00+00:00,2026-02-21 17:00:00+00:00,2026-02-21T07:36:00+01:00,2026-02-21T18:00:00+01:00,2026-02-21 06:39:46.315912448+00:00,2026-02-21 17:01:48.108794112+00:00,-1.4645538515604934,-0.6280560067071916,100,5,False,True,False,-3.7719318741333336,-1.8018132352,2026-02-21 17:00:00+00:00,2026-02-22 06:34:00+00:00,13.566666666666666
2026-02-22,2026-02-22 06:34:00+00:00,2026-02-22 17:02:00+00:00,2026-02-22T07:34:00+01:00,2026-02-22T18:02:00+01:00,2026-02-22 06:37:41.686825984+00:00,2026-02-22 17:03:38.385092352+00:00,-1.4716290091494024,-0.6379539904747309,100,5,False,True,False,-3.6947804330666667,-1.6397515392,2026-02-22 17:02:00+00:00,2026-02-23 06:32:00+00:00,13.5
2026-02-23,2026-02-23 06:32:00+00:00,2026-02-23 17:04:00+00:00,2026-02-23T07:32:00+01:00,2026-02-23T18:04:00+01:00,2026-02-23 06:35:36.057591808+00:00,2026-02-23 17:05:28.375486976+00:00,-1.4785146782246024,-0.6477990358980618,100,5,False,True,False,-3.600959863466667,-1.4729247829333334,2026-02-23 17:04:00+00:00,2026-02-24 06:30:00+00:00,13.433333333333334
2026-02-24,2026-02-24 06:30:00+00:00,2026-02-24 17:06:00+00:00,2026-02-24T07:30:00+01:00,2026-02-24T18:06:00+01:00,2026-02-24 06:33:29.468175360+00:00,2026-02-24 17:07:18.068439808+00:00,-1.4852035635145384,-0.6575848531834435,100,5,False,True,False,-3.491136256,-1.3011406634666665,2026-02-24 17:06:00+00:00,2026-02-25 06:27:00+00:00,13.35
2026-02-25,2026-02-25 06:27:00+00:00,2026-02-25 17:07:00+00:00,2026-02-25T07:27:00+01:00,2026-02-25T18:07:00+01:00,2026-02-25 06:31:21.958640640+00:00,2026-02-25 17:09:07.455456512+00:00,-1.4916886164436982,-0.6673052117368861,100,5,False,True,False,-4.365977344,-2.124257608533333,2026-02-25 17:07:00+00:00,2026-02-26 06:25:00+00:00,13.3
2026-02-26,2026-02-26 06:25:00+00:00,2026-02-26 17:09:00+00:00,2026-02-26T07:25:00+01:00,2026-02-26T18:09:00+01:00,2026-02-26 06:29:13.569044736+00:00,2026-02-26 17:10:56.531448320+00:00,-1.4979630432260829,-0.6769539459581225,100,5,False,True,False,-4.2261507456,-1.9421908053333332,2026-02-26 17:09:00+00:00,2026-02-27 06:23:00+00:00,13.233333333333333
2026-02-27,2026-02-27 06:23:00+00:00,2026-02-27 17:11:00+00:00,2026-02-27T07:23:00+01:00,2026-02-27T18:11:00+01:00,2026-02-27 06:27:04.339230720+00:00,2026-02-27 17:12:45.294913024+00:00,-1.504020312652787,-0.6865249609612799,100,5,False,True,False,-4.072320512,-1.7549152170666666,2026-02-27 17:11:00+00:00,2026-02-28 06:21:00+00:00,13.166666666666666
2026-02-28,2026-02-28 06:21:00+00:00,2026-02-28 17:13:00+00:00,2026-02-28T07:21:00+01:00,2026-02-28T18:13:00+01:00,2026-02-28 06:24:54.308563712+00:00,2026-02-28 17:14:33.747851264+00:00,-1.509854163564538,-0.6960122382159419,100,5,False,True,False,-3.9051427285333333,-1.5624641877333334,2026-02-28 17:13:00+00:00,2026-03-01 06:19:00+00:00,13.1
2026-03-01,2026-03-01 06:19:00+00:00,2026-03-01 17:15:00+00:00,2026-03-01T07:19:00+01:00,2026-03-01T18:15:00+01:00,2026-03-01 06:22:43.515683072+00:00,2026-03-01 17:16:21.895369728+00:00,-1.5154586120004179,-0.7054098411023821,100,5,False,True,False,-3.7252613845333333,-1.3649228288000002,2026-03-01 17:15:00+00:00,2026-03-02 06:17:00+00:00,13.033333333333333
2026-03-02,2026-03-02 06:17:00+00:00,2026-03-02 17:17:00+00:00,2026-03-02T07:17:00+01:00,2026-03-02T18:17:00+01:00,2026-03-02 06:20:31.998329856+00:00,2026-03-02 17:18:09.744984576+00:00,-1.5208279580143726,-0.7147119203748555,100,5,False,True,False,-3.5333054976,-1.1624164095999998,2026-03-02 17:17:00+00:00,2026-03-03 06:14:00+00:00,12.95
2026-03-03,2026-03-03 06:14:00+00:00,2026-03-03 17:19:00+00:00,2026-03-03T07:14:00+01:00,2026-03-03T18:19:00+01:00,2026-03-03 06:18:19.793295360+00:00,2026-03-03 17:19:57.305749760+00:00,-1.5259567921515151,-0.723912719526935,100,5,False,True,False,-4.329888256,-0.9550958293333333,2026-03-03 17:19:00+00:00,2026-03-04 06:12:00+00:00,12.883333333333333
2026-03-04,2026-03-04 06:12:00+00:00,2026-03-04 17:21:00+00:00,2026-03-04T07:12:00+01:00,2026-03-04T18:21:00+01:00,2026-03-04 06:16:06.936491008+00:00,2026-03-04 17:21:44.587396608+00:00,-1.530840001576629,-0.7330065800530041,100,5,False,True,False,-4.115608183466667,-0.7431232768,2026-03-04 17:21:00+00:00,2026-03-05 06:10:00+00:00,12.816666666666666
2026-03-05,2026-03-05 06:10:00+00:00,2026-03-05 17:22:00+00:00,2026-03-05T07:10:00+01:00,2026-03-05T18:22:00+01:00,2026-03-05 06:13:53.463091968+00:00,2026-03-05 17:23:31.599671808+00:00,-1.5354727758476892,-0.7419879466001253,100,5,False,True,False,-3.8910515327999997,-1.5266611968,2026-03-05 17:22:00+00:00,2026-03-06 06:08:00+00:00,12.766666666666667
2026-03-06,2026-03-06 06:08:00+00:00,2026-03-06 17:24:00+00:00,2026-03-06T07:08:00+01:00,2026-03-06T18:24:00+01:00,2026-03-06 06:11:39.407701504+00:00,2026-03-06 17:25:18.351966208+00:00,-1.5398506123276454,-0.7508513720046452,100,5,False,True,False,-3.6567950250666663,-1.3058661034666665,2026-03-06 17:24:00+00:00,2026-03-07 06:05:00+00:00,12.683333333333334
2026-03-07,2026-03-07 06:05:00+00:00,2026-03-07 17:26:00+00:00,2026-03-07T07:05:00+01:00,2026-03-07T18:26:00+01:00,2026-03-07 06:09:24.804482816+00:00,2026-03-07 17:27:04.853205760+00:00,-1.5439693212281427,-0.759591522208022,100,5,False,True,False,-4.413408046933333,-1.0808867626666665,2026-03-07 17:26:00+00:00,2026-03-08 06:03:00+00:00,12.616666666666667
2026-03-08,2026-03-08 06:03:00+00:00,2026-03-08 17:28:00+00:00,2026-03-08T07:03:00+01:00,2026-03-08T18:28:00+01:00,2026-03-08 06:07:09.687248128+00:00,2026-03-08 17:28:51.111908352+00:00,-1.5478250302792773,-0.7682031810465045,100,5,False,True,False,-4.161454135466666,-0.8518651392,2026-03-08 17:28:00+00:00,2026-03-09 06:01:00+00:00,12.55
2026-03-09,2026-03-09 06:01:00+00:00,2026-03-09 17:30:00+00:00,2026-03-09T07:01:00+01:00,2026-03-09T18:30:00+01:00,2026-03-09 06:04:54.089509632+00:00,2026-03-09 17:30:37.136289792+00:00,-1.5514141890199549,-0.7766812549094466,100,5,False,True,False,-3.9014918271999997,-0.6189381632,2026-03-09 17:30:00+00:00,2026-03-10 05:58:00+00:00,12.466666666666667
2026-03-10,2026-03-10 05:58:00+00:00,2026-03-10 17:32:00+00:00,2026-03-10T06:58:00+01:00,2026-03-10T18:32:00+01:00,2026-03-10 06:02:38.044504832+00:00,2026-03-10 17:32:22.934353664+00:00,-1.554733572703845,-0.7850207772611784,100,5,False,True,False,-4.634075080533333,-0.38223922773333335,2026-03-10 17:32:00+00:00,2026-03-11 05:56:00+00:00,12.4
2026-03-11,2026-03-11 05:56:00+00:00,2026-03-11 17:33:00+00:00,2026-03-11T06:56:00+01:00,2026-03-11T18:33:00+01:00,2026-03-11 06:00:21.585214208+00:00,2026-03-11 17:34:08.513935616+00:00,-1.5577802858163943,-0.7932169130215293,99,5,False,True,False,-4.359753570133334,-1.1418989269333333,2026-03-11 17:33:00+00:00,2026-03-12 05:54:00+00:00,12.35
2026-03-12,2026-03-12 05:54:00+00:00,2026-03-12 17:35:00+00:00,2026-03-12T06:54:00+01:00,2026-03-12T18:35:00+01:00,2026-03-12 05:58:04.744361472+00:00,2026-03-12 17:35:53.882692864+00:00,-1.560551765198823,-0.8012649628002592,99,5,False,True,False,-4.0790726912,-0.8980448810666667,2026-03-12 17:35:00+00:00,2026-03-13 05:52:00+00:00,12.283333333333333
2026-03-13,2026-03-13 05:52:00+00:00,2026-03-13 17:37:00+00:00,2026-03-13T06:52:00+01:00,2026-03-13T18:37:00+01:00,2026-03-13 05:55:47.554399744+00:00,2026-03-13 17:37:39.048033280+00:00,-1.5630457827754918,-0.8091603669808151,99,5,False,True,False,-3.7925733290666668,-0.6508005546666666,2026-03-13 17:37:00+00:00,2026-03-14 05:49:00+00:00,12.2
2026-03-14,2026-03-14 05:49:00+00:00,2026-03-14 17:39:00+00:00,2026-03-14T06:49:00+01:00,2026-03-14T18:39:00+01:00,2026-03-14 05:53:30.047474688+00:00,2026-03-14 17:39:24.017015552+00:00,-1.5652604478814958,-0.8168987096490223,99,5,False,True,False,-4.5007912448,-0.40028359253333334,2026-03-14 17:39:00+00:00,2026-03-15 05:47:00+00:00,12.133333333333333
2026-03-15,2026-03-15 05:47:00+00:00,2026-03-15 17:41:00+00:00,2026-03-15T06:47:00+01:00,2026-03-15T18:41:00+01:00,2026-03-15 05:51:12.255364608+00:00,2026-03-15 17:41:08.796265728+00:00,-1.5671942091878244,-0.8244757223624843,99,5,False,True,False,-4.2042560768,-0.1466044288,2026-03-15 17:41:00+00:00,2026-03-16 05:45:00+00:00,12.066666666666666
2026-03-16,2026-03-16 05:45:00+00:00,2026-03-16 17:42:00+00:00,2026-03-16T06:45:00+01:00,2026-03-16T18:42:00+01:00,2026-03-16 05:48:54.209392384+00:00,2026-03-16 17:42:53.391970560+00:00,-1.568845856221897,-0.83188728775666,99,5,False,True,False,-3.903489873066667,-0.889866176,2026-03-16 17:42:00+00:00,2026-03-17 05:42:00+00:00,12.0
2026-03-17,2026-03-17 05:42:00+00:00,2026-03-17 17:44:00+00:00,2026-03-17T06:42:00+01:00,2026-03-17T18:44:00+01:00,2026-03-17 05:46:35.940304384+00:00,2026-03-17 17:44:37.809933824+00:00,-1.5702145204817652,-0.8391294429837773,99,5,False,True,False,-4.5990050730666665,-0.6301655637333333,2026-03-17 17:44:00+00:00,2026-03-18 05:40:00+00:00,11.933333333333334
2026-03-18,2026-03-18 05:40:00+00:00,2026-03-18 17:46:00+00:00,2026-03-18T06:40:00+01:00,2026-03-18T18:46:00+01:00,2026-03-18 05:44:17.478145536+00:00,2026-03-18 17:46:22.055637504+00:00,-1.5712996761427565,-0.8461983829809294,99,5,False,True,False,-4.2913024256,-0.3675939584,2026-03-18 17:46:00+00:00,2026-03-19 05:38:00+00:00,11.866666666666667
2026-03-19,2026-03-19 05:38:00+00:00,2026-03-19 17:48:00+00:00,2026-03-19T06:38:00+01:00,2026-03-19T18:48:00+01:00,2026-03-19 05:41:58.852186624+00:00,2026-03-19 17:48:06.134216960+00:00,-1.5721011403558212,-0.8530904635639093,99,5,False,True,False,-3.980869777066667,-0.10223694933333333,2026-03-19 17:48:00+00:00,2026-03-20 05:35:00+00:00,11.783333333333333
2026-03-20,2026-03-20 05:35:00+00:00,2026-03-20 17:49:00+00:00,2026-03-20T06:35:00+01:00,2026-03-20T18:49:00+01:00,2026-03-20 05:39:40.090975232+00:00,2026-03-20 17:49:50.050354176+00:00,-1.5726190731373195,-0.8598022043435289,99,5,False,True,False,-4.668182920533334,-0.8341725696,2026-03-20 17:49:00+00:00,2026-03-21 05:33:00+00:00,11.733333333333333
2026-03-21,2026-03-21 05:33:00+00:00,2026-03-21 17:51:00+00:00,2026-03-21T06:33:00+01:00,2026-03-21T18:51:00+01:00,2026-03-21 05:37:21.222571776+00:00,2026-03-21 17:51:33.808202496+00:00,-1.57285397685048,-0.8663302914613897,99,5,False,True,False,-4.3537095296,-0.5634700416,2026-03-21 17:51:00+00:00,2026-03-22 05:31:00+00:00,11.666666666666666
2026-03-22,2026-03-22 05:31:00+00:00,2026-03-22 17:53:00+00:00,2026-03-22T06:31:00+01:00,2026-03-22T18:53:00+01:00,2026-03-22 05:35:02.274931200+00:00,2026-03-22 17:53:17.411523584+00:00,-1.5728066952792394,-0.8726715801422668,99,5,False,True,False,-4.03791552,-0.29019205973333334,2026-03-22 17:53:00+00:00,2026-03-23 05:28:00+00:00,11.583333333333334
2026-03-23,2026-03-23 05:28:00+00:00,2026-03-23 17:55:00+00:00,2026-03-23T06:28:00+01:00,2026-03-23T18:55:00+01:00,2026-03-23 05:32:43.276326400+00:00,2026-03-23 17:55:00.864139008+00:00,-1.5724784122956648,-0.8788230970604922,99,5,False,True,False,-4.7212721066666665,-0.0144023168,2026-03-23 17:55:00+00:00,2026-03-24 05:26:00+00:00,11.516666666666667
2026-03-24,2026-03-24 05:26:00+00:00,2026-03-24 17:57:00+00:00,2026-03-24T06:26:00+01:00,2026-03-24T18:57:00+01:00,2026-03-24 05:30:24.255670528+00:00,2026-03-24 17:56:44.170636544+00:00,-1.5718706501226243,-0.884782042517939,99,5,False,True,False,-4.404261175466667,0.26382272426666664,2026-03-24 17:57:00+00:00,2026-03-25 05:24:00+00:00,11.45
2026-03-25,2026-03-25 05:24:00+00:00,2026-03-25 17:58:00+00:00,2026-03-25T06:24:00+01:00,2026-03-25T18:58:00+01:00,2026-03-25 05:28:05.242635264+00:00,2026-03-25 17:58:27.337112320+00:00,-1.5709852671938793,-0.890545792431416,99,5,False,True,False,-4.0873772544,-0.45561853866666663,2026-03-25 17:58:00+00:00,2026-03-26 05:21:00+00:00,11.383333333333333
2026-03-26,2026-03-26 05:21:00+00:00,2026-03-26 18:00:00+00:00,2026-03-26T06:21:00+01:00,2026-03-26T19:00:00+01:00,2026-03-26 05:25:46.267569920+00:00,2026-03-26 18:00:10.371705856+00:00,-1.5698244556142225,-0.8961119001275198,99,5,False,True,False,-4.7711261653333334,-0.17286176426666666,2026-03-26 18:00:00+00:00,2026-03-27 05:19:00+00:00,11.316666666666666
2026-03-27,2026-03-27 05:19:00+00:00,2026-03-27 18:02:00+00:00,2026-03-27T06:19:00+01:00,2026-03-27T19:02:00+01:00,2026-03-27 05:23:27.361299456+00:00,2026-03-27 18:01:53.284777728+00:00,-1.5683907382227777,-0.9014780979432022,99,5,False,True,False,-4.4560216576,0.11192037120000001,2026-03-27 18:02:00+00:00,2026-03-28 05:17:00+00:00,11.25
2026-03-28,2026-03-28 05:17:00+00:00,2026-03-28 18:04:00+00:00,2026-03-28T06:17:00+01:00,2026-03-28T19:04:00+01:00,2026-03-28 05:21:08.554900480+00:00,2026-03-28 18:03:36.088733184+00:00,-1.5666869652630382,-0.9066422986305417,97,5,False,True,False,-4.142581674666666,0.39852111360000003,2026-03-28 18:04:00+00:00,2026-03-29 05:15:00+00:00,11.183333333333334
2026-03-29,2026-03-29 05:15:00+00:00,2026-03-29 18:05:00+00:00,2026-03-29T07:15:00+02:00,2026-03-29T20:05:00+02:00,2026-03-29 05:18:49.879523072+00:00,2026-03-29 18:05:18.797577728+00:00,-1.5647163106636965,-0.9116025965644355,96,5,False,True,False,-3.8313253845333337,-0.31329296213333335,2026-03-29 18:05:00+00:00,2026-03-30 05:12:00+00:00,11.116666666666667
2026-03-30,2026-03-30 05:12:00+00:00,2026-03-30 18:07:00+00:00,2026-03-30T07:12:00+02:00,2026-03-30T20:07:00+02:00,2026-03-30 05:16:31.366275584+00:00,2026-03-30 18:07:01.426310144+00:00,-1.56248226793477,-0.9163572687521544,96,5,False,True,False,-4.522771259733333,-0.023771835733333333,2026-03-30 18:07:00+00:00,2026-03-31 05:10:00+00:00,11.05
2026-03-31,2026-03-31 05:10:00+00:00,2026-03-31 18:09:00+00:00,2026-03-31T07:10:00+02:00,2026-03-31T20:09:00+02:00,2026-03-31 05:14:13.046170624+00:00,2026-03-31 18:08:43.990241280+00:00,-1.5599886456839893,-0.920904775643935,97,5,False,True,False,-4.217436177066667,0.266829312,2026-03-31 18:09:00+00:00,2026-04-01 05:08:00+00:00,10.983333333333333
2026-04-01,2026-04-01 05:08:00+00:00,2026-04-01 18:11:00+00:00,2026-04-01T07:08:00+02:00,2026-04-01T20:11:00+02:00,2026-04-01 05:11:54.950140928+00:00,2026-04-01 18:10:26.504318464+00:00,-1.5572395627588635,-0.9252437617440133,96,5,False,True,False,-3.9158356821333333,0.5582613589333333,2026-04-01 18:11:00+00:00,2026-04-02 05:05:00+00:00,10.9
2026-04-02,2026-04-02 05:05:00+00:00,2026-04-02 18:12:00+00:00,2026-04-02T07:05:00+02:00,2026-04-02T20:12:00+02:00,2026-04-02 05:09:37.109119744+00:00,2026-04-02 18:12:08.982545920+00:00,-1.5542394430202873,-0.9293730560217356,96,5,False,True,False,-4.618485329066667,-0.14970909866666665,2026-04-02 18:12:00+00:00,2026-04-03 05:03:00+00:00,10.85
2026-04-03,2026-04-03 05:03:00+00:00,2026-04-03 18:14:00+00:00,2026-04-03T07:03:00+02:00,2026-04-03T20:14:00+02:00,2026-04-03 05:07:19.554178048+00:00,2026-04-03 18:13:51.437589248+00:00,-1.5509930097539775,-0.9332916721226109,96,5,False,True,False,-4.325902967466666,0.14270684586666665,2026-04-03 18:14:00+00:00,2026-04-04 05:01:00+00:00,10.783333333333333
2026-04-04,2026-04-04 05:01:00+00:00,2026-04-04 18:16:00+00:00,2026-04-04T07:01:00+02:00,2026-04-04T20:16:00+02:00,2026-04-04 05:05:02.316667392+00:00,2026-04-04 18:15:33.880582400+00:00,-1.5475052797264728,-0.9369988083794087,96,5,False,True,False,-4.0386111232,0.43532362666666663,2026-04-04 18:16:00+00:00,2026-04-05 04:59:00+00:00,10.716666666666667
2026-04-05,2026-04-05 04:59:00+00:00,2026-04-05 18:17:00+00:00,2026-04-05T06:59:00+02:00,2026-04-05T20:17:00+02:00,2026-04-05 05:02:45.428331264+00:00,2026-04-05 18:17:16.321091840+00:00,-1.5437815568928412,-0.940493847623627,97,5,False,True,False,-3.7571388544,-0.2720181973333334,2026-04-05 18:17:00+00:00,2026-04-06 04:56:00+00:00,10.65
2026-04-06,2026-04-06 04:56:00+00:00,2026-04-06 18:19:00+00:00,2026-04-06T06:56:00+02:00,2026-04-06T20:19:00+02:00,2026-04-06 05:00:28.921372928+00:00,2026-04-06 18:18:58.767153408+00:00,-1.5398274257636535,-0.9437763567978936,100,5,False,True,False,-4.482022882133333,0.0205474432,2026-04-06 18:19:00+00:00,2026-04-07 04:54:00+00:00,10.583333333333334
2026-04-07,2026-04-07 04:54:00+00:00,2026-04-07 18:21:00+00:00,2026-04-07T06:54:00+02:00,2026-04-07T20:21:00+02:00,2026-04-07 04:58:12.828487168+00:00,2026-04-07 18:20:41.225309440+00:00,-1.5356487444391886,-0.9468460863700923,97,5,False,True,False,-4.213808119466667,0.31291150933333334,2026-04-07 18:21:00+00:00,2026-04-08 04:52:00+00:00,10.516666666666667
2026-04-08,2026-04-08 04:52:00+00:00,2026-04-08 18:23:00+00:00,2026-04-08T06:52:00+02:00,2026-04-08T20:23:00+02:00,2026-04-08 04:55:57.182881792+00:00,2026-04-08 18:22:23.700615168+00:00,-1.5312516373192337,-0.9497029695502328,99,5,False,True,False,-3.9530480298666664,0.6049897472,2026-04-08 18:23:00+00:00,2026-04-09 04:50:00+00:00,10.45
2026-04-09,2026-04-09 04:50:00+00:00,2026-04-09 18:24:00+00:00,2026-04-09T06:50:00+02:00,2026-04-09T20:24:00+02:00,2026-04-09 04:53:42.018279168+00:00,2026-04-09 18:24:06.196603904+00:00,-1.5266424874972122,-0.9523471213113125,100,5,False,True,False,-3.7003046528,-0.10327673173333334,2026-04-09 18:24:00+00:00,2026-04-10 04:47:00+00:00,10.383333333333333
2026-04-10,2026-04-10 04:47:00+00:00,2026-04-10 18:26:00+00:00,2026-04-10T06:47:00+02:00,2026-04-10T20:26:00+02:00,2026-04-10 04:51:27.368884224+00:00,2026-04-10 18:25:48.715196160+00:00,-1.5218279288477683,-0.9547788372156449,98,5,False,True,False,-4.4561480704,0.18808006400000002,2026-04-10 18:26:00+00:00,2026-04-11 04:45:00+00:00,10.316666666666666
2026-04-11,2026-04-11 04:45:00+00:00,2026-04-11 18:28:00+00:00,2026-04-11T06:45:00+02:00,2026-04-11T20:28:00+02:00,2026-04-11 04:49:13.269322496+00:00,2026-04-11 18:27:31.256557568+00:00,-1.5168148378172797,-0.9569985920483519,99,5,False,True,False,-4.221155374933334,0.47905737386666664,2026-04-11 18:28:00+00:00,2026-04-12 04:43:00+00:00,10.25
2026-04-12,2026-04-12 04:43:00+00:00,2026-04-12 18:30:00+00:00,2026-04-12T06:43:00+02:00,2026-04-12T20:30:00+02:00,2026-04-12 04:46:59.754546176+00:00,2026-04-12 18:29:13.818949888+00:00,-1.5116103249271375,-0.959007038259942,100,5,False,True,False,-3.995909102933333,0.7696841685333333,2026-04-12 18:30:00+00:00,2026-04-13 04:41:00+00:00,10.183333333333334
2026-04-13,2026-04-13 04:41:00+00:00,2026-04-13 18:31:00+00:00,2026-04-13T06:41:00+02:00,2026-04-13T20:31:00+02:00,2026-04-13 04:44:46.859718912+00:00,2026-04-13 18:30:56.398637824+00:00,-1.5062217259999628,-0.9608050042201142,100,5,False,True,False,-3.7809953152,0.06002270293333333,2026-04-13 18:31:00+00:00,2026-04-14 04:39:00+00:00,10.133333333333333
2026-04-14,2026-04-14 04:39:00+00:00,2026-04-14 18:33:00+00:00,2026-04-14T06:39:00+02:00,2026-04-14T20:33:00+02:00,2026-04-14 04:42:34.620046080+00:00,2026-04-14 18:32:38.989872896+00:00,-1.5006565931192628,-0.9623934922851447,99,5,False,True,False,-3.577000768,0.35016878506666665,2026-04-14 18:33:00+00:00,2026-04-15 04:36:00+00:00,10.05
2026-04-15,2026-04-15 04:36:00+00:00,2026-04-15 18:35:00+00:00,2026-04-15T06:36:00+02:00,2026-04-15T20:35:00+02:00,2026-04-15 04:40:23.070546688+00:00,2026-04-15 18:34:21.584896+00:00,-1.4949226853333413,-0.9637736766814315,100,5,False,True,False,-4.3845091114666666,0.6402517333333333,2026-04-15 18:35:00+00:00,2026-04-16 04:34:00+00:00,9.983333333333333
2026-04-16,2026-04-16 04:34:00+00:00,2026-04-16 18:36:00+00:00,2026-04-16T06:34:00+02:00,2026-04-16T20:36:00+02:00,2026-04-16 04:38:12.245805824+00:00,2026-04-16 18:36:04.173854464+00:00,-1.4890279591145883,-0.9649469012079772,100,5,False,True,False,-4.204096763733333,-0.06956424106666666,2026-04-16 18:36:00+00:00,2026-04-17 04:32:00+00:00,9.933333333333334
2026-04-17,2026-04-17 04:32:00+00:00,2026-04-17 18:38:00+00:00,2026-04-17T06:32:00+02:00,2026-04-17T20:38:00+02:00,2026-04-17 04:36:02.179850752+00:00,2026-04-17 18:37:46.744602880+00:00,-1.4829805585855529,-0.9659146767608027,100,5,False,True,False,-4.036330845866667,0.22092328533333333,2026-04-17 18:38:00+00:00,2026-04-18 04:30:00+00:00,9.866666666666667
2026-04-18,2026-04-18 04:30:00+00:00,2026-04-18 18:40:00+00:00,2026-04-18T06:30:00+02:00,2026-04-18T20:40:00+02:00,2026-04-18 04:33:52.906293504+00:00,2026-04-18 18:39:29.282530048+00:00,-1.4767888055234906,-0.9666786786824889,100,5,False,True,False,-3.8817715583999997,0.5119578325333333,2026-04-18 18:40:00+00:00,2026-04-19 04:28:00+00:00,9.8
2026-04-19,2026-04-19 04:28:00+00:00,2026-04-19 18:42:00+00:00,2026-04-19T06:28:00+02:00,2026-04-19T20:42:00+02:00,2026-04-19 04:31:44.458784256+00:00,2026-04-19 18:41:11.770645760+00:00,-1.470461189155328,-0.9672407439402391,100,5,False,True,False,-3.7409797376,0.8038225706666666,2026-04-19 18:42:00+00:00,2026-04-20 04:26:00+00:00,9.733333333333333
2026-04-20,2026-04-20 04:26:00+00:00,2026-04-20 18:43:00+00:00,2026-04-20T06:26:00+02:00,2026-04-20T20:43:00+02:00,2026-04-20 04:29:36.871646720+00:00,2026-04-20 18:42:54.190104832+00:00,-1.4640063557552463,-0.9676028681360589,100,5,False,True,False,-3.614527445333333,0.09683158613333333,2026-04-20 18:43:00+00:00,2026-04-21 04:24:00+00:00,9.683333333333334
2026-04-21,2026-04-21 04:24:00+00:00,2026-04-21 18:45:00+00:00,2026-04-21T06:24:00+02:00,2026-04-21T20:45:00+02:00,2026-04-21 04:27:30.180436736+00:00,2026-04-21 18:44:36.521095680+00:00,-1.4574330980573107,-0.9677672023528339,100,5,False,True,False,-3.503007278933333,0.39131507200000004,2026-04-21 18:45:00+00:00,2026-04-22 04:22:00+00:00,9.616666666666667
2026-04-22,2026-04-22 04:22:00+00:00,2026-04-22 18:47:00+00:00,2026-04-22T06:22:00+02:00,2026-04-22T20:47:00+02:00,2026-04-22 04:25:24.422209536+00:00,2026-04-22 18:46:18.743803904+00:00,-1.450750344495794,-0.9677360498402796,100,5,False,True,False,-3.4070368256,0.6876032682666666,2026-04-22 18:47:00+00:00,2026-04-23 04:20:00+00:00,9.55
2026-04-23,2026-04-23 04:20:00+00:00,2026-04-23 18:48:00+00:00,2026-04-23T06:20:00+02:00,2026-04-23T20:48:00+02:00,2026-04-23 04:23:19.635446016+00:00,2026-04-23 18:48:00.839095296+00:00,-1.4439671482860514,-0.9675118625449155,100,5,False,True,False,-3.3272574336000003,-0.0139849216,2026-04-23 18:48:00+00:00,2026-04-24 04:18:00+00:00,9.5
2026-04-24,2026-04-24 04:18:00+00:00,2026-04-24 18:50:00+00:00,2026-04-24T06:18:00+02:00,2026-04-24T20:50:00+02:00,2026-04-24 04:21:15.859766528+00:00,2026-04-24 18:49:42.788744704+00:00,-1.437092676358979,-0.967097237488399,100,5,False,True,False,-3.264329442133333,0.28685425493333333,2026-04-24 18:50:00+00:00,2026-04-25 04:16:00+00:00,9.433333333333334
2026-04-25,2026-04-25 04:16:00+00:00,2026-04-25 18:52:00+00:00,2026-04-25T06:16:00+02:00,2026-04-25T20:52:00+02:00,2026-04-25 04:19:13.135627520+00:00,2026-04-25 18:51:24.575250944+00:00,-1.4301361981622822,-0.9664949129987196,100,5,False,True,False,-3.2189271253333334,0.5904124842666667,2026-04-25 18:52:00+00:00,2026-04-26 04:14:00+00:00,9.366666666666667
2026-04-26,2026-04-26 04:14:00+00:00,2026-04-26 18:54:00+00:00,2026-04-26T06:14:00+02:00,2026-04-26T20:54:00+02:00,2026-04-26 04:17:11.504130816+00:00,2026-04-26 18:53:06.181414656+00:00,-1.4231070743419154,-0.9657077647989271,100,5,False,True,False,-3.1917355136000003,0.8969764224,2026-04-26 18:54:00+00:00,2026-04-27 04:12:00+00:00,9.3
2026-04-27,2026-04-27 04:12:00+00:00,2026-04-27 18:55:00+00:00,2026-04-27T06:12:00+02:00,2026-04-27T20:55:00+02:00,2026-04-27 04:15:11.006957056+00:00,2026-04-27 18:54:47.589832448+00:00,-1.4160147453172098,-0.9647388019582261,100,5,False,True,False,-3.1834492842666666,0.2068361258666667,2026-04-27 18:55:00+00:00,2026-04-28 04:10:00+00:00,9.25
2026-04-28,2026-04-28 04:10:00+00:00,2026-04-28 18:57:00+00:00,2026-04-28T06:10:00+02:00,2026-04-28T20:57:00+02:00,2026-04-28 04:13:11.686365440+00:00,2026-04-28 18:56:28.782363904+00:00,-1.4088687197633338,-0.9635911627104277,100,5,False,True,False,-3.1947727573333333,0.5202939349333333,2026-04-28 18:57:00+00:00,2026-04-29 04:08:00+00:00,9.183333333333334
2026-04-29,2026-04-29 04:08:00+00:00,2026-04-29 18:59:00+00:00,2026-04-29T06:08:00+02:00,2026-04-29T20:59:00+02:00,2026-04-29 04:11:13.585220864+00:00,2026-04-29 18:58:09.739583744+00:00,-1.40167856301482,-0.9622681101448897,100,5,False,True,False,-3.2264203477333333,0.8376736042666667,2026-04-29 18:59:00+00:00,2026-04-30 04:06:00+00:00,9.116666666666667
2026-04-30,2026-04-30 04:06:00+00:00,2026-04-30 19:00:00+00:00,2026-04-30T06:06:00+02:00,2026-04-30T21:00:00+02:00,2026-04-30 04:09:16.747040512+00:00,2026-04-30 18:59:50.440262144+00:00,-1.3944538854040174,-0.9607730277752372,100,5,False,True,False,-3.279117341866667,0.15932896426666668,2026-04-30 19:00:00+00:00,2026-05-01 04:04:00+00:00,9.066666666666666
2026-05-01,2026-05-01 04:04:00+00:00,2026-05-01 19:02:00+00:00,2026-05-01T06:04:00+02:00,2026-05-01T21:02:00+02:00,2026-05-01 04:07:21.216068352+00:00,2026-05-01 19:01:30.860954880+00:00,-1.3872043305483703,-0.9591094149912744,100,5,False,True,False,-3.3536011392000002,0.48565075199999996,2026-05-01 19:02:00+00:00,2026-05-02 04:02:00+00:00,9.0
2026-05-02,2026-05-02 04:02:00+00:00,2026-05-02 19:04:00+00:00,2026-05-02T06:02:00+02:00,2026-05-02T21:04:00+02:00,2026-05-02 04:05:27.037363968+00:00,2026-05-02 19:03:10.975756288+00:00,-1.3799395636005125,-0.957280882399641,100,5,False,True,False,-3.4506227328,0.8170707285333333,2026-05-02 19:04:00+00:00,2026-05-03 04:00:00+00:00,8.933333333333334
2026-05-03,2026-05-03 04:00:00+00:00,2026-05-03 19:05:00+00:00,2026-05-03T06:00:00+02:00,2026-05-03T21:05:00+02:00,2026-05-03 04:03:34.256887552+00:00,2026-05-03 19:04:50.756203776+00:00,-1.3726692594751937,-0.9552911470588864,100,5,False,True,False,-3.5709481258666664,0.1540632704,2026-05-03 19:05:00+00:00,2026-05-04 03:58:00+00:00,8.883333333333333
2026-05-04,2026-05-04 03:58:00+00:00,2026-05-04 19:07:00+00:00,2026-05-04T05:58:00+02:00,2026-05-04T21:07:00+02:00,2026-05-04 04:01:42.921556224+00:00,2026-05-04 19:06:30.171261952+00:00,-1.3654030910670807,-0.9531440276147534,100,5,False,True,False,-3.7153592704,0.49714563413333335,2026-05-04 19:07:00+00:00,2026-05-05 03:57:00+00:00,8.833333333333334
2026-05-05,2026-05-05 03:57:00+00:00,2026-05-05 19:09:00+00:00,2026-05-05T05:57:00+02:00,2026-05-05T21:09:00+02:00,2026-05-05 03:59:53.079279872+00:00,2026-05-05 19:08:09.187332096+00:00,-1.3581507174735032,-0.9508434393415721,100,5,False,True,False,-2.8846546645333335,0.8468777984,2026-05-05 19:09:00+00:00,2026-05-06 03:55:00+00:00,8.766666666666667
2026-05-06,2026-05-06 03:55:00+00:00,2026-05-06 19:10:00+00:00,2026-05-06T05:55:00+02:00,2026-05-06T21:10:00+02:00,2026-05-06 03:58:04.778969344+00:00,2026-05-06 19:09:47.768262912+00:00,-1.350921772236182,-0.9483933890957718,100,5,False,True,False,-3.0796494890666666,0.2038622848,2026-05-06 19:10:00+00:00,2026-05-07 03:53:00+00:00,8.716666666666667
2026-05-07,2026-05-07 03:53:00+00:00,2026-05-07 19:12:00+00:00,2026-05-07T05:53:00+02:00,2026-05-07T21:12:00+02:00,2026-05-07 03:56:18.070502656+00:00,2026-05-07 19:11:25.875353600+00:00,-1.3437258516159778,-0.9457979701876071,100,5,False,True,False,-3.3011750442666665,0.5687441066666667,2026-05-07 19:12:00+00:00,2026-05-08 03:51:00+00:00,8.65
2026-05-08,2026-05-08 03:51:00+00:00,2026-05-08 19:13:00+00:00,2026-05-08T05:51:00+02:00,2026-05-08T21:13:00+02:00,2026-05-08 03:54:33.004631040+00:00,2026-05-08 19:13:03.467314432+00:00,-1.3365725029146418,-0.9430613571772958,100,5,False,True,False,-3.550077184,-0.057788573866666665,2026-05-08 19:13:00+00:00,2026-05-09 03:50:00+00:00,8.616666666666667
2026-05-09,2026-05-09 03:50:00+00:00,2026-05-09 19:15:00+00:00,2026-05-09T05:50:00+02:00,2026-05-09T21:15:00+02:00,2026-05-09 03:52:49.632822016+00:00,2026-05-09 19:14:40.500164864+00:00,-1.3294712128575035,-0.940187800601833,100,5,False,True,False,-2.827213700266667,0.3249972522666667,2026-05-09 19:15:00+00:00,2026-05-10 03:48:00+00:00,8.55
2026-05-10,2026-05-10 03:48:00+00:00,2026-05-10 19:17:00+00:00,2026-05-10T05:48:00+02:00,2026-05-10T21:17:00+02:00,2026-05-10 03:51:08.007069952+00:00,2026-05-10 19:16:16.927090944+00:00,-1.3224313960509506,-0.9371816216388349,100,5,False,True,False,-3.1334511658666666,0.7178818176,2026-05-10 19:17:00+00:00,2026-05-11 03:46:00+00:00,8.483333333333333
2026-05-11,2026-05-11 03:46:00+00:00,2026-05-11 19:18:00+00:00,2026-05-11T05:46:00+02:00,2026-05-11T21:18:00+02:00,2026-05-11 03:49:28.179673600+00:00,2026-05-11 19:17:52.698349312+00:00,-1.315462383528474,-0.9340472067138192,101,6,False,True,False,-3.4696612266666667,0.12169417813333333,2026-05-11 19:18:00+00:00,2026-05-12 03:45:00+00:00,8.45
2026-05-12,2026-05-12 03:45:00+00:00,2026-05-12 19:20:00+00:00,2026-05-12T05:45:00+02:00,2026-05-12T21:20:00+02:00,2026-05-12 03:47:50.202937856+00:00,2026-05-12 19:19:27.761269760+00:00,-1.308573411398936,-0.9307890020573975,102,6,False,True,False,-2.8367156309333335,0.5373121706666667,2026-05-12 19:20:00+00:00,2026-05-13 03:43:00+00:00,8.383333333333333
2026-05-13,2026-05-13 03:43:00+00:00,2026-05-13 19:21:00+00:00,2026-05-13T05:43:00+02:00,2026-05-13T21:21:00+02:00,2026-05-13 03:46:14.128760832+00:00,2026-05-13 19:21:02.060320768+00:00,-1.3017736096106076,-0.9274115082189013,103,6,False,True,False,-3.2354793472,-0.03433867946666667,2026-05-13 19:21:00+00:00,2026-05-14 03:42:00+00:00,8.35
2026-05-14,2026-05-14 03:42:00+00:00,2026-05-14 19:23:00+00:00,2026-05-14T05:42:00+02:00,2026-05-14T21:23:00+02:00,2026-05-14 03:44:40.008141568+00:00,2026-05-14 19:22:35.537106432+00:00,-1.2950719908443706,-0.9239192745430095,104,6,False,True,False,-2.6668023594666668,0.40771489279999995,2026-05-14 19:23:00+00:00,2026-05-15 03:40:00+00:00,8.283333333333333
2026-05-15,2026-05-15 03:40:00+00:00,2026-05-15 19:24:00+00:00,2026-05-15T05:40:00+02:00,2026-05-15T21:24:00+02:00,2026-05-15 03:43:07.890783744+00:00,2026-05-15 19:24:08.130233856+00:00,-1.2884774395493415,-0.9203168936159776,105,6,False,True,False,-3.1315130624000003,-0.1355038976,2026-05-15 19:24:00+00:00,2026-05-16 03:39:00+00:00,8.25
2026-05-16,2026-05-16 03:39:00+00:00,2026-05-16 19:26:00+00:00,2026-05-16T05:39:00+02:00,2026-05-16T21:26:00+02:00,2026-05-16 03:41:37.825033472+00:00,2026-05-16 19:25:39.775164160+00:00,-1.2819987011339873,-0.9166089956881007,106,6,False,True,False,-2.6304172245333333,0.33708059733333334,2026-05-16 19:26:00+00:00,2026-05-17 03:37:00+00:00,8.183333333333334
2026-05-17,2026-05-17 03:37:00+00:00,2026-05-17 19:27:00+00:00,2026-05-17T05:37:00+02:00,2026-05-17T21:27:00+02:00,2026-05-17 03:40:09.858277120+00:00,2026-05-17 19:27:10.404313856+00:00,-1.2756443713256347,-0.9128002430790616,106,6,False,True,False,-3.164304618666667,-0.17340523093333332,2026-05-17 19:27:00+00:00,2026-05-18 03:36:00+00:00,8.15
2026-05-18,2026-05-18 03:36:00+00:00,2026-05-18 19:29:00+00:00,2026-05-18T05:36:00+02:00,2026-05-18T21:29:00+02:00,2026-05-18 03:38:44.037686528+00:00,2026-05-18 19:28:39.947619072+00:00,-1.2694228857110588,-0.908895324572823,106,6,False,True,False,-2.7339614421333334,0.33420634880000005,2026-05-18 19:29:00+00:00,2026-05-19 03:34:00+00:00,8.083333333333334
2026-05-19,2026-05-19 03:34:00+00:00,2026-05-19 19:30:00+00:00,2026-05-19T05:34:00+02:00,2026-05-19T21:30:00+02:00,2026-05-19 03:37:20.410978816+00:00,2026-05-19 19:30:08.333538816+00:00,-1.2633425094706319,-0.9048989498087334,106,6,False,True,False,-3.340182980266667,-0.1388923136,2026-05-19 19:30:00+00:00,2026-05-20 03:33:00+00:00,8.05
2026-05-20,2026-05-20 03:33:00+00:00,2026-05-20 19:32:00+00:00,2026-05-20T05:33:00+02:00,2026-05-20T21:32:00+02:00,2026-05-20 03:35:59.026841856+00:00,2026-05-20 19:31:35.490197760+00:00,-1.257411327318277,-0.9008158436755087,107,6,False,True,False,-2.9837806976,0.408496704,2026-05-20 19:32:00+00:00,2026-05-21 03:32:00+00:00,8.0
2026-05-21,2026-05-21 03:32:00+00:00,2026-05-21 19:33:00+00:00,2026-05-21T05:32:00+02:00,2026-05-21T21:33:00+02:00,2026-05-21 03:34:39.934874624+00:00,2026-05-21 19:33:01.346308096+00:00,-1.2516372336592296,-0.8966507407147415,108,6,False,True,False,-2.6655812437333335,-0.022438468266666668,2026-05-21 19:33:00+00:00,2026-05-22 03:31:00+00:00,7.966666666666667
2026-05-22,2026-05-22 03:31:00+00:00,2026-05-22 19:34:00+00:00,2026-05-22T05:31:00+02:00,2026-05-22T21:34:00+02:00,2026-05-22 03:33:23.185153792+00:00,2026-05-22 19:34:25.831652864+00:00,-1.246027922977349,-0.8924083795405682,109,6,False,True,False,-2.3864192298666667,-0.4305275477333333,2026-05-22 19:34:00+00:00,2026-05-23 03:29:00+00:00,7.916666666666667
2026-05-23,2026-05-23 03:29:00+00:00,2026-05-23 19:36:00+00:00,2026-05-23T05:29:00+02:00,2026-05-23T21:36:00+02:00,2026-05-23 03:32:08.827714048+00:00,2026-05-23 19:35:48.877164800+00:00,-1.2405908804634462,-0.8880934972821013,110,6,False,True,False,-3.1471285674666665,0.18538058666666668,2026-05-23 19:36:00+00:00,2026-05-24 03:28:00+00:00,7.866666666666666
2026-05-24,2026-05-24 03:28:00+00:00,2026-05-24 19:37:00+00:00,2026-05-24T05:28:00+02:00,2026-05-24T21:37:00+02:00,2026-05-24 03:30:56.912175872+00:00,2026-05-24 19:37:10.414769664+00:00,-1.235333372895812,-0.8837108240551943,111,6,False,True,False,-2.9485362645333333,-0.1735794944,2026-05-24 19:37:00+00:00,2026-05-25 03:27:00+00:00,7.833333333333333
2026-05-25,2026-05-25 03:27:00+00:00,2026-05-25 19:38:00+00:00,2026-05-25T05:27:00+02:00,2026-05-25T21:38:00+02:00,2026-05-25 03:29:47.487592960+00:00,2026-05-25 19:38:30.377146368+00:00,-1.2302624397838289,-0.8792650774700654,112,6,False,True,False,-2.7914598826666666,-0.5062857728,2026-05-25 19:38:00+00:00,2026-05-26 03:26:00+00:00,7.8
2026-05-26,2026-05-26 03:26:00+00:00,2026-05-26 19:40:00+00:00,2026-05-26T05:26:00+02:00,2026-05-26T21:40:00+02:00,2026-05-26 03:28:40.602436608+00:00,2026-05-26 19:39:48.697451264+00:00,-1.2253848847852316,-0.8747609571812586,113,6,False,True,False,-2.6767072768,0.18837581226666666,2026-05-26 19:40:00+00:00,2026-05-27 03:25:00+00:00,7.75
2026-05-27,2026-05-27 03:25:00+00:00,2026-05-27 19:41:00+00:00,2026-05-27T05:25:00+02:00,2026-05-27T21:41:00+02:00,2026-05-27 03:27:36.304587008+00:00,2026-05-27 19:41:05.309018880+00:00,-1.220707267407263,-0.8702031394863555,114,6,False,True,False,-2.605076450133333,-0.088483648,2026-05-27 19:41:00+00:00,2026-05-28 03:24:00+00:00,7.716666666666667
2026-05-28,2026-05-28 03:24:00+00:00,2026-05-28 19:42:00+00:00,2026-05-28T05:24:00+02:00,2026-05-28T21:42:00+02:00,2026-05-28 03:26:34.641267968+00:00,2026-05-28 19:42:20.145067264+00:00,-1.2162358950016292,-0.8655962719797945,115,6,False,True,False,-2.5773544661333334,-0.3357511210666667,2026-05-28 19:42:00+00:00,2026-05-29 03:23:00+00:00,7.683333333333334
2026-05-29,2026-05-29 03:23:00+00:00,2026-05-29 19:43:00+00:00,2026-05-29T05:23:00+02:00,2026-05-29T21:43:00+02:00,2026-05-29 03:25:35.658932480+00:00,2026-05-29 19:43:33.138492672+00:00,-1.2119768150628099,-0.86094496826807,116,6,False,True,False,-2.594315541333333,-0.5523082112,2026-05-29 19:43:00+00:00,2026-05-30 03:22:00+00:00,7.65
2026-05-30,2026-05-30 03:22:00+00:00,2026-05-30 19:44:00+00:00,2026-05-30T05:22:00+02:00,2026-05-30T21:44:00+02:00,2026-05-30 03:24:39.403143168+00:00,2026-05-30 19:44:44.221792768+00:00,-1.2079358078389182,-0.8562538027525138,117,6,False,True,False,-2.6567190528,-0.7370298794666666,2026-05-30 19:44:00+00:00,2026-05-31 03:21:00+00:00,7.616666666666666
2026-05-31,2026-05-31 03:21:00+00:00,2026-05-31 19:46:00+00:00,2026-05-31T05:21:00+02:00,2026-05-31T21:46:00+02:00,2026-05-31 03:23:45.918476800+00:00,2026-05-31 19:45:53.327115008+00:00,-1.2041183792639376,-0.8515273054857647,117,6,False,True,False,-2.765307946666667,0.11121474986666667,2026-05-31 19:46:00+00:00,2026-06-01 03:20:00+00:00,7.566666666666666
2026-06-01,2026-06-01 03:20:00+00:00,2026-06-01 19:47:00+00:00,2026-06-01T05:20:00+02:00,2026-06-01T21:47:00+02:00,2026-06-01 03:22:55.248447488+00:00,2026-06-01 19:47:00.386380800+00:00,-1.2005297542197695,-0.8467699571079419,117,6,False,True,False,-2.9208074581333334,-0.006439680000000001,2026-06-01 19:47:00+00:00,2026-06-02 03:20:00+00:00,7.55
2026-06-02,2026-06-02 03:20:00+00:00,2026-06-02 19:48:00+00:00,2026-06-02T05:20:00+02:00,2026-06-02T21:48:00+02:00,2026-06-02 03:22:07.435428864+00:00,2026-06-02 19:48:05.331456768+00:00,-1.1971748701361464,-0.8419861838684308,117,6,False,True,False,-2.1239238144,-0.0888576128,2026-06-02 19:48:00+00:00,2026-06-03 03:19:00+00:00,7.516666666666667
2026-06-03,2026-06-03 03:19:00+00:00,2026-06-03 19:49:00+00:00,2026-06-03T05:19:00+02:00,2026-06-03T21:49:00+02:00,2026-06-03 03:21:22.520539648+00:00,2026-06-03 19:49:08.094371072+00:00,-1.1940583709360564,-0.8371803527390866,117,6,False,True,False,-2.375342327466667,-0.13490618453333333,2026-06-03 19:49:00+00:00,2026-06-04 03:18:00+00:00,7.483333333333333
2026-06-04,2026-06-04 03:18:00+00:00,2026-06-04 19:50:00+00:00,2026-06-04T05:18:00+02:00,2026-06-04T21:50:00+02:00,2026-06-04 03:20:40.543469056+00:00,2026-06-04 19:50:08.607557888+00:00,-1.1911846013339114,-0.8323567666245387,117,6,False,True,False,-2.6757244842666665,-0.14345929813333333,2026-06-04 19:50:00+00:00,2026-06-05 03:18:00+00:00,7.466666666666667
2026-06-05,2026-06-05 03:18:00+00:00,2026-06-05 19:51:00+00:00,2026-06-05T05:18:00+02:00,2026-06-05T21:51:00+02:00,2026-06-05 03:20:01.542219008+00:00,2026-06-05 19:51:06.804075776+00:00,-1.1885576014932804,-0.8275196596751575,116,6,False,True,False,-2.0257036501333334,-0.11340126293333334,2026-06-05 19:51:00+00:00,2026-06-06 03:17:00+00:00,7.433333333333334
2026-06-06,2026-06-06 03:17:00+00:00,2026-06-06 19:51:00+00:00,2026-06-06T05:17:00+02:00,2026-06-06T21:51:00+02:00,2026-06-06 03:19:25.552769792+00:00,2026-06-06 19:52:02.617747712+00:00,-1.1861811020505746,-0.8226731927081192,117,6,False,True,False,-2.4258794965333332,-1.0436291285333334,2026-06-06 19:51:00+00:00,2026-06-07 03:16:00+00:00,7.416666666666667
2026-06-07,2026-06-07 03:16:00+00:00,2026-06-07 19:52:00+00:00,2026-06-07T05:16:00+02:00,2026-06-07T21:52:00+02:00,2026-06-07 03:18:52.608687360+00:00,2026-06-07 19:52:55.983237632+00:00,-1.1840585195106335,-0.8178214487418629,118,6,False,True,False,-2.876811456,-0.9330539605333333,2026-06-07 19:52:00+00:00,2026-06-08 03:16:00+00:00,7.4
2026-06-08,2026-06-08 03:16:00+00:00,2026-06-08 19:53:00+00:00,2026-06-08T05:16:00+02:00,2026-06-08T21:53:00+02:00,2026-06-08 03:18:22.740672+00:00,2026-06-08 19:53:46.836148992+00:00,-1.182192952019734,-0.8129684286490949,119,6,False,True,False,-2.3790112,-0.7806024831999999,2026-06-08 19:53:00+00:00,2026-06-09 03:15:00+00:00,7.366666666666666
2026-06-09,2026-06-09 03:15:00+00:00,2026-06-09 19:54:00+00:00,2026-06-09T05:15:00+02:00,2026-06-09T21:54:00+02:00,2026-06-09 03:17:55.976023296+00:00,2026-06-09 19:54:35.113218304+00:00,-1.1805871755210742,-0.8081180469333481,120,6,False,True,False,-2.9329337216,-0.5852203050666667,2026-06-09 19:54:00+00:00,2026-06-10 03:15:00+00:00,7.35
2026-06-10,2026-06-10 03:15:00+00:00,2026-06-10 19:55:00+00:00,2026-06-10T05:15:00+02:00,2026-06-10T21:55:00+02:00,2026-06-10 03:17:32.337989888+00:00,2026-06-10 19:55:20.752567296+00:00,-1.1792436402973427,-0.8032741276339457,120,6,False,True,False,-2.5389664981333335,-0.3458761216,2026-06-10 19:55:00+00:00,2026-06-11 03:15:00+00:00,7.333333333333333
2026-06-11,2026-06-11 03:15:00+00:00,2026-06-11 19:55:00+00:00,2026-06-11T05:15:00+02:00,2026-06-11T21:55:00+02:00,2026-06-11 03:17:11.845050880+00:00,2026-06-11 19:56:03.693893120+00:00,-1.178164467904528,-0.7984404003640647,120,6,False,True,False,-2.197417514666667,-1.0615648853333333,2026-06-11 19:55:00+00:00,2026-06-12 03:14:00+00:00,7.316666666666666
2026-06-12,2026-06-12 03:14:00+00:00,2026-06-12 19:56:00+00:00,2026-06-12T05:14:00+02:00,2026-06-12T21:56:00+02:00,2026-06-12 03:16:54.510301952+00:00,2026-06-12 19:56:43.878511104+00:00,-1.1773514485006364,-0.7936204964864217,120,6,False,True,False,-2.9085050325333333,-0.7313085184,2026-06-12 19:56:00+00:00,2026-06-13 03:14:00+00:00,7.3
2026-06-13,2026-06-13 03:14:00+00:00,2026-06-13 19:56:00+00:00,2026-06-13T05:14:00+02:00,2026-06-13T21:56:00+02:00,2026-06-13 03:16:40.341206272+00:00,2026-06-13 19:57:21.249326080+00:00,-1.176806038572545,-0.7888179454309416,120,6,False,True,False,-2.6723534378666667,-1.3541554346666667,2026-06-13 19:56:00+00:00,2026-06-14 03:14:00+00:00,7.3
2026-06-14,2026-06-14 03:14:00+00:00,2026-06-14 19:57:00+00:00,2026-06-14T05:14:00+02:00,2026-06-14T21:57:00+02:00,2026-06-14 03:16:29.339897344+00:00,2026-06-14 19:57:55.750943232+00:00,-1.1765293590637171,-0.7840361711585858,120,6,False,True,False,-2.4889982890666666,-0.9291823871999999,2026-06-14 19:57:00+00:00,2026-06-15 03:14:00+00:00,7.283333333333333
2026-06-15,2026-06-15 03:14:00+00:00,2026-06-15 19:57:00+00:00,2026-06-15T05:14:00+02:00,2026-06-15T21:57:00+02:00,2026-06-15 03:16:21.503981824+00:00,2026-06-15 19:58:27.330118144+00:00,-1.1765221939050516,-0.7792784887753396,120,6,False,True,False,-2.3583996970666665,-1.4555019690666666,2026-06-15 19:57:00+00:00,2026-06-16 03:14:00+00:00,7.283333333333333
2026-06-16,2026-06-16 03:14:00+00:00,2026-06-16 19:58:00+00:00,2026-06-16T05:14:00+02:00,2026-06-16T21:58:00+02:00,2026-06-16 03:16:16.827532544+00:00,2026-06-16 19:58:55.936553728+00:00,-1.1767849889506423,-0.7745481013001766,120,6,False,True,False,-2.2804588757333333,-0.9322758954666667,2026-06-16 19:58:00+00:00,2026-06-17 03:14:00+00:00,7.266666666666667
2026-06-17,2026-06-17 03:14:00+00:00,2026-06-17 19:58:00+00:00,2026-06-17T05:14:00+02:00,2026-06-17T21:58:00+02:00,2026-06-17 03:16:15.301849344+00:00,2026-06-17 19:59:21.523849216+00:00,-1.1773178513197537,-0.7698480965906176,120,6,False,True,False,-2.2550308224,-1.3587308202666668,2026-06-17 19:58:00+00:00,2026-06-18 03:14:00+00:00,7.266666666666667
2026-06-18,2026-06-18 03:14:00+00:00,2026-06-18 19:59:00+00:00,2026-06-18T05:14:00+02:00,2026-06-18T21:59:00+02:00,2026-06-18 03:16:16.915706880+00:00,2026-06-18 19:59:44.050335744+00:00,-1.1781205491458269,-0.7651814444293199,120,6,False,True,False,-2.281928448,-0.7341722624,2026-06-18 19:59:00+00:00,2026-06-19 03:14:00+00:00,7.25
2026-06-19,2026-06-19 03:14:00+00:00,2026-06-19 19:59:00+00:00,2026-06-19T05:14:00+02:00,2026-06-19T21:59:00+02:00,2026-06-19 03:16:21.655124224+00:00,2026-06-19 20:00:03.479604736+00:00,-1.1791925117328532,-0.760550993774926,120,6,False,True,False,-2.3609187370666667,-1.0579934122666665,2026-06-19 19:59:00+00:00,2026-06-20 03:14:00+00:00,7.25
2026-06-20,2026-06-20 03:14:00+00:00,2026-06-20 19:59:00+00:00,2026-06-20T05:14:00+02:00,2026-06-20T21:59:00+02:00,2026-06-20 03:16:29.502943232+00:00,2026-06-20 20:00:19.780713216+00:00,-1.1805328301189661,-0.7559594701802013,120,6,False,True,False,-2.4917157205333336,-1.3296785536,2026-06-20 19:59:00+00:00,2026-06-21 03:14:00+00:00,7.25
2026-06-21,2026-06-21 03:14:00+00:00,2026-06-21 19:59:00+00:00,2026-06-21T05:14:00+02:00,2026-06-21T21:59:00+02:00,2026-06-21 03:16:40.438546176+00:00,2026-06-21 20:00:32.928130816+00:00,-1.1821402580466112,-0.7514094733802871,120,6,False,True,False,-2.6739757695999997,-1.5488021802666667,2026-06-21 19:59:00+00:00,2026-06-22 03:14:00+00:00,7.25
2026-06-22,2026-06-22 03:14:00+00:00,2026-06-22 19:59:00+00:00,2026-06-22T05:14:00+02:00,2026-06-22T21:59:00+02:00,2026-06-22 03:16:54.437865472+00:00,2026-06-22 20:00:42.901516800+00:00,-1.1840132133381835,-0.7469034750536836,120,6,False,True,False,-2.9072977578666666,-1.7150252799999999,2026-06-22 19:59:00+00:00,2026-06-23 03:15:00+00:00,7.266666666666667
2026-06-23,2026-06-23 03:15:00+00:00,2026-06-23 20:00:00+00:00,2026-06-23T05:15:00+02:00,2026-06-23T22:00:00+02:00,2026-06-23 03:17:11.473614336+00:00,2026-06-23 20:00:49.685393920+00:00,-1.1861497796755271,-0.7424438167583659,120,6,False,True,False,-2.1912269055999998,-0.8280898986666667,2026-06-23 20:00:00+00:00,2026-06-24 03:15:00+00:00,7.25
2026-06-24,2026-06-24 03:15:00+00:00,2026-06-24 20:00:00+00:00,2026-06-24T05:15:00+02:00,2026-06-24T22:00:00+02:00,2026-06-24 03:17:31.515540736+00:00,2026-06-24 20:00:53.268765696+00:00,-1.1885477087812153,-0.7380327080452262,120,6,False,True,False,-2.5252590122666665,-0.8878127616,2026-06-24 20:00:00+00:00,2026-06-25 03:15:00+00:00,7.25
2026-06-25,2026-06-25 03:15:00+00:00,2026-06-25 20:00:00+00:00,2026-06-25T05:15:00+02:00,2026-06-25T22:00:00+02:00,2026-06-25 03:17:54.530577920+00:00,2026-06-25 20:00:53.644740608+00:00,-1.19120442299906,-0.7336722247508107,120,6,False,True,False,-2.9088429653333336,-0.8940790101333334,2026-06-25 20:00:00+00:00,2026-06-26 03:16:00+00:00,7.266666666666667
2026-06-26,2026-06-26 03:16:00+00:00,2026-06-26 19:59:00+00:00,2026-06-26T05:16:00+02:00,2026-06-26T21:59:00+02:00,2026-06-26 03:18:20.482882560+00:00,2026-06-26 20:00:50.810211584+00:00,-1.1941170182708054,-0.7293643074711067,120,6,False,True,False,-2.341381376,-1.8468368597333333,2026-06-26 19:59:00+00:00,2026-06-27 03:16:00+00:00,7.283333333333333
2026-06-27,2026-06-27 03:16:00+00:00,2026-06-27 19:59:00+00:00,2026-06-27T05:16:00+02:00,2026-06-27T21:59:00+02:00,2026-06-27 03:18:49.333863936+00:00,2026-06-27 20:00:44.765607680+00:00,-1.1972822675055135,-0.7251107602179124,120,6,False,True,False,-2.8222310656,-1.7460934613333334,2026-06-27 19:59:00+00:00,2026-06-28 03:17:00+00:00,7.3
2026-06-28,2026-06-28 03:17:00+00:00,2026-06-28 19:59:00+00:00,2026-06-28T05:17:00+02:00,2026-06-28T21:59:00+02:00,2026-06-28 03:19:21.042280960+00:00,2026-06-28 20:00:35.514700288+00:00,-1.2006966243376604,-0.7209132492590973,120,6,False,True,False,-2.3507046826666667,-1.5919116714666666,2026-06-28 19:59:00+00:00,2026-06-29 03:17:00+00:00,7.3
2026-06-29,2026-06-29 03:17:00+00:00,2026-06-29 19:59:00+00:00,2026-06-29T05:17:00+02:00,2026-06-29T21:59:00+02:00,2026-06-29 03:19:55.564410624+00:00,2026-06-29 20:00:23.064449536+00:00,-1.2043562272695119,-0.7167733021438374,120,6,False,True,False,-2.9260735104,-1.3844074922666667,2026-06-29 19:59:00+00:00,2026-06-30 03:18:00+00:00,7.316666666666666
2026-06-30,2026-06-30 03:18:00+00:00,2026-06-30 19:59:00+00:00,2026-06-30T05:18:00+02:00,2026-06-30T21:59:00+02:00,2026-06-30 03:20:32.854257152+00:00,2026-06-30 20:00:07.424898816+00:00,-1.2082569041928888,-0.7126923069136872,120,6,False,True,False,-2.5475709525333334,-1.1237483136,2026-06-30 19:59:00+00:00,2026-07-01 03:18:00+00:00,7.316666666666666
2026-07-01,2026-07-01 03:18:00+00:00,2026-07-01 19:58:00+00:00,2026-07-01T05:18:00+02:00,2026-07-01T21:58:00+02:00,2026-07-01 03:21:12.863739904+00:00,2026-07-01 19:59:48.609120256+00:00,-1.2123941772849776,-0.7086715115001163,120,6,False,True,False,-3.2143956650666667,-1.8101520042666666,2026-07-01 19:58:00+00:00,2026-07-02 03:19:00+00:00,7.35
2026-07-02,2026-07-02 03:19:00+00:00,2026-07-02 19:58:00+00:00,2026-07-02T05:19:00+02:00,2026-07-02T21:58:00+02:00,2026-07-02 03:21:55.542841600+00:00,2026-07-02 19:59:26.633188096+00:00,-1.2167632682723963,-0.7047120233089188,120,6,False,True,False,-2.925714026666667,-1.4438864682666666,2026-07-02 19:58:00+00:00,2026-07-03 03:20:00+00:00,7.366666666666666
2026-07-03,2026-07-03 03:20:00+00:00,2026-07-03 19:57:00+00:00,2026-07-03T05:20:00+02:00,2026-07-03T21:57:00+02:00,2026-07-03 03:22:40.839688192+00:00,2026-07-03 19:59:01.516120832+00:00,-1.2213591040572942,-0.7008148089916733,120,6,False,True,False,-2.6806614698666666,-2.0252686805333333,2026-07-03 19:57:00+00:00,2026-07-04 03:21:00+00:00,7.4
2026-07-04,2026-07-04 03:21:00+00:00,2026-07-04 19:57:00+00:00,2026-07-04T05:21:00+02:00,2026-07-04T21:57:00+02:00,2026-07-04 03:23:28.700544256+00:00,2026-07-04 19:58:33.279752960+00:00,-1.2261763226988225,-0.6969806944041993,120,6,False,True,False,-2.478342404266667,-1.5546625493333333,2026-07-04 19:57:00+00:00,2026-07-05 03:21:00+00:00,7.4
2026-07-05,2026-07-05 03:21:00+00:00,2026-07-05 19:56:00+00:00,2026-07-05T05:21:00+02:00,2026-07-05T21:56:00+02:00,2026-07-05 03:24:19.069698048+00:00,2026-07-05 19:58:01.948548096+00:00,-1.2312092797429006,-0.6932103647517389,120,6,False,True,False,-3.3178283008,-2.0324758016,2026-07-05 19:56:00+00:00,2026-07-06 03:22:00+00:00,7.433333333333334
2026-07-06,2026-07-06 03:22:00+00:00,2026-07-06 19:56:00+00:00,2026-07-06T05:22:00+02:00,2026-07-06T21:56:00+02:00,2026-07-06 03:25:11.889234944+00:00,2026-07-06 19:57:27.549415936+00:00,-1.2364520548927835,-0.6895043649203496,120,6,False,True,False,-3.1981539157333336,-1.4591569322666667,2026-07-06 19:56:00+00:00,2026-07-07 03:23:00+00:00,7.45
2026-07-07,2026-07-07 03:23:00+00:00,2026-07-07 19:55:00+00:00,2026-07-07T05:23:00+02:00,2026-07-07T21:55:00+02:00,2026-07-07 03:26:07.098715392+00:00,2026-07-07 19:56:50.111564544+00:00,-1.2418984590125235,-0.6858630999937861,120,6,False,True,False,-3.1183119232,-1.8351927424,2026-07-07 19:55:00+00:00,2026-07-08 03:24:00+00:00,7.483333333333333
2026-07-08,2026-07-08 03:24:00+00:00,2026-07-08 19:54:00+00:00,2026-07-08T05:24:00+02:00,2026-07-08T21:54:00+02:00,2026-07-08 03:27:04.634785536+00:00,2026-07-08 19:56:09.666365440+00:00,-1.247542041455039,-0.6822868359549061,120,6,False,True,False,-3.0772464256000003,-2.1611060906666664,2026-07-08 19:54:00+00:00,2026-07-09 03:25:00+00:00,7.516666666666667
2026-07-09,2026-07-09 03:25:00+00:00,2026-07-09 19:54:00+00:00,2026-07-09T05:25:00+02:00,2026-07-09T21:54:00+02:00,2026-07-09 03:28:04.430779136+00:00,2026-07-09 19:55:26.247153664+00:00,-1.2533760977061017,-0.6787757005704238,120,6,False,True,False,-3.0738463189333336,-1.4374525610666666,2026-07-09 19:54:00+00:00,2026-07-10 03:26:00+00:00,7.533333333333333
2026-07-10,2026-07-10 03:26:00+00:00,2026-07-10 19:53:00+00:00,2026-07-10T05:26:00+02:00,2026-07-10T21:53:00+02:00,2026-07-10 03:29:06.416436992+00:00,2026-07-10 19:54:39.888957184+00:00,-1.2593936773351828,-0.6753296844576037,120,6,False,True,False,-3.1069406165333335,-1.6648159530666669,2026-07-10 19:53:00+00:00,2026-07-11 03:27:00+00:00,7.566666666666666
2026-07-11,2026-07-11 03:27:00+00:00,2026-07-11 19:52:00+00:00,2026-07-11T05:27:00+02:00,2026-07-11T21:52:00+02:00,2026-07-11 03:30:10.517917952+00:00,2026-07-11 19:53:50.628193792+00:00,-1.2655875922437354,-0.671948642331273,120,6,False,True,False,-3.1752986325333334,-1.8438032298666667,2026-07-11 19:52:00+00:00,2026-07-12 03:28:00+00:00,7.6
2026-07-12,2026-07-12 03:28:00+00:00,2026-07-12 19:51:00+00:00,2026-07-12T05:28:00+02:00,2026-07-12T21:51:00+02:00,2026-07-12 03:31:16.658288128+00:00,2026-07-12 19:52:58.502463744+00:00,-1.2719504252011344,-0.6686322944293044,120,6,False,True,False,-3.277638135466667,-1.9750410623999999,2026-07-12 19:51:00+00:00,2026-07-13 03:29:00+00:00,7.633333333333334
2026-07-13,2026-07-13 03:29:00+00:00,2026-07-13 19:50:00+00:00,2026-07-13T05:29:00+02:00,2026-07-13T21:50:00+02:00,2026-07-13 03:32:24.758492672+00:00,2026-07-13 19:52:03.550512384+00:00,-1.2784745386581498,-0.6653802281145103,120,6,False,True,False,-3.4126415445333333,-2.0591752064,2026-07-13 19:50:00+00:00,2026-07-14 03:30:00+00:00,7.666666666666667
2026-07-14,2026-07-14 03:30:00+00:00,2026-07-14 19:49:00+00:00,2026-07-14T05:30:00+02:00,2026-07-14T21:49:00+02:00,2026-07-14 03:33:34.738604800+00:00,2026-07-14 19:51:05.812360192+00:00,-1.2851520838275037,-0.662191899650675,120,6,False,True,False,-3.5789767466666667,-2.096872669866667,2026-07-14 19:49:00+00:00,2026-07-15 03:31:00+00:00,7.7
2026-07-15,2026-07-15 03:31:00+00:00,2026-07-15 19:48:00+00:00,2026-07-15T05:31:00+02:00,2026-07-15T21:48:00+02:00,2026-07-15 03:34:46.518979584+00:00,2026-07-15 19:50:05.329532928+00:00,-1.291975010020738,-0.6590666361502366,120,6,False,True,False,-3.7753163264,-2.0888255488,2026-07-15 19:48:00+00:00,2026-07-16 03:33:00+00:00,7.75
2026-07-16,2026-07-16 03:33:00+00:00,2026-07-16 19:47:00+00:00,2026-07-16T05:33:00+02:00,2026-07-16T21:47:00+02:00,2026-07-16 03:36:00.020996864+00:00,2026-07-16 19:49:02.145291776+00:00,-1.2989350742303172,-0.6560036376909225,120,6,False,True,False,-3.0003499477333335,-2.035754862933333,2026-07-16 19:47:00+00:00,2026-07-17 03:34:00+00:00,7.783333333333333
2026-07-17,2026-07-17 03:34:00+00:00,2026-07-17 19:46:00+00:00,2026-07-17T05:34:00+02:00,2026-07-17T21:46:00+02:00,2026-07-17 03:37:15.167314944+00:00,2026-07-17 19:47:56.304805632+00:00,-1.3060238509456021,-0.6530019795984439,120,6,False,True,False,-3.2527885824,-1.9384134272,2026-07-17 19:46:00+00:00,2026-07-18 03:35:00+00:00,7.816666666666666
2026-07-18,2026-07-18 03:35:00+00:00,2026-07-18 19:45:00+00:00,2026-07-18T05:35:00+02:00,2026-07-18T21:45:00+02:00,2026-07-18 03:38:31.881840640+00:00,2026-07-18 19:46:47.855217664+00:00,-1.313232742191034,-0.6500606148921442,120,6,False,True,False,-3.5313640106666666,-1.7975869610666666,2026-07-18 19:45:00+00:00,2026-07-19 03:36:00+00:00,7.85
2026-07-19,2026-07-19 03:36:00+00:00,2026-07-19 19:44:00+00:00,2026-07-19T05:36:00+02:00,2026-07-19T21:44:00+02:00,2026-07-19 03:39:50.089706240+00:00,2026-07-19 19:45:36.845582848+00:00,-1.3205529877746351,-0.6471783768903026,120,6,False,True,False,-3.8348284373333335,-1.6140930474666668,2026-07-19 19:44:00+00:00,2026-07-20 03:38:00+00:00,7.9
2026-07-20,2026-07-20 03:38:00+00:00,2026-07-20 19:42:00+00:00,2026-07-20T05:38:00+02:00,2026-07-20T21:42:00+02:00,2026-07-20 03:41:09.717438464+00:00,2026-07-20 19:44:23.326662912+00:00,-1.327975675734646,-0.6443539819716047,120,6,False,True,False,-3.161957307733333,-2.3887777152,2026-07-20 19:42:00+00:00,2026-07-21 03:39:00+00:00,7.95
2026-07-21,2026-07-21 03:39:00+00:00,2026-07-21 19:41:00+00:00,2026-07-21T05:39:00+02:00,2026-07-21T21:41:00+02:00,2026-07-21 03:42:30.693281280+00:00,2026-07-21 19:43:07.350605056+00:00,-1.335491752971905,-0.6415860324890948,120,6,False,True,False,-3.511554688,-2.1225100842666667,2026-07-21 19:41:00+00:00,2026-07-22 03:40:00+00:00,7.983333333333333
2026-07-22,2026-07-22 03:40:00+00:00,2026-07-22 19:40:00+00:00,2026-07-22T05:40:00+02:00,2026-07-22T21:40:00+02:00,2026-07-22 03:43:52.947501056+00:00,2026-07-22 19:41:48.970561024+00:00,-1.3430920360553518,-0.6388730198327448,120,6,False,True,False,-3.8824583509333332,-1.8161760170666668,2026-07-22 19:40:00+00:00,2026-07-23 03:42:00+00:00,8.033333333333333
2026-07-23,2026-07-23 03:42:00+00:00,2026-07-23 19:38:00+00:00,2026-07-23T05:42:00+02:00,2026-07-23T21:38:00+02:00,2026-07-23 03:45:16.412548608+00:00,2026-07-23 19:40:28.240324352+00:00,-1.350767222187817,-0.636213327636594,120,6,False,True,False,-3.2735424768000003,-2.470672072533333,2026-07-23 19:38:00+00:00,2026-07-24 03:43:00+00:00,8.083333333333334
2026-07-24,2026-07-24 03:43:00+00:00,2026-07-24 19:37:00+00:00,2026-07-24T05:43:00+02:00,2026-07-24T21:37:00+02:00,2026-07-24 03:46:41.023078656+00:00,2026-07-24 19:39:05.214022400+00:00,-1.3585079003190874,-0.6336052351262376,120,6,False,True,False,-3.6837179775999997,-2.0869003733333336,2026-07-24 19:37:00+00:00,2026-07-25 03:44:00+00:00,8.116666666666667
2026-07-25,2026-07-25 03:44:00+00:00,2026-07-25 19:36:00+00:00,2026-07-25T05:44:00+02:00,2026-07-25T21:36:00+02:00,2026-07-25 03:48:06.715921664+00:00,2026-07-25 19:37:39.945868288+00:00,-1.3663045623930383,-0.6310469206022724,120,6,False,True,False,-4.111932027733333,-1.6657644714666666,2026-07-25 19:36:00+00:00,2026-07-26 03:46:00+00:00,8.166666666666666
2026-07-26,2026-07-26 03:46:00+00:00,2026-07-26 19:34:00+00:00,2026-07-26T05:46:00+02:00,2026-07-26T21:34:00+02:00,2026-07-26 03:49:33.430099968+00:00,2026-07-26 19:36:12.489964800+00:00,-1.374147614715487,-0.6285364650551425,120,6,False,True,False,-3.5571683328000003,-2.20816608,2026-07-26 19:34:00+00:00,2026-07-27 03:47:00+00:00,8.216666666666667
2026-07-27,2026-07-27 03:47:00+00:00,2026-07-27 19:33:00+00:00,2026-07-27T05:47:00+02:00,2026-07-27T21:33:00+02:00,2026-07-27 03:51:01.106907392+00:00,2026-07-27 19:34:42.900152576+00:00,-1.3820273894292554,-0.6260718559066705,120,6,False,True,False,-4.018448456533333,-1.7150025429333333,2026-07-27 19:33:00+00:00,2026-07-28 03:49:00+00:00,8.266666666666667
2026-07-28,2026-07-28 03:49:00+00:00,2026-07-28 19:31:00+00:00,2026-07-28T05:49:00+02:00,2026-07-28T21:31:00+02:00,2026-07-28 03:52:29.690018304+00:00,2026-07-28 19:33:11.229924352+00:00,-1.389934156082815,-0.6236509908734047,120,6,False,True,False,-3.4948336384000003,-2.1871654058666667,2026-07-28 19:31:00+00:00,2026-07-29 03:50:00+00:00,8.316666666666666
2026-07-29,2026-07-29 03:50:00+00:00,2026-07-29 19:29:00+00:00,2026-07-29T05:50:00+02:00,2026-07-29T21:29:00+02:00,2026-07-29 03:53:59.125598208+00:00,2026-07-29 19:31:37.532389376+00:00,-1.397858133278772,-0.6212716819467641,120,6,False,True,False,-3.9854266368,-2.6255398229333333,2026-07-29 19:29:00+00:00,2026-07-30 03:52:00+00:00,8.383333333333333
2026-07-30,2026-07-30 03:52:00+00:00,2026-07-30 19:28:00+00:00,2026-07-30T05:52:00+02:00,2026-07-30T21:28:00+02:00,2026-07-30 03:55:29.362385152+00:00,2026-07-30 19:30:01.860268544+00:00,-1.4057895003883476,-0.618931659484825,120,6,False,True,False,-3.4893730858666667,-2.0310044757333334,2026-07-30 19:28:00+00:00,2026-07-31 03:53:00+00:00,8.416666666666666
2026-07-31,2026-07-31 03:53:00+00:00,2026-07-31 19:26:00+00:00,2026-07-31T05:53:00+02:00,2026-07-31T21:26:00+02:00,2026-07-31 03:57:00.351714304+00:00,2026-07-31 19:28:24.265877248+00:00,-1.4137184093179367,-0.6166285764104541,120,6,False,True,False,-4.005861905066667,-2.4044312874666667,2026-07-31 19:26:00+00:00,2026-08-01 03:55:00+00:00,8.483333333333333
2026-08-01,2026-08-01 03:55:00+00:00,2026-08-01 19:25:00+00:00,2026-08-01T05:55:00+02:00,2026-08-01T21:25:00+02:00,2026-08-01 03:58:32.047430400+00:00,2026-08-01 19:26:44.801077248+00:00,-1.4216349963137616,-0.6143600125103663,120,6,False,True,False,-3.53412384,-1.7466846208,2026-08-01 19:25:00+00:00,2026-08-02 03:56:00+00:00,8.516666666666667
2026-08-02,2026-08-02 03:56:00+00:00,2026-08-02 19:23:00+00:00,2026-08-02T05:56:00+02:00,2026-08-02T21:23:00+02:00,2026-08-02 04:00:04.405628160+00:00,2026-08-02 19:25:03.517217280+00:00,-1.429529393790589,-0.6121234788295618,120,6,False,True,False,-4.073427136,-2.0586202879999997,2026-08-02 19:23:00+00:00,2026-08-03 03:58:00+00:00,8.583333333333334
2026-08-03,2026-08-03 03:58:00+00:00,2026-08-03 19:21:00+00:00,2026-08-03T05:58:00+02:00,2026-08-03T21:21:00+02:00,2026-08-03 04:01:37.384222720+00:00,2026-08-03 19:23:20.465080320+00:00,-1.4373917421704525,-0.6099164221554819,120,6,False,True,False,-3.6230703786666667,-2.341084672,2026-08-03 19:21:00+00:00,2026-08-04 03:59:00+00:00,8.633333333333333
2026-08-04,2026-08-04 03:59:00+00:00,2026-08-04 19:19:00+00:00,2026-08-04T05:59:00+02:00,2026-08-04T21:19:00+02:00,2026-08-04 04:03:10.942397952+00:00,2026-08-04 19:21:35.694830336+00:00,-1.4452122017173024,-0.6077362295861162,120,6,False,True,False,-4.1823732992,-2.594913838933333,2026-08-04 19:19:00+00:00,2026-08-05 04:01:00+00:00,8.7
2026-08-05,2026-08-05 04:01:00+00:00,2026-08-05 19:18:00+00:00,2026-08-05T06:01:00+02:00,2026-08-05T21:18:00+02:00,2026-08-05 04:04:45.040007936+00:00,2026-08-05 19:19:49.255950080+00:00,-1.4529809643535172,-0.6055802331761861,120,6,False,True,False,-3.750666798933333,-1.8209325013333335,2026-08-05 19:18:00+00:00,2026-08-06 04:02:00+00:00,8.733333333333333
2026-08-06,2026-08-06 04:02:00+00:00,2026-08-06 19:16:00+00:00,2026-08-06T06:02:00+02:00,2026-08-06T21:16:00+02:00,2026-08-06 04:06:19.637016320+00:00,2026-08-06 19:18:01.197139968+00:00,-1.4606882654442246,-0.6034457146554445,120,6,False,True,False,-4.327283605333333,-2.0199523328,2026-08-06 19:16:00+00:00,2026-08-07 04:04:00+00:00,8.8
2026-08-07,2026-08-07 04:04:00+00:00,2026-08-07 19:14:00+00:00,2026-08-07T06:04:00+02:00,2026-08-07T21:14:00+02:00,2026-08-07 04:07:54.693052416+00:00,2026-08-07 19:16:11.566220800+00:00,-1.4683243955354115,-0.601329910213032,120,6,False,True,False,-3.9115508736,-2.192770346666667,2026-08-07 19:14:00+00:00,2026-08-08 04:05:00+00:00,8.85
2026-08-08,2026-08-08 04:05:00+00:00,2026-08-08 19:12:00+00:00,2026-08-08T06:05:00+02:00,2026-08-08T21:12:00+02:00,2026-08-08 04:09:30.167202304+00:00,2026-08-08 19:14:20.410064384+00:00,-1.4758797120318774,-0.5992300153417616,120,6,False,True,False,-4.502786705066667,-2.3401677397333334,2026-08-08 19:12:00+00:00,2026-08-09 04:07:00+00:00,8.916666666666666
2026-08-09,2026-08-09 04:07:00+00:00,2026-08-09 19:10:00+00:00,2026-08-09T06:07:00+02:00,2026-08-09T21:10:00+02:00,2026-08-09 04:11:06.018144256+00:00,2026-08-09 19:12:27.774582272+00:00,-1.4833446508011205,-0.5971431897361228,120,6,False,True,False,-4.1003024042666665,-2.4629097045333332,2026-08-09 19:10:00+00:00,2026-08-10 04:08:00+00:00,8.966666666666667
2026-08-10,2026-08-10 04:08:00+00:00,2026-08-10 19:08:00+00:00,2026-08-10T06:08:00+02:00,2026-08-10T21:08:00+02:00,2026-08-10 04:12:42.204668416+00:00,2026-08-10 19:10:33.704743936+00:00,-1.490709737689369,-0.5950665622377344,120,6,False,True,False,-4.703411140266667,-2.5617457322666666,2026-08-10 19:08:00+00:00,2026-08-11 04:10:00+00:00,9.033333333333333
2026-08-11,2026-08-11 04:10:00+00:00,2026-08-11 19:06:00+00:00,2026-08-11T06:10:00+02:00,2026-08-11T21:06:00+02:00,2026-08-11 04:14:18.686459904+00:00,2026-08-11 19:08:38.244597504+00:00,-1.4979655999360417,-0.5929972358219154,120,6,False,True,False,-4.3114409984,-2.6374099584,2026-08-11 19:06:00+00:00,2026-08-12 04:12:00+00:00,9.1
2026-08-12,2026-08-12 04:12:00+00:00,2026-08-12 19:04:00+00:00,2026-08-12T06:12:00+02:00,2026-08-12T21:04:00+02:00,2026-08-12 04:15:55.424898560+00:00,2026-08-12 19:06:41.437290240+00:00,-1.5051029774730662,-0.590932292618998,120,6,False,True,False,-3.9237483093333334,-2.690621504,2026-08-12 19:04:00+00:00,2026-08-13 04:13:00+00:00,9.15
2026-08-13,2026-08-13 04:13:00+00:00,2026-08-13 19:02:00+00:00,2026-08-13T06:13:00+02:00,2026-08-13T21:02:00+02:00,2026-08-13 04:17:32.383634688+00:00,2026-08-13 19:04:43.325131776+00:00,-1.5121127340955953,-0.5888687989639563,120,6,False,True,False,-4.5397272448,-2.7220855296,2026-08-13 19:02:00+00:00,2026-08-14 04:15:00+00:00,9.216666666666667
2026-08-14,2026-08-14 04:15:00+00:00,2026-08-14 19:00:00+00:00,2026-08-14T06:15:00+02:00,2026-08-14T21:00:00+02:00,2026-08-14 04:19:09.528831488+00:00,2026-08-14 19:02:43.949740288+00:00,-1.5189858684908342,-0.586803810467898,120,6,False,True,False,-4.158813858133334,-2.7324956714666664,2026-08-14 19:00:00+00:00,2026-08-15 04:16:00+00:00,9.266666666666667
2026-08-15,2026-08-15 04:16:00+00:00,2026-08-15 18:58:00+00:00,2026-08-15T06:16:00+02:00,2026-08-15T20:58:00+02:00,2026-08-15 04:20:46.829169152+00:00,2026-08-15 19:00:43.352270336+00:00,-1.5257135251118386,-0.5847343771049354,120,6,False,True,False,-4.780486152533333,-2.7225378389333335,2026-08-15 18:58:00+00:00,2026-08-16 04:18:00+00:00,9.333333333333334
2026-08-16,2026-08-16 04:18:00+00:00,2026-08-16 18:56:00+00:00,2026-08-16T06:18:00+02:00,2026-08-16T20:56:00+02:00,2026-08-16 04:22:24.255797504+00:00,2026-08-16 18:58:41.573643520+00:00,-1.5322870048833428,-0.5826575483079305,120,6,False,True,False,-4.404263291733333,-2.6928940586666665,2026-08-16 18:56:00+00:00,2026-08-17 04:20:00+00:00,9.4
2026-08-17,2026-08-17 04:20:00+00:00,2026-08-17 18:54:00+00:00,2026-08-17T06:20:00+02:00,2026-08-17T20:54:00+02:00,2026-08-17 04:24:01.782367744+00:00,2026-08-17 18:56:38.654694400+00:00,-1.538697775726861,-0.5805703780666055,120,6,False,True,False,-4.029706129066667,-2.6442449066666667,2026-08-17 18:54:00+00:00,2026-08-18 04:21:00+00:00,9.45
2026-08-18,2026-08-18 04:21:00+00:00,2026-08-18 18:52:00+00:00,2026-08-18T06:21:00+02:00,2026-08-18T20:52:00+02:00,2026-08-18 04:25:39.385140736+00:00,2026-08-18 18:54:34.636182784+00:00,-1.5449374828925286,-0.5784699300214976,120,6,False,True,False,-4.656419012266666,-2.577269713066667,2026-08-18 18:52:00+00:00,2026-08-19 04:23:00+00:00,9.516666666666667
2026-08-19,2026-08-19 04:23:00+00:00,2026-08-19 18:50:00+00:00,2026-08-19T06:23:00+02:00,2026-08-19T20:50:00+02:00,2026-08-19 04:27:17.043079424+00:00,2026-08-19 18:52:29.558692096+00:00,-1.55099795908537,-0.5763532825472486,120,6,False,True,False,-4.284051323733333,-2.4926448682666664,2026-08-19 18:50:00+00:00,2026-08-20 04:24:00+00:00,9.566666666666666
2026-08-20,2026-08-20 04:24:00+00:00,2026-08-20 18:48:00+00:00,2026-08-20T06:24:00+02:00,2026-08-20T20:48:00+02:00,2026-08-20 04:28:54.737835264+00:00,2026-08-20 18:50:23.462479104+00:00,-1.556871234373925,-0.574217533818729,120,6,False,True,False,-4.9122972544,-2.3910413184,2026-08-20 18:48:00+00:00,2026-08-21 04:26:00+00:00,9.633333333333333
2026-08-21,2026-08-21 04:26:00+00:00,2026-08-21 18:46:00+00:00,2026-08-21T06:26:00+02:00,2026-08-21T20:46:00+02:00,2026-08-21 04:30:32.453627904+00:00,2026-08-21 18:48:16.387340288+00:00,-1.5625495458694247,-0.5720598068535165,120,6,False,True,False,-4.5408937984,-2.273122338133333,2026-08-21 18:46:00+00:00,2026-08-22 04:28:00+00:00,9.7
2026-08-22,2026-08-22 04:28:00+00:00,2026-08-22 18:44:00+00:00,2026-08-22T06:28:00+02:00,2026-08-22T20:44:00+02:00,2026-08-22 04:32:10.177083648+00:00,2026-08-22 18:46:08.372512+00:00,-1.5680253471639727,-0.5698772545242781,120,6,False,True,False,-4.1696180608,-2.139541866666667,2026-08-22 18:44:00+00:00,2026-08-23 04:29:00+00:00,9.75
2026-08-23,2026-08-23 04:29:00+00:00,2026-08-23 18:42:00+00:00,2026-08-23T06:29:00+02:00,2026-08-23T20:42:00+02:00,2026-08-23 04:33:47.897105664+00:00,2026-08-23 18:43:59.456618496+00:00,-1.5732913175164782,-0.5676670645346402,120,6,False,True,False,-4.7982850944,-1.9909436416000001,2026-08-23 18:42:00+00:00,2026-08-24 04:31:00+00:00,9.816666666666666
2026-08-24,2026-08-24 04:31:00+00:00,2026-08-24 18:39:00+00:00,2026-08-24T06:31:00+02:00,2026-08-24T20:39:00+02:00,2026-08-24 04:35:25.604800768+00:00,2026-08-24 18:41:49.677652992+00:00,-1.5783403707753807,-0.5654264643521734,120,6,False,True,False,-4.426746679466667,-2.8279608832,2026-08-24 18:39:00+00:00,2026-08-25 04:32:00+00:00,9.883333333333333
2026-08-25,2026-08-25 04:32:00+00:00,2026-08-25 18:37:00+00:00,2026-08-25T06:32:00+02:00,2026-08-25T20:37:00+02:00,2026-08-25 04:37:03.293465088+00:00,2026-08-25 18:39:39.072998656+00:00,-1.5831656640275165,-0.563152726092175,120,6,False,True,False,-5.0548910848,-2.651216644266667,2026-08-25 18:37:00+00:00,2026-08-26 04:34:00+00:00,9.95
2026-08-26,2026-08-26 04:34:00+00:00,2026-08-26 18:35:00+00:00,2026-08-26T06:34:00+02:00,2026-08-26T20:35:00+02:00,2026-08-26 04:38:40.958609152+00:00,2026-08-26 18:37:27.679470592+00:00,-1.5877606059628058,-0.5608431713459824,120,6,False,True,False,-4.682643485866667,-2.4613245098666665,2026-08-26 18:35:00+00:00,2026-08-27 04:36:00+00:00,10.016666666666667
2026-08-27,2026-08-27 04:36:00+00:00,2026-08-27 18:33:00+00:00,2026-08-27T06:36:00+02:00,2026-08-27T20:33:00+02:00,2026-08-27 04:40:18.597993472+00:00,2026-08-27 18:35:15.533357824+00:00,-1.5921188649447688,-0.5584951759476264,120,6,False,True,False,-4.309966557866667,-2.2588892970666667,2026-08-27 18:33:00+00:00,2026-08-28 04:37:00+00:00,10.066666666666666
2026-08-28,2026-08-28 04:37:00+00:00,2026-08-28 18:31:00+00:00,2026-08-28T06:37:00+02:00,2026-08-28T20:31:00+02:00,2026-08-28 04:41:56.211634176+00:00,2026-08-28 18:33:02.670449152+00:00,-1.5962343767772293,-0.5561061746727018,120,6,False,True,False,-4.9368605696,-2.0445074858666668,2026-08-28 18:31:00+00:00,2026-08-29 04:39:00+00:00,10.133333333333333
2026-08-29,2026-08-29 04:39:00+00:00,2026-08-29 18:28:00+00:00,2026-08-29T06:39:00+02:00,2026-08-29T20:28:00+02:00,2026-08-29 04:43:33.801699328+00:00,2026-08-29 18:30:49.126030080+00:00,-1.600101352157922,-0.5536736658634138,120,6,False,True,False,-4.563361655466666,-2.818767168,2026-08-29 18:28:00+00:00,2026-08-30 04:40:00+00:00,10.2
2026-08-30,2026-08-30 04:40:00+00:00,2026-08-30 18:26:00+00:00,2026-08-30T06:40:00+02:00,2026-08-30T20:26:00+02:00,2026-08-30 04:45:11.372229376+00:00,2026-08-30 18:28:34.934877184+00:00,-1.6037142838100944,-0.5511952159738513,120,6,False,True,False,-5.189537156266667,-2.5822479530666667,2026-08-30 18:26:00+00:00,2026-08-31 04:42:00+00:00,10.266666666666667
2026-08-31,2026-08-31 04:42:00+00:00,2026-08-31 18:24:00+00:00,2026-08-31T06:42:00+02:00,2026-08-31T20:24:00+02:00,2026-08-31 04:46:48.928659456+00:00,2026-08-31 18:26:20.131265792+00:00,-1.6070679532835657,-0.5486684640296322,120,6,False,True,False,-4.8154776576,-2.3355210965333333,2026-08-31 18:24:00+00:00,2026-09-01 04:44:00+00:00,10.333333333333334
2026-09-01,2026-09-01 04:44:00+00:00,2026-09-01 18:22:00+00:00,2026-09-01T06:44:00+02:00,2026-09-01T20:22:00+02:00,2026-09-01 04:48:26.477193216+00:00,2026-09-01 18:24:04.749004288+00:00,-1.6101574374171048,-0.546091125996164,120,6,False,True,False,-4.4412865535999995,-2.0791500714666666,2026-09-01 18:22:00+00:00,2026-09-02 04:45:00+00:00,10.383333333333333
2026-09-02,2026-09-02 04:45:00+00:00,2026-09-02 18:19:00+00:00,2026-09-02T06:45:00+02:00,2026-09-02T20:19:00+02:00,2026-09-02 04:50:04.024120064+00:00,2026-09-02 18:21:48.821473792+00:00,-1.6129781144543838,-0.5434609990498834,120,6,False,True,False,-5.067068667733333,-2.813691229866667,2026-09-02 18:19:00+00:00,2026-09-03 04:47:00+00:00,10.466666666666667
2026-09-03,2026-09-03 04:47:00+00:00,2026-09-03 18:17:00+00:00,2026-09-03T06:47:00+02:00,2026-09-03T20:17:00+02:00,2026-09-03 04:51:41.575188992+00:00,2026-09-03 18:19:32.381665792+00:00,-1.6155256698061768,-0.540775965746944,120,6,False,True,False,-4.692919816533333,-2.5396944298666666,2026-09-03 18:17:00+00:00,2026-09-04 04:49:00+00:00,10.533333333333333
2026-09-04,2026-09-04 04:49:00+00:00,2026-09-04 18:15:00+00:00,2026-09-04T06:49:00+02:00,2026-09-04T20:15:00+02:00,2026-09-04 04:53:19.135125760+00:00,2026-09-04 18:17:15.462202368+00:00,-1.617796101451889,-0.538033998083952,120,6,False,True,False,-4.318918762666667,-2.2577033728,2026-09-04 18:15:00+00:00,2026-09-05 04:50:00+00:00,10.583333333333334
2026-09-05,2026-09-05 04:50:00+00:00,2026-09-05 18:12:00+00:00,2026-09-05T06:50:00+02:00,2026-09-05T20:12:00+02:00,2026-09-05 04:54:56.707368448+00:00,2026-09-05 18:14:58.095340800+00:00,-1.6197857249739296,-0.5352331614454777,120,6,False,True,False,-4.945122807466666,-2.96825568,2026-09-05 18:12:00+00:00,2026-09-06 04:52:00+00:00,10.666666666666666
2026-09-06,2026-09-06 04:52:00+00:00,2026-09-06 18:10:00+00:00,2026-09-06T06:52:00+02:00,2026-09-06T20:10:00+02:00,2026-09-06 04:56:34.294064640+00:00,2026-09-06 18:12:40.312944640+00:00,-1.6214911782188741,-0.5323716184332066,120,6,False,True,False,-4.571567744,-2.671882410666667,2026-09-06 18:10:00+00:00,2026-09-07 04:53:00+00:00,10.716666666666667
2026-09-07,2026-09-07 04:53:00+00:00,2026-09-07 18:08:00+00:00,2026-09-07T06:53:00+02:00,2026-09-07T20:08:00+02:00,2026-09-07 04:58:11.896332288+00:00,2026-09-07 18:10:22.146410752+00:00,-1.6229094255798087,-0.5294476325717339,120,6,False,True,False,-5.1982722048,-2.369106845866667,2026-09-07 18:08:00+00:00,2026-09-08 04:55:00+00:00,10.783333333333333
2026-09-08,2026-09-08 04:55:00+00:00,2026-09-08 18:06:00+00:00,2026-09-08T06:55:00+02:00,2026-09-08T20:06:00+02:00,2026-09-08 04:59:49.514707200+00:00,2026-09-08 18:08:03.626543872+00:00,-1.624037761894686,-0.5264595718861629,120,6,False,True,False,-4.82524512,-2.060442397866667,2026-09-08 18:06:00+00:00,2026-09-09 04:57:00+00:00,10.85
2026-09-09,2026-09-09 04:57:00+00:00,2026-09-09 18:03:00+00:00,2026-09-09T06:57:00+02:00,2026-09-09T20:03:00+02:00,2026-09-09 05:01:27.149657600+00:00,2026-09-09 18:05:44.783423488+00:00,-1.6248738159559897,-0.5234059123468108,120,6,False,True,False,-4.452494293333333,-2.746390391466667,2026-09-09 18:03:00+00:00,2026-09-10 04:58:00+00:00,10.916666666666666
2026-09-10,2026-09-10 04:58:00+00:00,2026-09-10 18:01:00+00:00,2026-09-10T06:58:00+02:00,2026-09-10T20:01:00+02:00,2026-09-10 05:03:04.802012160+00:00,2026-09-10 18:03:25.646338816+00:00,-1.625415553627454,-0.5202852411764974,120,6,False,True,False,-5.080033536,-2.4274389802666665,2026-09-10 18:01:00+00:00,2026-09-11 05:00:00+00:00,10.983333333333333
2026-09-11,2026-09-11 05:00:00+00:00,2026-09-11 17:59:00+00:00,2026-09-11T07:00:00+02:00,2026-09-11T19:59:00+02:00,2026-09-11 05:04:42.473244416+00:00,2026-09-11 18:01:06.243862784+00:00,-1.625661280564056,-0.5170962600160467,120,6,False,True,False,-4.707887406933334,-2.1040643797333334,2026-09-11 17:59:00+00:00,2026-09-12 05:02:00+00:00,11.05
2026-09-12,2026-09-12 05:02:00+00:00,2026-09-12 17:56:00+00:00,2026-09-12T07:02:00+02:00,2026-09-12T19:56:00+02:00,2026-09-12 05:06:20.165617152+00:00,2026-09-12 17:58:46.604082944+00:00,-1.6256096445319625,-0.5138377879438117,120,6,False,True,False,-4.3360936192,-2.7767347157333333,2026-09-12 17:56:00+00:00,2026-09-13 05:03:00+00:00,11.116666666666667
2026-09-13,2026-09-13 05:03:00+00:00,2026-09-13 17:54:00+00:00,2026-09-13T07:03:00+02:00,2026-09-13T19:54:00+02:00,2026-09-13 05:07:57.882274304+00:00,2026-09-13 17:56:26.754919168+00:00,-1.6252596373255936,-0.5105087643452039,120,6,False,True,False,-4.964704571733334,-2.4459153194666663,2026-09-13 17:54:00+00:00,2026-09-14 05:05:00+00:00,11.183333333333334
2026-09-14,2026-09-14 05:05:00+00:00,2026-09-14 17:51:00+00:00,2026-09-14T07:05:00+02:00,2026-09-14T19:51:00+02:00,2026-09-14 05:09:35.627346688+00:00,2026-09-14 17:54:06.724422400+00:00,-1.6246105962794335,-0.5071082516283897,120,6,False,True,False,-4.593789111466666,-3.1120737066666666,2026-09-14 17:51:00+00:00,2026-09-15 05:07:00+00:00,11.266666666666667
2026-09-15,2026-09-15 05:07:00+00:00,2026-09-15 17:49:00+00:00,2026-09-15T07:07:00+02:00,2026-09-15T19:49:00+02:00,2026-09-15 05:11:13.406076160+00:00,2026-09-15 17:51:46.540947712+00:00,-1.623662205372705,-0.5036354377825045,120,6,False,True,False,-4.223434602666667,-2.7756824618666665,2026-09-15 17:49:00+00:00,2026-09-16 05:08:00+00:00,11.316666666666666
2026-09-16,2026-09-16 05:08:00+00:00,2026-09-16 17:47:00+00:00,2026-09-16T07:08:00+02:00,2026-09-16T19:47:00+02:00,2026-09-16 05:12:51.224915968+00:00,2026-09-16 17:49:26.233184256+00:00,-1.6224144959255047,-0.5000896387749234,120,6,False,True,False,-4.853748599466667,-2.4372197376,2026-09-16 17:47:00+00:00,2026-09-17 05:10:00+00:00,11.383333333333333
2026-09-17,2026-09-17 05:10:00+00:00,2026-09-17 17:44:00+00:00,2026-09-17T07:10:00+02:00,2026-09-17T19:44:00+02:00,2026-09-17 05:14:29.091554304+00:00,2026-09-17 17:47:05.830082048+00:00,-1.6208678468854754,-0.4964703007843194,120,6,False,True,False,-4.4848592384,-3.0971680341333334,2026-09-17 17:44:00+00:00,2026-09-18 05:12:00+00:00,11.466666666666667
2026-09-18,2026-09-18 05:12:00+00:00,2026-09-18 17:42:00+00:00,2026-09-18T07:12:00+02:00,2026-09-18T19:42:00+02:00,2026-09-18 05:16:07.014850560+00:00,2026-09-18 17:44:45.360751872+00:00,-1.6190229847045834,-0.4927770022664476,120,6,False,True,False,-4.116914176,-2.7560125312,2026-09-18 17:42:00+00:00,2026-09-19 05:13:00+00:00,11.516666666666667
2026-09-19,2026-09-19 05:13:00+00:00,2026-09-19 17:40:00+00:00,2026-09-19T07:13:00+02:00,2026-09-19T19:40:00+02:00,2026-09-19 05:17:45.004722944+00:00,2026-09-19 17:42:24.854397184+00:00,-1.6168809828060489,-0.4890094558497804,120,6,False,True,False,-4.750078715733333,-2.4142399530666667,2026-09-19 17:40:00+00:00,2026-09-20 05:15:00+00:00,11.583333333333334
2026-09-20,2026-09-20 05:15:00+00:00,2026-09-20 17:37:00+00:00,2026-09-20T07:15:00+02:00,2026-09-20T19:37:00+02:00,2026-09-20 05:19:23.072040960+00:00,2026-09-20 17:40:04.340291328+00:00,-1.6144432606419623,-0.4851675100583418,120,6,False,True,False,-4.384534016,-3.0723381888000003,2026-09-20 17:37:00+00:00,2026-09-21 05:16:00+00:00,11.65
2026-09-21,2026-09-21 05:16:00+00:00,2026-09-21 17:35:00+00:00,2026-09-21T07:16:00+02:00,2026-09-21T19:35:00+02:00,2026-09-21 05:21:01.228571136+00:00,2026-09-21 17:37:43.847787008+00:00,-1.6117115823426087,-0.48125115085928283,120,6,False,True,False,-5.020476185600001,-2.7307964501333335,2026-09-21 17:35:00+00:00,2026-09-22 05:18:00+00:00,11.716666666666667
2026-09-22,2026-09-22 05:18:00+00:00,2026-09-22 17:33:00+00:00,2026-09-22T07:18:00+02:00,2026-09-22T19:33:00+02:00,2026-09-22 05:22:39.486985472+00:00,2026-09-22 17:35:23.406352128+00:00,-1.6086880549590017,-0.47726050303296363,120,6,False,True,False,-4.6581164245333335,-2.3901058688,2026-09-22 17:33:00+00:00,2026-09-23 05:20:00+00:00,11.783333333333333
2026-09-23,2026-09-23 05:20:00+00:00,2026-09-23 17:30:00+00:00,2026-09-23T07:20:00+02:00,2026-09-23T19:30:00+02:00,2026-09-23 05:24:17.860926720+00:00,2026-09-23 17:33:03.045608960+00:00,-1.6053751263006089,-0.47319583136351256,118,6,False,True,False,-4.297682112,-3.0507601493333336,2026-09-23 17:30:00+00:00,2026-09-24 05:21:00+00:00,11.85
2026-09-24,2026-09-24 05:21:00+00:00,2026-09-24 17:28:00+00:00,2026-09-24T07:21:00+02:00,2026-09-24T19:28:00+02:00,2026-09-24 05:25:56.365108992+00:00,2026-09-24 17:30:42.795368704+00:00,-1.601775582370737,-0.4690575416480596,119,6,False,True,False,-4.9394184832,-2.7132561450666666,2026-09-24 17:28:00+00:00,2026-09-25 05:23:00+00:00,11.916666666666666
2026-09-25,2026-09-25 05:23:00+00:00,2026-09-25 17:25:00+00:00,2026-09-25T07:23:00+02:00,2026-09-25T19:25:00+02:00,2026-09-25 05:27:35.015397120+00:00,2026-09-25 17:28:22.685629184+00:00,-1.5978925444025105,-0.4648461815230511,120,6,False,True,False,-4.583589952,-3.378093819733333,2026-09-25 17:25:00+00:00,2026-09-26 05:25:00+00:00,12.0
2026-09-26,2026-09-26 05:25:00+00:00,2026-09-26 17:23:00+00:00,2026-09-26T07:25:00+02:00,2026-09-26T19:23:00+02:00,2026-09-26 05:29:13.828789248+00:00,2026-09-26 17:26:02.746529280+00:00,-1.5937294654988639,-0.46056244110628297,118,6,False,True,False,-4.2304798208,-3.045775488,2026-09-26 17:23:00+00:00,2026-09-27 05:26:00+00:00,12.05
2026-09-27,2026-09-27 05:26:00+00:00,2026-09-27 17:21:00+00:00,2026-09-27T07:26:00+02:00,2026-09-27T19:21:00+02:00,2026-09-27 05:30:52.823223808+00:00,2026-09-27 17:23:43.008286464+00:00,-1.589290126880419,-0.45620715345350527,120,6,False,True,False,-4.880387063466667,-2.7168047744000003,2026-09-27 17:21:00+00:00,2026-09-28 05:28:00+00:00,12.116666666666667
2026-09-28,2026-09-28 05:28:00+00:00,2026-09-28 17:18:00+00:00,2026-09-28T07:28:00+02:00,2026-09-28T19:18:00+02:00,2026-09-28 05:32:32.017155328+00:00,2026-09-28 17:21:23.501180416+00:00,-1.5845786337456078,-0.4517812948286848,118,6,False,True,False,-4.533619255466666,-3.391686340266667,2026-09-28 17:18:00+00:00,2026-09-29 05:30:00+00:00,12.2
2026-09-29,2026-09-29 05:30:00+00:00,2026-09-29 17:16:00+00:00,2026-09-29T07:30:00+02:00,2026-09-29T19:16:00+02:00,2026-09-29 05:34:11.428933120+00:00,2026-09-29 17:19:04.255645696+00:00,-1.5795994107478308,-0.44728598478722426,118,6,False,True,False,-4.190482218666667,-3.0709274282666663,2026-09-29 17:16:00+00:00,2026-09-30 05:32:00+00:00,12.266666666666667
2026-09-30,2026-09-30 05:32:00+00:00,2026-09-30 17:14:00+00:00,2026-09-30T07:32:00+02:00,2026-09-30T19:14:00+02:00,2026-09-30 05:35:51.076084736+00:00,2026-09-30 17:16:45.302467328+00:00,-1.5743571970949213,-0.44272248607168246,118,6,False,True,False,-3.8512680789333333,-2.7550411221333335,2026-09-30 17:14:00+00:00,2026-10-01 05:33:00+00:00,12.316666666666666
2026-10-01,2026-10-01 05:33:00+00:00,2026-10-01 17:11:00+00:00,2026-10-01T07:33:00+02:00,2026-10-01T19:11:00+02:00,2026-10-01 05:37:30.974650112+00:00,2026-10-01 17:14:26.673002752+00:00,-1.568857041276615,-0.4380922043197455,117,6,False,True,False,-4.516244168533333,-3.444550045866667,2026-10-01 17:11:00+00:00,2026-10-02 05:35:00+00:00,12.4
2026-10-02,2026-10-02 05:35:00+00:00,2026-10-02 17:09:00+00:00,2026-10-02T07:35:00+02:00,2026-10-02T19:09:00+02:00,2026-10-02 05:39:11.138692352+00:00,2026-10-02 17:12:08.399306496+00:00,-1.5631042954261785,-0.4333966875844487,116,6,False,True,False,-4.1856448725333335,-3.1399884416000003,2026-10-02 17:09:00+00:00,2026-10-03 05:37:00+00:00,12.466666666666667
2026-10-03,2026-10-03 05:37:00+00:00,2026-10-03 17:07:00+00:00,2026-10-03T07:37:00+02:00,2026-10-03T19:07:00+02:00,2026-10-03 05:40:51.580023808+00:00,2026-10-03 17:09:50.514078464+00:00,-1.5571046093227667,-0.4286376256668579,116,6,False,True,False,-3.8596670634666665,-2.841901307733333,2026-10-03 17:07:00+00:00,2026-10-04 05:38:00+00:00,12.516666666666667
2026-10-04,2026-10-04 05:38:00+00:00,2026-10-04 17:04:00+00:00,2026-10-04T07:38:00+02:00,2026-10-04T19:04:00+02:00,2026-10-04 05:42:32.308141312+00:00,2026-10-04 17:07:33.050439424+00:00,-1.5508639240415296,-0.4238168492616613,118,6,False,True,False,-4.538469021866666,-3.5508406570666664,2026-10-04 17:04:00+00:00,2026-10-05 05:40:00+00:00,12.6
2026-10-05,2026-10-05 05:40:00+00:00,2026-10-05 17:02:00+00:00,2026-10-05T07:40:00+02:00,2026-10-05T19:02:00+02:00,2026-10-05 05:44:13.330307584+00:00,2026-10-05 17:05:16.041616640+00:00,-1.5443884652588744,-0.41893632891634014,116,6,False,True,False,-4.222171793066667,-3.2673602773333332,2026-10-05 17:02:00+00:00,2026-10-06 05:42:00+00:00,12.666666666666666
2026-10-06,2026-10-06 05:42:00+00:00,2026-10-06 17:00:00+00:00,2026-10-06T07:42:00+02:00,2026-10-06T19:00:00+02:00,2026-10-06 05:45:54.651732224+00:00,2026-10-06 17:02:59.520646144+00:00,-1.5376847362207333,-0.4139981738048192,117,6,False,True,False,-3.910862203733333,-2.992010769066667,2026-10-06 17:00:00+00:00,2026-10-07 05:44:00+00:00,12.733333333333333
2026-10-07,2026-10-07 05:44:00+00:00,2026-10-07 16:57:00+00:00,2026-10-07T07:44:00+02:00,2026-10-07T18:57:00+02:00,2026-10-07 05:47:36.275807744+00:00,2026-10-07 17:00:43.520168192+00:00,-1.530759510382051,-0.40900463031672074,116,6,False,True,False,-3.6045967957333334,-3.7253361365333335,2026-10-07 16:57:00+00:00,2026-10-08 05:45:00+00:00,12.8
2026-10-08,2026-10-08 05:45:00+00:00,2026-10-08 16:55:00+00:00,2026-10-08T07:45:00+02:00,2026-10-08T18:55:00+02:00,2026-10-08 05:49:18.204368384+00:00,2026-10-08 16:58:28.072362240+00:00,-1.5236198237261265,-0.40395808046357456,117,6,False,True,False,-4.303406139733334,-3.467872704,2026-10-08 16:55:00+00:00,2026-10-09 05:47:00+00:00,12.866666666666667
2026-10-09,2026-10-09 05:47:00+00:00,2026-10-09 16:53:00+00:00,2026-10-09T07:47:00+02:00,2026-10-09T18:53:00+02:00,2026-10-09 05:51:00.437941248+00:00,2026-10-09 16:56:13.209032704+00:00,-1.516272966772798,-0.3988610401035497,119,6,False,True,False,-4.0072990208,-3.2201505450666668,2026-10-09 16:53:00+00:00,2026-10-10 05:49:00+00:00,12.933333333333334
2026-10-10,2026-10-10 05:49:00+00:00,2026-10-10 16:51:00+00:00,2026-10-10T07:49:00+02:00,2026-10-10T18:51:00+02:00,2026-10-10 05:52:42.975967488+00:00,2026-10-10 16:53:58.961843712+00:00,-1.508726476284853,-0.3937161569865101,117,6,False,True,False,-3.7162661248,-2.9826973951999998,2026-10-10 16:51:00+00:00,2026-10-11 05:51:00+00:00,13.0
2026-10-11,2026-10-11 05:51:00+00:00,2026-10-11 16:48:00+00:00,2026-10-11T07:51:00+02:00,2026-10-11T18:48:00+02:00,2026-10-11 05:54:25.816985088+00:00,2026-10-11 16:51:45.362649088+00:00,-1.5009881266823728,-0.38852620862139775,120,6,False,True,False,-3.4302830848,-3.756044151466667,2026-10-11 16:48:00+00:00,2026-10-12 05:52:00+00:00,13.066666666666666
2026-10-12,2026-10-12 05:52:00+00:00,2026-10-12 16:46:00+00:00,2026-10-12T07:52:00+02:00,2026-10-12T18:46:00+02:00,2026-10-12 05:56:08.958797568+00:00,2026-10-12 16:49:32.443843840+00:00,-1.4930659211751047,-0.3832940999681819,120,6,False,True,False,-4.1493132928,-3.5407307306666667,2026-10-12 16:46:00+00:00,2026-10-13 05:54:00+00:00,13.133333333333333
2026-10-13,2026-10-13 05:54:00+00:00,2026-10-13 16:44:00+00:00,2026-10-13T07:54:00+02:00,2026-10-13T18:44:00+02:00,2026-10-13 05:57:52.398621440+00:00,2026-10-13 16:47:20.238622720+00:00,-1.4849680826232483,-0.37802286095681004,120,6,False,True,False,-3.873310357333333,-3.3373103786666665,2026-10-13 16:44:00+00:00,2026-10-14 05:56:00+00:00,13.2
2026-10-14,2026-10-14 05:56:00+00:00,2026-10-14 16:42:00+00:00,2026-10-14T07:56:00+02:00,2026-10-14T18:42:00+02:00,2026-10-14 05:59:36.133211648+00:00,2026-10-14 16:45:08.781100032+00:00,-1.4767030441374063,-0.3727156438358231,120,6,False,True,False,-3.6022201941333334,-3.1463516672000003,2026-10-14 16:42:00+00:00,2026-10-15 05:58:00+00:00,13.266666666666667
2026-10-15,2026-10-15 05:58:00+00:00,2026-10-15 16:39:00+00:00,2026-10-15T07:58:00+02:00,2026-10-15T18:39:00+02:00,2026-10-15 06:01:20.158919936+00:00,2026-10-15 16:42:58.106300416+00:00,-1.4682794394287162,-0.367375720353494,120,6,False,True,False,-3.3359819989333332,-3.9684383402666668,2026-10-15 16:39:00+00:00,2026-10-16 05:59:00+00:00,13.333333333333334
2026-10-16,2026-10-16 05:59:00+00:00,2026-10-16 16:37:00+00:00,2026-10-16T07:59:00+02:00,2026-10-16T18:37:00+02:00,2026-10-16 06:03:04.471677440+00:00,2026-10-16 16:40:48.250091264+00:00,-1.459706092920519,-0.36200647877456094,120,6,False,True,False,-4.074527957333333,-3.804168187733333,2026-10-16 16:37:00+00:00,2026-10-17 06:01:00+00:00,13.4
2026-10-17,2026-10-17 06:01:00+00:00,2026-10-17 16:35:00+00:00,2026-10-17T08:01:00+02:00,2026-10-17T18:35:00+02:00,2026-10-17 06:04:49.066914304+00:00,2026-10-17 16:38:39.249129984+00:00,-1.4509920096331639,-0.3566114207358251,120,6,False,True,False,-3.8177819050666666,-3.6541521664000003,2026-10-17 16:35:00+00:00,2026-10-18 06:03:00+00:00,13.466666666666667
2026-10-18,2026-10-18 06:03:00+00:00,2026-10-18 16:33:00+00:00,2026-10-18T08:03:00+02:00,2026-10-18T18:33:00+02:00,2026-10-18 06:06:33.939471616+00:00,2026-10-18 16:36:31.140848384+00:00,-1.4421463648538517,-0.3511941579440838,120,6,False,True,False,-3.5656578602666666,-3.5190141397333337,2026-10-18 16:33:00+00:00,2026-10-19 06:05:00+00:00,13.533333333333333
2026-10-19,2026-10-19 06:05:00+00:00,2026-10-19 16:31:00+00:00,2026-10-19T08:05:00+02:00,2026-10-19T18:31:00+02:00,2026-10-19 06:08:19.083557888+00:00,2026-10-19 16:34:23.963469824+00:00,-1.4331784936036436,-0.34575840872005664,120,6,False,True,False,-3.3180592981333334,-3.399391163733333,2026-10-19 16:31:00+00:00,2026-10-20 06:07:00+00:00,13.6
2026-10-20,2026-10-20 06:07:00+00:00,2026-10-20 16:28:00+00:00,2026-10-20T08:07:00+02:00,2026-10-20T18:28:00+02:00,2026-10-20 06:10:04.492771840+00:00,2026-10-20 16:32:17.756045056+00:00,-1.4240978799140334,-0.3403079943921622,120,6,False,True,False,-3.0748795306666663,-4.2959340842666665,2026-10-20 16:28:00+00:00,2026-10-21 06:08:00+00:00,13.666666666666666
2026-10-21,2026-10-21 06:08:00+00:00,2026-10-21 16:26:00+00:00,2026-10-21T08:08:00+02:00,2026-10-21T18:26:00+02:00,2026-10-21 06:11:50.160195072+00:00,2026-10-21 16:30:12.558505216+00:00,-1.4149141459256764,-0.33484683554417594,120,6,False,True,False,-3.8360032511999997,-4.209308420266667,2026-10-21 16:26:00+00:00,2026-10-22 06:10:00+00:00,13.733333333333333
2026-10-22,2026-10-22 06:10:00+00:00,2026-10-22 16:24:00+00:00,2026-10-22T08:10:00+02:00,2026-10-22T18:24:00+02:00,2026-10-22 06:13:36.078523392+00:00,2026-10-22 16:28:08.411707136+00:00,-1.4056370408221082,-0.32937894812099366,120,6,False,True,False,-3.6013087232,-4.140195118933333,2026-10-22 16:24:00+00:00,2026-10-23 06:12:00+00:00,13.8
2026-10-23,2026-10-23 06:12:00+00:00,2026-10-23 16:22:00+00:00,2026-10-23T08:12:00+02:00,2026-10-23T18:22:00+02:00,2026-10-23 06:15:22.240201728+00:00,2026-10-23 16:26:05.357427712+00:00,-1.3962764296114558,-0.3239084393968849,120,6,False,True,False,-3.3706700287999998,-4.089290461866667,2026-10-23 16:22:00+00:00,2026-10-24 06:14:00+00:00,13.866666666666667
2026-10-24,2026-10-24 06:14:00+00:00,2026-10-24 16:20:00+00:00,2026-10-24T08:14:00+02:00,2026-10-24T18:20:00+02:00,2026-10-24 06:17:08.637488384+00:00,2026-10-24 16:24:03.438266624+00:00,-1.386842281769353,-0.3184395038108063,120,6,True,True,False,-3.1439581397333334,-4.057304443733333,2026-10-24 16:20:00+00:00,2026-10-25 06:16:00+00:00,13.933333333333334
2026-10-25,2026-10-25 06:16:00+00:00,2026-10-25 16:18:00+00:00,2026-10-25T07:16:00+01:00,2026-10-25T17:18:00+01:00,2026-10-25 06:18:55.262354944+00:00,2026-10-25 16:22:02.697494528+00:00,-1.3773446597564039,-0.31297641867349774,120,6,False,True,False,-2.921039249066667,-4.044958242133333,2026-10-25 16:18:00+00:00,2026-10-26 06:18:00+00:00,14.0
2026-10-26,2026-10-26 06:18:00+00:00,2026-10-26 16:16:00+00:00,2026-10-26T07:18:00+01:00,2026-10-26T17:16:00+01:00,2026-10-26 06:20:42.106122240+00:00,2026-10-26 16:20:03.178983424+00:00,-1.3677937074237183,-0.3075235397512502,120,6,False,True,False,-2.701768704,-4.052983057066666,2026-10-26 16:16:00+00:00,2026-10-27 06:19:00+00:00,14.05
2026-10-27,2026-10-27 06:19:00+00:00,2026-10-27 16:14:00+00:00,2026-10-27T07:19:00+01:00,2026-10-27T17:14:00+01:00,2026-10-27 06:22:29.158835200+00:00,2026-10-27 16:18:04.927354112+00:00,-1.3581996383201558,-0.30208529673138446,120,6,False,True,False,-3.4859805866666664,-4.082122568533333,2026-10-27 16:14:00+00:00,2026-10-28 06:21:00+00:00,14.116666666666667
2026-10-28,2026-10-28 06:21:00+00:00,2026-10-28 16:12:00+00:00,2026-10-28T07:21:00+01:00,2026-10-28T17:12:00+01:00,2026-10-28 06:24:16.408476160+00:00,2026-10-28 16:16:07.988364288+00:00,-1.3485727239150431,-0.2966661885746327,120,6,False,True,False,-3.2734746026666666,-4.1331394048000005,2026-10-28 16:12:00+00:00,2026-10-29 06:23:00+00:00,14.183333333333334
2026-10-29,2026-10-29 06:23:00+00:00,2026-10-29 16:10:00+00:00,2026-10-29T07:23:00+01:00,2026-10-29T17:10:00+01:00,2026-10-29 06:26:03.840217088+00:00,2026-10-29 16:14:12.409360128+00:00,-1.3389232817502181,-0.29127077875974616,120,6,False,True,False,-3.0640036181333334,-4.2068226688,2026-10-29 16:10:00+00:00,2026-10-30 06:25:00+00:00,14.25
2026-10-30,2026-10-30 06:25:00+00:00,2026-10-30 16:08:00+00:00,2026-10-30T07:25:00+01:00,2026-10-30T17:08:00+01:00,2026-10-30 06:27:51.435879936+00:00,2026-10-30 16:12:18.239516160+00:00,-1.3292616635353607,-0.2859036904258017,120,6,False,True,False,-2.8572646656,-4.303991936,2026-10-30 16:08:00+00:00,2026-10-31 06:27:00+00:00,14.316666666666666
2026-10-31,2026-10-31 06:27:00+00:00,2026-10-31 16:06:00+00:00,2026-10-31T07:27:00+01:00,2026-10-31T17:06:00+01:00,2026-10-31 06:29:39.173656832+00:00,2026-10-31 16:10:25.529662464+00:00,-1.319598243200605,-0.28056960141779363,120,6,False,True,False,-2.6528942805333333,-4.4254943744,2026-10-31 16:06:00+00:00,2026-11-01 06:29:00+00:00,14.383333333333333
2026-11-01,2026-11-01 06:29:00+00:00,2026-11-01 16:04:00+00:00,2026-11-01T07:29:00+01:00,2026-11-01T17:04:00+01:00,2026-11-01 06:31:27.028026112+00:00,2026-11-01 16:08:34.331730688+00:00,-1.3099434049205163,-0.2752732392412358,120,6,False,True,False,-2.4504671018666664,-4.572195511466666,2026-11-01 16:04:00+00:00,2026-11-02 06:30:00+00:00,14.433333333333334
2026-11-02,2026-11-02 06:30:00+00:00,2026-11-02 16:02:00+00:00,2026-11-02T07:30:00+01:00,2026-11-02T17:02:00+01:00,2026-11-02 06:33:14.969744128+00:00,2026-11-02 16:06:44.698050048+00:00,-1.3003075311235175,-0.2700193759315958,120,6,False,True,False,-3.2494957354666667,-4.7449675008000005,2026-11-02 16:02:00+00:00,2026-11-03 06:32:00+00:00,14.5
2026-11-03,2026-11-03 06:32:00+00:00,2026-11-03 16:00:00+00:00,2026-11-03T07:32:00+01:00,2026-11-03T17:00:00+01:00,2026-11-03 06:35:02.965853440+00:00,2026-11-03 16:04:56.680770816+00:00,-1.290700990500893,-0.26481282284451285,120,6,False,True,False,-3.0494308906666663,-4.9446795136,2026-11-03 16:00:00+00:00,2026-11-04 06:34:00+00:00,14.566666666666666
2026-11-04,2026-11-04 06:34:00+00:00,2026-11-04 15:59:00+00:00,2026-11-04T07:34:00+01:00,2026-11-04T16:59:00+01:00,2026-11-04 06:36:50.979715072+00:00,2026-11-04 16:03:10.331570432+00:00,-1.28113412602948,-0.25965842537283246,120,6,False,True,False,-2.849661917866667,-4.1721928405333335,2026-11-04 15:59:00+00:00,2026-11-05 06:36:00+00:00,14.616666666666667
2026-11-05,2026-11-05 06:36:00+00:00,2026-11-05 15:57:00+00:00,2026-11-05T07:36:00+01:00,2026-11-05T16:57:00+01:00,2026-11-05 06:38:38.971122944+00:00,2026-11-05 16:01:25.701634048+00:00,-1.2716172430221588,-0.25456105759660147,120,6,False,True,False,-2.6495187157333335,-4.428360567466667,2026-11-05 15:57:00+00:00,2026-11-06 06:38:00+00:00,14.683333333333334
2026-11-06,2026-11-06 06:38:00+00:00,2026-11-06 15:55:00+00:00,2026-11-06T07:38:00+01:00,2026-11-06T16:55:00+01:00,2026-11-06 06:40:26.896507392+00:00,2026-11-06 15:59:42.841808640+00:00,-1.2621605972202037,-0.24952561687224267,120,6,False,True,False,-2.4482751231999997,-4.7140301440000005,2026-11-06 15:55:00+00:00,2026-11-07 06:40:00+00:00,14.75
2026-11-07,2026-11-07 06:40:00+00:00,2026-11-07 15:53:00+00:00,2026-11-07T07:40:00+01:00,2026-11-07T16:53:00+01:00,2026-11-07 06:42:14.709198848+00:00,2026-11-07 15:58:01.802848512+00:00,-1.2527743829415274,-0.24455701836722032,120,6,False,True,False,-2.2451533141333333,-5.030047475200001,2026-11-07 15:53:00+00:00,2026-11-08 06:42:00+00:00,14.816666666666666
2026-11-08,2026-11-08 06:42:00+00:00,2026-11-08 15:52:00+00:00,2026-11-08T07:42:00+01:00,2026-11-08T16:52:00+01:00,2026-11-08 06:44:02.359693568+00:00,2026-11-08 15:56:22.635695872+00:00,-1.2434687212987638,-0.23966018954656454,120,6,False,True,False,-2.039328226133333,-4.377261597866666,2026-11-08 15:52:00+00:00,2026-11-09 06:43:00+00:00,14.85
2026-11-09,2026-11-09 06:43:00+00:00,2026-11-09 15:50:00+00:00,2026-11-09T07:43:00+01:00,2026-11-09T16:50:00+01:00,2026-11-09 06:45:49.795899648+00:00,2026-11-09 15:54:45.391772672+00:00,-1.2342536485010782,-0.23484006461770635,120,6,False,True,False,-2.8299316608,-4.7565295445333335,2026-11-09 15:50:00+00:00,2026-11-10 06:45:00+00:00,14.916666666666666
2026-11-10,2026-11-10 06:45:00+00:00,2026-11-10 15:48:00+00:00,2026-11-10T07:45:00+01:00,2026-11-10T16:48:00+01:00,2026-11-10 06:47:36.963359744+00:00,2026-11-10 15:53:10.123214336+00:00,-1.225139104253464,-0.23010157894011382,120,6,False,True,False,-2.6160559957333334,-5.168720238933333,2026-11-10 15:48:00+00:00,2026-11-11 06:47:00+00:00,14.983333333333333
2026-11-11,2026-11-11 06:47:00+00:00,2026-11-11 15:47:00+00:00,2026-11-11T07:47:00+01:00,2026-11-11T16:47:00+01:00,2026-11-11 06:49:23.805445376+00:00,2026-11-11 15:51:36.882995456+00:00,-1.216134920267207,-0.22544966340628747,120,6,False,True,False,-2.3967574229333333,-4.614716590933333,2026-11-11 15:47:00+00:00,2026-11-12 06:49:00+00:00,15.033333333333333
2026-11-12,2026-11-12 06:49:00+00:00,2026-11-12 15:45:00+00:00,2026-11-12T07:49:00+01:00,2026-11-12T16:45:00+01:00,2026-11-12 06:51:10.263506688+00:00,2026-11-12 15:50:05.724929024+00:00,-1.2072508088950313,-0.22088923880069702,120,6,False,True,False,-2.1710584448000003,-5.095415483733333,2026-11-12 15:45:00+00:00,2026-11-13 06:51:00+00:00,15.1
2026-11-13,2026-11-13 06:51:00+00:00,2026-11-13 15:43:00+00:00,2026-11-13T07:51:00+01:00,2026-11-13T16:43:00+01:00,2026-11-13 06:52:56.276955392+00:00,2026-11-13 15:48:36.703581696+00:00,-1.1984963519043244,-0.2164252101432952,120,6,False,True,False,-1.9379492565333334,-5.611726361600001,2026-11-13 15:43:00+00:00,2026-11-14 06:53:00+00:00,15.166666666666666
2026-11-14,2026-11-14 06:53:00+00:00,2026-11-14 15:42:00+00:00,2026-11-14T07:53:00+01:00,2026-11-14T16:42:00+01:00,2026-11-14 06:54:41.783297792+00:00,2026-11-14 15:47:09.874162176+00:00,-1.1898809894016533,-0.21206246102425078,120,6,False,True,False,-1.6963882965333332,-5.164569369600001,2026-11-14 15:42:00+00:00,2026-11-15 06:54:00+00:00,15.2
2026-11-15,2026-11-15 06:54:00+00:00,2026-11-15 15:41:00+00:00,2026-11-15T07:54:00+01:00,2026-11-15T16:41:00+01:00,2026-11-15 06:56:26.718169088+00:00,2026-11-15 15:45:45.292420608+00:00,-1.1814140089216236,-0.20780584793657922,120,6,False,True,False,-2.4453028181333334,-4.7548736768,2026-11-15 15:41:00+00:00,2026-11-16 06:56:00+00:00,15.25
2026-11-16,2026-11-16 06:56:00+00:00,2026-11-16 15:39:00+00:00,2026-11-16T07:56:00+01:00,2026-11-16T16:39:00+01:00,2026-11-16 06:58:11.015417344+00:00,2026-11-16 15:44:23.014565632+00:00,-1.1731045346929212,-0.20366019461334645,120,6,False,True,False,-2.1835902890666667,-5.383576093866666,2026-11-16 15:39:00+00:00,2026-11-17 06:58:00+00:00,15.316666666666666
2026-11-17,2026-11-17 06:58:00+00:00,2026-11-17 15:38:00+00:00,2026-11-17T07:58:00+01:00,2026-11-17T16:38:00+01:00,2026-11-17 06:59:54.607270144+00:00,2026-11-17 15:43:03.097212160+00:00,-1.1649615170941905,-0.199630286376135,120,6,False,True,False,-1.9101211690666666,-5.051620202666667,2026-11-17 15:38:00+00:00,2026-11-18 07:00:00+00:00,15.366666666666667
2026-11-18,2026-11-18 07:00:00+00:00,2026-11-18 15:36:00+00:00,2026-11-18T08:00:00+01:00,2026-11-18T16:36:00+01:00,2026-11-18 07:01:37.424562688+00:00,2026-11-18 15:41:45.597361152+00:00,-1.1569937223121527,-0.19572086450144532,120,6,False,True,False,-1.6237427114666665,-5.7599560192000006,2026-11-18 15:36:00+00:00,2026-11-19 07:01:00+00:00,15.416666666666666
2026-11-19,2026-11-19 07:01:00+00:00,2026-11-19 15:35:00+00:00,2026-11-19T08:01:00+01:00,2026-11-19T16:35:00+01:00,2026-11-19 07:03:19.397023488+00:00,2026-11-19 15:40:30.572392704+00:00,-1.149209722214152,-0.1919366206117041,120,6,False,True,False,-2.3232837248,-5.5095398784,2026-11-19 15:35:00+00:00,2026-11-20 07:03:00+00:00,15.466666666666667
2026-11-20,2026-11-20 07:03:00+00:00,2026-11-20 15:34:00+00:00,2026-11-20T08:03:00+01:00,2026-11-20T16:34:00+01:00,2026-11-20 07:05:00.453598464+00:00,2026-11-20 15:39:18.079986176+00:00,-1.1416178844470493,-0.18828219109751881,120,6,False,True,False,-2.0075599744,-5.301333102933333,2026-11-20 15:34:00+00:00,2026-11-21 07:05:00+00:00,15.516666666666667
2026-11-21,2026-11-21 07:05:00+00:00,2026-11-21 15:33:00+00:00,2026-11-21T08:05:00+01:00,2026-11-21T16:33:00+01:00,2026-11-21 07:06:40.522765312+00:00,2026-11-21 15:38:08.177896960+00:00,-1.1342263627741278,-0.18476215157779893,120,6,False,True,False,-1.6753794218666667,-5.136298282666667,2026-11-21 15:33:00+00:00,2026-11-22 07:07:00+00:00,15.566666666666666
2026-11-22,2026-11-22 07:07:00+00:00,2026-11-22 15:31:00+00:00,2026-11-22T08:07:00+01:00,2026-11-22T16:31:00+01:00,2026-11-22 07:08:19.532724736+00:00,2026-11-22 15:37:00.923628032+00:00,-1.127043087661378,-0.1813810114043185,120,6,False,True,False,-1.3255454122666668,-6.015393800533333,2026-11-22 15:31:00+00:00,2026-11-23 07:08:00+00:00,15.616666666666667
2026-11-23,2026-11-23 07:08:00+00:00,2026-11-23 15:30:00+00:00,2026-11-23T08:08:00+01:00,2026-11-23T16:30:00+01:00,2026-11-23 07:09:57.411328256+00:00,2026-11-23 15:35:56.374175744+00:00,-1.120075757124257,-0.17814320821725982,120,6,False,True,False,-1.9568554709333335,-5.939569595733333,2026-11-23 15:30:00+00:00,2026-11-24 07:10:00+00:00,15.666666666666666
2026-11-24,2026-11-24 07:10:00+00:00,2026-11-24 15:29:00+00:00,2026-11-24T08:10:00+01:00,2026-11-24T16:29:00+01:00,2026-11-24 07:11:34.085680896+00:00,2026-11-24 15:34:54.586079232+00:00,-1.1133318278456892,-0.17505310255821543,120,6,False,True,False,-1.5680946816,-5.9097679871999995,2026-11-24 15:29:00+00:00,2026-11-25 07:12:00+00:00,15.716666666666667
2026-11-25,2026-11-25 07:12:00+00:00,2026-11-25 15:28:00+00:00,2026-11-25T08:12:00+01:00,2026-11-25T16:28:00+01:00,2026-11-25 07:13:09.481505536+00:00,2026-11-25 15:33:55.615823616+00:00,-1.1068185065757659,-0.17211497254707467,120,6,False,True,False,-1.1580250922666666,-5.9269303936,2026-11-25 15:28:00+00:00,2026-11-26 07:13:00+00:00,15.75
2026-11-26,2026-11-26 07:13:00+00:00,2026-11-26 15:27:00+00:00,2026-11-26T08:13:00+01:00,2026-11-26T16:27:00+01:00,2026-11-26 07:14:43.522510080+00:00,2026-11-26 15:32:59.520357376+00:00,-1.100542741823266,-0.16933300862914724,120,6,False,True,False,-1.725375168,-5.9920059562666665,2026-11-26 15:27:00+00:00,2026-11-27 07:15:00+00:00,15.8
2026-11-27,2026-11-27 07:15:00+00:00,2026-11-27 15:26:00+00:00,2026-11-27T08:15:00+01:00,2026-11-27T16:26:00+01:00,2026-11-27 07:16:16.129993472+00:00,2026-11-27 15:32:06.357301504+00:00,-1.0945112158487822,-0.16671130839880616,120,6,False,True,False,-1.2688332245333334,-6.105955025066667,2026-11-27 15:26:00+00:00,2026-11-28 07:16:00+00:00,15.833333333333334
2026-11-28,2026-11-28 07:16:00+00:00,2026-11-28 15:25:00+00:00,2026-11-28T08:16:00+01:00,2026-11-28T16:25:00+01:00,2026-11-28 07:17:47.222797568+00:00,2026-11-28 15:31:16.184511232+00:00,-1.088730336968861,-0.16425387150584403,120,6,False,True,False,-1.7870466261333333,-6.269741853866666,2026-11-28 15:25:00+00:00,2026-11-29 07:18:00+00:00,15.883333333333333
2026-11-29,2026-11-29 07:18:00+00:00,2026-11-29 15:25:00+00:00,2026-11-29T08:18:00+01:00,2026-11-29T16:25:00+01:00,2026-11-29 07:19:16.717527552+00:00,2026-11-29 15:30:29.059007744+00:00,-1.083206232180228,-0.16196459465065283,120,6,False,True,False,-1.2786254592000001,-5.484316795733333,2026-11-29 15:25:00+00:00,2026-11-30 07:19:00+00:00,15.9
2026-11-30,2026-11-30 07:19:00+00:00,2026-11-30 15:24:00+00:00,2026-11-30T08:19:00+01:00,2026-11-30T16:24:00+01:00,2026-11-30 07:20:44.528861696+00:00,2026-11-30 15:29:45.035645440+00:00,-1.0779447401127604,-0.159847266674235,120,6,False,True,False,-1.7421476949333334,-5.750594090666667,2026-11-30 15:24:00+00:00,2026-12-01 07:21:00+00:00,15.95
2026-12-01,2026-12-01 07:21:00+00:00,2026-12-01 15:23:00+00:00,2026-12-01T08:21:00+01:00,2026-12-01T16:23:00+01:00,2026-12-01 07:22:10.569835008+00:00,2026-12-01 15:29:04.165989632+00:00,-1.0729514043195072,-0.1579055637489536,120,6,False,True,False,-1.1761639168,-6.069433160533333,2026-12-01 15:23:00+00:00,2026-12-02 07:22:00+00:00,15.983333333333333
2026-12-02,2026-12-02 07:22:00+00:00,2026-12-02 15:22:00+00:00,2026-12-02T08:22:00+01:00,2026-12-02T16:22:00+01:00,2026-12-02 07:23:34.752081664+00:00,2026-12-02 15:28:26.497699840+00:00,-1.068231466911636,-0.15614304467581414,120,6,False,True,False,-1.5792013610666666,-6.441628330666666,2026-12-02 15:22:00+00:00,2026-12-03 07:24:00+00:00,16.033333333333335
2026-12-03,2026-12-03 07:24:00+00:00,2026-12-03 15:22:00+00:00,2026-12-03T08:24:00+01:00,2026-12-03T16:22:00+01:00,2026-12-03 07:24:56.986109952+00:00,2026-12-03 15:27:52.074403840+00:00,-1.0637898625458029,-0.15456314629395573,120,6,False,True,False,-0.9497684992,-5.867906730666666,2026-12-03 15:22:00+00:00,2026-12-04 07:25:00+00:00,16.05
2026-12-04,2026-12-04 07:25:00+00:00,2026-12-04 15:21:00+00:00,2026-12-04T08:25:00+01:00,2026-12-04T16:21:00+01:00,2026-12-04 07:26:17.181671936+00:00,2026-12-04 15:27:20.935834880+00:00,-1.0596312127709977,-0.15316917900790056,120,6,False,True,False,-1.2863611989333334,-6.348930581333334,2026-12-04 15:21:00+00:00,2026-12-05 07:26:00+00:00,16.083333333333332
2026-12-05,2026-12-05 07:26:00+00:00,2026-12-05 15:21:00+00:00,2026-12-05T08:26:00+01:00,2026-12-05T16:21:00+01:00,2026-12-05 07:27:35.248233472+00:00,2026-12-05 15:26:53.118018816+00:00,-1.0557598207415189,-0.15196432243798358,120,6,False,True,False,-1.5874705578666666,-5.8853003136,2026-12-05 15:21:00+00:00,2026-12-06 07:28:00+00:00,16.116666666666667
2026-12-06,2026-12-06 07:28:00+00:00,2026-12-06 15:20:00+00:00,2026-12-06T08:28:00+01:00,2026-12-06T16:20:00+01:00,2026-12-06 07:28:51.095499520+00:00,2026-12-06 15:26:28.653410816+00:00,-1.0521796663022807,-0.1509516211992425,120,6,False,True,False,-0.8515916586666666,-6.477556846933334,2026-12-06 15:20:00+00:00,2026-12-07 07:29:00+00:00,16.15
2026-12-07,2026-12-07 07:29:00+00:00,2026-12-07 15:20:00+00:00,2026-12-07T08:29:00+01:00,2026-12-07T16:20:00+01:00,2026-12-07 07:30:04.633946368+00:00,2026-12-07 15:26:07.570996992+00:00,-1.0488944014522266,-0.1501339808139045,120,6,False,True,False,-1.0772324394666666,-6.1261832832000005,2026-12-07 15:20:00+00:00,2026-12-08 07:30:00+00:00,16.166666666666668
2026-12-08,2026-12-08 07:30:00+00:00,2026-12-08 15:20:00+00:00,2026-12-08T08:30:00+01:00,2026-12-08T16:20:00+01:00,2026-12-08 07:31:15.775325952+00:00,2026-12-08 15:25:49.896373760+00:00,-1.0459073461911674,-0.14951416376245735,120,6,False,True,False,-1.2629220992,-5.8316062293333335,2026-12-08 15:20:00+00:00,2026-12-09 07:31:00+00:00,16.183333333333334
2026-12-09,2026-12-09 07:31:00+00:00,2026-12-09 15:19:00+00:00,2026-12-09T08:31:00+01:00,2026-12-09T16:19:00+01:00,2026-12-09 07:32:24.433120768+00:00,2026-12-09 15:25:35.651791104+00:00,-1.0432214847549208,-0.1490947856781345,120,6,False,True,False,-1.4072186794666666,-6.5941965183999995,2026-12-09 15:19:00+00:00,2026-12-10 07:32:00+00:00,16.216666666666665
2026-12-10,2026-12-10 07:32:00+00:00,2026-12-10 15:19:00+00:00,2026-12-10T08:32:00+01:00,2026-12-10T16:19:00+01:00,2026-12-10 07:33:30.522931456+00:00,2026-12-10 15:25:24.856111872+00:00,-1.0408394622431594,-0.1488783116894809,120,6,False,True,False,-1.5087155242666666,-6.414268531199999,2026-12-10 15:19:00+00:00,2026-12-11 07:33:00+00:00,16.233333333333334
2026-12-11,2026-12-11 07:33:00+00:00,2026-12-11 15:19:00+00:00,2026-12-11T08:33:00+01:00,2026-12-11T16:19:00+01:00,2026-12-11 07:34:33.962796288+00:00,2026-12-11 15:25:17.524688384+00:00,-1.0387635816439167,-0.14886705291550195,120,6,False,True,False,-1.5660466048000001,-6.292078139733333,2026-12-11 15:19:00+00:00,2026-12-12 07:34:00+00:00,16.25
2026-12-12,2026-12-12 07:34:00+00:00,2026-12-12 15:19:00+00:00,2026-12-12T08:34:00+01:00,2026-12-12T16:19:00+01:00,2026-12-12 07:35:34.673466880+00:00,2026-12-12 15:25:13.669188096+00:00,-1.0369958012582292,-0.14906316311771933,120,6,False,True,False,-1.5778911146666668,-6.227819801600001,2026-12-12 15:19:00+00:00,2026-12-13 07:35:00+00:00,16.266666666666666
2026-12-13,2026-12-13 07:35:00+00:00,2026-12-13 15:19:00+00:00,2026-12-13T08:35:00+01:00,2026-12-13T16:19:00+01:00,2026-12-13 07:36:32.578691328+00:00,2026-12-13 15:25:13.297416960+00:00,-1.0355377325279242,-0.14946863551328382,120,6,False,True,False,-1.5429781888,-6.2216236160000005,2026-12-13 15:19:00+00:00,2026-12-14 07:36:00+00:00,16.283333333333335
2026-12-14,2026-12-14 07:36:00+00:00,2026-12-14 15:19:00+00:00,2026-12-14T08:36:00+01:00,2026-12-14T16:19:00+01:00,2026-12-14 07:37:27.605527296+00:00,2026-12-14 15:25:16.413186560+00:00,-1.0343906382690804,-0.15008529975311075,120,6,False,True,False,-1.4600921216,-6.273553109333333,2026-12-14 15:19:00+00:00,2026-12-15 07:37:00+00:00,16.3
2026-12-15,2026-12-15 07:37:00+00:00,2026-12-15 15:19:00+00:00,2026-12-15T08:37:00+01:00,2026-12-15T16:19:00+01:00,2026-12-15 07:38:19.684689408+00:00,2026-12-15 15:25:23.016244480+00:00,-1.0335554313132138,-0.15091481906881332,120,6,False,True,False,-1.3280781568,-6.383604074666667,2026-12-15 15:19:00+00:00,2026-12-16 07:38:00+00:00,16.316666666666666
2026-12-16,2026-12-16 07:38:00+00:00,2026-12-16 15:19:00+00:00,2026-12-16T08:38:00+01:00,2026-12-16T16:19:00+01:00,2026-12-16 07:39:08.750912+00:00,2026-12-16 15:25:33.102296064+00:00,-1.0330326735577584,-0.1519586875920188,120,6,False,True,False,-1.1458485333333333,-6.551704934399999,2026-12-16 15:19:00+00:00,2026-12-17 07:39:00+00:00,16.333333333333332
2026-12-17,2026-12-17 07:39:00+00:00,2026-12-17 15:20:00+00:00,2026-12-17T08:39:00+01:00,2026-12-17T16:20:00+01:00,2026-12-17 07:39:54.743337216+00:00,2026-12-17 15:25:46.663087872+00:00,-1.0328225754269296,-0.15321822784945605,120,6,False,True,False,-0.9123889536,-5.7777181312,2026-12-17 15:20:00+00:00,2026-12-18 07:39:00+00:00,16.316666666666666
2026-12-18,2026-12-18 07:39:00+00:00,2026-12-18 15:20:00+00:00,2026-12-18T08:39:00+01:00,2026-12-18T16:20:00+01:00,2026-12-18 07:40:37.605927680+00:00,2026-12-18 15:26:03.686470912+00:00,-1.0329249957435682,-0.15469458843699818,120,6,False,True,False,-1.6267654613333333,-6.061441181866667,2026-12-18 15:20:00+00:00,2026-12-19 07:40:00+00:00,16.333333333333332
2026-12-19,2026-12-19 07:40:00+00:00,2026-12-19 15:20:00+00:00,2026-12-19T08:40:00+01:00,2026-12-19T16:20:00+01:00,2026-12-19 07:41:17.287885824+00:00,2026-12-19 15:26:24.156356864+00:00,-1.0333394420120838,-0.15638874187564494,120,6,False,True,False,-1.2881314304,-6.402605947733333,2026-12-19 15:20:00+00:00,2026-12-20 07:41:00+00:00,16.35
2026-12-20,2026-12-20 07:41:00+00:00,2026-12-20 15:21:00+00:00,2026-12-20T08:41:00+01:00,2026-12-20T16:21:00+01:00,2026-12-20 07:41:53.743967232+00:00,2026-12-20 15:26:48.052561664+00:00,-1.0340650711121273,-0.15830148265221572,120,6,False,True,False,-0.8957327872,-5.8008760277333336,2026-12-20 15:21:00+00:00,2026-12-21 07:41:00+00:00,16.333333333333332
2026-12-21,2026-12-21 07:41:00+00:00,2026-12-21 15:21:00+00:00,2026-12-21T08:41:00+01:00,2026-12-21T16:21:00+01:00,2026-12-21 07:42:26.934545152+00:00,2026-12-21 15:27:15.350713856+00:00,-1.0351006904021363,-0.16043342544731387,120,6,False,True,False,-1.4489090858666667,-6.255845230933334,2026-12-21 15:21:00+00:00,2026-12-22 07:42:00+00:00,16.35
2026-12-22,2026-12-22 07:42:00+00:00,2026-12-22 15:22:00+00:00,2026-12-22T08:42:00+01:00,2026-12-22T16:22:00+01:00,2026-12-22 07:42:56.825323008+00:00,2026-12-22 15:27:46.022455552+00:00,-1.036444759231417,-0.1627850035529121,120,6,False,True,False,-0.9470887168,-5.767040925866667,2026-12-22 15:22:00+00:00,2026-12-23 07:42:00+00:00,16.333333333333332
2026-12-23,2026-12-23 07:42:00+00:00,2026-12-23 15:22:00+00:00,2026-12-23T08:42:00+01:00,2026-12-23T16:22:00+01:00,2026-12-23 07:43:23.386752+00:00,2026-12-23 15:28:20.036037120+00:00,-1.0380953908589405,-0.1653564674816822,119,6,False,True,False,-1.3897792,-6.333933952,2026-12-23 15:22:00+00:00,2026-12-24 07:43:00+00:00,16.35
2026-12-24,2026-12-24 07:43:00+00:00,2026-12-24 15:23:00+00:00,2026-12-24T08:43:00+01:00,2026-12-24T16:23:00+01:00,2026-12-24 07:43:46.593349888+00:00,2026-12-24 15:28:57.357095424+00:00,-1.0400503547765498,-0.1681478837699822,118,6,False,True,False,-0.7765558314666666,-5.955951590400001,2026-12-24 15:23:00+00:00,2026-12-25 07:43:00+00:00,16.333333333333332
2026-12-25,2026-12-25 07:43:00+00:00,2026-12-25 15:24:00+00:00,2026-12-25T08:43:00+01:00,2026-12-25T16:24:00+01:00,2026-12-25 07:44:06.423173632+00:00,2026-12-25 15:29:37.949134848+00:00,-1.0423070794338014,-0.1711591339761836,117,6,False,True,False,-1.1070528938666666,-5.6324855808,2026-12-25 15:24:00+00:00,2026-12-26 07:43:00+00:00,16.316666666666666
2026-12-26,2026-12-26 07:43:00+00:00,2026-12-26 15:24:00+00:00,2026-12-26T08:43:00+01:00,2026-12-26T16:24:00+01:00,2026-12-26 07:44:22.857603840+00:00,2026-12-26 15:30:21.773304576+00:00,-1.0448626553611855,-0.17438991387580016,116,6,False,True,False,-1.380960064,-6.3628884096,2026-12-26 15:24:00+00:00,2026-12-27 07:43:00+00:00,16.316666666666666
2026-12-27,2026-12-27 07:43:00+00:00,2026-12-27 15:25:00+00:00,2026-12-27T08:43:00+01:00,2026-12-27T16:25:00+01:00,2026-12-27 07:44:35.881426688+00:00,2026-12-27 15:31:08.787415552+00:00,-1.0477138386880025,-0.17783973285465066,114,6,False,True,False,-1.5980237781333335,-6.1464569258666675,2026-12-27 15:25:00+00:00,2026-12-28 07:43:00+00:00,16.3
2026-12-28,2026-12-28 07:43:00+00:00,2026-12-28 15:26:00+00:00,2026-12-28T08:43:00+01:00,2026-12-28T16:26:00+01:00,2026-12-28 07:44:45.483059200+00:00,2026-12-28 15:31:58.944602368+00:00,-1.0508570550507037,-0.1815079135010655,113,6,False,True,False,-1.7580509866666667,-5.982410039466667,2026-12-28 15:26:00+00:00,2026-12-29 07:44:00+00:00,16.3
2026-12-29,2026-12-29 07:44:00+00:00,2026-12-29 15:27:00+00:00,2026-12-29T08:44:00+01:00,2026-12-29T16:27:00+01:00,2026-12-29 07:44:51.654740480+00:00,2026-12-29 15:32:52.192236032+00:00,-1.0542884038870486,-0.1853935913979083,112,6,False,True,False,-0.8609123413333334,-5.869870600533333,2026-12-29 15:27:00+00:00,2026-12-30 07:44:00+00:00,16.283333333333335
2026-12-30,2026-12-30 07:44:00+00:00,2026-12-30 15:28:00+00:00,2026-12-30T08:44:00+01:00,2026-12-30T16:28:00+01:00,2026-12-30 07:44:54.392579328+00:00,2026-12-30 15:33:48.471507712+00:00,-1.058003663110969,-0.18949571511496427,111,6,False,True,False,-0.9065429888,-5.807858461866667,2026-12-30 15:28:00+00:00,2026-12-31 07:44:00+00:00,16.266666666666666
2026-12-31,2026-12-31 07:44:00+00:00,2026-12-31 15:29:00+00:00,2026-12-31T08:44:00+01:00,2026-12-31T16:29:00+01:00,2026-12-31 07:44:53.696468992+00:00,2026-12-31 15:34:47.717712128+00:00,-1.0619982941625832,-0.19381304640200342,110,6,False,True,False,-0.8949411498666666,-5.7952952021333335,2026-12-31 15:29:00+00:00,,
